,open,high,low,close,volume,pct_chg,ret
2007-01-04,0.0,0.0,0.0,102.916,0.0,0.02429756,0.0002429756
2007-01-05,0.0,0.0,0.0,102.907,0.0,-0.008745,-8.745e-05
2007-01-08,0.0,0.0,0.0,102.915,0.0,0.00777401,7.774009999999999e-05
2007-01-09,0.0,0.0,0.0,102.957,0.0,0.04081038,0.0004081038
2007-01-10,0.0,0.0,0.0,102.953,0.0,-0.00388512,-3.88512e-05
2007-01-11,0.0,0.0,0.0,102.996,0.0,0.04176663,0.0004176663
2007-01-12,0.0,0.0,0.0,103.009,0.0,0.01262185,0.0001262185
2007-01-15,0.0,0.0,0.0,103.041,0.0,0.03106525,0.0003106525
2007-01-16,0.0,0.0,0.0,103.061,0.0,0.01940975,0.0001940975
2007-01-17,0.0,0.0,0.0,103.055,0.0,-0.00582179,-5.8217900000000004e-05
2007-01-18,0.0,0.0,0.0,103.059,0.0,0.00388142,3.88142e-05
2007-01-19,0.0,0.0,0.0,103.057,0.0,-0.00194064,-1.94064e-05
2007-01-22,0.0,0.0,0.0,103.086,0.0,0.02813977,0.00028139770000000004
2007-01-23,0.0,0.0,0.0,103.091,0.0,0.00485032,4.85032e-05
2007-01-24,0.0,0.0,0.0,103.104,0.0,0.01261022,0.0001261022
2007-01-25,0.0,0.0,0.0,103.085,0.0,-0.018428,-0.00018428
2007-01-26,0.0,0.0,0.0,103.118,0.0,0.03201242,0.0003201242
2007-01-29,0.0,0.0,0.0,103.121,0.0,0.00290929,2.90929e-05
2007-01-30,0.0,0.0,0.0,103.131,0.0,0.00969735,9.69735e-05
2007-01-31,0.0,0.0,0.0,103.134,0.0,0.00290892,2.9089200000000003e-05
2007-02-01,0.0,0.0,0.0,103.159,0.0,0.02424031,0.0002424031
2007-02-02,0.0,0.0,0.0,103.167,0.0,0.00775502,7.75502e-05
2007-02-05,0.0,0.0,0.0,103.179,0.0,0.01163163,0.00011631630000000001
2007-02-06,0.0,0.0,0.0,103.196,0.0,0.01647622,0.0001647622
2007-02-07,0.0,0.0,0.0,103.198,0.0,0.00193806,1.93806e-05
2007-02-08,0.0,0.0,0.0,103.181,0.0,-0.01647319,-0.00016473189999999997
2007-02-09,0.0,0.0,0.0,103.182,0.0,0.00096917,9.6917e-06
2007-02-12,0.0,0.0,0.0,103.205,0.0,0.02229071,0.00022290709999999998
2007-02-13,0.0,0.0,0.0,103.213,0.0,0.00775156,7.751560000000001e-05
2007-02-14,0.0,0.0,0.0,103.217,0.0,0.00387548,3.8754800000000004e-05
2007-02-15,0.0,0.0,0.0,103.251,0.0,0.03294031,0.0003294031
2007-02-16,0.0,0.0,0.0,103.239,0.0,-0.01162216,-0.0001162216
2007-02-26,0.0,0.0,0.0,103.354,0.0,0.00387034,3.87034e-05
2007-02-27,0.0,0.0,0.0,103.353,0.0,-0.00096755,-9.675499999999999e-06
2007-02-28,0.0,0.0,0.0,103.335,0.0,-0.01741604,-0.0001741604
2007-03-01,0.0,0.0,0.0,103.369,0.0,0.0329027,0.000329027
2007-03-02,0.0,0.0,0.0,103.388,0.0,0.01838075,0.0001838075
2007-03-05,0.0,0.0,0.0,103.424,0.0,0.03482029,0.00034820289999999997
2007-03-06,0.0,0.0,0.0,103.407,0.0,-0.01643719,-0.0001643719
2007-03-07,0.0,0.0,0.0,103.431,0.0,0.02320926,0.0002320926
2007-03-08,0.0,0.0,0.0,103.436,0.0,0.00483414,4.83414e-05
2007-03-09,0.0,0.0,0.0,103.445,0.0,0.00870103,8.70103e-05
2007-03-12,0.0,0.0,0.0,103.481,0.0,0.0348011,0.000348011
2007-03-13,0.0,0.0,0.0,103.478,0.0,-0.00289908,-2.89908e-05
2007-03-14,0.0,0.0,0.0,103.488,0.0,0.00966389,9.66389e-05
2007-03-15,0.0,0.0,0.0,103.491,0.0,0.00289889,2.89889e-05
2007-03-16,0.0,0.0,0.0,103.489,0.0,-0.00193254,-1.93254e-05
2007-03-19,0.0,0.0,0.0,103.496,0.0,0.006764,6.764e-05
2007-03-20,0.0,0.0,0.0,103.492,0.0,-0.00386488,-3.8648799999999995e-05
2007-03-21,0.0,0.0,0.0,103.496,0.0,0.00386503,3.8650300000000005e-05
2007-03-22,0.0,0.0,0.0,103.497,0.0,0.00096622,9.662199999999999e-06
2007-03-23,0.0,0.0,0.0,103.499,0.0,0.00193242,1.93242e-05
2007-03-26,0.0,0.0,0.0,103.527,0.0,0.0270534,0.000270534
2007-03-27,0.0,0.0,0.0,103.545,0.0,0.01738677,0.0001738677
2007-03-28,0.0,0.0,0.0,103.535,0.0,-0.00965764,-9.65764e-05
2007-03-29,0.0,0.0,0.0,103.538,0.0,0.00289757,2.8975699999999998e-05
2007-03-30,0.0,0.0,0.0,103.557,0.0,0.01835075,0.0001835075
2007-04-02,0.0,0.0,0.0,103.573,0.0,0.01545043,0.0001545043
2007-04-03,0.0,0.0,0.0,103.571,0.0,-0.00193101,-1.93101e-05
2007-04-04,0.0,0.0,0.0,103.571,0.0,0.0,0.0
2007-04-05,0.0,0.0,0.0,103.579,0.0,0.00772417,7.72417e-05
2007-04-06,0.0,0.0,0.0,103.601,0.0,0.02123983,0.0002123983
2007-04-09,0.0,0.0,0.0,103.614,0.0,0.01254814,0.0001254814
2007-04-10,0.0,0.0,0.0,103.626,0.0,0.01158145,0.00011581450000000001
2007-04-11,0.0,0.0,0.0,103.63,0.0,0.00386004,3.86004e-05
2007-04-12,0.0,0.0,0.0,103.631,0.0,0.00096497,9.6497e-06
2007-04-13,0.0,0.0,0.0,103.649,0.0,0.01736932,0.0001736932
2007-04-16,0.0,0.0,0.0,103.657,0.0,0.00771836,7.71836e-05
2007-04-17,0.0,0.0,0.0,103.669,0.0,0.01157664,0.00011576639999999999
2007-04-18,0.0,0.0,0.0,103.654,0.0,-0.01446913,-0.0001446913
2007-04-19,0.0,0.0,0.0,103.673,0.0,0.01833021,0.0001833021
2007-04-20,0.0,0.0,0.0,103.68,0.0,0.006752,6.752e-05
2007-04-23,0.0,0.0,0.0,103.689,0.0,0.00868056,8.680560000000001e-05
2007-04-24,0.0,0.0,0.0,103.711,0.0,0.02121729,0.0002121729
2007-04-25,0.0,0.0,0.0,103.707,0.0,-0.00385687,-3.85687e-05
2007-04-26,0.0,0.0,0.0,103.732,0.0,0.02410638,0.0002410638
2007-04-27,0.0,0.0,0.0,103.733,0.0,0.00096402,9.6402e-06
2007-04-30,0.0,0.0,0.0,103.794,0.0,-0.00192686,-1.92686e-05
2007-05-08,0.0,0.0,0.0,103.855,0.0,0.05877026,0.0005877025999999999
2007-05-09,0.0,0.0,0.0,103.874,0.0,0.01829474,0.0001829474
2007-05-10,0.0,0.0,0.0,103.879,0.0,0.00481352,4.81352e-05
2007-05-11,0.0,0.0,0.0,103.893,0.0,0.01347722,0.0001347722
2007-05-14,0.0,0.0,0.0,103.895,0.0,0.00192506,1.9250599999999998e-05
2007-05-15,0.0,0.0,0.0,103.91,0.0,0.01443765,0.0001443765
2007-05-16,0.0,0.0,0.0,103.915,0.0,0.00481186,4.8118600000000004e-05
2007-05-17,0.0,0.0,0.0,103.914,0.0,-0.00096232,-9.6232e-06
2007-05-18,0.0,0.0,0.0,103.93,0.0,0.01539735,0.00015397350000000002
2007-05-21,0.0,0.0,0.0,103.938,0.0,0.00769749,7.697490000000001e-05
2007-05-22,0.0,0.0,0.0,103.933,0.0,-0.00481056,-4.81056e-05
2007-05-23,0.0,0.0,0.0,103.94,0.0,0.00673511,6.735109999999999e-05
2007-05-24,0.0,0.0,0.0,103.945,0.0,0.00481047,4.81047e-05
2007-05-25,0.0,0.0,0.0,103.955,0.0,0.00962047,9.620470000000001e-05
2007-05-28,0.0,0.0,0.0,103.98,0.0,0.02404887,0.0002404887
2007-05-29,0.0,0.0,0.0,103.991,0.0,0.01057896,0.0001057896
2007-05-30,0.0,0.0,0.0,103.986,0.0,-0.00480811,-4.80811e-05
2007-05-31,0.0,0.0,0.0,104.0,0.0,0.01346335,0.0001346335
2007-06-01,0.0,0.0,0.0,104.022,0.0,0.02115385,0.00021153849999999997
2007-06-04,0.0,0.0,0.0,104.045,0.0,0.02211071,0.0002211071
2007-06-05,0.0,0.0,0.0,104.034,0.0,-0.01057235,-0.0001057235
2007-06-06,0.0,0.0,0.0,104.047,0.0,0.01249591,0.00012495910000000001
2007-06-07,0.0,0.0,0.0,104.048,0.0,0.0009611,9.611e-06
2007-06-08,0.0,0.0,0.0,104.066,0.0,0.01729971,0.0001729971
2007-06-11,0.0,0.0,0.0,104.086,0.0,0.01921857,0.0001921857
2007-06-12,0.0,0.0,0.0,104.075,0.0,-0.01056818,-0.0001056818
2007-06-13,0.0,0.0,0.0,104.101,0.0,0.02498198,0.00024981980000000003
2007-06-14,0.0,0.0,0.0,104.1,0.0,-0.00096061,-9.6061e-06
2007-06-15,0.0,0.0,0.0,104.12,0.0,0.0192123,0.00019212300000000002
2007-06-18,0.0,0.0,0.0,104.13,0.0,0.0096043,9.6043e-05
2007-06-19,0.0,0.0,0.0,104.128,0.0,-0.00192068,-1.92068e-05
2007-06-20,0.0,0.0,0.0,104.149,0.0,0.02016749,0.0002016749
2007-06-21,0.0,0.0,0.0,104.146,0.0,-0.00288049,-2.88049e-05
2007-06-22,0.0,0.0,0.0,104.1511,0.0,0.00489697,4.896969999999999e-05
2007-06-25,0.0,0.0,0.0,104.176,0.0,0.02390757,0.0002390757
2007-06-26,0.0,0.0,0.0,104.17,0.0,-0.00575948,-5.75948e-05
2007-06-27,0.0,0.0,0.0,104.184,0.0,0.01343957,0.00013439569999999998
2007-06-28,0.0,0.0,0.0,104.178,0.0,-0.00575904,-5.75904e-05
2007-06-29,0.0,0.0,0.0,104.178,0.0,0.0,0.0
2007-07-02,0.0,0.0,0.0,104.199,0.0,0.02015781,0.0002015781
2007-07-03,0.0,0.0,0.0,104.222,0.0,0.02207315,0.0002207315
2007-07-04,0.0,0.0,0.0,104.228,0.0,0.00575694,5.7569400000000005e-05
2007-07-05,0.0,0.0,0.0,104.217,0.0,-0.01055379,-0.0001055379
2007-07-06,0.0,0.0,0.0,104.234,0.0,0.01631212,0.0001631212
2007-07-09,0.0,0.0,0.0,104.261,0.0,0.02590326,0.0002590326
2007-07-10,0.0,0.0,0.0,104.252,0.0,-0.00863218,-8.632179999999999e-05
2007-07-11,0.0,0.0,0.0,104.269,0.0,0.01630664,0.00016306640000000001
2007-07-12,0.0,0.0,0.0,104.294,0.0,0.02397645,0.0002397645
2007-07-13,0.0,0.0,0.0,104.303,0.0,0.00862945,8.62945e-05
2007-07-16,0.0,0.0,0.0,104.332,0.0,0.02780361,0.0002780361
2007-07-17,0.0,0.0,0.0,104.342,0.0,0.00958479,9.584789999999999e-05
2007-07-18,0.0,0.0,0.0,104.343,0.0,0.00095839,9.5839e-06
2007-07-19,0.0,0.0,0.0,104.355,0.0,0.01150053,0.0001150053
2007-07-20,0.0,0.0,0.0,104.377,0.0,0.02108188,0.00021081880000000002
2007-07-23,0.0,0.0,0.0,104.392,0.0,0.01437098,0.0001437098
2007-07-24,0.0,0.0,0.0,104.402,0.0,0.00957928,9.579280000000001e-05
2007-07-25,0.0,0.0,0.0,104.406,0.0,0.00383134,3.83134e-05
2007-07-26,0.0,0.0,0.0,104.429,0.0,0.02202939,0.0002202939
2007-07-27,0.0,0.0,0.0,104.441,0.0,0.01149106,0.00011491060000000001
2007-07-30,0.0,0.0,0.0,104.462,0.0,0.02010705,0.0002010705
2007-07-31,0.0,0.0,0.0,104.475,0.0,0.01244472,0.00012444719999999998
2007-08-01,0.0,0.0,0.0,104.469,0.0,-0.005743,-5.743e-05
2007-08-02,0.0,0.0,0.0,104.478,0.0,0.008615,8.615e-05
2007-08-03,0.0,0.0,0.0,104.5,0.0,0.02105706,0.0002105706
2007-08-06,0.0,0.0,0.0,104.529,0.0,0.0277512,0.000277512
2007-08-07,0.0,0.0,0.0,104.531,0.0,0.00191334,1.91334e-05
2007-08-08,0.0,0.0,0.0,104.541,0.0,0.00956654,9.56654e-05
2007-08-09,0.0,0.0,0.0,104.542,0.0,0.00095656,9.5656e-06
2007-08-10,0.0,0.0,0.0,104.561,0.0,0.01817451,0.0001817451
2007-08-13,0.0,0.0,0.0,104.582,0.0,0.02008397,0.0002008397
2007-08-14,0.0,0.0,0.0,104.583,0.0,0.00095619,9.5619e-06
2007-08-15,0.0,0.0,0.0,104.604,0.0,0.02007975,0.00020079750000000002
2007-08-16,0.0,0.0,0.0,104.634,0.0,0.02867959,0.0002867959
2007-08-17,0.0,0.0,0.0,104.623,0.0,-0.01051284,-0.0001051284
2007-08-20,0.0,0.0,0.0,104.664,0.0,0.03918832,0.0003918832
2007-08-21,0.0,0.0,0.0,104.668,0.0,0.00382175,3.82175e-05
2007-08-22,0.0,0.0,0.0,104.664,0.0,-0.00382161,-3.82161e-05
2007-08-23,0.0,0.0,0.0,104.678,0.0,0.01337614,0.0001337614
2007-08-24,0.0,0.0,0.0,104.685,0.0,0.00668717,6.68717e-05
2007-08-27,0.0,0.0,0.0,104.724,0.0,0.03725462,0.00037254620000000003
2007-08-28,0.0,0.0,0.0,104.718,0.0,-0.00572935,-5.72935e-05
2007-08-29,0.0,0.0,0.0,104.72,0.0,0.00190989,1.90989e-05
2007-08-30,0.0,0.0,0.0,104.715,0.0,-0.00477464,-4.77464e-05
2007-08-31,0.0,0.0,0.0,104.747,0.0,0.03055914,0.0003055914
2007-09-03,0.0,0.0,0.0,104.772,0.0,0.02386703,0.0002386703
2007-09-04,0.0,0.0,0.0,104.76,0.0,-0.01145344,-0.0001145344
2007-09-05,0.0,0.0,0.0,104.767,0.0,0.00668194,6.68194e-05
2007-09-06,0.0,0.0,0.0,104.783,0.0,0.01527198,0.0001527198
2007-09-07,0.0,0.0,0.0,104.786,0.0,0.00286306,2.8630600000000003e-05
2007-09-10,0.0,0.0,0.0,104.805,0.0,0.01813219,0.0001813219
2007-09-11,0.0,0.0,0.0,104.795,0.0,-0.00954153,-9.54153e-05
2007-09-12,0.0,0.0,0.0,104.81,0.0,0.01431366,0.0001431366
2007-09-13,0.0,0.0,0.0,104.803,0.0,-0.00667875,-6.67875e-05
2007-09-14,0.0,0.0,0.0,104.776,0.0,-0.02576262,-0.0002576262
2007-09-17,0.0,0.0,0.0,104.794,0.0,0.01717951,0.00017179509999999998
2007-09-18,0.0,0.0,0.0,104.804,0.0,0.00954253,9.542530000000001e-05
2007-09-19,0.0,0.0,0.0,104.815,0.0,0.01049578,0.00010495779999999999
2007-09-20,0.0,0.0,0.0,104.79,0.0,-0.02385155,-0.0002385155
2007-09-21,0.0,0.0,0.0,104.778,0.0,-0.01145147,-0.0001145147
2007-09-24,0.0,0.0,0.0,104.842,0.0,0.06108152,0.0006108152
2007-09-25,0.0,0.0,0.0,104.848,0.0,0.0057229,5.7229000000000004e-05
2007-09-26,0.0,0.0,0.0,104.842,0.0,-0.00572257,-5.7225699999999997e-05
2007-09-27,0.0,0.0,0.0,104.909,0.0,0.06390569,0.0006390569
2007-09-28,0.0,0.0,0.0,104.941,0.0,0.03050263,0.0003050263
2007-10-08,0.0,0.0,0.0,105.031,0.0,0.05077269,0.0005077269
2007-10-09,0.0,0.0,0.0,105.055,0.0,0.0228504,0.000228504
2007-10-10,0.0,0.0,0.0,105.056,0.0,0.00095188,9.5188e-06
2007-10-11,0.0,0.0,0.0,105.065,0.0,0.00856686,8.566860000000001e-05
2007-10-12,0.0,0.0,0.0,105.067,0.0,0.00190358,1.9035799999999998e-05
2007-10-15,0.0,0.0,0.0,105.09,0.0,0.02189079,0.0002189079
2007-10-16,0.0,0.0,0.0,105.084,0.0,-0.00570939,-5.70939e-05
2007-10-17,0.0,0.0,0.0,105.05,0.0,-0.03235507,-0.0003235507
2007-10-18,0.0,0.0,0.0,105.041,0.0,-0.00856735,-8.56735e-05
2007-10-19,0.0,0.0,0.0,105.005,0.0,-0.03427233,-0.00034272329999999996
2007-10-22,0.0,0.0,0.0,105.017,0.0,0.01142803,0.0001142803
2007-10-23,0.0,0.0,0.0,105.005,0.0,-0.01142672,-0.0001142672
2007-10-24,0.0,0.0,0.0,104.971,0.0,-0.03237941,-0.00032379409999999995
2007-10-25,0.0,0.0,0.0,104.994,0.0,0.02191081,0.00021910809999999998
2007-10-26,0.0,0.0,0.0,104.958,0.0,-0.03428767,-0.0003428767
2007-10-29,0.0,0.0,0.0,105.077,0.0,0.11337868,0.0011337868
2007-10-30,0.0,0.0,0.0,105.123,0.0,0.04377742,0.0004377742
2007-10-31,0.0,0.0,0.0,105.139,0.0,0.01522027,0.00015220269999999999
2007-11-01,0.0,0.0,0.0,105.153,0.0,0.01331571,0.0001331571
2007-11-02,0.0,0.0,0.0,105.139,0.0,-0.01331393,-0.0001331393
2007-11-05,0.0,0.0,0.0,105.176,0.0,0.03519151,0.00035191510000000004
2007-11-06,0.0,0.0,0.0,105.146,0.0,-0.02852362,-0.0002852362
2007-11-07,0.0,0.0,0.0,105.107,0.0,-0.03709128,-0.0003709128
2007-11-08,0.0,0.0,0.0,105.11,0.0,0.00285423,2.8542300000000003e-05
2007-11-09,0.0,0.0,0.0,105.091,0.0,-0.0180763,-0.000180763
2007-11-12,0.0,0.0,0.0,105.088,0.0,-0.00285467,-2.8546700000000002e-05
2007-11-13,0.0,0.0,0.0,105.112,0.0,0.022838,0.00022838
2007-11-14,0.0,0.0,0.0,105.112,0.0,0.0,0.0
2007-11-15,0.0,0.0,0.0,105.108,0.0,-0.00380546,-3.80546e-05
2007-11-16,0.0,0.0,0.0,105.125,0.0,0.01617384,0.00016173839999999998
2007-11-19,0.0,0.0,0.0,105.131,0.0,0.00570749,5.70749e-05
2007-11-20,0.0,0.0,0.0,105.149,0.0,0.0171215,0.000171215
2007-11-21,0.0,0.0,0.0,105.156,0.0,0.00665722,6.65722e-05
2007-11-22,0.0,0.0,0.0,105.147,0.0,-0.00855871,-8.558710000000001e-05
2007-11-23,0.0,0.0,0.0,105.194,0.0,0.04469933,0.0004469933
2007-11-26,0.0,0.0,0.0,105.224,0.0,0.02851874,0.00028518740000000003
2007-11-27,0.0,0.0,0.0,105.257,0.0,0.03136167,0.00031361670000000004
2007-11-28,0.0,0.0,0.0,105.26,0.0,0.00285017,2.85017e-05
2007-11-29,0.0,0.0,0.0,105.276,0.0,0.01520046,0.0001520046
2007-11-30,0.0,0.0,0.0,105.288,0.0,0.01139861,0.0001139861
2007-12-03,0.0,0.0,0.0,105.304,0.0,0.01519641,0.00015196410000000002
2007-12-04,0.0,0.0,0.0,105.316,0.0,0.01139558,0.0001139558
2007-12-05,0.0,0.0,0.0,105.331,0.0,0.01424285,0.0001424285
2007-12-06,0.0,0.0,0.0,105.352,0.0,0.01993715,0.0001993715
2007-12-07,0.0,0.0,0.0,105.342,0.0,-0.00949199,-9.49199e-05
2007-12-10,0.0,0.0,0.0,105.378,0.0,0.0341744,0.000341744
2007-12-11,0.0,0.0,0.0,105.408,0.0,0.02846894,0.0002846894
2007-12-12,0.0,0.0,0.0,105.407,0.0,-0.00094869,-9.486899999999999e-06
2007-12-13,0.0,0.0,0.0,105.423,0.0,0.01517926,0.0001517926
2007-12-14,0.0,0.0,0.0,105.447,0.0,0.02276543,0.0002276543
2007-12-17,0.0,0.0,0.0,105.485,0.0,0.03603706,0.00036037060000000004
2007-12-18,0.0,0.0,0.0,105.514,0.0,0.02749206,0.0002749206
2007-12-19,0.0,0.0,0.0,105.528,0.0,0.01326838,0.0001326838
2007-12-20,0.0,0.0,0.0,105.55,0.0,0.02084755,0.0002084755
2007-12-21,0.0,0.0,0.0,105.566,0.0,0.01515869,0.0001515869
2007-12-24,0.0,0.0,0.0,105.605,0.0,0.03694371,0.0003694371
2007-12-25,0.0,0.0,0.0,105.628,0.0,0.02177927,0.00021779269999999999
2007-12-26,0.0,0.0,0.0,105.629,0.0,0.00094672,9.4672e-06
2007-12-27,0.0,0.0,0.0,105.643,0.0,0.01325394,0.00013253940000000001
2007-12-28,0.0,0.0,0.0,105.665,0.0,0.02082485,0.0002082485
2008-01-02,0.0,0.0,0.0,105.711,0.0,0.03501334,0.00035013339999999995
2008-01-03,0.0,0.0,0.0,105.722,0.0,0.01040573,0.0001040573
2008-01-04,0.0,0.0,0.0,105.731,0.0,0.00851289,8.51289e-05
2008-01-07,0.0,0.0,0.0,105.776,0.0,0.04256084,0.00042560840000000004
2008-01-08,0.0,0.0,0.0,105.792,0.0,0.0151263,0.000151263
2008-01-09,0.0,0.0,0.0,105.816,0.0,0.02268603,0.0002268603
2008-01-10,0.0,0.0,0.0,105.823,0.0,0.00661526,6.61526e-05
2008-01-11,0.0,0.0,0.0,105.835,0.0,0.01133969,0.00011339689999999999
2008-01-14,0.0,0.0,0.0,105.864,0.0,0.02740114,0.00027401140000000003
2008-01-15,0.0,0.0,0.0,105.875,0.0,0.01039069,0.0001039069
2008-01-16,0.0,0.0,0.0,105.89,0.0,0.01416765,0.0001416765
2008-01-17,0.0,0.0,0.0,105.9,0.0,0.00944376,9.44376e-05
2008-01-18,0.0,0.0,0.0,105.916,0.0,0.01510859,0.0001510859
2008-01-21,0.0,0.0,0.0,105.943,0.0,0.0254919,0.000254919
2008-01-22,0.0,0.0,0.0,105.947,0.0,0.00377562,3.7756199999999996e-05
2008-01-23,0.0,0.0,0.0,105.945,0.0,-0.00188774,-1.88774e-05
2008-01-24,0.0,0.0,0.0,105.965,0.0,0.01887772,0.0001887772
2008-01-25,0.0,0.0,0.0,105.977,0.0,0.01132449,0.0001132449
2008-01-28,0.0,0.0,0.0,106.001,0.0,0.02264642,0.0002264642
2008-01-29,0.0,0.0,0.0,106.009,0.0,0.0075471,7.5471e-05
2008-01-30,0.0,0.0,0.0,106.023,0.0,0.01320643,0.0001320643
2008-01-31,0.0,0.0,0.0,106.057,0.0,0.03206851,0.0003206851
2008-02-01,0.0,0.0,0.0,106.082,0.0,0.02357223,0.0002357223
2008-02-04,0.0,0.0,0.0,106.141,0.0,0.02261655,0.0002261655
2008-02-05,0.0,0.0,0.0,106.154,0.0,0.01224786,0.0001224786
2008-02-13,0.0,0.0,0.0,106.225,0.0,0.06688396,0.0006688396
2008-02-14,0.0,0.0,0.0,106.242,0.0,0.01600377,0.0001600377
2008-02-15,0.0,0.0,0.0,106.248,0.0,0.00564748,5.64748e-05
2008-02-18,0.0,0.0,0.0,106.286,0.0,0.03576538,0.0003576538
2008-02-19,0.0,0.0,0.0,106.283,0.0,-0.00282257,-2.82257e-05
2008-02-20,0.0,0.0,0.0,106.278,0.0,-0.00470442,-4.70442e-05
2008-02-21,0.0,0.0,0.0,106.288,0.0,0.00940929,9.40929e-05
2008-02-22,0.0,0.0,0.0,106.301,0.0,0.01223092,0.00012230919999999998
2008-02-25,0.0,0.0,0.0,106.341,0.0,0.037629,0.00037629000000000004
2008-02-26,0.0,0.0,0.0,106.343,0.0,0.00188074,1.8807400000000002e-05
2008-02-27,0.0,0.0,0.0,106.366,0.0,0.02162813,0.0002162813
2008-02-28,0.0,0.0,0.0,106.374,0.0,0.0075212,7.5212e-05
2008-02-29,0.0,0.0,0.0,106.375,0.0,0.00094008,9.4008e-06
2008-03-03,0.0,0.0,0.0,106.417,0.0,0.03948296,0.00039482959999999996
2008-03-04,0.0,0.0,0.0,106.428,0.0,0.01033669,0.00010336690000000001
2008-03-05,0.0,0.0,0.0,106.448,0.0,0.01879205,0.0001879205
2008-03-06,0.0,0.0,0.0,106.456,0.0,0.00751541,7.51541e-05
2008-03-07,0.0,0.0,0.0,106.478,0.0,0.02066581,0.0002066581
2008-03-10,0.0,0.0,0.0,106.511,0.0,0.03099232,0.0003099232
2008-03-11,0.0,0.0,0.0,106.529,0.0,0.01689966,0.0001689966
2008-03-12,0.0,0.0,0.0,106.544,0.0,0.01408067,0.0001408067
2008-03-13,0.0,0.0,0.0,106.554,0.0,0.00938579,9.38579e-05
2008-03-14,0.0,0.0,0.0,106.576,0.0,0.02064681,0.00020646810000000002
2008-03-17,0.0,0.0,0.0,106.608,0.0,0.03002552,0.0003002552
2008-03-18,0.0,0.0,0.0,106.629,0.0,0.01969833,0.0001969833
2008-03-19,0.0,0.0,0.0,106.633,0.0,0.00375132,3.75132e-05
2008-03-20,0.0,0.0,0.0,106.657,0.0,0.0225071,0.00022507099999999997
2008-03-21,0.0,0.0,0.0,106.66,0.0,0.00281275,2.81275e-05
2008-03-24,0.0,0.0,0.0,106.693,0.0,0.03093943,0.0003093943
2008-03-25,0.0,0.0,0.0,106.709,0.0,0.0149963,0.000149963
2008-03-26,0.0,0.0,0.0,106.72,0.0,0.01030841,0.00010308410000000001
2008-03-27,0.0,0.0,0.0,106.728,0.0,0.00749625,7.49625e-05
2008-03-28,0.0,0.0,0.0,106.728,0.0,0.0,0.0
2008-03-31,0.0,0.0,0.0,106.752,0.0,0.02248707,0.0002248707
2008-04-01,0.0,0.0,0.0,106.76,0.0,0.007494,7.494e-05
2008-04-02,0.0,0.0,0.0,106.758,0.0,-0.00187336,-1.87336e-05
2008-04-03,0.0,0.0,0.0,106.785,0.0,0.02529084,0.00025290839999999996
2008-04-07,0.0,0.0,0.0,106.825,0.0,0.03745844,0.00037458440000000005
2008-04-08,0.0,0.0,0.0,106.837,0.0,0.01123333,0.00011233329999999999
2008-04-09,0.0,0.0,0.0,106.853,0.0,0.01497609,0.00014976089999999998
2008-04-10,0.0,0.0,0.0,106.867,0.0,0.01310211,0.0001310211
2008-04-11,0.0,0.0,0.0,106.867,0.0,0.0,0.0
2008-04-14,0.0,0.0,0.0,106.913,0.0,0.04304416,0.0004304416
2008-04-15,0.0,0.0,0.0,106.917,0.0,0.00374136,3.74136e-05
2008-04-16,0.0,0.0,0.0,106.937,0.0,0.0187061,0.000187061
2008-04-17,0.0,0.0,0.0,106.949,0.0,0.01122156,0.0001122156
2008-04-18,0.0,0.0,0.0,106.953,0.0,0.0037401,3.7401e-05
2008-04-21,0.0,0.0,0.0,106.984,0.0,0.02898469,0.0002898469
2008-04-22,0.0,0.0,0.0,107.009,0.0,0.02336798,0.0002336798
2008-04-23,0.0,0.0,0.0,107.025,0.0,0.01495201,0.0001495201
2008-04-24,0.0,0.0,0.0,107.026,0.0,0.00093436,9.3436e-06
2008-04-25,0.0,0.0,0.0,107.043,0.0,0.01588399,0.0001588399
2008-04-28,0.0,0.0,0.0,107.072,0.0,0.02709192,0.00027091919999999996
2008-04-29,0.0,0.0,0.0,107.08,0.0,0.00747161,7.47161e-05
2008-04-30,0.0,0.0,0.0,107.079,0.0,-0.00093388,-9.3388e-06
2008-05-05,0.0,0.0,0.0,107.141,0.0,0.0130686,0.000130686
2008-05-06,0.0,0.0,0.0,107.15,0.0,0.00840015,8.40015e-05
2008-05-07,0.0,0.0,0.0,107.155,0.0,0.00466636,4.66636e-05
2008-05-08,0.0,0.0,0.0,107.161,0.0,0.00559937,5.59937e-05
2008-05-09,0.0,0.0,0.0,107.185,0.0,0.02239621,0.0002239621
2008-05-12,0.0,0.0,0.0,107.219,0.0,0.03172086,0.00031720859999999996
2008-05-13,0.0,0.0,0.0,107.219,0.0,0.0,0.0
2008-05-14,0.0,0.0,0.0,107.233,0.0,0.01305739,0.0001305739
2008-05-15,0.0,0.0,0.0,107.237,0.0,0.00373019,3.73019e-05
2008-05-16,0.0,0.0,0.0,107.247,0.0,0.00932514,9.32514e-05
2008-05-19,0.0,0.0,0.0,107.274,0.0,0.02517553,0.00025175530000000004
2008-05-20,0.0,0.0,0.0,107.281,0.0,0.00652535,6.52535e-05
2008-05-21,0.0,0.0,0.0,107.295,0.0,0.01304984,0.0001304984
2008-05-22,0.0,0.0,0.0,107.308,0.0,0.01211613,0.0001211613
2008-05-23,0.0,0.0,0.0,107.323,0.0,0.01397845,0.0001397845
2008-05-26,0.0,0.0,0.0,107.344,0.0,0.0195671,0.00019567100000000002
2008-05-27,0.0,0.0,0.0,107.356,0.0,0.01117901,0.00011179009999999999
2008-05-28,0.0,0.0,0.0,107.37,0.0,0.01304072,0.00013040720000000001
2008-05-29,0.0,0.0,0.0,107.381,0.0,0.01024495,0.00010244949999999999
2008-05-30,0.0,0.0,0.0,107.397,0.0,0.01490022,0.0001490022
2008-06-02,0.0,0.0,0.0,107.429,0.0,0.02979599,0.0002979599
2008-06-03,0.0,0.0,0.0,107.437,0.0,0.00744678,7.44678e-05
2008-06-04,0.0,0.0,0.0,107.442,0.0,0.00465389,4.65389e-05
2008-06-05,0.0,0.0,0.0,107.447,0.0,0.00465367,4.6536700000000005e-05
2008-06-06,0.0,0.0,0.0,107.459,0.0,0.0111683,0.00011168300000000001
2008-06-10,0.0,0.0,0.0,107.469,0.0,0.00930587,9.305870000000001e-05
2008-06-11,0.0,0.0,0.0,107.48,0.0,0.01023551,0.0001023551
2008-06-12,0.0,0.0,0.0,107.499,0.0,0.01767771,0.00017677709999999998
2008-06-13,0.0,0.0,0.0,107.521,0.0,0.02046531,0.00020465310000000001
2008-06-16,0.0,0.0,0.0,107.559,0.0,0.03534193,0.0003534193
2008-06-17,0.0,0.0,0.0,107.565,0.0,0.00557833,5.5783300000000005e-05
2008-06-18,0.0,0.0,0.0,107.583,0.0,0.01673407,0.0001673407
2008-06-19,0.0,0.0,0.0,107.597,0.0,0.01301321,0.00013013210000000001
2008-06-20,0.0,0.0,0.0,107.61,0.0,0.01208212,0.0001208212
2008-06-23,0.0,0.0,0.0,107.641,0.0,0.02880773,0.0002880773
2008-06-24,0.0,0.0,0.0,107.659,0.0,0.01672225,0.0001672225
2008-06-25,0.0,0.0,0.0,107.664,0.0,0.00464429,4.6442899999999995e-05
2008-06-26,0.0,0.0,0.0,107.682,0.0,0.01671868,0.0001671868
2008-06-27,0.0,0.0,0.0,107.687,0.0,0.0046433,4.6433e-05
2008-06-30,0.0,0.0,0.0,107.722,0.0,0.0325016,0.00032501599999999997
2008-07-01,0.0,0.0,0.0,107.732,0.0,0.00928315,9.28315e-05
2008-07-02,0.0,0.0,0.0,107.742,0.0,0.00928229,9.282290000000001e-05
2008-07-03,0.0,0.0,0.0,107.763,0.0,0.01949101,0.0001949101
2008-07-04,0.0,0.0,0.0,107.78,0.0,0.01577536,0.0001577536
2008-07-07,0.0,0.0,0.0,107.814,0.0,0.03154574,0.0003154574
2008-07-08,0.0,0.0,0.0,107.816,0.0,0.00185505,1.85505e-05
2008-07-09,0.0,0.0,0.0,107.834,0.0,0.01669511,0.0001669511
2008-07-10,0.0,0.0,0.0,107.844,0.0,0.00927351,9.27351e-05
2008-07-11,0.0,0.0,0.0,107.868,0.0,0.02225437,0.00022254369999999998
2008-07-14,0.0,0.0,0.0,107.9,0.0,0.02966589,0.0002966589
2008-07-15,0.0,0.0,0.0,107.928,0.0,0.02594995,0.0002594995
2008-07-16,0.0,0.0,0.0,107.938,0.0,0.00926544,9.26544e-05
2008-07-17,0.0,0.0,0.0,107.94,0.0,0.00185292,1.8529200000000002e-05
2008-07-18,0.0,0.0,0.0,107.95,0.0,0.00926441,9.264410000000001e-05
2008-07-21,0.0,0.0,0.0,107.99,0.0,0.03705419,0.0003705419
2008-07-22,0.0,0.0,0.0,107.996,0.0,0.00555607,5.55607e-05
2008-07-23,0.0,0.0,0.0,108.01,0.0,0.01296344,0.0001296344
2008-07-24,0.0,0.0,0.0,108.025,0.0,0.0138876,0.000138876
2008-07-25,0.0,0.0,0.0,108.03,0.0,0.00462856,4.62856e-05
2008-07-28,0.0,0.0,0.0,108.065,0.0,0.03239841,0.0003239841
2008-07-29,0.0,0.0,0.0,108.068,0.0,0.00277611,2.77611e-05
2008-07-30,0.0,0.0,0.0,108.082,0.0,0.01295481,0.0001295481
2008-07-31,0.0,0.0,0.0,108.094,0.0,0.01110268,0.0001110268
2008-08-01,0.0,0.0,0.0,108.112,0.0,0.01665217,0.0001665217
2008-08-04,0.0,0.0,0.0,108.141,0.0,0.02682403,0.0002682403
2008-08-05,0.0,0.0,0.0,108.152,0.0,0.01017191,0.00010171909999999999
2008-08-06,0.0,0.0,0.0,108.172,0.0,0.01849249,0.0001849249
2008-08-07,0.0,0.0,0.0,108.185,0.0,0.0120179,0.000120179
2008-08-08,0.0,0.0,0.0,108.208,0.0,0.02125988,0.0002125988
2008-08-11,0.0,0.0,0.0,108.257,0.0,0.04528316,0.00045283160000000004
2008-08-12,0.0,0.0,0.0,108.268,0.0,0.01016101,0.0001016101
2008-08-13,0.0,0.0,0.0,108.283,0.0,0.01385451,0.00013854510000000002
2008-08-14,0.0,0.0,0.0,108.297,0.0,0.01292908,0.0001292908
2008-08-15,0.0,0.0,0.0,108.317,0.0,0.01846773,0.00018467730000000003
2008-08-18,0.0,0.0,0.0,108.35,0.0,0.03046613,0.0003046613
2008-08-19,0.0,0.0,0.0,108.358,0.0,0.00738348,7.38348e-05
2008-08-20,0.0,0.0,0.0,108.373,0.0,0.013843,0.00013843
2008-08-21,0.0,0.0,0.0,108.375,0.0,0.00184548,1.84548e-05
2008-08-22,0.0,0.0,0.0,108.4,0.0,0.02306805,0.0002306805
2008-08-25,0.0,0.0,0.0,108.436,0.0,0.03321033,0.00033210330000000004
2008-08-26,0.0,0.0,0.0,108.439,0.0,0.00276661,2.76661e-05
2008-08-27,0.0,0.0,0.0,108.453,0.0,0.01291048,0.0001291048
2008-08-28,0.0,0.0,0.0,108.463,0.0,0.00922058,9.22058e-05
2008-08-29,0.0,0.0,0.0,108.485,0.0,0.02028341,0.00020283410000000002
2008-09-01,0.0,0.0,0.0,108.521,0.0,0.03318431,0.0003318431
2008-09-02,0.0,0.0,0.0,108.529,0.0,0.00737185,7.37185e-05
2008-09-03,0.0,0.0,0.0,108.553,0.0,0.02211391,0.0002211391
2008-09-04,0.0,0.0,0.0,108.57,0.0,0.01566055,0.0001566055
2008-09-05,0.0,0.0,0.0,108.578,0.0,0.00736852,7.36852e-05
2008-09-08,0.0,0.0,0.0,108.612,0.0,0.03131389,0.00031313889999999995
2008-09-09,0.0,0.0,0.0,108.614,0.0,0.00184142,1.84142e-05
2008-09-10,0.0,0.0,0.0,108.639,0.0,0.02301729,0.00023017289999999999
2008-09-11,0.0,0.0,0.0,108.656,0.0,0.01564816,0.00015648160000000002
2008-09-12,0.0,0.0,0.0,108.675,0.0,0.01748638,0.00017486379999999998
2008-09-16,0.0,0.0,0.0,108.757,0.0,0.07545434,0.0007545433999999999
2008-09-17,0.0,0.0,0.0,108.809,0.0,0.04781301,0.00047813010000000004
2008-09-18,0.0,0.0,0.0,108.823,0.0,0.01286658,0.0001286658
2008-09-19,0.0,0.0,0.0,108.809,0.0,-0.01286493,-0.0001286493
2008-09-22,0.0,0.0,0.0,108.815,0.0,0.00551425,5.51425e-05
2008-09-23,0.0,0.0,0.0,108.813,0.0,-0.00183798,-1.83798e-05
2008-09-24,0.0,0.0,0.0,108.822,0.0,0.00827107,8.271070000000001e-05
2008-09-25,0.0,0.0,0.0,108.837,0.0,0.01378398,0.0001378398
2008-09-26,0.0,0.0,0.0,108.861,0.0,0.02205132,0.0002205132
2008-10-06,0.0,0.0,0.0,108.94,0.0,0.03700653,0.00037006530000000004
2008-10-07,0.0,0.0,0.0,108.991,0.0,0.04681476,0.00046814759999999996
2008-10-08,0.0,0.0,0.0,109.024,0.0,0.03027773,0.0003027773
2008-10-09,0.0,0.0,0.0,109.097,0.0,0.06695773,0.0006695773
2008-10-10,0.0,0.0,0.0,109.177,0.0,0.07332924,0.0007332924
2008-10-13,0.0,0.0,0.0,109.217,0.0,0.03663775,0.0003663775
2008-10-14,0.0,0.0,0.0,109.254,0.0,0.03387751,0.0003387751
2008-10-15,0.0,0.0,0.0,109.262,0.0,0.00732239,7.32239e-05
2008-10-16,0.0,0.0,0.0,109.296,0.0,0.03111786,0.0003111786
2008-10-17,0.0,0.0,0.0,109.315,0.0,0.01738398,0.00017383980000000002
2008-10-20,0.0,0.0,0.0,109.367,0.0,0.04756895,0.0004756895
2008-10-21,0.0,0.0,0.0,109.377,0.0,0.00914353,9.14353e-05
2008-10-22,0.0,0.0,0.0,109.423,0.0,0.04205637,0.0004205637
2008-10-23,0.0,0.0,0.0,109.457,0.0,0.03107208,0.0003107208
2008-10-24,0.0,0.0,0.0,109.518,0.0,0.05572965,0.0005572964999999999
2008-10-27,0.0,0.0,0.0,109.542,0.0,0.02191421,0.0002191421
2008-10-28,0.0,0.0,0.0,109.624,0.0,0.07485713,0.0007485713
2008-10-29,0.0,0.0,0.0,109.641,0.0,0.01550755,0.0001550755
2008-10-30,0.0,0.0,0.0,109.682,0.0,0.03739477,0.0003739477
2008-10-31,0.0,0.0,0.0,109.703,0.0,0.01914626,0.00019146259999999998
2008-11-03,0.0,0.0,0.0,109.758,0.0,0.05013537,0.0005013537
2008-11-04,0.0,0.0,0.0,109.742,0.0,-0.01457753,-0.0001457753
2008-11-05,0.0,0.0,0.0,109.797,0.0,0.05011755,0.0005011754999999999
2008-11-06,0.0,0.0,0.0,109.831,0.0,0.03096624,0.00030966239999999996
2008-11-07,0.0,0.0,0.0,109.883,0.0,0.04734547,0.0004734547
2008-11-10,0.0,0.0,0.0,109.981,0.0,0.08918577,0.0008918576999999999
2008-11-11,0.0,0.0,0.0,110.022,0.0,0.03727917,0.0003727917
2008-11-12,0.0,0.0,0.0,110.087,0.0,0.05907909,0.0005907909
2008-11-13,0.0,0.0,0.0,110.181,0.0,0.08538701,0.0008538701
2008-11-14,0.0,0.0,0.0,110.211,0.0,0.02722792,0.0002722792
2008-11-17,0.0,0.0,0.0,110.22,0.0,0.00816615,8.166150000000001e-05
2008-11-18,0.0,0.0,0.0,110.209,0.0,-0.00998004,-9.980040000000001e-05
2008-11-19,0.0,0.0,0.0,110.188,0.0,-0.01905471,-0.00019054709999999998
2008-11-20,0.0,0.0,0.0,110.18,0.0,-0.00726032,-7.26032e-05
2008-11-21,0.0,0.0,0.0,110.209,0.0,0.02632057,0.0002632057
2008-11-24,0.0,0.0,0.0,110.235,0.0,0.02359154,0.0002359154
2008-11-25,0.0,0.0,0.0,110.221,0.0,-0.01270014,-0.00012700140000000001
2008-11-26,0.0,0.0,0.0,110.255,0.0,0.03084712,0.0003084712
2008-11-27,0.0,0.0,0.0,110.394,0.0,0.12607138,0.0012607138000000002
2008-11-28,0.0,0.0,0.0,110.384,0.0,-0.00905846,-9.058460000000001e-05
2008-12-01,0.0,0.0,0.0,110.402,0.0,0.01630671,0.00016306709999999998
2008-12-02,0.0,0.0,0.0,110.459,0.0,0.0516295,0.0005162950000000001
2008-12-03,0.0,0.0,0.0,110.548,0.0,0.08057288,0.0008057288
2008-12-04,0.0,0.0,0.0,110.588,0.0,0.03618338,0.0003618338
2008-12-05,0.0,0.0,0.0,110.673,0.0,0.07686187,0.0007686187
2008-12-08,0.0,0.0,0.0,110.71,0.0,0.03343182,0.0003343182
2008-12-09,0.0,0.0,0.0,110.72,0.0,0.00903261,9.03261e-05
2008-12-10,0.0,0.0,0.0,110.782,0.0,0.05599711,0.0005599711000000001
2008-12-11,0.0,0.0,0.0,110.805,0.0,0.0207615,0.000207615
2008-12-12,0.0,0.0,0.0,110.84,0.0,0.03158702,0.0003158702
2008-12-15,0.0,0.0,0.0,110.862,0.0,0.01984843,0.0001984843
2008-12-16,0.0,0.0,0.0,110.878,0.0,0.01443236,0.0001443236
2008-12-17,0.0,0.0,0.0,110.935,0.0,0.05140785,0.0005140785
2008-12-18,0.0,0.0,0.0,110.99,0.0,0.04957858,0.0004957857999999999
2008-12-19,0.0,0.0,0.0,111.0,0.0,0.00900982,9.00982e-05
2008-12-22,0.0,0.0,0.0,111.033,0.0,0.02972973,0.0002972973
2008-12-23,0.0,0.0,0.0,111.052,0.0,0.01711203,0.0001711203
2008-12-24,0.0,0.0,0.0,111.07,0.0,0.01620862,0.0001620862
2008-12-25,0.0,0.0,0.0,111.056,0.0,-0.01260466,-0.0001260466
2008-12-26,0.0,0.0,0.0,111.055,0.0,-0.00090045,-9.0045e-06
2008-12-29,0.0,0.0,0.0,111.07,0.0,0.01350682,0.0001350682
2008-12-30,0.0,0.0,0.0,111.073,0.0,0.002701,2.7009999999999997e-05
2008-12-31,0.0,0.0,0.0,111.158,0.0,0.07652625,0.0007652625
2009-01-05,0.0,0.0,0.0,111.142,0.0,0.00359913,3.5991299999999995e-05
2009-01-06,0.0,0.0,0.0,111.128,0.0,-0.0125965,-0.000125965
2009-01-07,0.0,0.0,0.0,111.137,0.0,0.00809877,8.09877e-05
2009-01-08,0.0,0.0,0.0,111.136,0.0,-0.00089979,-8.9979e-06
2009-01-09,0.0,0.0,0.0,111.16,0.0,0.02159516,0.0002159516
2009-01-12,0.0,0.0,0.0,111.184,0.0,0.0215905,0.000215905
2009-01-13,0.0,0.0,0.0,111.178,0.0,-0.00539646,-5.3964599999999995e-05
2009-01-14,0.0,0.0,0.0,111.183,0.0,0.00449729,4.4972900000000004e-05
2009-01-15,0.0,0.0,0.0,111.175,0.0,-0.00719534,-7.19534e-05
2009-01-16,0.0,0.0,0.0,111.149,0.0,-0.02338655,-0.0002338655
2009-01-19,0.0,0.0,0.0,111.155,0.0,0.00539816,5.39816e-05
2009-01-20,0.0,0.0,0.0,111.156,0.0,0.00089964,8.9964e-06
2009-01-21,0.0,0.0,0.0,111.144,0.0,-0.01079564,-0.00010795640000000001
2009-01-22,0.0,0.0,0.0,111.13,0.0,-0.01259627,-0.0001259627
2009-01-23,0.0,0.0,0.0,111.179,0.0,0.0440925,0.000440925
2009-02-02,0.0,0.0,0.0,111.237,0.0,0.01078894,0.0001078894
2009-02-03,0.0,0.0,0.0,111.229,0.0,-0.00719185,-7.191849999999999e-05
2009-02-04,0.0,0.0,0.0,111.223,0.0,-0.00539428,-5.39428e-05
2009-02-05,0.0,0.0,0.0,111.2,0.0,-0.02067918,-0.00020679179999999998
2009-02-06,0.0,0.0,0.0,111.205,0.0,0.0044964,4.4964000000000005e-05
2009-02-09,0.0,0.0,0.0,111.246,0.0,0.03686885,0.0003686885
2009-02-10,0.0,0.0,0.0,111.249,0.0,0.00269673,2.6967300000000002e-05
2009-02-11,0.0,0.0,0.0,111.236,0.0,-0.0116855,-0.00011685499999999999
2009-02-12,0.0,0.0,0.0,111.259,0.0,0.02067676,0.0002067676
2009-02-13,0.0,0.0,0.0,111.265,0.0,0.00539282,5.39282e-05
2009-02-16,0.0,0.0,0.0,111.287,0.0,0.01977261,0.0001977261
2009-02-17,0.0,0.0,0.0,111.286,0.0,-0.00089858,-8.9858e-06
2009-02-18,0.0,0.0,0.0,111.303,0.0,0.01527596,0.0001527596
2009-02-19,0.0,0.0,0.0,111.304,0.0,0.00089845,8.9845e-06
2009-02-20,0.0,0.0,0.0,111.295,0.0,-0.00808596,-8.08596e-05
2009-02-23,0.0,0.0,0.0,111.302,0.0,0.00628959,6.289590000000001e-05
2009-02-24,0.0,0.0,0.0,111.315,0.0,0.01167993,0.0001167993
2009-02-25,0.0,0.0,0.0,111.308,0.0,-0.00628846,-6.28846e-05
2009-02-26,0.0,0.0,0.0,111.322,0.0,0.01257771,0.00012577710000000002
2009-02-27,0.0,0.0,0.0,111.313,0.0,-0.00808466,-8.08466e-05
2009-03-02,0.0,0.0,0.0,111.35,0.0,0.0332396,0.000332396
2009-03-03,0.0,0.0,0.0,111.348,0.0,-0.00179614,-1.79614e-05
2009-03-04,0.0,0.0,0.0,111.356,0.0,0.00718468,7.184679999999999e-05
2009-03-05,0.0,0.0,0.0,111.384,0.0,0.02514458,0.0002514458
2009-03-06,0.0,0.0,0.0,111.361,0.0,-0.02064929,-0.0002064929
2009-03-09,0.0,0.0,0.0,111.394,0.0,0.02963335,0.0002963335
2009-03-10,0.0,0.0,0.0,111.406,0.0,0.01077257,0.0001077257
2009-03-11,0.0,0.0,0.0,111.413,0.0,0.00628332,6.28332e-05
2009-03-12,0.0,0.0,0.0,111.404,0.0,-0.00807805,-8.07805e-05
2009-03-13,0.0,0.0,0.0,111.415,0.0,0.00987397,9.87397e-05
2009-03-16,0.0,0.0,0.0,111.444,0.0,0.02602881,0.0002602881
2009-03-17,0.0,0.0,0.0,111.457,0.0,0.01166505,0.0001166505
2009-03-18,0.0,0.0,0.0,111.444,0.0,-0.01166369,-0.00011663690000000001
2009-03-19,0.0,0.0,0.0,111.453,0.0,0.0080758,8.075799999999999e-05
2009-03-20,0.0,0.0,0.0,111.449,0.0,-0.00358896,-3.58896e-05
2009-03-23,0.0,0.0,0.0,111.477,0.0,0.0251236,0.000251236
2009-03-24,0.0,0.0,0.0,111.489,0.0,0.01076455,0.0001076455
2009-03-25,0.0,0.0,0.0,111.466,0.0,-0.02062984,-0.0002062984
2009-03-26,0.0,0.0,0.0,111.492,0.0,0.0233255,0.000233255
2009-03-27,0.0,0.0,0.0,111.49,0.0,-0.00179385,-1.79385e-05
2009-03-30,0.0,0.0,0.0,111.507,0.0,0.015248,0.00015248
2009-03-31,0.0,0.0,0.0,111.504,0.0,-0.00269041,-2.69041e-05
2009-04-01,0.0,0.0,0.0,111.494,0.0,-0.00896829,-8.968290000000001e-05
2009-04-02,0.0,0.0,0.0,111.498,0.0,0.00358764,3.58764e-05
2009-04-03,0.0,0.0,0.0,111.482,0.0,-0.01435003,-0.00014350029999999999
2009-04-07,0.0,0.0,0.0,111.491,0.0,0.00807305,8.07305e-05
2009-04-08,0.0,0.0,0.0,111.503,0.0,0.0107632,0.000107632
2009-04-09,0.0,0.0,0.0,111.497,0.0,-0.00538102,-5.38102e-05
2009-04-10,0.0,0.0,0.0,111.502,0.0,0.00448443,4.48443e-05
2009-04-13,0.0,0.0,0.0,111.52,0.0,0.01614321,0.00016143210000000002
2009-04-14,0.0,0.0,0.0,111.504,0.0,-0.0143472,-0.00014347199999999998
2009-04-15,0.0,0.0,0.0,111.505,0.0,0.00089683,8.9683e-06
2009-04-16,0.0,0.0,0.0,111.524,0.0,0.01703959,0.0001703959
2009-04-17,0.0,0.0,0.0,111.52,0.0,-0.00358667,-3.58667e-05
2009-04-20,0.0,0.0,0.0,111.542,0.0,0.0197274,0.000197274
2009-04-21,0.0,0.0,0.0,111.551,0.0,0.00806871,8.06871e-05
2009-04-22,0.0,0.0,0.0,111.556,0.0,0.00448225,4.48225e-05
2009-04-23,0.0,0.0,0.0,111.573,0.0,0.01523898,0.00015238979999999998
2009-04-24,0.0,0.0,0.0,111.558,0.0,-0.01344411,-0.00013444110000000002
2009-04-27,0.0,0.0,0.0,111.585,0.0,0.02420266,0.00024202660000000002
2009-04-28,0.0,0.0,0.0,111.583,0.0,-0.00179236,-1.79236e-05
2009-04-29,0.0,0.0,0.0,111.577,0.0,-0.00537716,-5.37716e-05
2009-04-30,0.0,0.0,0.0,111.587,0.0,0.00896242,8.962420000000001e-05
2009-05-04,0.0,0.0,0.0,111.601,0.0,0.01254626,0.0001254626
2009-05-05,0.0,0.0,0.0,111.6,0.0,-0.00089605,-8.9605e-06
2009-05-06,0.0,0.0,0.0,111.629,0.0,0.02598566,0.00025985660000000003
2009-05-07,0.0,0.0,0.0,111.629,0.0,0.0,0.0
2009-05-08,0.0,0.0,0.0,111.621,0.0,-0.0071666,-7.1666e-05
2009-05-11,0.0,0.0,0.0,111.653,0.0,0.02866844,0.0002866844
2009-05-12,0.0,0.0,0.0,111.634,0.0,-0.01701701,-0.00017017009999999999
2009-05-13,0.0,0.0,0.0,111.65,0.0,0.01433255,0.00014332549999999998
2009-05-14,0.0,0.0,0.0,111.663,0.0,0.01164353,0.00011643529999999999
2009-05-15,0.0,0.0,0.0,111.656,0.0,-0.00626886,-6.268860000000001e-05
2009-05-18,0.0,0.0,0.0,111.689,0.0,0.02955506,0.0002955506
2009-05-19,0.0,0.0,0.0,111.691,0.0,0.00179069,1.79069e-05
2009-05-20,0.0,0.0,0.0,111.717,0.0,0.02327851,0.00023278509999999998
2009-05-21,0.0,0.0,0.0,111.705,0.0,-0.01074143,-0.00010741429999999999
2009-05-22,0.0,0.0,0.0,111.716,0.0,0.00984737,9.84737e-05
2009-05-25,0.0,0.0,0.0,111.744,0.0,0.02506355,0.0002506355
2009-05-26,0.0,0.0,0.0,111.723,0.0,-0.01879296,-0.0001879296
2009-05-27,0.0,0.0,0.0,111.724,0.0,0.00089507,8.9507e-06
2009-06-01,0.0,0.0,0.0,111.762,0.0,-0.00089475,-8.9475e-06
2009-06-02,0.0,0.0,0.0,111.755,0.0,-0.00626331,-6.26331e-05
2009-06-03,0.0,0.0,0.0,111.763,0.0,0.00715852,7.15852e-05
2009-06-04,0.0,0.0,0.0,111.757,0.0,-0.0053685,-5.3685e-05
2009-06-05,0.0,0.0,0.0,111.738,0.0,-0.01700117,-0.0001700117
2009-06-08,0.0,0.0,0.0,111.795,0.0,0.05101219,0.0005101219
2009-06-09,0.0,0.0,0.0,111.801,0.0,0.00536697,5.3669700000000006e-05
2009-06-10,0.0,0.0,0.0,111.779,0.0,-0.01967782,-0.00019677819999999998
2009-06-11,0.0,0.0,0.0,111.796,0.0,0.01520858,0.0001520858
2009-06-12,0.0,0.0,0.0,111.795,0.0,-0.00089449,-8.9449e-06
2009-06-15,0.0,0.0,0.0,111.808,0.0,0.01162843,0.00011628430000000001
2009-06-16,0.0,0.0,0.0,111.822,0.0,0.01252147,0.0001252147
2009-06-17,0.0,0.0,0.0,111.823,0.0,0.00089428,8.9428e-06
2009-06-18,0.0,0.0,0.0,111.832,0.0,0.00804843,8.04843e-05
2009-06-19,0.0,0.0,0.0,111.821,0.0,-0.00983618,-9.83618e-05
2009-06-22,0.0,0.0,0.0,111.82,0.0,-0.00089429,-8.942899999999999e-06
2009-06-23,0.0,0.0,0.0,111.816,0.0,-0.00357718,-3.57718e-05
2009-06-24,0.0,0.0,0.0,111.837,0.0,0.01878085,0.0001878085
2009-06-25,0.0,0.0,0.0,111.833,0.0,-0.00357663,-3.57663e-05
2009-06-26,0.0,0.0,0.0,111.823,0.0,-0.0089419,-8.941899999999999e-05
2009-06-29,0.0,0.0,0.0,111.843,0.0,0.01788541,0.0001788541
2009-06-30,0.0,0.0,0.0,111.83,0.0,-0.01162344,-0.0001162344
2009-07-01,0.0,0.0,0.0,111.852,0.0,0.01967272,0.00019672720000000002
2009-07-02,0.0,0.0,0.0,111.854,0.0,0.00178808,1.78808e-05
2009-07-03,0.0,0.0,0.0,111.846,0.0,-0.00715218,-7.15218e-05
2009-07-06,0.0,0.0,0.0,111.868,0.0,0.0196699,0.000196699
2009-07-07,0.0,0.0,0.0,111.871,0.0,0.00268173,2.6817299999999998e-05
2009-07-08,0.0,0.0,0.0,111.8767,0.0,0.00509515,5.0951499999999995e-05
2009-07-09,0.0,0.0,0.0,111.8599,0.0,-0.01501653,-0.0001501653
2009-07-10,0.0,0.0,0.0,111.7972,0.0,-0.05605226,-0.0005605226
2009-07-13,0.0,0.0,0.0,111.8422,0.0,0.04025146,0.0004025146
2009-07-14,0.0,0.0,0.0,111.847,0.0,0.00429176,4.2917600000000004e-05
2009-07-15,0.0,0.0,0.0,111.8413,0.0,-0.00509625,-5.09625e-05
2009-07-16,0.0,0.0,0.0,111.8197,0.0,-0.01931308,-0.0001931308
2009-07-17,0.0,0.0,0.0,111.7672,0.0,-0.04695058,-0.0004695058
2009-07-20,0.0,0.0,0.0,111.7834,0.0,0.01449441,0.0001449441
2009-07-21,0.0,0.0,0.0,111.773,0.0,-0.00930371,-9.30371e-05
2009-07-22,0.0,0.0,0.0,111.7693,0.0,-0.00331028,-3.31028e-05
2009-07-23,0.0,0.0,0.0,111.7862,0.0,0.01512043,0.00015120430000000002
2009-07-24,0.0,0.0,0.0,111.777,0.0,-0.00823,-8.23e-05
2009-07-27,0.0,0.0,0.0,111.8059,0.0,0.02585505,0.00025855050000000003
2009-07-28,0.0,0.0,0.0,111.839,0.0,0.02960488,0.0002960488
2009-07-29,0.0,0.0,0.0,111.8418,0.0,0.0025036,2.5036e-05
2009-07-30,0.0,0.0,0.0,111.8394,0.0,-0.00214589,-2.1458900000000002e-05
2009-07-31,0.0,0.0,0.0,111.8194,0.0,-0.01788279,-0.00017882789999999998
2009-08-03,0.0,0.0,0.0,111.8411,0.0,0.01940629,0.0001940629
2009-08-04,0.0,0.0,0.0,111.8489,0.0,0.00697418,6.97418e-05
2009-08-05,0.0,0.0,0.0,111.8606,0.0,0.01046054,0.0001046054
2009-08-06,0.0,0.0,0.0,111.853,0.0,-0.00679417,-6.79417e-05
2009-08-07,0.0,0.0,0.0,111.8398,0.0,-0.0118012,-0.000118012
2009-08-10,0.0,0.0,0.0,111.8917,0.0,0.04640566,0.0004640566
2009-08-11,0.0,0.0,0.0,111.8721,0.0,-0.01751694,-0.0001751694
2009-08-12,0.0,0.0,0.0,111.8968,0.0,0.02207878,0.0002207878
2009-08-13,0.0,0.0,0.0,111.9024,0.0,0.00500461,5.0046099999999995e-05
2009-08-14,0.0,0.0,0.0,111.9149,0.0,0.01117045,0.00011170450000000001
2009-08-17,0.0,0.0,0.0,111.9275,0.0,0.01125855,0.00011258550000000001
2009-08-18,0.0,0.0,0.0,111.945,0.0,0.01563512,0.00015635119999999998
2009-08-19,0.0,0.0,0.0,111.9451,0.0,8.933e-05,8.933e-07
2009-08-20,0.0,0.0,0.0,111.9525,0.0,0.00661038,6.61038e-05
2009-08-21,0.0,0.0,0.0,111.9504,0.0,-0.0018758,-1.8758e-05
2009-08-24,0.0,0.0,0.0,111.9716,0.0,0.01893696,0.00018936959999999998
2009-08-25,0.0,0.0,0.0,111.9759,0.0,0.00384026,3.84026e-05
2009-08-26,0.0,0.0,0.0,111.9848,0.0,0.00794814,7.94814e-05
2009-08-27,0.0,0.0,0.0,111.9911,0.0,0.00562576,5.6257599999999995e-05
2009-08-28,0.0,0.0,0.0,111.9959,0.0,0.00428605,4.2860499999999994e-05
2009-08-31,0.0,0.0,0.0,112.0132,0.0,0.01544699,0.0001544699
2009-09-01,0.0,0.0,0.0,112.0183,0.0,0.00455303,4.553029999999999e-05
2009-09-02,0.0,0.0,0.0,112.0283,0.0,0.00892711,8.92711e-05
2009-09-03,0.0,0.0,0.0,112.0358,0.0,0.00669474,6.694740000000001e-05
2009-09-04,0.0,0.0,0.0,112.0394,0.0,0.00321326,3.21326e-05
2009-09-07,0.0,0.0,0.0,112.0557,0.0,0.01454845,0.00014548449999999999
2009-09-08,0.0,0.0,0.0,112.0572,0.0,0.00133862,1.33862e-05
2009-09-09,0.0,0.0,0.0,112.0662,0.0,0.00803161,8.03161e-05
2009-09-10,0.0,0.0,0.0,112.0759,0.0,0.0086556,8.655599999999999e-05
2009-09-11,0.0,0.0,0.0,112.0814,0.0,0.00490739,4.9073900000000005e-05
2009-09-14,0.0,0.0,0.0,112.0986,0.0,0.01534599,0.0001534599
2009-09-15,0.0,0.0,0.0,112.1002,0.0,0.00142731,1.42731e-05
2009-09-16,0.0,0.0,0.0,112.1003,0.0,8.921e-05,8.920999999999999e-07
2009-09-17,0.0,0.0,0.0,112.1075,0.0,0.00642282,6.42282e-05
2009-09-18,0.0,0.0,0.0,112.1098,0.0,0.0020516,2.0516e-05
2009-09-21,0.0,0.0,0.0,112.1303,0.0,0.01828564,0.00018285639999999999
2009-09-22,0.0,0.0,0.0,112.1341,0.0,0.00338891,3.38891e-05
2009-09-23,0.0,0.0,0.0,112.1344,0.0,0.00026754,2.6754e-06
2009-09-24,0.0,0.0,0.0,112.1462,0.0,0.01052309,0.0001052309
2009-09-25,0.0,0.0,0.0,112.1552,0.0,0.00802524,8.025239999999999e-05
2009-09-28,0.0,0.0,0.0,112.1656,0.0,0.00320964,3.20964e-05
2009-09-29,0.0,0.0,0.0,112.1726,0.0,0.00624077,6.24077e-05
2009-09-30,0.0,0.0,0.0,112.1804,0.0,0.00695357,6.95357e-05
2009-10-09,0.0,0.0,0.0,112.2265,0.0,0.04109452,0.00041094520000000003
2009-10-12,0.0,0.0,0.0,112.2444,0.0,0.01416752,0.0001416752
2009-10-13,0.0,0.0,0.0,112.2517,0.0,0.00650367,6.50367e-05
2009-10-14,0.0,0.0,0.0,112.2552,0.0,0.00311799,3.11799e-05
2009-10-15,0.0,0.0,0.0,112.2432,0.0,-0.01068993,-0.0001068993
2009-10-16,0.0,0.0,0.0,112.2291,0.0,-0.01256201,-0.00012562010000000001
2009-10-19,0.0,0.0,0.0,112.2428,0.0,0.01220717,0.00012207169999999999
2009-10-20,0.0,0.0,0.0,112.26,0.0,0.01532392,0.0001532392
2009-10-21,0.0,0.0,0.0,112.2728,0.0,0.0114021,0.000114021
2009-10-22,0.0,0.0,0.0,112.2817,0.0,0.00792712,7.92712e-05
2009-10-23,0.0,0.0,0.0,112.2823,0.0,0.00053437,5.3437e-06
2009-10-26,0.0,0.0,0.0,112.3029,0.0,0.01834661,0.0001834661
2009-10-27,0.0,0.0,0.0,112.3262,0.0,0.02074746,0.0002074746
2009-10-28,0.0,0.0,0.0,112.3089,0.0,-0.01540157,-0.0001540157
2009-10-29,0.0,0.0,0.0,112.3152,0.0,0.00560953,5.60953e-05
2009-10-30,0.0,0.0,0.0,112.313,0.0,-0.00195877,-1.95877e-05
2009-11-02,0.0,0.0,0.0,112.3284,0.0,0.01371168,0.0001371168
2009-11-03,0.0,0.0,0.0,112.3311,0.0,0.00240367,2.40367e-05
2009-11-04,0.0,0.0,0.0,112.3408,0.0,0.00863519,8.63519e-05
2009-11-05,0.0,0.0,0.0,112.3407,0.0,-8.901e-05,-8.901000000000001e-07
2009-11-06,0.0,0.0,0.0,112.3449,0.0,0.00373863,3.7386300000000005e-05
2009-11-09,0.0,0.0,0.0,112.37,0.0,0.02234191,0.0002234191
2009-11-10,0.0,0.0,0.0,112.3612,0.0,-0.00783127,-7.83127e-05
2009-11-11,0.0,0.0,0.0,112.3806,0.0,0.01726575,0.0001726575
2009-11-12,0.0,0.0,0.0,112.3849,0.0,0.00382628,3.82628e-05
2009-11-13,0.0,0.0,0.0,112.3898,0.0,0.00436002,4.36002e-05
2009-11-16,0.0,0.0,0.0,112.4111,0.0,0.0189519,0.000189519
2009-11-17,0.0,0.0,0.0,112.413,0.0,0.00169022,1.6902200000000002e-05
2009-11-18,0.0,0.0,0.0,112.4184,0.0,0.00480371,4.80371e-05
2009-11-19,0.0,0.0,0.0,112.4187,0.0,0.00026686,2.6686e-06
2009-11-20,0.0,0.0,0.0,112.4295,0.0,0.00960694,9.606939999999999e-05
2009-11-23,0.0,0.0,0.0,112.4455,0.0,0.01423114,0.0001423114
2009-11-24,0.0,0.0,0.0,112.4509,0.0,0.00480233,4.80233e-05
2009-11-25,0.0,0.0,0.0,112.4563,0.0,0.0048021,4.8021e-05
2009-11-26,0.0,0.0,0.0,112.4545,0.0,-0.00160062,-1.60062e-05
2009-11-27,0.0,0.0,0.0,112.4663,0.0,0.01049313,0.0001049313
2009-11-30,0.0,0.0,0.0,112.4844,0.0,0.01609371,0.0001609371
2009-12-01,0.0,0.0,0.0,112.4907,0.0,0.00560078,5.6007799999999996e-05
2009-12-02,0.0,0.0,0.0,112.4927,0.0,0.00177792,1.77792e-05
2009-12-03,0.0,0.0,0.0,112.4966,0.0,0.00346689,3.4668899999999996e-05
2009-12-04,0.0,0.0,0.0,112.497,0.0,0.00035557,3.5556999999999997e-06
2009-12-07,0.0,0.0,0.0,112.5165,0.0,0.0173338,0.00017333799999999999
2009-12-08,0.0,0.0,0.0,112.5226,0.0,0.00542143,5.4214299999999994e-05
2009-12-09,0.0,0.0,0.0,112.5283,0.0,0.00506565,5.06565e-05
2009-12-10,0.0,0.0,0.0,112.5311,0.0,0.00248826,2.4882599999999998e-05
2009-12-11,0.0,0.0,0.0,112.5424,0.0,0.01004167,0.0001004167
2009-12-14,0.0,0.0,0.0,112.5504,0.0,0.00710843,7.108429999999999e-05
2009-12-15,0.0,0.0,0.0,112.5591,0.0,0.00772987,7.72987e-05
2009-12-16,0.0,0.0,0.0,112.5658,0.0,0.00595243,5.95243e-05
2009-12-17,0.0,0.0,0.0,112.5676,0.0,0.00159906,1.59906e-05
2009-12-18,0.0,0.0,0.0,112.5728,0.0,0.00461945,4.61945e-05
2009-12-21,0.0,0.0,0.0,112.588,0.0,0.01350237,0.0001350237
2009-12-22,0.0,0.0,0.0,112.5919,0.0,0.00346396,3.46396e-05
2009-12-23,0.0,0.0,0.0,112.5976,0.0,0.00506253,5.06253e-05
2009-12-24,0.0,0.0,0.0,112.6005,0.0,0.00257554,2.5755399999999997e-05
2009-12-25,0.0,0.0,0.0,112.6081,0.0,0.00674953,6.74953e-05
2009-12-28,0.0,0.0,0.0,112.6189,0.0,0.00959078,9.59078e-05
2009-12-29,0.0,0.0,0.0,112.6322,0.0,0.01180974,0.0001180974
2009-12-30,0.0,0.0,0.0,112.64,0.0,0.0069252,6.925200000000001e-05
2009-12-31,0.0,0.0,0.0,112.6426,0.0,0.00230824,2.30824e-05
2010-01-04,0.0,0.0,0.0,112.6616,0.0,0.01686751,0.0001686751
2010-01-05,0.0,0.0,0.0,112.669,0.0,0.00656834,6.56834e-05
2010-01-06,0.0,0.0,0.0,112.6773,0.0,0.00736671,7.36671e-05
2010-01-07,0.0,0.0,0.0,112.6742,0.0,-0.00275122,-2.75122e-05
2010-01-08,0.0,0.0,0.0,112.6747,0.0,0.00044376,4.4376000000000005e-06
2010-01-11,0.0,0.0,0.0,112.6917,0.0,0.01508768,0.00015087679999999998
2010-01-12,0.0,0.0,0.0,112.6901,0.0,-0.0014198,-1.4197999999999999e-05
2010-01-13,0.0,0.0,0.0,112.6804,0.0,-0.00860768,-8.60768e-05
2010-01-14,0.0,0.0,0.0,112.7008,0.0,0.0181043,0.000181043
2010-01-15,0.0,0.0,0.0,112.7119,0.0,0.00984909,9.84909e-05
2010-01-18,0.0,0.0,0.0,112.7319,0.0,0.01774436,0.00017744360000000002
2010-01-19,0.0,0.0,0.0,112.7379,0.0,0.00532236,5.3223599999999996e-05
2010-01-20,0.0,0.0,0.0,112.7555,0.0,0.01561143,0.0001561143
2010-01-21,0.0,0.0,0.0,112.7641,0.0,0.00762712,7.62712e-05
2010-01-22,0.0,0.0,0.0,112.7701,0.0,0.00532084,5.3208400000000004e-05
2010-01-25,0.0,0.0,0.0,112.7868,0.0,0.01480889,0.0001480889
2010-01-26,0.0,0.0,0.0,112.8027,0.0,0.01409739,0.0001409739
2010-01-27,0.0,0.0,0.0,112.8104,0.0,0.00682608,6.82608e-05
2010-01-28,0.0,0.0,0.0,112.8165,0.0,0.0054073,5.4073e-05
2010-01-29,0.0,0.0,0.0,112.8205,0.0,0.00354558,3.54558e-05
2010-02-01,0.0,0.0,0.0,112.8416,0.0,0.01870227,0.0001870227
2010-02-02,0.0,0.0,0.0,112.8492,0.0,0.0067351,6.7351e-05
2010-02-03,0.0,0.0,0.0,112.8588,0.0,0.00850693,8.506929999999999e-05
2010-02-04,0.0,0.0,0.0,112.8689,0.0,0.00894924,8.94924e-05
2010-02-05,0.0,0.0,0.0,112.8793,0.0,0.00921423,9.214230000000001e-05
2010-02-08,0.0,0.0,0.0,112.9063,0.0,0.02391935,0.0002391935
2010-02-09,0.0,0.0,0.0,112.9168,0.0,0.00929975,9.299750000000001e-05
2010-02-10,0.0,0.0,0.0,112.9193,0.0,0.00221402,2.2140200000000002e-05
2010-02-11,0.0,0.0,0.0,112.9229,0.0,0.00318812,3.18812e-05
2010-02-12,0.0,0.0,0.0,112.9196,0.0,-0.00292235,-2.9223500000000002e-05
2010-02-22,0.0,0.0,0.0,112.9621,0.0,-8.853e-05,-8.852999999999999e-07
2010-02-23,0.0,0.0,0.0,112.9792,0.0,0.01513782,0.0001513782
2010-02-24,0.0,0.0,0.0,112.9946,0.0,0.01363083,0.0001363083
2010-02-25,0.0,0.0,0.0,113.0084,0.0,0.01221297,0.0001221297
2010-02-26,0.0,0.0,0.0,113.0207,0.0,0.01088415,0.0001088415
2010-03-01,0.0,0.0,0.0,113.0432,0.0,0.01990786,0.00019907859999999998
2010-03-02,0.0,0.0,0.0,113.0615,0.0,0.0161885,0.000161885
2010-03-03,0.0,0.0,0.0,113.075,0.0,0.0119404,0.000119404
2010-03-04,0.0,0.0,0.0,113.0832,0.0,0.00725182,7.25182e-05
2010-03-05,0.0,0.0,0.0,113.0898,0.0,0.00583641,5.83641e-05
2010-03-08,0.0,0.0,0.0,113.1085,0.0,0.01653553,0.0001653553
2010-03-09,0.0,0.0,0.0,113.1206,0.0,0.01069769,0.0001069769
2010-03-10,0.0,0.0,0.0,113.1289,0.0,0.0073373,7.3373e-05
2010-03-11,0.0,0.0,0.0,113.1332,0.0,0.00380097,3.8009699999999996e-05
2010-03-12,0.0,0.0,0.0,113.1427,0.0,0.00839718,8.39718e-05
2010-03-15,0.0,0.0,0.0,113.1637,0.0,0.01856063,0.00018560630000000002
2010-03-16,0.0,0.0,0.0,113.1646,0.0,0.00079531,7.9531e-06
2010-03-17,0.0,0.0,0.0,113.1798,0.0,0.01343176,0.0001343176
2010-03-18,0.0,0.0,0.0,113.1905,0.0,0.00945398,9.453980000000001e-05
2010-03-19,0.0,0.0,0.0,113.1976,0.0,0.00627261,6.27261e-05
2010-03-22,0.0,0.0,0.0,113.213,0.0,0.01360453,0.0001360453
2010-03-23,0.0,0.0,0.0,113.2192,0.0,0.0054764,5.4764e-05
2010-03-24,0.0,0.0,0.0,113.2129,0.0,-0.00556443,-5.5644300000000005e-05
2010-03-25,0.0,0.0,0.0,113.228,0.0,0.0133377,0.00013337699999999998
2010-03-26,0.0,0.0,0.0,113.237,0.0,0.00794856,7.94856e-05
2010-03-29,0.0,0.0,0.0,113.2442,0.0,0.00635835,6.35835e-05
2010-03-30,0.0,0.0,0.0,113.239,0.0,-0.00459185,-4.59185e-05
2010-03-31,0.0,0.0,0.0,113.2555,0.0,0.01457095,0.0001457095
2010-04-01,0.0,0.0,0.0,113.2605,0.0,0.0044148,4.4148e-05
2010-04-02,0.0,0.0,0.0,113.2564,0.0,-0.00361997,-3.61997e-05
2010-04-06,0.0,0.0,0.0,113.2779,0.0,0.01898347,0.0001898347
2010-04-07,0.0,0.0,0.0,113.27,0.0,-0.006974,-6.974e-05
2010-04-08,0.0,0.0,0.0,113.2856,0.0,0.0137724,0.000137724
2010-04-09,0.0,0.0,0.0,113.2792,0.0,-0.00564944,-5.6494400000000006e-05
2010-04-12,0.0,0.0,0.0,113.2971,0.0,0.01580167,0.0001580167
2010-04-13,0.0,0.0,0.0,113.3168,0.0,0.01738791,0.0001738791
2010-04-14,0.0,0.0,0.0,113.328,0.0,0.00988379,9.88379e-05
2010-04-15,0.0,0.0,0.0,113.3373,0.0,0.00820627,8.20627e-05
2010-04-16,0.0,0.0,0.0,113.3364,0.0,-0.00079409,-7.9409e-06
2010-04-19,0.0,0.0,0.0,113.3623,0.0,0.02285232,0.0002285232
2010-04-20,0.0,0.0,0.0,113.3724,0.0,0.00890949,8.90949e-05
2010-04-21,0.0,0.0,0.0,113.375,0.0,0.00229333,2.29333e-05
2010-04-22,0.0,0.0,0.0,113.3856,0.0,0.0093495,9.3495e-05
2010-04-23,0.0,0.0,0.0,113.3781,0.0,-0.0066146,-6.6146e-05
2010-04-26,0.0,0.0,0.0,113.4025,0.0,0.02152091,0.0002152091
2010-04-27,0.0,0.0,0.0,113.403,0.0,0.00044091,4.4091e-06
2010-04-28,0.0,0.0,0.0,113.4169,0.0,0.01225717,0.0001225717
2010-04-29,0.0,0.0,0.0,113.4235,0.0,0.00581924,5.8192399999999995e-05
2010-04-30,0.0,0.0,0.0,113.4158,0.0,-0.00678872,-6.78872e-05
2010-05-04,0.0,0.0,0.0,113.4435,0.0,0.0244234,0.000244234
2010-05-05,0.0,0.0,0.0,113.4376,0.0,-0.00520083,-5.20083e-05
2010-05-06,0.0,0.0,0.0,113.4461,0.0,0.00749311,7.49311e-05
2010-05-07,0.0,0.0,0.0,113.4571,0.0,0.00969623,9.69623e-05
2010-05-10,0.0,0.0,0.0,113.474,0.0,0.0148955,0.000148955
2010-05-11,0.0,0.0,0.0,113.4707,0.0,-0.00290816,-2.90816e-05
2010-05-12,0.0,0.0,0.0,113.487,0.0,0.01436494,0.0001436494
2010-05-13,0.0,0.0,0.0,113.485,0.0,-0.00176232,-1.76232e-05
2010-05-14,0.0,0.0,0.0,113.4869,0.0,0.00167423,1.67423e-05
2010-05-17,0.0,0.0,0.0,113.5085,0.0,0.01903303,0.0001903303
2010-05-18,0.0,0.0,0.0,113.513,0.0,0.00396446,3.96446e-05
2010-05-19,0.0,0.0,0.0,113.5078,0.0,-0.00458097,-4.58097e-05
2010-05-20,0.0,0.0,0.0,113.5171,0.0,0.00819327,8.193270000000001e-05
2010-05-21,0.0,0.0,0.0,113.5127,0.0,-0.00387607,-3.87607e-05
2010-05-24,0.0,0.0,0.0,113.5398,0.0,0.02387398,0.0002387398
2010-05-25,0.0,0.0,0.0,113.519,0.0,-0.01831957,-0.0001831957
2010-05-26,0.0,0.0,0.0,113.5136,0.0,-0.00475691,-4.75691e-05
2010-05-27,0.0,0.0,0.0,113.5048,0.0,-0.00775238,-7.75238e-05
2010-05-28,0.0,0.0,0.0,113.495,0.0,-0.008634,-8.633999999999999e-05
2010-05-31,0.0,0.0,0.0,113.511,0.0,0.01409754,0.0001409754
2010-06-01,0.0,0.0,0.0,113.474,0.0,-0.03259596,-0.0003259596
2010-06-02,0.0,0.0,0.0,113.4662,0.0,-0.00687382,-6.87382e-05
2010-06-03,0.0,0.0,0.0,113.4737,0.0,0.0066099,6.6099e-05
2010-06-04,0.0,0.0,0.0,113.4937,0.0,0.01762523,0.0001762523
2010-06-07,0.0,0.0,0.0,113.5242,0.0,0.02687374,0.0002687374
2010-06-08,0.0,0.0,0.0,113.523,0.0,-0.00105704,-1.05704e-05
2010-06-09,0.0,0.0,0.0,113.524,0.0,0.00088088,8.8088e-06
2010-06-10,0.0,0.0,0.0,113.5129,0.0,-0.00977767,-9.77767e-05
2010-06-11,0.0,0.0,0.0,113.4985,0.0,-0.01268578,-0.0001268578
2010-06-17,0.0,0.0,0.0,113.5325,0.0,0.02466863,0.0002466863
2010-06-18,0.0,0.0,0.0,113.5071,0.0,-0.02237245,-0.0002237245
2010-06-21,0.0,0.0,0.0,113.5166,0.0,0.00836952,8.36952e-05
2010-06-22,0.0,0.0,0.0,113.5128,0.0,-0.00334753,-3.34753e-05
2010-06-23,0.0,0.0,0.0,113.5028,0.0,-0.00880958,-8.809579999999999e-05
2010-06-24,0.0,0.0,0.0,113.5047,0.0,0.00167397,1.6739700000000002e-05
2010-06-25,0.0,0.0,0.0,113.4989,0.0,-0.00510992,-5.1099199999999993e-05
2010-06-28,0.0,0.0,0.0,113.5337,0.0,0.03066109,0.0003066109
2010-06-29,0.0,0.0,0.0,113.5325,0.0,-0.00105695,-1.0569500000000001e-05
2010-06-30,0.0,0.0,0.0,113.5419,0.0,0.00827957,8.27957e-05
2010-07-01,0.0,0.0,0.0,113.5539,0.0,0.01056879,0.0001056879
2010-07-02,0.0,0.0,0.0,113.5741,0.0,0.01778891,0.0001778891
2010-07-05,0.0,0.0,0.0,113.6075,0.0,0.02940811,0.0002940811
2010-07-06,0.0,0.0,0.0,113.6335,0.0,0.02288581,0.0002288581
2010-07-07,0.0,0.0,0.0,113.6591,0.0,0.02252857,0.0002252857
2010-07-08,0.0,0.0,0.0,113.6821,0.0,0.02023595,0.0002023595
2010-07-09,0.0,0.0,0.0,113.7004,0.0,0.01609752,0.0001609752
2010-07-12,0.0,0.0,0.0,113.7451,0.0,0.03931385,0.00039313849999999997
2010-07-13,0.0,0.0,0.0,113.7735,0.0,0.02496811,0.0002496811
2010-07-14,0.0,0.0,0.0,113.7938,0.0,0.01784247,0.0001784247
2010-07-15,0.0,0.0,0.0,113.7926,0.0,-0.00105454,-1.05454e-05
2010-07-16,0.0,0.0,0.0,113.8047,0.0,0.01063338,0.0001063338
2010-07-19,0.0,0.0,0.0,113.8277,0.0,0.02021006,0.0002021006
2010-07-20,0.0,0.0,0.0,113.846,0.0,0.01607693,0.0001607693
2010-07-21,0.0,0.0,0.0,113.8493,0.0,0.00289865,2.89865e-05
2010-07-22,0.0,0.0,0.0,113.8517,0.0,0.00210805,2.1080500000000003e-05
2010-07-23,0.0,0.0,0.0,113.8522,0.0,0.00043917,4.3917e-06
2010-07-26,0.0,0.0,0.0,113.8707,0.0,0.01624914,0.0001624914
2010-07-27,0.0,0.0,0.0,113.874,0.0,0.00289802,2.8980199999999997e-05
2010-07-28,0.0,0.0,0.0,113.8816,0.0,0.00667404,6.67404e-05
2010-07-29,0.0,0.0,0.0,113.8827,0.0,0.00096592,9.6592e-06
2010-07-30,0.0,0.0,0.0,113.8838,0.0,0.00096591,9.6591e-06
2010-08-02,0.0,0.0,0.0,113.9056,0.0,0.01914232,0.00019142320000000001
2010-08-03,0.0,0.0,0.0,113.9084,0.0,0.00245818,2.45818e-05
2010-08-04,0.0,0.0,0.0,113.9157,0.0,0.00640866,6.40866e-05
2010-08-05,0.0,0.0,0.0,113.929,0.0,0.0116753,0.000116753
2010-08-06,0.0,0.0,0.0,113.9387,0.0,0.00851407,8.514070000000001e-05
2010-08-09,0.0,0.0,0.0,113.962,0.0,0.02044959,0.0002044959
2010-08-10,0.0,0.0,0.0,113.967,0.0,0.00438743,4.38743e-05
2010-08-11,0.0,0.0,0.0,113.978,0.0,0.00965192,9.65192e-05
2010-08-12,0.0,0.0,0.0,113.9858,0.0,0.00684343,6.84343e-05
2010-08-13,0.0,0.0,0.0,113.9899,0.0,0.00359694,3.59694e-05
2010-08-16,0.0,0.0,0.0,114.0227,0.0,0.02877448,0.0002877448
2010-08-17,0.0,0.0,0.0,114.0308,0.0,0.00710385,7.10385e-05
2010-08-18,0.0,0.0,0.0,114.0409,0.0,0.00885726,8.85726e-05
2010-08-19,0.0,0.0,0.0,114.0548,0.0,0.01218861,0.00012188610000000001
2010-08-20,0.0,0.0,0.0,114.0613,0.0,0.00569901,5.69901e-05
2010-08-23,0.0,0.0,0.0,114.0897,0.0,0.02489889,0.0002489889
2010-08-24,0.0,0.0,0.0,114.1011,0.0,0.00999214,9.99214e-05
2010-08-25,0.0,0.0,0.0,114.1071,0.0,0.00525849,5.2584900000000005e-05
2010-08-26,0.0,0.0,0.0,114.1063,0.0,-0.0007011,-7.0109999999999995e-06
2010-08-27,0.0,0.0,0.0,114.105,0.0,-0.00113929,-1.13929e-05
2010-08-30,0.0,0.0,0.0,114.1133,0.0,0.007274,7.274e-05
2010-08-31,0.0,0.0,0.0,114.1182,0.0,0.00429398,4.2939800000000005e-05
2010-09-01,0.0,0.0,0.0,114.1301,0.0,0.01042778,0.00010427779999999999
2010-09-02,0.0,0.0,0.0,114.1418,0.0,0.01025146,0.0001025146
2010-09-03,0.0,0.0,0.0,114.1457,0.0,0.0034168,3.4167999999999995e-05
2010-09-06,0.0,0.0,0.0,114.1649,0.0,0.01682061,0.0001682061
2010-09-07,0.0,0.0,0.0,114.1741,0.0,0.00805852,8.05852e-05
2010-09-08,0.0,0.0,0.0,114.179,0.0,0.00429169,4.29169e-05
2010-09-09,0.0,0.0,0.0,114.1739,0.0,-0.00446667,-4.46667e-05
2010-09-10,0.0,0.0,0.0,114.1833,0.0,0.00823306,8.233060000000001e-05
2010-09-13,0.0,0.0,0.0,114.1961,0.0,0.01121005,0.0001121005
2010-09-14,0.0,0.0,0.0,114.2017,0.0,0.00490385,4.90385e-05
2010-09-15,0.0,0.0,0.0,114.2068,0.0,0.00446578,4.46578e-05
2010-09-16,0.0,0.0,0.0,114.2052,0.0,-0.00140097,-1.40097e-05
2010-09-17,0.0,0.0,0.0,114.2099,0.0,0.0041154,4.1154e-05
2010-09-20,0.0,0.0,0.0,114.2311,0.0,0.00315161,3.15161e-05
2010-09-21,0.0,0.0,0.0,114.2337,0.0,0.00227609,2.27609e-05
2010-09-27,0.0,0.0,0.0,114.2731,0.0,0.00603853,6.0385300000000006e-05
2010-09-28,0.0,0.0,0.0,114.2809,0.0,0.00682575,6.82575e-05
2010-09-29,0.0,0.0,0.0,114.2812,0.0,0.00026251,2.6250999999999997e-06
2010-09-30,0.0,0.0,0.0,114.2947,0.0,0.01181297,0.0001181297
2010-10-08,0.0,0.0,0.0,114.3504,0.0,0.04873367,0.0004873367
2010-10-11,0.0,0.0,0.0,114.3772,0.0,0.01801383,0.0001801383
2010-10-12,0.0,0.0,0.0,114.3816,0.0,0.00384692,3.84692e-05
2010-10-13,0.0,0.0,0.0,114.3891,0.0,0.006557,6.557e-05
2010-10-14,0.0,0.0,0.0,114.4031,0.0,0.01223893,0.0001223893
2010-10-15,0.0,0.0,0.0,114.4272,0.0,0.02106586,0.00021065859999999998
2010-10-18,0.0,0.0,0.0,114.4536,0.0,0.02307144,0.00023071439999999997
2010-10-19,0.0,0.0,0.0,114.4645,0.0,0.00952351,9.523510000000001e-05
2010-10-20,0.0,0.0,0.0,114.4339,0.0,-0.02673318,-0.0002673318
2010-10-21,0.0,0.0,0.0,114.4281,0.0,-0.00506843,-5.06843e-05
2010-10-22,0.0,0.0,0.0,114.4344,0.0,0.00550564,5.50564e-05
2010-10-25,0.0,0.0,0.0,114.4635,0.0,0.02542942,0.00025429420000000003
2010-10-26,0.0,0.0,0.0,114.4606,0.0,-0.00253356,-2.53356e-05
2010-10-27,0.0,0.0,0.0,114.4668,0.0,0.00541671,5.41671e-05
2010-10-28,0.0,0.0,0.0,114.4713,0.0,0.00393127,3.93127e-05
2010-10-29,0.0,0.0,0.0,114.4802,0.0,0.00777487,7.77487e-05
2010-11-01,0.0,0.0,0.0,114.5005,0.0,0.01773232,0.0001773232
2010-11-02,0.0,0.0,0.0,114.5085,0.0,0.00698687,6.98687e-05
2010-11-03,0.0,0.0,0.0,114.51,0.0,0.00130995,1.30995e-05
2010-11-04,0.0,0.0,0.0,114.5038,0.0,-0.00541437,-5.41437e-05
2010-11-05,0.0,0.0,0.0,114.5128,0.0,0.00786,7.860000000000001e-05
2010-11-08,0.0,0.0,0.0,114.535,0.0,0.01938648,0.0001938648
2010-11-09,0.0,0.0,0.0,114.5382,0.0,0.00279391,2.79391e-05
2010-11-10,0.0,0.0,0.0,114.5338,0.0,-0.00384151,-3.84151e-05
2010-11-11,0.0,0.0,0.0,114.5258,0.0,-0.00698484,-6.98484e-05
2010-11-12,0.0,0.0,0.0,114.5293,0.0,0.00305608,3.05608e-05
2010-11-15,0.0,0.0,0.0,114.5465,0.0,0.01501799,0.0001501799
2010-11-16,0.0,0.0,0.0,114.5499,0.0,0.00296823,2.9682300000000002e-05
2010-11-17,0.0,0.0,0.0,114.5539,0.0,0.00349193,3.4919299999999996e-05
2010-11-18,0.0,0.0,0.0,114.5355,0.0,-0.01606231,-0.0001606231
2010-11-19,0.0,0.0,0.0,114.5343,0.0,-0.00104771,-1.0477100000000002e-05
2010-11-22,0.0,0.0,0.0,114.4927,0.0,-0.036321,-0.00036321
2010-11-23,0.0,0.0,0.0,114.4597,0.0,-0.0288228,-0.00028822799999999997
2010-11-24,0.0,0.0,0.0,114.3973,0.0,-0.054517,-0.00054517
2010-11-25,0.0,0.0,0.0,114.3552,0.0,-0.03680157,-0.0003680157
2010-11-26,0.0,0.0,0.0,114.3046,0.0,-0.0442481,-0.000442481
2010-11-29,0.0,0.0,0.0,114.3213,0.0,0.01461009,0.00014610089999999998
2010-11-30,0.0,0.0,0.0,114.3271,0.0,0.00507342,5.0734200000000006e-05
2010-12-01,0.0,0.0,0.0,114.3138,0.0,-0.01163329,-0.00011633289999999999
2010-12-02,0.0,0.0,0.0,114.3212,0.0,0.00647341,6.47341e-05
2010-12-03,0.0,0.0,0.0,114.3395,0.0,0.01600753,0.0001600753
2010-12-06,0.0,0.0,0.0,114.3845,0.0,0.03935648,0.0003935648
2010-12-07,0.0,0.0,0.0,114.3941,0.0,0.00839275,8.392749999999999e-05
2010-12-08,0.0,0.0,0.0,114.4165,0.0,0.01958143,0.0001958143
2010-12-09,0.0,0.0,0.0,114.4127,0.0,-0.0033212,-3.3212e-05
2010-12-10,0.0,0.0,0.0,114.4191,0.0,0.00559378,5.59378e-05
2010-12-13,0.0,0.0,0.0,114.4346,0.0,0.01354669,0.0001354669
2010-12-14,0.0,0.0,0.0,114.4365,0.0,0.00166034,1.66034e-05
2010-12-15,0.0,0.0,0.0,114.4111,0.0,-0.02219572,-0.0002219572
2010-12-16,0.0,0.0,0.0,114.4046,0.0,-0.00568127,-5.6812700000000006e-05
2010-12-17,0.0,0.0,0.0,114.4067,0.0,0.00183559,1.83559e-05
2010-12-20,0.0,0.0,0.0,114.4029,0.0,-0.00332148,-3.32148e-05
2010-12-21,0.0,0.0,0.0,114.4142,0.0,0.00987737,9.877369999999999e-05
2010-12-22,0.0,0.0,0.0,114.3826,0.0,-0.02761895,-0.0002761895
2010-12-23,0.0,0.0,0.0,114.3598,0.0,-0.0199331,-0.000199331
2010-12-24,0.0,0.0,0.0,114.333,0.0,-0.02343481,-0.0002343481
2010-12-27,0.0,0.0,0.0,114.3748,0.0,0.03655987,0.0003655987
2010-12-28,0.0,0.0,0.0,114.352,0.0,-0.01993446,-0.00019934460000000002
2010-12-29,0.0,0.0,0.0,114.3806,0.0,0.02501049,0.0002501049
2010-12-30,0.0,0.0,0.0,114.4139,0.0,0.02911333,0.0002911333
2010-12-31,0.0,0.0,0.0,114.4554,0.0,0.03627182,0.0003627182
2011-01-04,0.0,0.0,0.0,114.5463,0.0,0.07941958,0.0007941958
2011-01-05,0.0,0.0,0.0,114.5985,0.0,0.04557109,0.0004557109
2011-01-06,0.0,0.0,0.0,114.6342,0.0,0.03115224,0.00031152240000000003
2011-01-07,0.0,0.0,0.0,114.661,0.0,0.02337871,0.0002337871
2011-01-10,0.0,0.0,0.0,114.6896,0.0,0.02494309,0.0002494309
2011-01-11,0.0,0.0,0.0,114.7064,0.0,0.01464823,0.0001464823
2011-01-12,0.0,0.0,0.0,114.7183,0.0,0.01037431,0.00010374309999999999
2011-01-13,0.0,0.0,0.0,114.7273,0.0,0.0078453,7.845299999999999e-05
2011-01-14,0.0,0.0,0.0,114.7352,0.0,0.00688589,6.88589e-05
2011-01-17,0.0,0.0,0.0,114.7447,0.0,0.00827994,8.279939999999999e-05
2011-01-18,0.0,0.0,0.0,114.7383,0.0,-0.0055776,-5.5776e-05
2011-01-19,0.0,0.0,0.0,114.7123,0.0,-0.02266026,-0.00022660260000000002
2011-01-20,0.0,0.0,0.0,114.6768,0.0,-0.03094699,-0.0003094699
2011-01-21,0.0,0.0,0.0,114.6614,0.0,-0.01342905,-0.0001342905
2011-01-24,0.0,0.0,0.0,114.6777,0.0,0.01421577,0.0001421577
2011-01-25,0.0,0.0,0.0,114.6641,0.0,-0.01185932,-0.0001185932
2011-01-26,0.0,0.0,0.0,114.6532,0.0,-0.00950603,-9.506030000000001e-05
2011-01-27,0.0,0.0,0.0,114.6765,0.0,0.02032215,0.00020322150000000002
2011-01-28,0.0,0.0,0.0,114.6917,0.0,0.01325468,0.0001325468
2011-01-31,0.0,0.0,0.0,114.7157,0.0,0.01569343,0.0001569343
2011-02-01,0.0,0.0,0.0,114.7515,0.0,0.03120759,0.0003120759
2011-02-09,0.0,0.0,0.0,114.8386,0.0,0.07590315,0.0007590315
2011-02-10,0.0,0.0,0.0,114.8493,0.0,0.00931742,9.31742e-05
2011-02-11,0.0,0.0,0.0,114.9021,0.0,0.04597329,0.0004597329
2011-02-14,0.0,0.0,0.0,114.9666,0.0,0.04533806,0.0004533806
2011-02-15,0.0,0.0,0.0,114.9915,0.0,0.02165846,0.0002165846
2011-02-16,0.0,0.0,0.0,115.0052,0.0,0.01191392,0.0001191392
2011-02-17,0.0,0.0,0.0,115.0153,0.0,0.00878221,8.782210000000001e-05
2011-02-18,0.0,0.0,0.0,115.0294,0.0,0.01225924,0.00012259239999999998
2011-02-21,0.0,0.0,0.0,115.0206,0.0,-0.00765022,-7.650220000000001e-05
2011-02-22,0.0,0.0,0.0,115.026,0.0,0.00469481,4.69481e-05
2011-02-23,0.0,0.0,0.0,115.0515,0.0,0.0221689,0.00022168899999999998
2011-02-24,0.0,0.0,0.0,115.0901,0.0,0.03355019,0.0003355019
2011-02-25,0.0,0.0,0.0,115.1035,0.0,0.01164305,0.0001164305
2011-02-28,0.0,0.0,0.0,115.1484,0.0,0.03900837,0.0003900837
2011-03-01,0.0,0.0,0.0,115.1794,0.0,0.02692178,0.0002692178
2011-03-02,0.0,0.0,0.0,115.2106,0.0,0.02708818,0.0002708818
2011-03-03,0.0,0.0,0.0,115.2521,0.0,0.03602099,0.00036020990000000004
2011-03-04,0.0,0.0,0.0,115.2744,0.0,0.01934889,0.0001934889
2011-03-07,0.0,0.0,0.0,115.3191,0.0,0.03877704,0.0003877704
2011-03-08,0.0,0.0,0.0,115.3282,0.0,0.00789115,7.89115e-05
2011-03-09,0.0,0.0,0.0,115.3427,0.0,0.01257281,0.0001257281
2011-03-10,0.0,0.0,0.0,115.3457,0.0,0.00260094,2.60094e-05
2011-03-11,0.0,0.0,0.0,115.3583,0.0,0.01092368,0.0001092368
2011-03-14,0.0,0.0,0.0,115.3821,0.0,0.02063137,0.00020631369999999998
2011-03-15,0.0,0.0,0.0,115.4,0.0,0.01551367,0.0001551367
2011-03-16,0.0,0.0,0.0,115.4166,0.0,0.01438475,0.0001438475
2011-03-17,0.0,0.0,0.0,115.4316,0.0,0.0129964,0.000129964
2011-03-18,0.0,0.0,0.0,115.4307,0.0,-0.00077968,-7.7968e-06
2011-03-21,0.0,0.0,0.0,115.4607,0.0,0.02598962,0.00025989620000000003
2011-03-22,0.0,0.0,0.0,115.4609,0.0,0.00017322,1.7322e-06
2011-03-23,0.0,0.0,0.0,115.4697,0.0,0.00762163,7.62163e-05
2011-03-24,0.0,0.0,0.0,115.4792,0.0,0.00822727,8.22727e-05
2011-03-25,0.0,0.0,0.0,115.4843,0.0,0.00441638,4.41638e-05
2011-03-28,0.0,0.0,0.0,115.5188,0.0,0.02987419,0.0002987419
2011-03-29,0.0,0.0,0.0,115.52,0.0,0.00103879,1.03879e-05
2011-03-30,0.0,0.0,0.0,115.529,0.0,0.00779086,7.79086e-05
2011-03-31,0.0,0.0,0.0,115.5423,0.0,0.01151226,0.0001151226
2011-04-01,0.0,0.0,0.0,115.5421,0.0,-0.0001731,-1.731e-06
2011-04-06,0.0,0.0,0.0,115.5896,0.0,0.02232533,0.00022325330000000002
2011-04-07,0.0,0.0,0.0,115.6021,0.0,0.01081412,0.0001081412
2011-04-08,0.0,0.0,0.0,115.6099,0.0,0.00674728,6.74728e-05
2011-04-11,0.0,0.0,0.0,115.6402,0.0,0.02620883,0.0002620883
2011-04-12,0.0,0.0,0.0,115.6504,0.0,0.00882046,8.82046e-05
2011-04-13,0.0,0.0,0.0,115.6649,0.0,0.01253779,0.0001253779
2011-04-14,0.0,0.0,0.0,115.6793,0.0,0.01244976,0.0001244976
2011-04-15,0.0,0.0,0.0,115.6899,0.0,0.00916326,9.16326e-05
2011-04-18,0.0,0.0,0.0,115.7176,0.0,0.02394332,0.0002394332
2011-04-19,0.0,0.0,0.0,115.7283,0.0,0.00924665,9.24665e-05
2011-04-20,0.0,0.0,0.0,115.7363,0.0,0.00691274,6.912739999999999e-05
2011-04-21,0.0,0.0,0.0,115.7359,0.0,-0.00034561,-3.4561e-06
2011-04-22,0.0,0.0,0.0,115.7531,0.0,0.01486142,0.0001486142
2011-04-25,0.0,0.0,0.0,115.7814,0.0,0.02444859,0.0002444859
2011-04-26,0.0,0.0,0.0,115.7732,0.0,-0.00708231,-7.08231e-05
2011-04-27,0.0,0.0,0.0,115.7953,0.0,0.01908905,0.0001908905
2011-04-28,0.0,0.0,0.0,115.8086,0.0,0.01148579,0.0001148579
2011-04-29,0.0,0.0,0.0,115.8326,0.0,0.02072385,0.00020723849999999998
2011-05-03,0.0,0.0,0.0,115.8644,0.0,0.02745341,0.00027453410000000003
2011-05-04,0.0,0.0,0.0,115.8772,0.0,0.0110474,0.000110474
2011-05-05,0.0,0.0,0.0,115.9041,0.0,0.02321423,0.00023214229999999998
2011-05-06,0.0,0.0,0.0,115.9051,0.0,0.00086278,8.627799999999999e-06
2011-05-09,0.0,0.0,0.0,115.9326,0.0,0.02372631,0.00023726310000000002
2011-05-10,0.0,0.0,0.0,115.9448,0.0,0.01052336,0.0001052336
2011-05-11,0.0,0.0,0.0,115.9583,0.0,0.01164347,0.0001164347
2011-05-12,0.0,0.0,0.0,115.9622,0.0,0.00336328,3.36328e-05
2011-05-13,0.0,0.0,0.0,115.9597,0.0,-0.00215587,-2.1558699999999997e-05
2011-05-16,0.0,0.0,0.0,115.9834,0.0,0.02043813,0.0002043813
2011-05-17,0.0,0.0,0.0,115.9869,0.0,0.00301767,3.0176700000000002e-05
2011-05-18,0.0,0.0,0.0,115.996,0.0,0.00784571,7.84571e-05
2011-05-19,0.0,0.0,0.0,116.0055,0.0,0.00818994,8.18994e-05
2011-05-20,0.0,0.0,0.0,116.0096,0.0,0.00353432,3.5343200000000004e-05
2011-05-23,0.0,0.0,0.0,116.0293,0.0,0.01698135,0.0001698135
2011-05-24,0.0,0.0,0.0,116.0285,0.0,-0.00068948,-6.8948000000000005e-06
2011-05-25,0.0,0.0,0.0,116.0374,0.0,0.00767053,7.67053e-05
2011-05-26,0.0,0.0,0.0,116.0467,0.0,0.00801466,8.01466e-05
2011-05-27,0.0,0.0,0.0,116.0561,0.0,0.00810019,8.10019e-05
2011-05-30,0.0,0.0,0.0,116.0994,0.0,0.03730954,0.0003730954
2011-05-31,0.0,0.0,0.0,116.1069,0.0,0.00645998,6.45998e-05
2011-06-01,0.0,0.0,0.0,116.109,0.0,0.00180868,1.80868e-05
2011-06-02,0.0,0.0,0.0,116.1147,0.0,0.00490918,4.9091799999999996e-05
2011-06-03,0.0,0.0,0.0,116.124,0.0,0.00800932,8.009320000000001e-05
2011-06-07,0.0,0.0,0.0,116.1645,0.0,0.03487651,0.0003487651
2011-06-08,0.0,0.0,0.0,116.1692,0.0,0.00404599,4.04599e-05
2011-06-09,0.0,0.0,0.0,116.1708,0.0,0.0013773,1.3772999999999998e-05
2011-06-10,0.0,0.0,0.0,116.1666,0.0,-0.00361537,-3.61537e-05
2011-06-13,0.0,0.0,0.0,116.1925,0.0,0.02229557,0.00022295570000000002
2011-06-14,0.0,0.0,0.0,116.1794,0.0,-0.01127439,-0.00011274390000000001
2011-06-15,0.0,0.0,0.0,116.1291,0.0,-0.04329511,-0.0004329511
2011-06-16,0.0,0.0,0.0,116.0954,0.0,-0.02901943,-0.0002901943
2011-06-17,0.0,0.0,0.0,116.0574,0.0,-0.0327317,-0.00032731700000000004
2011-06-20,0.0,0.0,0.0,116.0769,0.0,0.01680203,0.0001680203
2011-06-21,0.0,0.0,0.0,116.0736,0.0,-0.00284294,-2.84294e-05
2011-06-22,0.0,0.0,0.0,116.0774,0.0,0.00327378,3.27378e-05
2011-06-23,0.0,0.0,0.0,116.0762,0.0,-0.00103379,-1.03379e-05
2011-06-24,0.0,0.0,0.0,116.0807,0.0,0.00387676,3.87676e-05
2011-06-27,0.0,0.0,0.0,116.1509,0.0,0.06047517,0.0006047517
2011-06-28,0.0,0.0,0.0,116.1731,0.0,0.01911307,0.0001911307
2011-06-29,0.0,0.0,0.0,116.1965,0.0,0.02014236,0.00020142360000000001
2011-06-30,0.0,0.0,0.0,116.2118,0.0,0.01316735,0.0001316735
2011-07-01,0.0,0.0,0.0,116.2377,0.0,0.02228689,0.0002228689
2011-07-04,0.0,0.0,0.0,116.3075,0.0,0.06004936,0.0006004936
2011-07-05,0.0,0.0,0.0,116.3162,0.0,0.00748017,7.48017e-05
2011-07-06,0.0,0.0,0.0,116.3188,0.0,0.00223529,2.23529e-05
2011-07-07,0.0,0.0,0.0,116.3167,0.0,-0.00180538,-1.80538e-05
2011-07-08,0.0,0.0,0.0,116.3323,0.0,0.01341166,0.0001341166
2011-07-11,0.0,0.0,0.0,116.3615,0.0,0.02510051,0.0002510051
2011-07-12,0.0,0.0,0.0,116.3868,0.0,0.02174259,0.0002174259
2011-07-13,0.0,0.0,0.0,116.3879,0.0,0.00094512,9.4512e-06
2011-07-14,0.0,0.0,0.0,116.3614,0.0,-0.02276869,-0.0002276869
2011-07-15,0.0,0.0,0.0,116.3906,0.0,0.02509423,0.0002509423
2011-07-18,0.0,0.0,0.0,116.4056,0.0,0.01288764,0.00012887640000000002
2011-07-19,0.0,0.0,0.0,116.3978,0.0,-0.00670071,-6.70071e-05
2011-07-20,0.0,0.0,0.0,116.3648,0.0,-0.02835105,-0.0002835105
2011-07-21,0.0,0.0,0.0,116.3327,0.0,-0.02758566,-0.00027585660000000004
2011-07-22,0.0,0.0,0.0,116.3188,0.0,-0.01194849,-0.0001194849
2011-07-25,0.0,0.0,0.0,116.3562,0.0,0.03215301,0.0003215301
2011-07-26,0.0,0.0,0.0,116.3659,0.0,0.00833647,8.33647e-05
2011-07-27,0.0,0.0,0.0,116.3949,0.0,0.02492139,0.0002492139
2011-07-28,0.0,0.0,0.0,116.3904,0.0,-0.00386615,-3.86615e-05
2011-07-29,0.0,0.0,0.0,116.4115,0.0,0.01812864,0.0001812864
2011-08-01,0.0,0.0,0.0,116.4499,0.0,0.03298643,0.00032986429999999996
2011-08-02,0.0,0.0,0.0,116.4639,0.0,0.01202234,0.00012022339999999999
2011-08-03,0.0,0.0,0.0,116.4802,0.0,0.01399575,0.0001399575
2011-08-04,0.0,0.0,0.0,116.4955,0.0,0.01313528,0.0001313528
2011-08-05,0.0,0.0,0.0,116.5309,0.0,0.03038744,0.0003038744
2011-08-08,0.0,0.0,0.0,116.593,0.0,0.05329059,0.0005329059
2011-08-09,0.0,0.0,0.0,116.6205,0.0,0.02358632,0.00023586320000000002
2011-08-10,0.0,0.0,0.0,116.6351,0.0,0.01251924,0.0001251924
2011-08-11,0.0,0.0,0.0,116.6639,0.0,0.0246924,0.000246924
2011-08-12,0.0,0.0,0.0,116.6845,0.0,0.01765756,0.00017657559999999998
2011-08-15,0.0,0.0,0.0,116.7355,0.0,0.0437076,0.000437076
2011-08-16,0.0,0.0,0.0,116.7239,0.0,-0.00993699,-9.93699e-05
2011-08-17,0.0,0.0,0.0,116.7443,0.0,0.01747714,0.0001747714
2011-08-18,0.0,0.0,0.0,116.7464,0.0,0.0017988,1.7987999999999998e-05
2011-08-19,0.0,0.0,0.0,116.7569,0.0,0.00899385,8.99385e-05
2011-08-22,0.0,0.0,0.0,116.7798,0.0,0.0196134,0.000196134
2011-08-23,0.0,0.0,0.0,116.7905,0.0,0.00916254,9.16254e-05
2011-08-24,0.0,0.0,0.0,116.7988,0.0,0.00710674,7.10674e-05
2011-08-25,0.0,0.0,0.0,116.8014,0.0,0.00222605,2.2260499999999998e-05
2011-08-26,0.0,0.0,0.0,116.8049,0.0,0.00299654,2.99654e-05
2011-08-29,0.0,0.0,0.0,116.7782,0.0,-0.02285863,-0.00022858630000000002
2011-08-30,0.0,0.0,0.0,116.7378,0.0,-0.0345955,-0.000345955
2011-08-31,0.0,0.0,0.0,116.7221,0.0,-0.01344894,-0.0001344894
2011-09-01,0.0,0.0,0.0,116.7475,0.0,0.02176109,0.0002176109
2011-09-02,0.0,0.0,0.0,116.7657,0.0,0.0155892,0.000155892
2011-09-05,0.0,0.0,0.0,116.7973,0.0,0.02706274,0.0002706274
2011-09-06,0.0,0.0,0.0,116.7967,0.0,-0.00051371,-5.1371e-06
2011-09-07,0.0,0.0,0.0,116.8033,0.0,0.00565084,5.6508399999999996e-05
2011-09-08,0.0,0.0,0.0,116.8182,0.0,0.01275649,0.0001275649
2011-09-09,0.0,0.0,0.0,116.8452,0.0,0.02311284,0.0002311284
2011-09-13,0.0,0.0,0.0,116.9129,0.0,0.05793991,0.0005793991
2011-09-14,0.0,0.0,0.0,116.937,0.0,0.02061364,0.0002061364
2011-09-15,0.0,0.0,0.0,116.9454,0.0,0.00718336,7.18336e-05
2011-09-16,0.0,0.0,0.0,116.9237,0.0,-0.01855567,-0.0001855567
2011-09-19,0.0,0.0,0.0,116.9626,0.0,0.03326956,0.00033269559999999997
2011-09-20,0.0,0.0,0.0,116.9757,0.0,0.01120016,0.0001120016
2011-09-21,0.0,0.0,0.0,116.9894,0.0,0.01171183,0.00011711829999999999
2011-09-22,0.0,0.0,0.0,117.0165,0.0,0.02316449,0.0002316449
2011-09-23,0.0,0.0,0.0,117.066,0.0,0.04230173,0.0004230173
2011-09-26,0.0,0.0,0.0,117.1408,0.0,0.06389558,0.0006389557999999999
2011-09-27,0.0,0.0,0.0,117.1735,0.0,0.02791512,0.0002791512
2011-09-28,0.0,0.0,0.0,117.2023,0.0,0.02457894,0.00024578940000000003
2011-09-29,0.0,0.0,0.0,117.2252,0.0,0.01953887,0.0001953887
2011-09-30,0.0,0.0,0.0,117.2464,0.0,0.01808485,0.0001808485
2011-10-10,0.0,0.0,0.0,117.4093,0.0,0.03203498,0.0003203498
2011-10-11,0.0,0.0,0.0,117.4406,0.0,0.02665888,0.0002665888
2011-10-12,0.0,0.0,0.0,117.4766,0.0,0.03065379,0.0003065379
2011-10-13,0.0,0.0,0.0,117.5121,0.0,0.03021878,0.0003021878
2011-10-14,0.0,0.0,0.0,117.5474,0.0,0.03003946,0.0003003946
2011-10-17,0.0,0.0,0.0,117.5952,0.0,0.04066445,0.00040664449999999996
2011-10-18,0.0,0.0,0.0,117.6278,0.0,0.02772222,0.0002772222
2011-10-19,0.0,0.0,0.0,117.6566,0.0,0.02448401,0.0002448401
2011-10-20,0.0,0.0,0.0,117.6953,0.0,0.03289233,0.00032892329999999995
2011-10-21,0.0,0.0,0.0,117.7187,0.0,0.01988185,0.0001988185
2011-10-24,0.0,0.0,0.0,117.7662,0.0,0.04035043,0.0004035043
2011-10-25,0.0,0.0,0.0,117.7597,0.0,-0.00551941,-5.51941e-05
2011-10-26,0.0,0.0,0.0,117.7744,0.0,0.01248305,0.00012483050000000002
2011-10-27,0.0,0.0,0.0,117.776,0.0,0.00135853,1.35853e-05
2011-10-28,0.0,0.0,0.0,117.7865,0.0,0.00891523,8.91523e-05
2011-10-31,0.0,0.0,0.0,117.8236,0.0,0.03149767,0.0003149767
2011-11-01,0.0,0.0,0.0,117.8647,0.0,0.03488266,0.00034882660000000004
2011-11-02,0.0,0.0,0.0,117.8928,0.0,0.0238409,0.00023840900000000003
2011-11-03,0.0,0.0,0.0,117.918,0.0,0.02137535,0.00021375350000000002
2011-11-04,0.0,0.0,0.0,117.9548,0.0,0.03120813,0.0003120813
2011-11-07,0.0,0.0,0.0,117.9998,0.0,0.03815021,0.00038150209999999996
2011-11-08,0.0,0.0,0.0,118.0459,0.0,0.03906786,0.00039067860000000003
2011-11-09,0.0,0.0,0.0,118.0845,0.0,0.03269914,0.00032699140000000003
2011-11-10,0.0,0.0,0.0,118.1513,0.0,0.05656966,0.0005656966
2011-11-11,0.0,0.0,0.0,118.1868,0.0,0.03004622,0.0003004622
2011-11-14,0.0,0.0,0.0,118.2327,0.0,0.03883682,0.0003883682
2011-11-15,0.0,0.0,0.0,118.2327,0.0,0.0,0.0
2011-11-16,0.0,0.0,0.0,118.2347,0.0,0.00169158,1.69158e-05
2011-11-17,0.0,0.0,0.0,118.2334,0.0,-0.00109951,-1.0995099999999999e-05
2011-11-18,0.0,0.0,0.0,118.2375,0.0,0.00346772,3.46772e-05
2011-11-21,0.0,0.0,0.0,118.2588,0.0,0.01801459,0.0001801459
2011-11-22,0.0,0.0,0.0,118.2507,0.0,-0.00684938,-6.84938e-05
2011-11-23,0.0,0.0,0.0,118.2523,0.0,0.00135306,1.3530599999999999e-05
2011-11-24,0.0,0.0,0.0,118.2695,0.0,0.01454517,0.0001454517
2011-11-25,0.0,0.0,0.0,118.279,0.0,0.0080325,8.0325e-05
2011-11-28,0.0,0.0,0.0,118.3133,0.0,0.02899923,0.00028999230000000003
2011-11-29,0.0,0.0,0.0,118.322,0.0,0.00735336,7.35336e-05
2011-11-30,0.0,0.0,0.0,118.3378,0.0,0.01335339,0.0001335339
2011-12-01,0.0,0.0,0.0,118.4082,0.0,0.05949071,0.0005949071
2011-12-02,0.0,0.0,0.0,118.4457,0.0,0.0316701,0.000316701
2011-12-05,0.0,0.0,0.0,118.4854,0.0,0.03351747,0.0003351747
2011-12-06,0.0,0.0,0.0,118.4879,0.0,0.00210996,2.10996e-05
2011-12-07,0.0,0.0,0.0,118.4876,0.0,-0.00025319,-2.5319e-06
2011-12-08,0.0,0.0,0.0,118.4949,0.0,0.00616098,6.16098e-05
2011-12-09,0.0,0.0,0.0,118.5033,0.0,0.00708891,7.08891e-05
2011-12-12,0.0,0.0,0.0,118.5242,0.0,0.01763664,0.00017636639999999999
2011-12-13,0.0,0.0,0.0,118.5269,0.0,0.00227802,2.27802e-05
2011-12-14,0.0,0.0,0.0,118.5317,0.0,0.00404971,4.0497099999999996e-05
2011-12-15,0.0,0.0,0.0,118.5402,0.0,0.00717108,7.17108e-05
2011-12-16,0.0,0.0,0.0,118.5442,0.0,0.00337438,3.37438e-05
2011-12-19,0.0,0.0,0.0,118.5868,0.0,0.03593596,0.00035935960000000006
2011-12-20,0.0,0.0,0.0,118.5875,0.0,0.00059028,5.9028e-06
2011-12-21,0.0,0.0,0.0,118.5895,0.0,0.00168652,1.68652e-05
2011-12-22,0.0,0.0,0.0,118.5939,0.0,0.00371028,3.71028e-05
2011-12-23,0.0,0.0,0.0,118.6074,0.0,0.01138338,0.00011383380000000001
2011-12-26,0.0,0.0,0.0,118.6308,0.0,0.01972895,0.0001972895
2011-12-27,0.0,0.0,0.0,118.6393,0.0,0.00716509,7.16509e-05
2011-12-28,0.0,0.0,0.0,118.6463,0.0,0.00590024,5.90024e-05
2011-12-29,0.0,0.0,0.0,118.6698,0.0,0.01980677,0.0001980677
2011-12-30,0.0,0.0,0.0,118.6806,0.0,0.00910088,9.100880000000001e-05
2012-01-04,0.0,0.0,0.0,118.7521,0.0,0.04979232,0.0004979232
2012-01-05,0.0,0.0,0.0,118.7555,0.0,0.00286311,2.8631099999999998e-05
2012-01-06,0.0,0.0,0.0,118.7981,0.0,0.03587202,0.0003587202
2012-01-09,0.0,0.0,0.0,118.8315,0.0,0.02811493,0.0002811493
2012-01-10,0.0,0.0,0.0,118.8694,0.0,0.0318939,0.000318939
2012-01-11,0.0,0.0,0.0,118.8748,0.0,0.0045428,4.5428e-05
2012-01-12,0.0,0.0,0.0,118.8926,0.0,0.01497374,0.0001497374
2012-01-13,0.0,0.0,0.0,118.8975,0.0,0.00412137,4.12137e-05
2012-01-16,0.0,0.0,0.0,118.9107,0.0,0.011102,0.00011102
2012-01-17,0.0,0.0,0.0,118.9118,0.0,0.00092506,9.2506e-06
2012-01-18,0.0,0.0,0.0,118.9064,0.0,-0.00454118,-4.54118e-05
2012-01-19,0.0,0.0,0.0,118.9345,0.0,0.02363203,0.00023632029999999998
2012-01-20,0.0,0.0,0.0,118.9686,0.0,0.02867124,0.00028671240000000003
2012-01-30,0.0,0.0,0.0,119.1164,0.0,0.01561742,0.00015617419999999999
2012-01-31,0.0,0.0,0.0,119.1323,0.0,0.01334829,0.00013348290000000002
2012-02-01,0.0,0.0,0.0,119.1455,0.0,0.01108012,0.00011080120000000001
2012-02-02,0.0,0.0,0.0,119.1567,0.0,0.00940027,9.400270000000001e-05
2012-02-03,0.0,0.0,0.0,119.1815,0.0,0.02081293,0.0002081293
2012-02-06,0.0,0.0,0.0,119.2198,0.0,0.03213586,0.00032135860000000004
2012-02-07,0.0,0.0,0.0,119.2374,0.0,0.01476265,0.0001476265
2012-02-08,0.0,0.0,0.0,119.2413,0.0,0.00327079,3.27079e-05
2012-02-09,0.0,0.0,0.0,119.249,0.0,0.00645749,6.45749e-05
2012-02-10,0.0,0.0,0.0,119.2655,0.0,0.01383659,0.0001383659
2012-02-13,0.0,0.0,0.0,119.3055,0.0,0.03353862,0.0003353862
2012-02-14,0.0,0.0,0.0,119.3245,0.0,0.0159255,0.000159255
2012-02-15,0.0,0.0,0.0,119.3404,0.0,0.01332501,0.0001332501
2012-02-16,0.0,0.0,0.0,119.3464,0.0,0.00502764,5.02764e-05
2012-02-17,0.0,0.0,0.0,119.3441,0.0,-0.00192716,-1.92716e-05
2012-02-20,0.0,0.0,0.0,119.3969,0.0,0.04424182,0.0004424182
2012-02-21,0.0,0.0,0.0,119.4074,0.0,0.0087942,8.7942e-05
2012-02-22,0.0,0.0,0.0,119.4197,0.0,0.01030087,0.0001030087
2012-02-23,0.0,0.0,0.0,119.4335,0.0,0.01155588,0.0001155588
2012-02-24,0.0,0.0,0.0,119.4423,0.0,0.00736812,7.36812e-05
2012-02-27,0.0,0.0,0.0,119.4787,0.0,0.03047497,0.0003047497
2012-02-28,0.0,0.0,0.0,119.4966,0.0,0.01498175,0.00014981750000000001
2012-02-29,0.0,0.0,0.0,119.5048,0.0,0.00686212,6.86212e-05
2012-03-01,0.0,0.0,0.0,119.5144,0.0,0.00803315,8.03315e-05
2012-03-02,0.0,0.0,0.0,119.5342,0.0,0.01656704,0.0001656704
2012-03-05,0.0,0.0,0.0,119.5731,0.0,0.03254299,0.0003254299
2012-03-06,0.0,0.0,0.0,119.5997,0.0,0.02224581,0.0002224581
2012-03-07,0.0,0.0,0.0,119.6197,0.0,0.01672245,0.0001672245
2012-03-08,0.0,0.0,0.0,119.6441,0.0,0.02039798,0.0002039798
2012-03-09,0.0,0.0,0.0,119.6726,0.0,0.02382065,0.00023820649999999998
2012-03-12,0.0,0.0,0.0,119.726,0.0,0.04462174,0.0004462174
2012-03-13,0.0,0.0,0.0,119.7373,0.0,0.00943822,9.43822e-05
2012-03-14,0.0,0.0,0.0,119.7507,0.0,0.01119117,0.0001119117
2012-03-15,0.0,0.0,0.0,119.7568,0.0,0.00509392,5.09392e-05
2012-03-16,0.0,0.0,0.0,119.7763,0.0,0.016283,0.00016282999999999998
2012-03-19,0.0,0.0,0.0,119.8147,0.0,0.03205976,0.0003205976
2012-03-20,0.0,0.0,0.0,119.8313,0.0,0.01385473,0.0001385473
2012-03-21,0.0,0.0,0.0,119.8395,0.0,0.00684295,6.84295e-05
2012-03-22,0.0,0.0,0.0,119.8542,0.0,0.01226641,0.0001226641
2012-03-23,0.0,0.0,0.0,119.868,0.0,0.01151399,0.0001151399
2012-03-26,0.0,0.0,0.0,119.911,0.0,0.03587279,0.0003587279
2012-03-27,0.0,0.0,0.0,119.9229,0.0,0.00992403,9.92403e-05
2012-03-28,0.0,0.0,0.0,119.9387,0.0,0.01317513,0.00013175130000000001
2012-03-29,0.0,0.0,0.0,119.95,0.0,0.00942148,9.421479999999999e-05
2012-03-30,0.0,0.0,0.0,119.9589,0.0,0.00741976,7.41976e-05
2012-04-05,0.0,0.0,0.0,120.0453,0.0,0.04892213,0.0004892213
2012-04-06,0.0,0.0,0.0,120.0413,0.0,-0.00333208,-3.33208e-05
2012-04-09,0.0,0.0,0.0,120.0767,0.0,0.02948985,0.0002948985
2012-04-10,0.0,0.0,0.0,120.0977,0.0,0.01748882,0.00017488819999999998
2012-04-11,0.0,0.0,0.0,120.11,0.0,0.01024166,0.00010241659999999999
2012-04-12,0.0,0.0,0.0,120.124,0.0,0.01165598,0.0001165598
2012-04-13,0.0,0.0,0.0,120.1386,0.0,0.01215411,0.00012154109999999999
2012-04-16,0.0,0.0,0.0,120.1872,0.0,0.04045328,0.00040453280000000004
2012-04-17,0.0,0.0,0.0,120.2052,0.0,0.01497664,0.0001497664
2012-04-18,0.0,0.0,0.0,120.228,0.0,0.01896757,0.00018967569999999998
2012-04-19,0.0,0.0,0.0,120.2552,0.0,0.02262368,0.0002262368
2012-04-20,0.0,0.0,0.0,120.2678,0.0,0.01047772,0.00010477719999999999
2012-04-23,0.0,0.0,0.0,120.2941,0.0,0.02186786,0.0002186786
2012-04-24,0.0,0.0,0.0,120.3043,0.0,0.00847922,8.479220000000001e-05
2012-04-25,0.0,0.0,0.0,120.3236,0.0,0.01604265,0.00016042649999999998
2012-04-26,0.0,0.0,0.0,120.3391,0.0,0.01288193,0.0001288193
2012-04-27,0.0,0.0,0.0,120.3518,0.0,0.01055351,0.0001055351
2012-05-02,0.0,0.0,0.0,120.4424,0.0,0.05831911,0.0005831911
2012-05-03,0.0,0.0,0.0,120.4498,0.0,0.00614402,6.14402e-05
2012-05-04,0.0,0.0,0.0,120.4618,0.0,0.00996266,9.96266e-05
2012-05-07,0.0,0.0,0.0,120.4941,0.0,0.02681348,0.0002681348
2012-05-08,0.0,0.0,0.0,120.5082,0.0,0.01170182,0.0001170182
2012-05-09,0.0,0.0,0.0,120.527,0.0,0.0156006,0.00015600599999999998
2012-05-10,0.0,0.0,0.0,120.5509,0.0,0.01982958,0.0001982958
2012-05-11,0.0,0.0,0.0,120.5872,0.0,0.03011176,0.00030111760000000004
2012-05-14,0.0,0.0,0.0,120.7081,0.0,0.1002594,0.0010025939999999999
2012-05-15,0.0,0.0,0.0,120.8146,0.0,0.08822937,0.0008822937
2012-05-16,0.0,0.0,0.0,120.8554,0.0,0.03377075,0.00033770750000000003
2012-05-17,0.0,0.0,0.0,120.8923,0.0,0.03053236,0.0003053236
2012-05-18,0.0,0.0,0.0,120.8953,0.0,0.00248155,2.48155e-05
2012-05-21,0.0,0.0,0.0,120.9328,0.0,0.03101858,0.0003101858
2012-05-22,0.0,0.0,0.0,120.9537,0.0,0.01728233,0.00017282329999999998
2012-05-23,0.0,0.0,0.0,120.9833,0.0,0.02447217,0.0002447217
2012-05-24,0.0,0.0,0.0,121.0345,0.0,0.04231989,0.0004231989
2012-05-25,0.0,0.0,0.0,121.1065,0.0,0.05948717,0.0005948717
2012-05-28,0.0,0.0,0.0,121.1622,0.0,0.04599258,0.0004599258
2012-05-29,0.0,0.0,0.0,121.1646,0.0,0.00198082,1.9808199999999998e-05
2012-05-30,0.0,0.0,0.0,121.1781,0.0,0.01114187,0.0001114187
2012-05-31,0.0,0.0,0.0,121.2021,0.0,0.01980556,0.0001980556
2012-06-01,0.0,0.0,0.0,121.2399,0.0,0.03118758,0.0003118758
2012-06-04,0.0,0.0,0.0,121.2726,0.0,0.02697132,0.0002697132
2012-06-05,0.0,0.0,0.0,121.2971,0.0,0.02020242,0.0002020242
2012-06-06,0.0,0.0,0.0,121.3202,0.0,0.01904415,0.0001904415
2012-06-07,0.0,0.0,0.0,121.3302,0.0,0.00824265,8.242650000000001e-05
2012-06-08,0.0,0.0,0.0,121.3872,0.0,0.04697924,0.0004697924
2012-06-11,0.0,0.0,0.0,121.4134,0.0,0.02158382,0.0002158382
2012-06-12,0.0,0.0,0.0,121.4268,0.0,0.01103667,0.0001103667
2012-06-13,0.0,0.0,0.0,121.4224,0.0,-0.00362358,-3.6235799999999996e-05
2012-06-14,0.0,0.0,0.0,121.4147,0.0,-0.0063415,-6.3415e-05
2012-06-15,0.0,0.0,0.0,121.4195,0.0,0.00395339,3.9533900000000004e-05
2012-06-18,0.0,0.0,0.0,121.4266,0.0,0.0058475,5.8475000000000005e-05
2012-06-19,0.0,0.0,0.0,121.4048,0.0,-0.01795323,-0.0001795323
2012-06-20,0.0,0.0,0.0,121.3881,0.0,-0.01375563,-0.0001375563
2012-06-21,0.0,0.0,0.0,121.3791,0.0,-0.00741424,-7.41424e-05
2012-06-25,0.0,0.0,0.0,121.4111,0.0,0.02636368,0.0002636368
2012-06-26,0.0,0.0,0.0,121.4039,0.0,-0.00593027,-5.93027e-05
2012-06-27,0.0,0.0,0.0,121.4014,0.0,-0.00205924,-2.05924e-05
2012-06-28,0.0,0.0,0.0,121.4182,0.0,0.01383839,0.00013838390000000002
2012-06-29,0.0,0.0,0.0,121.4218,0.0,0.00296496,2.96496e-05
2012-07-02,0.0,0.0,0.0,121.4634,0.0,0.03426073,0.00034260730000000003
2012-07-03,0.0,0.0,0.0,121.4763,0.0,0.01062048,0.0001062048
2012-07-04,0.0,0.0,0.0,121.4929,0.0,0.01366522,0.0001366522
2012-07-05,0.0,0.0,0.0,121.5075,0.0,0.01201716,0.00012017160000000001
2012-07-06,0.0,0.0,0.0,121.5487,0.0,0.03390737,0.0003390737
2012-07-09,0.0,0.0,0.0,121.5813,0.0,0.02682053,0.0002682053
2012-07-10,0.0,0.0,0.0,121.5943,0.0,0.01069243,0.00010692429999999999
2012-07-11,0.0,0.0,0.0,121.5936,0.0,-0.00057568,-5.7568e-06
2012-07-12,0.0,0.0,0.0,121.6121,0.0,0.01521462,0.0001521462
2012-07-13,0.0,0.0,0.0,121.6162,0.0,0.00337138,3.37138e-05
2012-07-16,0.0,0.0,0.0,121.6384,0.0,0.01825415,0.0001825415
2012-07-17,0.0,0.0,0.0,121.6351,0.0,-0.00271296,-2.71296e-05
2012-07-18,0.0,0.0,0.0,121.6371,0.0,0.00164426,1.64426e-05
2012-07-19,0.0,0.0,0.0,121.6359,0.0,-0.00098654,-9.865399999999999e-06
2012-07-20,0.0,0.0,0.0,121.6402,0.0,0.00353514,3.53514e-05
2012-07-23,0.0,0.0,0.0,121.6644,0.0,0.01989474,0.00019894740000000002
2012-07-24,0.0,0.0,0.0,121.6704,0.0,0.0049316,4.931600000000001e-05
2012-07-25,0.0,0.0,0.0,121.6778,0.0,0.00608201,6.08201e-05
2012-07-26,0.0,0.0,0.0,121.6813,0.0,0.00287645,2.87645e-05
2012-07-27,0.0,0.0,0.0,121.6892,0.0,0.00649237,6.49237e-05
2012-07-30,0.0,0.0,0.0,121.7219,0.0,0.02687174,0.0002687174
2012-07-31,0.0,0.0,0.0,121.717,0.0,-0.00402557,-4.02557e-05
2012-08-01,0.0,0.0,0.0,121.7281,0.0,0.00911951,9.11951e-05
2012-08-02,0.0,0.0,0.0,121.7238,0.0,-0.00353246,-3.53246e-05
2012-08-03,0.0,0.0,0.0,121.7227,0.0,-0.00090369,-9.0369e-06
2012-08-06,0.0,0.0,0.0,121.7431,0.0,0.0167594,0.000167594
2012-08-07,0.0,0.0,0.0,121.7425,0.0,-0.00049284,-4.9284e-06
2012-08-08,0.0,0.0,0.0,121.7383,0.0,-0.0034499,-3.4499e-05
2012-08-09,0.0,0.0,0.0,121.7481,0.0,0.00805005,8.05005e-05
2012-08-10,0.0,0.0,0.0,121.7624,0.0,0.01174556,0.00011745560000000001
2012-08-13,0.0,0.0,0.0,121.798,0.0,0.02923727,0.00029237269999999997
2012-08-14,0.0,0.0,0.0,121.8013,0.0,0.0027094,2.7094e-05
2012-08-15,0.0,0.0,0.0,121.8048,0.0,0.00287353,2.87353e-05
2012-08-16,0.0,0.0,0.0,121.8009,0.0,-0.00320184,-3.20184e-05
2012-08-17,0.0,0.0,0.0,121.7992,0.0,-0.00139572,-1.39572e-05
2012-08-20,0.0,0.0,0.0,121.8099,0.0,0.00878495,8.78495e-05
2012-08-21,0.0,0.0,0.0,121.8182,0.0,0.0068139,6.8139e-05
2012-08-22,0.0,0.0,0.0,121.8009,0.0,-0.01420149,-0.0001420149
2012-08-23,0.0,0.0,0.0,121.7922,0.0,-0.0071428,-7.142800000000001e-05
2012-08-24,0.0,0.0,0.0,121.8005,0.0,0.00681489,6.81489e-05
2012-08-27,0.0,0.0,0.0,121.83,0.0,0.02421993,0.0002421993
2012-08-28,0.0,0.0,0.0,121.823,0.0,-0.00574571,-5.74571e-05
2012-08-29,0.0,0.0,0.0,121.8306,0.0,0.00623856,6.23856e-05
2012-08-30,0.0,0.0,0.0,121.8333,0.0,0.00221619,2.21619e-05
2012-08-31,0.0,0.0,0.0,121.8395,0.0,0.00508892,5.08892e-05
2012-09-03,0.0,0.0,0.0,121.8725,0.0,0.02708481,0.0002708481
2012-09-04,0.0,0.0,0.0,121.9027,0.0,0.02478,0.0002478
2012-09-05,0.0,0.0,0.0,121.9184,0.0,0.01287912,0.00012879120000000002
2012-09-06,0.0,0.0,0.0,121.9354,0.0,0.01394375,0.0001394375
2012-09-07,0.0,0.0,0.0,121.9412,0.0,0.00475662,4.75662e-05
2012-09-10,0.0,0.0,0.0,121.9665,0.0,0.0207477,0.00020747700000000002
2012-09-11,0.0,0.0,0.0,121.9657,0.0,-0.00065592,-6.559200000000001e-06
2012-09-12,0.0,0.0,0.0,121.9541,0.0,-0.00951087,-9.510869999999999e-05
2012-09-13,0.0,0.0,0.0,121.9562,0.0,0.00172196,1.72196e-05
2012-09-14,0.0,0.0,0.0,121.9339,0.0,-0.01828525,-0.00018285249999999998
2012-09-17,0.0,0.0,0.0,121.9392,0.0,0.00434662,4.34662e-05
2012-09-18,0.0,0.0,0.0,121.9574,0.0,0.01492547,0.0001492547
2012-09-19,0.0,0.0,0.0,121.9588,0.0,0.00114794,1.14794e-05
2012-09-20,0.0,0.0,0.0,121.9677,0.0,0.00729755,7.297549999999999e-05
2012-09-21,0.0,0.0,0.0,121.9822,0.0,0.01188839,0.0001188839
2012-09-24,0.0,0.0,0.0,122.015,0.0,0.02688917,0.0002688917
2012-09-25,0.0,0.0,0.0,122.0298,0.0,0.01212966,0.0001212966
2012-09-26,0.0,0.0,0.0,122.0563,0.0,0.02171601,0.00021716010000000002
2012-09-27,0.0,0.0,0.0,122.0617,0.0,0.00442419,4.4241899999999994e-05
2012-09-28,0.0,0.0,0.0,122.0669,0.0,0.00426014,4.26014e-05
2012-10-08,0.0,0.0,0.0,122.1895,0.0,0.09010522,0.0009010522
2012-10-09,0.0,0.0,0.0,122.2006,0.0,0.00908425,9.08425e-05
2012-10-10,0.0,0.0,0.0,122.2284,0.0,0.02274948,0.0002274948
2012-10-11,0.0,0.0,0.0,122.2563,0.0,0.02282612,0.0002282612
2012-10-12,0.0,0.0,0.0,122.2903,0.0,0.02781043,0.0002781043
2012-10-15,0.0,0.0,0.0,122.3414,0.0,0.04178582,0.0004178582
2012-10-16,0.0,0.0,0.0,122.3529,0.0,0.00939993,9.399930000000001e-05
2012-10-17,0.0,0.0,0.0,122.3534,0.0,0.00040865,4.0865e-06
2012-10-18,0.0,0.0,0.0,122.3541,0.0,0.00057211,5.7211e-06
2012-10-19,0.0,0.0,0.0,122.3549,0.0,0.00065384,6.538400000000001e-06
2012-10-22,0.0,0.0,0.0,122.3877,0.0,0.02680726,0.0002680726
2012-10-23,0.0,0.0,0.0,122.3983,0.0,0.008661,8.661e-05
2012-10-24,0.0,0.0,0.0,122.3992,0.0,0.0007353,7.353000000000001e-06
2012-10-25,0.0,0.0,0.0,122.3953,0.0,-0.0031863,-3.1863e-05
2012-10-26,0.0,0.0,0.0,122.3863,0.0,-0.00735322,-7.35322e-05
2012-10-29,0.0,0.0,0.0,122.4063,0.0,0.0163417,0.000163417
2012-10-30,0.0,0.0,0.0,122.4505,0.0,0.03610925,0.00036109250000000004
2012-10-31,0.0,0.0,0.0,122.4766,0.0,0.02131474,0.00021314739999999998
2012-11-01,0.0,0.0,0.0,122.4851,0.0,0.0069401,6.940100000000001e-05
2012-11-02,0.0,0.0,0.0,122.4882,0.0,0.00253092,2.5309199999999998e-05
2012-11-05,0.0,0.0,0.0,122.5186,0.0,0.02481872,0.0002481872
2012-11-06,0.0,0.0,0.0,122.5334,0.0,0.0120798,0.000120798
2012-11-07,0.0,0.0,0.0,122.5458,0.0,0.01011969,0.00010119690000000001
2012-11-08,0.0,0.0,0.0,122.5555,0.0,0.00791541,7.915409999999999e-05
2012-11-09,0.0,0.0,0.0,122.5667,0.0,0.00913872,9.13872e-05
2012-11-12,0.0,0.0,0.0,122.6015,0.0,0.0283927,0.000283927
2012-11-13,0.0,0.0,0.0,122.6125,0.0,0.00897216,8.97216e-05
2012-11-14,0.0,0.0,0.0,122.6291,0.0,0.01353859,0.0001353859
2012-11-15,0.0,0.0,0.0,122.6428,0.0,0.0111719,0.000111719
2012-11-16,0.0,0.0,0.0,122.6581,0.0,0.01247525,0.0001247525
2012-11-19,0.0,0.0,0.0,122.6955,0.0,0.03049126,0.0003049126
2012-11-20,0.0,0.0,0.0,122.7097,0.0,0.01157337,0.00011573369999999999
2012-11-21,0.0,0.0,0.0,122.7196,0.0,0.00806782,8.06782e-05
2012-11-22,0.0,0.0,0.0,122.7259,0.0,0.00513365,5.13365e-05
2012-11-23,0.0,0.0,0.0,122.7347,0.0,0.00717045,7.17045e-05
2012-11-26,0.0,0.0,0.0,122.7734,0.0,0.03153143,0.0003153143
2012-11-27,0.0,0.0,0.0,122.7812,0.0,0.00635317,6.35317e-05
2012-11-28,0.0,0.0,0.0,122.788,0.0,0.00553831,5.53831e-05
2012-11-29,0.0,0.0,0.0,122.7959,0.0,0.00643385,6.43385e-05
2012-11-30,0.0,0.0,0.0,122.8036,0.0,0.00627057,6.27057e-05
2012-12-03,0.0,0.0,0.0,122.838,0.0,0.02801221,0.0002801221
2012-12-04,0.0,0.0,0.0,122.8436,0.0,0.00455885,4.55885e-05
2012-12-05,0.0,0.0,0.0,122.8464,0.0,0.00227932,2.27932e-05
2012-12-06,0.0,0.0,0.0,122.859,0.0,0.01025671,0.0001025671
2012-12-07,0.0,0.0,0.0,122.869,0.0,0.00813941,8.13941e-05
2012-12-10,0.0,0.0,0.0,122.9,0.0,0.02523012,0.00025230120000000004
2012-12-11,0.0,0.0,0.0,122.9079,0.0,0.00642799,6.42799e-05
2012-12-12,0.0,0.0,0.0,122.9193,0.0,0.00927524,9.275240000000001e-05
2012-12-13,0.0,0.0,0.0,122.9377,0.0,0.01496917,0.0001496917
2012-12-14,0.0,0.0,0.0,122.953,0.0,0.01244533,0.0001244533
2012-12-17,0.0,0.0,0.0,122.9905,0.0,0.03049946,0.0003049946
2012-12-18,0.0,0.0,0.0,123.0048,0.0,0.01162691,0.0001162691
2012-12-19,0.0,0.0,0.0,123.0166,0.0,0.00959312,9.59312e-05
2012-12-20,0.0,0.0,0.0,123.022,0.0,0.00438965,4.38965e-05
2012-12-21,0.0,0.0,0.0,123.0343,0.0,0.00999821,9.99821e-05
2012-12-24,0.0,0.0,0.0,123.0714,0.0,0.03015419,0.0003015419
2012-12-25,0.0,0.0,0.0,123.0818,0.0,0.00845038,8.45038e-05
2012-12-26,0.0,0.0,0.0,123.0967,0.0,0.01210577,0.0001210577
2012-12-27,0.0,0.0,0.0,123.1137,0.0,0.01381028,0.0001381028
2012-12-28,0.0,0.0,0.0,123.1379,0.0,0.01965663,0.0001965663
2012-12-31,0.0,0.0,0.0,123.1737,0.0,0.0290731,0.000290731
2013-01-04,0.0,0.0,0.0,123.2204,0.0,0.03791394,0.0003791394
2013-01-07,0.0,0.0,0.0,123.2911,0.0,0.02531237,0.00025312370000000003
2013-01-08,0.0,0.0,0.0,123.3149,0.0,0.01930391,0.0001930391
2013-01-09,0.0,0.0,0.0,123.3399,0.0,0.0202733,0.000202733
2013-01-10,0.0,0.0,0.0,123.3578,0.0,0.01451274,0.0001451274
2013-01-11,0.0,0.0,0.0,123.3721,0.0,0.01159229,0.0001159229
2013-01-14,0.0,0.0,0.0,123.4186,0.0,0.03769086,0.0003769086
2013-01-15,0.0,0.0,0.0,123.4381,0.0,0.01579989,0.0001579989
2013-01-16,0.0,0.0,0.0,123.4562,0.0,0.01466322,0.0001466322
2013-01-17,0.0,0.0,0.0,123.4711,0.0,0.01206906,0.0001206906
2013-01-18,0.0,0.0,0.0,123.5203,0.0,0.03984738,0.0003984738
2013-01-21,0.0,0.0,0.0,123.5631,0.0,0.03465017,0.0003465017
2013-01-22,0.0,0.0,0.0,123.5826,0.0,0.01578141,0.0001578141
2013-01-23,0.0,0.0,0.0,123.5925,0.0,0.00801084,8.01084e-05
2013-01-24,0.0,0.0,0.0,123.5981,0.0,0.00453102,4.53102e-05
2013-01-25,0.0,0.0,0.0,123.608,0.0,0.00800983,8.009830000000001e-05
2013-01-28,0.0,0.0,0.0,123.6373,0.0,0.02370397,0.0002370397
2013-01-29,0.0,0.0,0.0,123.6407,0.0,0.00274998,2.74998e-05
2013-01-30,0.0,0.0,0.0,123.6533,0.0,0.01019082,0.0001019082
2013-01-31,0.0,0.0,0.0,123.6642,0.0,0.00881497,8.814970000000001e-05
2013-02-01,0.0,0.0,0.0,123.6749,0.0,0.00865246,8.65246e-05
2013-02-04,0.0,0.0,0.0,123.709,0.0,0.02757229,0.0002757229
2013-02-05,0.0,0.0,0.0,123.7305,0.0,0.0173795,0.000173795
2013-02-06,0.0,0.0,0.0,123.7446,0.0,0.01139574,0.0001139574
2013-02-07,0.0,0.0,0.0,123.764,0.0,0.01567745,0.0001567745
2013-02-08,0.0,0.0,0.0,123.7931,0.0,0.02351249,0.0002351249
2013-02-18,0.0,0.0,0.0,123.9461,0.0,0.01048953,0.0001048953
2013-02-19,0.0,0.0,0.0,123.9616,0.0,0.01250544,0.00012505439999999999
2013-02-20,0.0,0.0,0.0,123.9778,0.0,0.01306856,0.0001306856
2013-02-21,0.0,0.0,0.0,123.9957,0.0,0.01443807,0.00014438070000000002
2013-02-22,0.0,0.0,0.0,124.0086,0.0,0.01040359,0.00010403590000000001
2013-02-25,0.0,0.0,0.0,124.037,0.0,0.02290164,0.00022901640000000002
2013-02-26,0.0,0.0,0.0,124.0137,0.0,-0.01878472,-0.0001878472
2013-02-27,0.0,0.0,0.0,124.025,0.0,0.0091119,9.111899999999999e-05
2013-02-28,0.0,0.0,0.0,124.0272,0.0,0.00177384,1.77384e-05
2013-03-01,0.0,0.0,0.0,124.0368,0.0,0.00774024,7.74024e-05
2013-03-04,0.0,0.0,0.0,124.0763,0.0,0.03184539,0.0003184539
2013-03-05,0.0,0.0,0.0,124.0914,0.0,0.01216993,0.00012169930000000001
2013-03-06,0.0,0.0,0.0,124.1041,0.0,0.01023439,0.0001023439
2013-03-07,0.0,0.0,0.0,124.1154,0.0,0.00910526,9.105260000000001e-05
2013-03-08,0.0,0.0,0.0,124.128,0.0,0.01015184,0.0001015184
2013-03-11,0.0,0.0,0.0,124.1567,0.0,0.02312129,0.0002312129
2013-03-12,0.0,0.0,0.0,124.1641,0.0,0.00596021,5.9602099999999996e-05
2013-03-13,0.0,0.0,0.0,124.1729,0.0,0.00708739,7.087389999999999e-05
2013-03-14,0.0,0.0,0.0,124.18,0.0,0.00571783,5.71783e-05
2013-03-15,0.0,0.0,0.0,124.1878,0.0,0.0062812,6.2812e-05
2013-03-18,0.0,0.0,0.0,124.2163,0.0,0.02294911,0.00022949110000000002
2013-03-19,0.0,0.0,0.0,124.2266,0.0,0.00829199,8.29199e-05
2013-03-20,0.0,0.0,0.0,124.2421,0.0,0.0124772,0.00012477200000000002
2013-03-21,0.0,0.0,0.0,124.2549,0.0,0.01030247,0.00010302469999999999
2013-03-22,0.0,0.0,0.0,124.2668,0.0,0.00957709,9.57709e-05
2013-03-25,0.0,0.0,0.0,124.3065,0.0,0.03194739,0.0003194739
2013-03-26,0.0,0.0,0.0,124.3193,0.0,0.01029713,0.0001029713
2013-03-27,0.0,0.0,0.0,124.336,0.0,0.01343315,0.0001343315
2013-03-28,0.0,0.0,0.0,124.3483,0.0,0.00989255,9.89255e-05
2013-03-29,0.0,0.0,0.0,124.3631,0.0,0.01190205,0.0001190205
2013-04-01,0.0,0.0,0.0,124.4034,0.0,0.03240511,0.0003240511
2013-04-02,0.0,0.0,0.0,124.4247,0.0,0.01712172,0.0001712172
2013-04-03,0.0,0.0,0.0,124.4438,0.0,0.01535065,0.0001535065
2013-04-08,0.0,0.0,0.0,124.5268,0.0,0.02160644,0.0002160644
2013-04-09,0.0,0.0,0.0,124.5478,0.0,0.01686384,0.0001686384
2013-04-10,0.0,0.0,0.0,124.5629,0.0,0.01212386,0.00012123860000000001
2013-04-11,0.0,0.0,0.0,124.5739,0.0,0.00883088,8.83088e-05
2013-04-12,0.0,0.0,0.0,124.5863,0.0,0.00995393,9.953929999999999e-05
2013-04-15,0.0,0.0,0.0,124.6249,0.0,0.03098254,0.0003098254
2013-04-16,0.0,0.0,0.0,124.6487,0.0,0.01909731,0.0001909731
2013-04-17,0.0,0.0,0.0,124.6579,0.0,0.00738074,7.380740000000001e-05
2013-04-18,0.0,0.0,0.0,124.6586,0.0,0.00056154,5.6154000000000005e-06
2013-04-19,0.0,0.0,0.0,124.6512,0.0,-0.00593621,-5.93621e-05
2013-04-22,0.0,0.0,0.0,124.6501,0.0,-0.00088246,-8.8246e-06
2013-04-23,0.0,0.0,0.0,124.6427,0.0,-0.00593662,-5.93662e-05
2013-04-24,0.0,0.0,0.0,124.6451,0.0,0.0019255,1.9254999999999998e-05
2013-04-25,0.0,0.0,0.0,124.6566,0.0,0.0092262,9.2262e-05
2013-04-26,0.0,0.0,0.0,124.6741,0.0,0.01403857,0.0001403857
2013-05-02,0.0,0.0,0.0,124.7698,0.0,0.04851282,0.0004851282
2013-05-03,0.0,0.0,0.0,124.7908,0.0,0.016831,0.00016831
2013-05-06,0.0,0.0,0.0,124.8278,0.0,0.02964962,0.0002964962
2013-05-07,0.0,0.0,0.0,124.845,0.0,0.01377898,0.0001377898
2013-05-08,0.0,0.0,0.0,124.8477,0.0,0.00216268,2.16268e-05
2013-05-09,0.0,0.0,0.0,124.8601,0.0,0.0099321,9.932099999999999e-05
2013-05-10,0.0,0.0,0.0,124.8772,0.0,0.01369533,0.0001369533
2013-05-13,0.0,0.0,0.0,124.9141,0.0,0.02954903,0.0002954903
2013-05-14,0.0,0.0,0.0,124.9305,0.0,0.01312902,0.0001312902
2013-05-15,0.0,0.0,0.0,124.9423,0.0,0.00944525,9.44525e-05
2013-05-16,0.0,0.0,0.0,124.9501,0.0,0.00624288,6.242880000000001e-05
2013-05-17,0.0,0.0,0.0,124.9517,0.0,0.00128051,1.2805099999999999e-05
2013-05-20,0.0,0.0,0.0,124.9719,0.0,0.01616625,0.0001616625
2013-05-21,0.0,0.0,0.0,124.9763,0.0,0.00352079,3.52079e-05
2013-05-22,0.0,0.0,0.0,124.9886,0.0,0.00984187,9.841870000000001e-05
2013-05-23,0.0,0.0,0.0,124.9969,0.0,0.00664061,6.64061e-05
2013-05-24,0.0,0.0,0.0,125.0094,0.0,0.01000025,0.0001000025
2013-05-27,0.0,0.0,0.0,125.0487,0.0,0.03143764,0.00031437640000000003
2013-05-28,0.0,0.0,0.0,125.0605,0.0,0.00943632,9.436319999999999e-05
2013-05-29,0.0,0.0,0.0,125.0694,0.0,0.00711656,7.11656e-05
2013-05-30,0.0,0.0,0.0,125.0808,0.0,0.00911494,9.11494e-05
2013-05-31,0.0,0.0,0.0,125.0846,0.0,0.00303804,3.03804e-05
2013-06-03,0.0,0.0,0.0,125.1156,0.0,0.02478323,0.0002478323
2013-06-04,0.0,0.0,0.0,125.1066,0.0,-0.00719335,-7.19335e-05
2013-06-05,0.0,0.0,0.0,125.097,0.0,-0.00767346,-7.67346e-05
2013-06-06,0.0,0.0,0.0,125.0424,0.0,-0.04364613,-0.00043646129999999996
2013-06-07,0.0,0.0,0.0,124.9803,0.0,-0.04966315,-0.0004966315
2013-06-13,0.0,0.0,0.0,125.0035,0.0,-0.00255986,-2.5598600000000003e-05
2013-06-14,0.0,0.0,0.0,124.9954,0.0,-0.00647982,-6.47982e-05
2013-06-17,0.0,0.0,0.0,124.9917,0.0,-0.00296011,-2.96011e-05
2013-06-18,0.0,0.0,0.0,124.956,0.0,-0.0285619,-0.00028561900000000003
2013-06-19,0.0,0.0,0.0,124.8566,0.0,-0.079548,-0.0007954799999999999
2013-06-20,0.0,0.0,0.0,124.4636,0.0,-0.31476109,-0.0031476109
2013-06-21,0.0,0.0,0.0,124.463,0.0,-0.00048207,-4.8207e-06
2013-06-24,0.0,0.0,0.0,124.4584,0.0,-0.00369588,-3.6958799999999996e-05
2013-06-25,0.0,0.0,0.0,124.489,0.0,0.02458653,0.0002458653
2013-06-26,0.0,0.0,0.0,124.6812,0.0,0.15439115,0.0015439115
2013-06-27,0.0,0.0,0.0,124.7904,0.0,0.08758337,0.0008758336999999999
2013-06-28,0.0,0.0,0.0,124.8563,0.0,0.05280855,0.0005280855
2013-07-01,0.0,0.0,0.0,124.9404,0.0,0.06735743,0.0006735742999999999
2013-07-02,0.0,0.0,0.0,125.0177,0.0,0.0618695,0.000618695
2013-07-03,0.0,0.0,0.0,125.0866,0.0,0.0551122,0.000551122
2013-07-04,0.0,0.0,0.0,125.1767,0.0,0.0720301,0.000720301
2013-07-05,0.0,0.0,0.0,125.2423,0.0,0.05240592,0.0005240592
2013-07-08,0.0,0.0,0.0,125.2975,0.0,0.04407457,0.0004407457
2013-07-09,0.0,0.0,0.0,125.3068,0.0,0.00742233,7.42233e-05
2013-07-10,0.0,0.0,0.0,125.2916,0.0,-0.01213023,-0.0001213023
2013-07-11,0.0,0.0,0.0,125.2768,0.0,-0.01181244,-0.00011812440000000001
2013-07-12,0.0,0.0,0.0,125.2753,0.0,-0.00119735,-1.19735e-05
2013-07-15,0.0,0.0,0.0,125.3068,0.0,0.02514462,0.0002514462
2013-07-16,0.0,0.0,0.0,125.3251,0.0,0.01460416,0.0001460416
2013-07-17,0.0,0.0,0.0,125.3257,0.0,0.00047875,4.7875e-06
2013-07-18,0.0,0.0,0.0,125.3114,0.0,-0.01141027,-0.00011410270000000001
2013-07-19,0.0,0.0,0.0,125.3118,0.0,0.0003192,3.192e-06
2013-07-22,0.0,0.0,0.0,125.323,0.0,0.00893771,8.93771e-05
2013-07-23,0.0,0.0,0.0,125.3048,0.0,-0.01452247,-0.0001452247
2013-07-24,0.0,0.0,0.0,125.2879,0.0,-0.01348711,-0.0001348711
2013-07-25,0.0,0.0,0.0,125.2944,0.0,0.00518805,5.18805e-05
2013-07-26,0.0,0.0,0.0,125.3349,0.0,0.03232387,0.00032323869999999997
2013-07-29,0.0,0.0,0.0,125.3666,0.0,0.02529224,0.0002529224
2013-07-30,0.0,0.0,0.0,125.3996,0.0,0.0263228,0.000263228
2013-07-31,0.0,0.0,0.0,125.4227,0.0,0.01842111,0.00018421110000000002
2013-08-01,0.0,0.0,0.0,125.4681,0.0,0.03619759,0.00036197590000000004
2013-08-02,0.0,0.0,0.0,125.5179,0.0,0.03969136,0.00039691360000000003
2013-08-05,0.0,0.0,0.0,125.5589,0.0,0.03266466,0.0003266466
2013-08-06,0.0,0.0,0.0,125.5598,0.0,0.0007168,7.168e-06
2013-08-07,0.0,0.0,0.0,125.5621,0.0,0.0018318,1.8318e-05
2013-08-08,0.0,0.0,0.0,125.5602,0.0,-0.0015132,-1.5131999999999998e-05
2013-08-09,0.0,0.0,0.0,125.5815,0.0,0.01696397,0.0001696397
2013-08-12,0.0,0.0,0.0,125.619,0.0,0.02986109,0.0002986109
2013-08-13,0.0,0.0,0.0,125.6177,0.0,-0.00103488,-1.03488e-05
2013-08-14,0.0,0.0,0.0,125.6106,0.0,-0.00565207,-5.65207e-05
2013-08-15,0.0,0.0,0.0,125.599,0.0,-0.00923489,-9.234890000000001e-05
2013-08-16,0.0,0.0,0.0,125.5983,0.0,-0.00055733,-5.5733e-06
2013-08-19,0.0,0.0,0.0,125.6314,0.0,0.02635386,0.0002635386
2013-08-20,0.0,0.0,0.0,125.6156,0.0,-0.01257647,-0.0001257647
2013-08-21,0.0,0.0,0.0,125.6264,0.0,0.00859766,8.59766e-05
2013-08-22,0.0,0.0,0.0,125.6251,0.0,-0.00103481,-1.03481e-05
2013-08-23,0.0,0.0,0.0,125.6545,0.0,0.02340297,0.00023402969999999999
2013-08-26,0.0,0.0,0.0,125.7159,0.0,0.04886415,0.0004886415
2013-08-27,0.0,0.0,0.0,125.7385,0.0,0.01797704,0.0001797704
2013-08-28,0.0,0.0,0.0,125.7565,0.0,0.01431542,0.0001431542
2013-08-29,0.0,0.0,0.0,125.7759,0.0,0.01542664,0.0001542664
2013-08-30,0.0,0.0,0.0,125.7979,0.0,0.01749143,0.0001749143
2013-09-02,0.0,0.0,0.0,125.8399,0.0,0.03338688,0.0003338688
2013-09-03,0.0,0.0,0.0,125.8542,0.0,0.01136365,0.00011363649999999999
2013-09-04,0.0,0.0,0.0,125.8652,0.0,0.00874027,8.74027e-05
2013-09-05,0.0,0.0,0.0,125.8762,0.0,0.00873951,8.73951e-05
2013-09-06,0.0,0.0,0.0,125.8947,0.0,0.01469698,0.0001469698
2013-09-09,0.0,0.0,0.0,125.9447,0.0,0.03971573,0.00039715729999999997
2013-09-10,0.0,0.0,0.0,125.9525,0.0,0.00619319,6.193190000000001e-05
2013-09-11,0.0,0.0,0.0,125.9622,0.0,0.00770132,7.70132e-05
2013-09-12,0.0,0.0,0.0,125.9705,0.0,0.00658928,6.58928e-05
2013-09-13,0.0,0.0,0.0,125.981,0.0,0.00833528,8.33528e-05
2013-09-16,0.0,0.0,0.0,126.0254,0.0,0.03524341,0.00035243410000000003
2013-09-17,0.0,0.0,0.0,126.0426,0.0,0.01364804,0.0001364804
2013-09-18,0.0,0.0,0.0,126.0669,0.0,0.0192792,0.000192792
2013-09-23,0.0,0.0,0.0,126.1435,0.0,0.0039639,3.9639000000000005e-05
2013-09-24,0.0,0.0,0.0,126.1558,0.0,0.0097508,9.7508e-05
2013-09-25,0.0,0.0,0.0,126.1726,0.0,0.01331687,0.0001331687
2013-09-26,0.0,0.0,0.0,126.203,0.0,0.02409398,0.00024093980000000002
2013-09-27,0.0,0.0,0.0,126.2294,0.0,0.02091868,0.0002091868
2013-09-30,0.0,0.0,0.0,126.2886,0.0,0.02320621,0.0002320621
2013-10-08,0.0,0.0,0.0,126.4206,0.0,0.1045225,0.001045225
2013-10-09,0.0,0.0,0.0,126.4237,0.0,0.00245213,2.45213e-05
2013-10-10,0.0,0.0,0.0,126.4396,0.0,0.01257676,0.0001257676
2013-10-11,0.0,0.0,0.0,126.4589,0.0,0.01526421,0.00015264210000000001
2013-10-14,0.0,0.0,0.0,126.5013,0.0,0.02348353,0.0002348353
2013-10-15,0.0,0.0,0.0,126.5214,0.0,0.01588916,0.0001588916
2013-10-16,0.0,0.0,0.0,126.5313,0.0,0.00782476,7.82476e-05
2013-10-17,0.0,0.0,0.0,126.5397,0.0,0.00663867,6.63867e-05
2013-10-18,0.0,0.0,0.0,126.5639,0.0,0.01912443,0.00019124430000000002
2013-10-21,0.0,0.0,0.0,126.6052,0.0,0.03263174,0.0003263174
2013-10-22,0.0,0.0,0.0,126.6144,0.0,0.00726668,7.26668e-05
2013-10-23,0.0,0.0,0.0,126.6189,0.0,0.0035541,3.5541000000000004e-05
2013-10-24,0.0,0.0,0.0,126.5592,0.0,-0.04714936,-0.0004714936
2013-10-25,0.0,0.0,0.0,126.526,0.0,-0.02623278,-0.0002623278
2013-10-28,0.0,0.0,0.0,126.5626,0.0,0.02892686,0.0002892686
2013-10-29,0.0,0.0,0.0,126.5611,0.0,-0.00118518,-1.18518e-05
2013-10-30,0.0,0.0,0.0,126.5428,0.0,-0.01445942,-0.00014459420000000002
2013-10-31,0.0,0.0,0.0,126.5648,0.0,0.01738542,0.0001738542
2013-11-01,0.0,0.0,0.0,126.6106,0.0,0.036187,0.00036187
2013-11-04,0.0,0.0,0.0,126.6647,0.0,0.04272944,0.0004272944
2013-11-05,0.0,0.0,0.0,126.6797,0.0,0.01184229,0.00011842290000000001
2013-11-06,0.0,0.0,0.0,126.6847,0.0,0.00394696,3.94696e-05
2013-11-07,0.0,0.0,0.0,126.6966,0.0,0.0093934,9.3934e-05
2013-11-08,0.0,0.0,0.0,126.6879,0.0,-0.0068668,-6.8668e-05
2013-11-11,0.0,0.0,0.0,126.6766,0.0,-0.00891956,-8.91956e-05
2013-11-12,0.0,0.0,0.0,126.6733,0.0,-0.00260506,-2.60506e-05
2013-11-13,0.0,0.0,0.0,126.6607,0.0,-0.00994685,-9.94685e-05
2013-11-14,0.0,0.0,0.0,126.6508,0.0,-0.00781616,-7.816160000000001e-05
2013-11-15,0.0,0.0,0.0,126.5895,0.0,-0.0484008,-0.000484008
2013-11-18,0.0,0.0,0.0,126.6129,0.0,0.01848495,0.0001848495
2013-11-19,0.0,0.0,0.0,126.5919,0.0,-0.01658599,-0.00016585989999999998
2013-11-20,0.0,0.0,0.0,126.5629,0.0,-0.02290826,-0.0002290826
2013-11-21,0.0,0.0,0.0,126.574,0.0,0.00877034,8.77034e-05
2013-11-22,0.0,0.0,0.0,126.593,0.0,0.01501098,0.0001501098
2013-11-25,0.0,0.0,0.0,126.6527,0.0,0.04715901,0.0004715901
2013-11-26,0.0,0.0,0.0,126.664,0.0,0.00892204,8.922039999999999e-05
2013-11-27,0.0,0.0,0.0,126.6751,0.0,0.00876334,8.76334e-05
2013-11-28,0.0,0.0,0.0,126.7109,0.0,0.02826128,0.0002826128
2013-11-29,0.0,0.0,0.0,126.7573,0.0,0.03661879,0.0003661879
2013-12-02,0.0,0.0,0.0,126.8033,0.0,0.03628982,0.0003628982
2013-12-03,0.0,0.0,0.0,126.8264,0.0,0.01821719,0.00018217190000000002
2013-12-04,0.0,0.0,0.0,126.8569,0.0,0.02404862,0.0002404862
2013-12-05,0.0,0.0,0.0,126.8687,0.0,0.00930182,9.301820000000001e-05
2013-12-06,0.0,0.0,0.0,126.8826,0.0,0.01095621,0.00010956209999999999
2013-12-09,0.0,0.0,0.0,126.9354,0.0,0.04161327,0.0004161327
2013-12-10,0.0,0.0,0.0,126.9467,0.0,0.00890217,8.90217e-05
2013-12-11,0.0,0.0,0.0,126.9618,0.0,0.01189476,0.00011894760000000001
2013-12-12,0.0,0.0,0.0,126.9853,0.0,0.0185095,0.00018509500000000003
2013-12-13,0.0,0.0,0.0,127.0143,0.0,0.02283729,0.0002283729
2013-12-16,0.0,0.0,0.0,127.0632,0.0,0.0384996,0.000384996
2013-12-17,0.0,0.0,0.0,127.0736,0.0,0.0081849,8.1849e-05
2013-12-18,0.0,0.0,0.0,127.0548,0.0,-0.01479458,-0.0001479458
2013-12-19,0.0,0.0,0.0,127.039,0.0,-0.01243558,-0.00012435579999999999
2013-12-20,0.0,0.0,0.0,127.0419,0.0,0.00228276,2.28276e-05
2013-12-23,0.0,0.0,0.0,127.0861,0.0,0.03479167,0.00034791669999999995
2013-12-24,0.0,0.0,0.0,127.1144,0.0,0.02226837,0.0002226837
2013-12-25,0.0,0.0,0.0,127.1426,0.0,0.02218474,0.0002218474
2013-12-26,0.0,0.0,0.0,127.1725,0.0,0.0235169,0.000235169
2013-12-27,0.0,0.0,0.0,127.1893,0.0,0.0132104,0.000132104
2013-12-30,0.0,0.0,0.0,127.248,0.0,0.04615168,0.0004615168
2013-12-31,0.0,0.0,0.0,127.2742,0.0,0.02058971,0.0002058971
2014-01-02,0.0,0.0,0.0,127.3193,0.0,0.0354353,0.000354353
2014-01-03,0.0,0.0,0.0,127.3464,0.0,0.02128507,0.0002128507
2014-01-06,0.0,0.0,0.0,127.402,0.0,0.04366044,0.0004366044
2014-01-07,0.0,0.0,0.0,127.4392,0.0,0.02919891,0.0002919891
2014-01-08,0.0,0.0,0.0,127.4922,0.0,0.04158846,0.00041588460000000003
2014-01-09,0.0,0.0,0.0,127.5226,0.0,0.0238446,0.00023844600000000001
2014-01-10,0.0,0.0,0.0,127.5705,0.0,0.03756197,0.0003756197
2014-01-13,0.0,0.0,0.0,127.6696,0.0,0.07768254,0.0007768253999999999
2014-01-14,0.0,0.0,0.0,127.7165,0.0,0.03673545,0.00036735450000000003
2014-01-15,0.0,0.0,0.0,127.7505,0.0,0.02662146,0.0002662146
2014-01-16,0.0,0.0,0.0,127.7871,0.0,0.02864959,0.0002864959
2014-01-17,0.0,0.0,0.0,127.7876,0.0,0.00039128,3.9128e-06
2014-01-20,0.0,0.0,0.0,127.8194,0.0,0.02488504,0.00024885040000000003
2014-01-21,0.0,0.0,0.0,127.8859,0.0,0.05202653,0.0005202653
2014-01-22,0.0,0.0,0.0,127.9435,0.0,0.04504015,0.0004504015
2014-01-23,0.0,0.0,0.0,127.9631,0.0,0.01531926,0.0001531926
2014-01-24,0.0,0.0,0.0,128.0103,0.0,0.03688563,0.00036885630000000003
2014-01-27,0.0,0.0,0.0,128.0892,0.0,0.03561287,0.00035612869999999996
2014-01-28,0.0,0.0,0.0,128.112,0.0,0.0178001,0.000178001
2014-01-29,0.0,0.0,0.0,128.1396,0.0,0.02154365,0.0002154365
2014-01-30,0.0,0.0,0.0,128.1673,0.0,0.02161705,0.0002161705
2014-02-07,0.0,0.0,0.0,128.3182,0.0,0.11773674,0.0011773674
2014-02-10,0.0,0.0,0.0,128.3742,0.0,0.02968767,0.0002968767
2014-02-11,0.0,0.0,0.0,128.4075,0.0,0.02593979,0.0002593979
2014-02-12,0.0,0.0,0.0,128.4411,0.0,0.0261667,0.000261667
2014-02-13,0.0,0.0,0.0,128.4842,0.0,0.03355624,0.0003355624
2014-02-14,0.0,0.0,0.0,128.5309,0.0,0.03634688,0.0003634688
2014-02-17,0.0,0.0,0.0,128.5962,0.0,0.0508049,0.000508049
2014-02-18,0.0,0.0,0.0,128.634,0.0,0.02939434,0.0002939434
2014-02-19,0.0,0.0,0.0,128.6739,0.0,0.03101824,0.00031018239999999997
2014-02-20,0.0,0.0,0.0,128.7222,0.0,0.03753675,0.0003753675
2014-02-21,0.0,0.0,0.0,128.7908,0.0,0.05329306,0.0005329306
2014-02-24,0.0,0.0,0.0,128.8676,0.0,0.05963159,0.0005963159
2014-02-25,0.0,0.0,0.0,128.9232,0.0,0.04314506,0.0004314506
2014-02-26,0.0,0.0,0.0,128.9735,0.0,0.03901548,0.0003901548
2014-02-27,0.0,0.0,0.0,129.0214,0.0,0.03713941,0.00037139409999999997
2014-02-28,0.0,0.0,0.0,129.0607,0.0,0.03046006,0.0003046006
2014-03-03,0.0,0.0,0.0,129.1082,0.0,0.03680439,0.0003680439
2014-03-04,0.0,0.0,0.0,129.1088,0.0,0.00046473,4.6473e-06
2014-03-05,0.0,0.0,0.0,129.1067,0.0,-0.00162654,-1.6265400000000002e-05
2014-03-06,0.0,0.0,0.0,129.1258,0.0,0.01479396,0.0001479396
2014-03-07,0.0,0.0,0.0,129.1564,0.0,0.02369782,0.0002369782
2014-03-10,0.0,0.0,0.0,129.2193,0.0,0.04870065,0.00048700649999999996
2014-03-11,0.0,0.0,0.0,129.2264,0.0,0.00549454,5.49454e-05
2014-03-12,0.0,0.0,0.0,129.257,0.0,0.02367937,0.00023679370000000003
2014-03-13,0.0,0.0,0.0,129.2831,0.0,0.02019233,0.0002019233
2014-03-14,0.0,0.0,0.0,129.2975,0.0,0.01113835,0.0001113835
2014-03-17,0.0,0.0,0.0,129.3563,0.0,0.04547652,0.0004547652
2014-03-18,0.0,0.0,0.0,129.3628,0.0,0.00502488,5.02488e-05
2014-03-19,0.0,0.0,0.0,129.3266,0.0,-0.02798332,-0.0002798332
2014-03-20,0.0,0.0,0.0,129.3194,0.0,-0.0055673,-5.5673e-05
2014-03-21,0.0,0.0,0.0,129.3187,0.0,-0.0005413,-5.413e-06
2014-03-24,0.0,0.0,0.0,129.3655,0.0,0.03618966,0.0003618966
2014-03-25,0.0,0.0,0.0,129.3864,0.0,0.01615578,0.00016155780000000003
2014-03-26,0.0,0.0,0.0,129.4108,0.0,0.01885824,0.0001885824
2014-03-27,0.0,0.0,0.0,129.4311,0.0,0.01568648,0.0001568648
2014-03-28,0.0,0.0,0.0,129.4504,0.0,0.01491141,0.0001491141
2014-03-31,0.0,0.0,0.0,129.4902,0.0,0.03074537,0.00030745370000000003
2014-04-01,0.0,0.0,0.0,129.5098,0.0,0.01513628,0.0001513628
2014-04-02,0.0,0.0,0.0,129.5368,0.0,0.02084784,0.0002084784
2014-04-03,0.0,0.0,0.0,129.5445,0.0,0.00594426,5.94426e-05
2014-04-04,0.0,0.0,0.0,129.5741,0.0,0.02284929,0.00022849290000000002
2014-04-08,0.0,0.0,0.0,129.6515,0.0,0.05973416,0.0005973416
2014-04-09,0.0,0.0,0.0,129.6761,0.0,0.01897394,0.00018973940000000002
2014-04-10,0.0,0.0,0.0,129.7,0.0,0.01843054,0.00018430539999999998
2014-04-11,0.0,0.0,0.0,129.7335,0.0,0.02582884,0.0002582884
2014-04-14,0.0,0.0,0.0,129.8072,0.0,0.05680877,0.0005680877
2014-04-15,0.0,0.0,0.0,129.8319,0.0,0.01902822,0.0001902822
2014-04-16,0.0,0.0,0.0,129.8671,0.0,0.02711198,0.0002711198
2014-04-17,0.0,0.0,0.0,129.9463,0.0,0.06098542,0.0006098542
2014-04-18,0.0,0.0,0.0,129.9539,0.0,0.00584857,5.84857e-05
2014-04-21,0.0,0.0,0.0,130.0054,0.0,0.03962944,0.0003962944
2014-04-22,0.0,0.0,0.0,130.0204,0.0,0.01153798,0.0001153798
2014-04-23,0.0,0.0,0.0,130.0242,0.0,0.00292262,2.9226199999999998e-05
2014-04-24,0.0,0.0,0.0,130.0316,0.0,0.00569125,5.69125e-05
2014-04-25,0.0,0.0,0.0,130.0419,0.0,0.00792115,7.92115e-05
2014-04-28,0.0,0.0,0.0,130.0904,0.0,0.03729567,0.00037295670000000005
2014-04-29,0.0,0.0,0.0,130.1068,0.0,0.01260662,0.0001260662
2014-04-30,0.0,0.0,0.0,130.1342,0.0,0.02105962,0.0002105962
2014-05-05,0.0,0.0,0.0,130.2249,0.0,0.01428502,0.00014285020000000002
2014-05-06,0.0,0.0,0.0,130.2519,0.0,0.02073336,0.0002073336
2014-05-07,0.0,0.0,0.0,130.2785,0.0,0.02042197,0.0002042197
2014-05-08,0.0,0.0,0.0,130.315,0.0,0.0280169,0.00028016900000000003
2014-05-09,0.0,0.0,0.0,130.3525,0.0,0.02877643,0.00028776429999999997
2014-05-12,0.0,0.0,0.0,130.4055,0.0,0.04065898,0.00040658979999999995
2014-05-13,0.0,0.0,0.0,130.423,0.0,0.01341968,0.0001341968
2014-05-14,0.0,0.0,0.0,130.4291,0.0,0.00467709,4.67709e-05
2014-05-15,0.0,0.0,0.0,130.436,0.0,0.00529023,5.29023e-05
2014-05-16,0.0,0.0,0.0,130.4535,0.0,0.01341654,0.0001341654
2014-05-19,0.0,0.0,0.0,130.5013,0.0,0.03664141,0.0003664141
2014-05-20,0.0,0.0,0.0,130.4995,0.0,-0.0013793,-1.3793e-05
2014-05-21,0.0,0.0,0.0,130.5196,0.0,0.01540236,0.0001540236
2014-05-22,0.0,0.0,0.0,130.5422,0.0,0.01731541,0.0001731541
2014-05-23,0.0,0.0,0.0,130.5559,0.0,0.01049469,0.00010494689999999999
2014-05-26,0.0,0.0,0.0,130.6107,0.0,0.04197436,0.0004197436
2014-05-27,0.0,0.0,0.0,130.6502,0.0,0.03024255,0.0003024255
2014-05-28,0.0,0.0,0.0,130.679,0.0,0.02204359,0.00022043589999999998
2014-05-29,0.0,0.0,0.0,130.7273,0.0,0.0369608,0.000369608
2014-05-30,0.0,0.0,0.0,130.7556,0.0,0.02164812,0.0002164812
2014-06-03,0.0,0.0,0.0,130.8634,0.0,0.08244389,0.0008244389
2014-06-04,0.0,0.0,0.0,130.9114,0.0,0.03667947,0.0003667947
2014-06-05,0.0,0.0,0.0,130.9256,0.0,0.01084703,0.0001084703
2014-06-06,0.0,0.0,0.0,130.9458,0.0,0.01542861,0.0001542861
2014-06-09,0.0,0.0,0.0,130.9891,0.0,0.03306712,0.0003306712
2014-06-10,0.0,0.0,0.0,131.0202,0.0,0.02374243,0.0002374243
2014-06-11,0.0,0.0,0.0,131.018,0.0,-0.00167913,-1.67913e-05
2014-06-12,0.0,0.0,0.0,131.0388,0.0,0.01587568,0.0001587568
2014-06-13,0.0,0.0,0.0,131.0472,0.0,0.00641032,6.410319999999999e-05
2014-06-16,0.0,0.0,0.0,131.094,0.0,0.03571232,0.0003571232
2014-06-17,0.0,0.0,0.0,131.1035,0.0,0.00724671,7.24671e-05
2014-06-18,0.0,0.0,0.0,131.0986,0.0,-0.00373751,-3.73751e-05
2014-06-19,0.0,0.0,0.0,131.0628,0.0,-0.02730769,-0.0002730769
2014-06-20,0.0,0.0,0.0,131.0904,0.0,0.02105861,0.00021058609999999997
2014-06-23,0.0,0.0,0.0,131.1442,0.0,0.04104038,0.0004104038
2014-06-24,0.0,0.0,0.0,131.1646,0.0,0.0155554,0.000155554
2014-06-25,0.0,0.0,0.0,131.1775,0.0,0.00983497,9.83497e-05
2014-06-26,0.0,0.0,0.0,131.2122,0.0,0.02645271,0.0002645271
2014-06-27,0.0,0.0,0.0,131.2339,0.0,0.0165381,0.000165381
2014-06-30,0.0,0.0,0.0,131.2877,0.0,0.0409955,0.000409955
2014-07-01,0.0,0.0,0.0,131.3066,0.0,0.01439586,0.0001439586
2014-07-02,0.0,0.0,0.0,131.3095,0.0,0.00220857,2.20857e-05
2014-07-03,0.0,0.0,0.0,131.3424,0.0,0.02505531,0.0002505531
2014-07-04,0.0,0.0,0.0,131.3629,0.0,0.01560806,0.0001560806
2014-07-07,0.0,0.0,0.0,131.4243,0.0,0.04674075,0.0004674075
2014-07-08,0.0,0.0,0.0,131.4603,0.0,0.02739219,0.0002739219
2014-07-09,0.0,0.0,0.0,131.4729,0.0,0.00958464,9.58464e-05
2014-07-10,0.0,0.0,0.0,131.4996,0.0,0.02030837,0.0002030837
2014-07-11,0.0,0.0,0.0,131.5121,0.0,0.00950573,9.50573e-05
2014-07-14,0.0,0.0,0.0,131.5556,0.0,0.0330768,0.00033076800000000006
2014-07-15,0.0,0.0,0.0,131.5449,0.0,-0.00813344,-8.13344e-05
2014-07-16,0.0,0.0,0.0,131.5278,0.0,-0.01299936,-0.0001299936
2014-07-17,0.0,0.0,0.0,131.4884,0.0,-0.02995564,-0.0002995564
2014-07-18,0.0,0.0,0.0,131.4523,0.0,-0.02745489,-0.0002745489
2014-07-21,0.0,0.0,0.0,131.4921,0.0,0.03027714,0.0003027714
2014-07-22,0.0,0.0,0.0,131.5194,0.0,0.0207617,0.000207617
2014-07-23,0.0,0.0,0.0,131.5477,0.0,0.02151774,0.00021517740000000002
2014-07-24,0.0,0.0,0.0,131.5817,0.0,0.02584614,0.0002584614
2014-07-25,0.0,0.0,0.0,131.6173,0.0,0.02705543,0.0002705543
2014-07-28,0.0,0.0,0.0,131.684,0.0,0.05067723,0.0005067722999999999
2014-07-29,0.0,0.0,0.0,131.7007,0.0,0.01268187,0.0001268187
2014-07-30,0.0,0.0,0.0,131.7174,0.0,0.01268027,0.0001268027
2014-07-31,0.0,0.0,0.0,131.7559,0.0,0.02922924,0.0002922924
2014-08-01,0.0,0.0,0.0,131.7757,0.0,0.01502779,0.0001502779
2014-08-04,0.0,0.0,0.0,131.8378,0.0,0.04712553,0.0004712553
2014-08-05,0.0,0.0,0.0,131.8605,0.0,0.01721813,0.0001721813
2014-08-06,0.0,0.0,0.0,131.8808,0.0,0.01539506,0.00015395060000000002
2014-08-07,0.0,0.0,0.0,131.9025,0.0,0.01645425,0.0001645425
2014-08-08,0.0,0.0,0.0,131.9211,0.0,0.01410132,0.00014101320000000001
2014-08-11,0.0,0.0,0.0,131.9754,0.0,0.04116097,0.0004116097
2014-08-12,0.0,0.0,0.0,131.9884,0.0,0.00985032,9.850319999999999e-05
2014-08-13,0.0,0.0,0.0,131.9916,0.0,0.00242446,2.4244599999999998e-05
2014-08-14,0.0,0.0,0.0,132.0193,0.0,0.02098618,0.0002098618
2014-08-15,0.0,0.0,0.0,132.0306,0.0,0.00855935,8.55935e-05
2014-08-18,0.0,0.0,0.0,132.0747,0.0,0.03340135,0.00033401350000000004
2014-08-19,0.0,0.0,0.0,132.0826,0.0,0.00598146,5.98146e-05
2014-08-20,0.0,0.0,0.0,132.0849,0.0,0.00174133,1.7413299999999998e-05
2014-08-21,0.0,0.0,0.0,132.0918,0.0,0.00522391,5.22391e-05
2014-08-22,0.0,0.0,0.0,132.1074,0.0,0.01180997,0.00011809969999999999
2014-08-25,0.0,0.0,0.0,132.1538,0.0,0.03512294,0.00035122939999999997
2014-08-26,0.0,0.0,0.0,132.1675,0.0,0.01036671,0.00010366709999999999
2014-08-27,0.0,0.0,0.0,132.1873,0.0,0.01498099,0.0001498099
2014-08-28,0.0,0.0,0.0,132.2058,0.0,0.01399529,0.0001399529
2014-08-29,0.0,0.0,0.0,132.2306,0.0,0.01875863,0.0001875863
2014-09-01,0.0,0.0,0.0,132.2851,0.0,0.04121588,0.00041215880000000004
2014-09-02,0.0,0.0,0.0,132.3035,0.0,0.01390935,0.0001390935
2014-09-03,0.0,0.0,0.0,132.331,0.0,0.02078554,0.0002078554
2014-09-04,0.0,0.0,0.0,132.3538,0.0,0.01722952,0.0001722952
2014-09-05,0.0,0.0,0.0,132.3716,0.0,0.0134488,0.000134488
2014-09-09,0.0,0.0,0.0,132.4284,0.0,0.04290951,0.0004290951
2014-09-10,0.0,0.0,0.0,132.436,0.0,0.00573895,5.73895e-05
2014-09-11,0.0,0.0,0.0,132.4441,0.0,0.00611616,6.11616e-05
2014-09-12,0.0,0.0,0.0,132.4623,0.0,0.01374165,0.0001374165
2014-09-15,0.0,0.0,0.0,132.511,0.0,0.03676518,0.00036765180000000004
2014-09-16,0.0,0.0,0.0,132.5167,0.0,0.00430153,4.3015299999999995e-05
2014-09-17,0.0,0.0,0.0,132.5358,0.0,0.01441328,0.0001441328
2014-09-18,0.0,0.0,0.0,132.5708,0.0,0.02640796,0.0002640796
2014-09-19,0.0,0.0,0.0,132.6089,0.0,0.02873936,0.0002873936
2014-09-22,0.0,0.0,0.0,132.6534,0.0,0.03355733,0.00033557330000000003
2014-09-23,0.0,0.0,0.0,132.6689,0.0,0.01168459,0.0001168459
2014-09-24,0.0,0.0,0.0,132.6803,0.0,0.00859282,8.59282e-05
2014-09-25,0.0,0.0,0.0,132.7022,0.0,0.01650584,0.00016505840000000002
2014-09-26,0.0,0.0,0.0,132.7163,0.0,0.01062529,0.00010625290000000001
2014-09-29,0.0,0.0,0.0,132.7823,0.0,0.02274917,0.0002274917
2014-09-30,0.0,0.0,0.0,132.807,0.0,0.01860188,0.0001860188
2014-10-08,0.0,0.0,0.0,132.9429,0.0,0.10232894,0.0010232893999999998
2014-10-09,0.0,0.0,0.0,132.9531,0.0,0.00767247,7.67247e-05
2014-10-10,0.0,0.0,0.0,132.9705,0.0,0.01308732,0.0001308732
2014-10-13,0.0,0.0,0.0,133.0374,0.0,0.02827072,0.0002827072
2014-10-14,0.0,0.0,0.0,133.0772,0.0,0.0299164,0.000299164
2014-10-15,0.0,0.0,0.0,133.1351,0.0,0.04350858,0.0004350858
2014-10-16,0.0,0.0,0.0,133.1751,0.0,0.03004467,0.00030044669999999997
2014-10-17,0.0,0.0,0.0,133.2184,0.0,0.03251359,0.00032513590000000003
2014-10-20,0.0,0.0,0.0,133.3031,0.0,0.06357981,0.0006357981
2014-10-21,0.0,0.0,0.0,133.3603,0.0,0.04290973,0.0004290973
2014-10-22,0.0,0.0,0.0,133.3901,0.0,0.02234548,0.00022345480000000002
2014-10-23,0.0,0.0,0.0,133.4202,0.0,0.02256539,0.0002256539
2014-10-24,0.0,0.0,0.0,133.4371,0.0,0.01266675,0.0001266675
2014-10-27,0.0,0.0,0.0,133.4833,0.0,0.03462305,0.0003462305
2014-10-28,0.0,0.0,0.0,133.52,0.0,0.02749408,0.0002749408
2014-10-29,0.0,0.0,0.0,133.5485,0.0,0.02134512,0.0002134512
2014-10-30,0.0,0.0,0.0,133.5887,0.0,0.03010142,0.0003010142
2014-10-31,0.0,0.0,0.0,133.6279,0.0,0.0293438,0.000293438
2014-11-03,0.0,0.0,0.0,133.6954,0.0,0.0505134,0.000505134
2014-11-04,0.0,0.0,0.0,133.7514,0.0,0.04188626,0.00041886260000000003
2014-11-05,0.0,0.0,0.0,133.8038,0.0,0.03917716,0.0003917716
2014-11-06,0.0,0.0,0.0,133.8341,0.0,0.0226451,0.00022645100000000002
2014-11-07,0.0,0.0,0.0,133.8618,0.0,0.02069727,0.0002069727
2014-11-10,0.0,0.0,0.0,133.9157,0.0,0.04026541,0.0004026541
2014-11-11,0.0,0.0,0.0,133.9398,0.0,0.0179964,0.000179964
2014-11-12,0.0,0.0,0.0,133.9619,0.0,0.01649995,0.0001649995
2014-11-13,0.0,0.0,0.0,133.9644,0.0,0.0018662,1.8662e-05
2014-11-14,0.0,0.0,0.0,133.9682,0.0,0.00283657,2.8365700000000002e-05
2014-11-17,0.0,0.0,0.0,133.988,0.0,0.01477963,0.0001477963
2014-11-18,0.0,0.0,0.0,133.9833,0.0,-0.00350778,-3.50778e-05
2014-11-19,0.0,0.0,0.0,133.965,0.0,-0.01365842,-0.0001365842
2014-11-20,0.0,0.0,0.0,133.9374,0.0,-0.0206024,-0.000206024
2014-11-21,0.0,0.0,0.0,133.8973,0.0,-0.02993936,-0.0002993936
2014-11-24,0.0,0.0,0.0,134.0129,0.0,0.08633483,0.0008633483
2014-11-25,0.0,0.0,0.0,134.0158,0.0,0.00216397,2.16397e-05
2014-11-26,0.0,0.0,0.0,134.043,0.0,0.02029611,0.0002029611
2014-11-27,0.0,0.0,0.0,134.0677,0.0,0.01842692,0.0001842692
2014-11-28,0.0,0.0,0.0,134.0554,0.0,-0.00917447,-9.17447e-05
2014-12-01,0.0,0.0,0.0,134.1065,0.0,0.03811857,0.0003811857
2014-12-02,0.0,0.0,0.0,134.1217,0.0,0.01133428,0.0001133428
2014-12-03,0.0,0.0,0.0,134.1045,0.0,-0.01282417,-0.0001282417
2014-12-04,0.0,0.0,0.0,134.0611,0.0,-0.03236282,-0.0003236282
2014-12-05,0.0,0.0,0.0,134.0116,0.0,-0.03692346,-0.00036923459999999996
2014-12-08,0.0,0.0,0.0,133.9966,0.0,-0.01119306,-0.0001119306
2014-12-09,0.0,0.0,0.0,133.7892,0.0,-0.15478005,-0.0015478005
2014-12-10,0.0,0.0,0.0,133.8005,0.0,0.00844612,8.446119999999999e-05
2014-12-11,0.0,0.0,0.0,133.8829,0.0,0.06158422,0.0006158422
2014-12-12,0.0,0.0,0.0,133.9004,0.0,0.01307112,0.0001307112
2014-12-15,0.0,0.0,0.0,133.9116,0.0,0.00836443,8.364430000000001e-05
2014-12-16,0.0,0.0,0.0,133.9136,0.0,0.00149352,1.4935199999999999e-05
2014-12-17,0.0,0.0,0.0,133.8763,0.0,-0.02785378,-0.00027853780000000004
2014-12-18,0.0,0.0,0.0,133.8246,0.0,-0.03861774,-0.0003861774
2014-12-19,0.0,0.0,0.0,133.8482,0.0,0.01763502,0.00017635020000000002
2014-12-22,0.0,0.0,0.0,133.9443,0.0,0.07179775,0.0007179774999999999
2014-12-23,0.0,0.0,0.0,134.0093,0.0,0.04852763,0.00048527630000000003
2014-12-24,0.0,0.0,0.0,134.0707,0.0,0.04581772,0.0004581772
2014-12-25,0.0,0.0,0.0,134.1166,0.0,0.03423567,0.0003423567
2014-12-26,0.0,0.0,0.0,134.1614,0.0,0.03340377,0.0003340377
2014-12-29,0.0,0.0,0.0,134.2279,0.0,0.04956716,0.0004956716
2014-12-30,0.0,0.0,0.0,134.2594,0.0,0.02346755,0.0002346755
2014-12-31,0.0,0.0,0.0,134.2797,0.0,0.01511998,0.0001511998
2015-01-05,0.0,0.0,0.0,134.3809,0.0,0.04481811,0.0004481811
2015-01-06,0.0,0.0,0.0,134.407,0.0,0.0194224,0.000194224
2015-01-07,0.0,0.0,0.0,134.4184,0.0,0.0084817,8.4817e-05
2015-01-08,0.0,0.0,0.0,134.442,0.0,0.01755712,0.00017557119999999998
2015-01-09,0.0,0.0,0.0,134.4706,0.0,0.02127311,0.0002127311
2015-01-12,0.0,0.0,0.0,134.5193,0.0,0.03621609,0.00036216089999999997
2015-01-13,0.0,0.0,0.0,134.5489,0.0,0.02200428,0.00022004280000000002
2015-01-14,0.0,0.0,0.0,134.5899,0.0,0.03047219,0.0003047219
2015-01-15,0.0,0.0,0.0,134.6358,0.0,0.0341036,0.00034103599999999997
2015-01-16,0.0,0.0,0.0,134.6705,0.0,0.02577323,0.0002577323
2015-01-19,0.0,0.0,0.0,134.7273,0.0,0.04217702,0.00042177020000000004
2015-01-20,0.0,0.0,0.0,134.7574,0.0,0.02234143,0.00022341429999999998
2015-01-21,0.0,0.0,0.0,134.7701,0.0,0.00942434,9.42434e-05
2015-01-22,0.0,0.0,0.0,134.8001,0.0,0.02226013,0.0002226013
2015-01-23,0.0,0.0,0.0,134.8222,0.0,0.01639465,0.0001639465
2015-01-26,0.0,0.0,0.0,134.8765,0.0,0.04027527,0.0004027527
2015-01-27,0.0,0.0,0.0,134.8939,0.0,0.01290069,0.00012900689999999999
2015-01-28,0.0,0.0,0.0,134.8897,0.0,-0.00311356,-3.11356e-05
2015-01-29,0.0,0.0,0.0,134.8829,0.0,-0.00504116,-5.0411600000000004e-05
2015-01-30,0.0,0.0,0.0,134.8852,0.0,0.00170518,1.7051799999999998e-05
2015-02-02,0.0,0.0,0.0,134.9274,0.0,0.03128586,0.0003128586
2015-02-03,0.0,0.0,0.0,134.9353,0.0,0.005855,5.855e-05
2015-02-04,0.0,0.0,0.0,134.9562,0.0,0.0154889,0.000154889
2015-02-05,0.0,0.0,0.0,135.0147,0.0,0.0433474,0.000433474
2015-02-06,0.0,0.0,0.0,135.0257,0.0,0.00814726,8.14726e-05
2015-02-09,0.0,0.0,0.0,135.0736,0.0,0.03547473,0.00035474730000000003
2015-02-10,0.0,0.0,0.0,135.0933,0.0,0.01458464,0.0001458464
2015-02-11,0.0,0.0,0.0,135.1092,0.0,0.01176964,0.0001176964
2015-02-12,0.0,0.0,0.0,135.1307,0.0,0.01591305,0.0001591305
2015-02-13,0.0,0.0,0.0,135.1575,0.0,0.01983265,0.0001983265
2015-02-16,0.0,0.0,0.0,135.2178,0.0,0.02130351,0.00021303510000000002
2015-02-17,0.0,0.0,0.0,135.2464,0.0,0.02115106,0.0002115106
2015-02-25,0.0,0.0,0.0,135.3794,0.0,0.09833903,0.0009833902999999999
2015-02-26,0.0,0.0,0.0,135.4016,0.0,0.01639836,0.00016398360000000002
2015-02-27,0.0,0.0,0.0,135.4144,0.0,0.00945336,9.453359999999999e-05
2015-03-02,0.0,0.0,0.0,135.4719,0.0,0.03241575,0.0003241575
2015-03-03,0.0,0.0,0.0,135.4763,0.0,0.00324791,3.24791e-05
2015-03-04,0.0,0.0,0.0,135.4779,0.0,0.00118102,1.1810200000000001e-05
2015-03-05,0.0,0.0,0.0,135.4781,0.0,0.00014763,1.4763e-06
2015-03-06,0.0,0.0,0.0,135.4843,0.0,0.00457639,4.57639e-05
2015-03-09,0.0,0.0,0.0,135.5213,0.0,0.02730944,0.0002730944
2015-03-10,0.0,0.0,0.0,135.5323,0.0,0.00811681,8.11681e-05
2015-03-11,0.0,0.0,0.0,135.5498,0.0,0.01291205,0.0001291205
2015-03-12,0.0,0.0,0.0,135.5793,0.0,0.02176322,0.0002176322
2015-03-13,0.0,0.0,0.0,135.5903,0.0,0.00811333,8.11333e-05
2015-03-16,0.0,0.0,0.0,135.6426,0.0,0.03857208,0.00038572080000000004
2015-03-17,0.0,0.0,0.0,135.6551,0.0,0.00921539,9.21539e-05
2015-03-18,0.0,0.0,0.0,135.6684,0.0,0.00980428,9.804280000000001e-05
2015-03-19,0.0,0.0,0.0,135.6885,0.0,0.01481554,0.0001481554
2015-03-20,0.0,0.0,0.0,135.7084,0.0,0.01466594,0.0001466594
2015-03-23,0.0,0.0,0.0,135.7507,0.0,0.03116977,0.0003116977
2015-03-24,0.0,0.0,0.0,135.7607,0.0,0.00736644,7.36644e-05
2015-03-25,0.0,0.0,0.0,135.7594,0.0,-0.00095757,-9.5757e-06
2015-03-26,0.0,0.0,0.0,135.7674,0.0,0.00589278,5.89278e-05
2015-03-27,0.0,0.0,0.0,135.7646,0.0,-0.00206235,-2.06235e-05
2015-03-30,0.0,0.0,0.0,135.7852,0.0,0.01517332,0.0001517332
2015-03-31,0.0,0.0,0.0,135.7799,0.0,-0.00390322,-3.90322e-05
2015-04-01,0.0,0.0,0.0,135.8105,0.0,0.02253647,0.0002253647
2015-04-02,0.0,0.0,0.0,135.8368,0.0,0.01936522,0.00019365219999999998
2015-04-03,0.0,0.0,0.0,135.8551,0.0,0.01347205,0.0001347205
2015-04-07,0.0,0.0,0.0,135.9336,0.0,0.05778215,0.0005778215
2015-04-08,0.0,0.0,0.0,135.9849,0.0,0.03773901,0.00037739010000000005
2015-04-09,0.0,0.0,0.0,136.0226,0.0,0.02772367,0.0002772367
2015-04-10,0.0,0.0,0.0,136.0623,0.0,0.02918633,0.0002918633
2015-04-13,0.0,0.0,0.0,136.1123,0.0,0.03674787,0.00036747870000000004
2015-04-14,0.0,0.0,0.0,136.1504,0.0,0.02799159,0.00027991590000000003
2015-04-15,0.0,0.0,0.0,136.1781,0.0,0.02034515,0.00020345149999999998
2015-04-16,0.0,0.0,0.0,136.2124,0.0,0.0251876,0.000251876
2015-04-17,0.0,0.0,0.0,136.2391,0.0,0.01960174,0.0001960174
2015-04-20,0.0,0.0,0.0,136.3643,0.0,0.09189726,0.0009189726
2015-04-21,0.0,0.0,0.0,136.4272,0.0,0.04612644,0.0004612644
2015-04-22,0.0,0.0,0.0,136.4803,0.0,0.03892186,0.00038921860000000003
2015-04-23,0.0,0.0,0.0,136.5425,0.0,0.04557434,0.00045574339999999996
2015-04-24,0.0,0.0,0.0,136.5429,0.0,0.00029295,2.9295e-06
2015-04-27,0.0,0.0,0.0,136.5922,0.0,0.03610587,0.0003610587
2015-04-28,0.0,0.0,0.0,136.6112,0.0,0.01391002,0.0001391002
2015-04-29,0.0,0.0,0.0,136.6347,0.0,0.0172021,0.000172021
2015-04-30,0.0,0.0,0.0,136.6695,0.0,0.02546937,0.00025469370000000003
2015-05-04,0.0,0.0,0.0,136.7322,0.0,0.0458771,0.00045877099999999996
2015-05-05,0.0,0.0,0.0,136.7774,0.0,0.03305732,0.00033057320000000004
2015-05-06,0.0,0.0,0.0,136.8156,0.0,0.02792859,0.0002792859
2015-05-07,0.0,0.0,0.0,136.8703,0.0,0.03998082,0.0003998082
2015-05-08,0.0,0.0,0.0,136.9049,0.0,0.02527941,0.0002527941
2015-05-11,0.0,0.0,0.0,136.9994,0.0,0.06902602,0.0006902601999999999
2015-05-12,0.0,0.0,0.0,137.0854,0.0,0.062774,0.00062774
2015-05-13,0.0,0.0,0.0,137.1572,0.0,0.05237611,0.0005237611
2015-05-14,0.0,0.0,0.0,137.2731,0.0,0.08450158,0.0008450158
2015-05-15,0.0,0.0,0.0,137.3559,0.0,0.06031772,0.0006031772
2015-05-18,0.0,0.0,0.0,137.4042,0.0,0.03516412,0.0003516412
2015-05-19,0.0,0.0,0.0,137.4028,0.0,-0.00101889,-1.01889e-05
2015-05-20,0.0,0.0,0.0,137.4044,0.0,0.00116446,1.16446e-05
2015-05-21,0.0,0.0,0.0,137.4008,0.0,-0.00262,-2.62e-05
2015-05-22,0.0,0.0,0.0,137.4219,0.0,0.01535653,0.0001535653
2015-05-25,0.0,0.0,0.0,137.4616,0.0,0.02888914,0.0002888914
2015-05-26,0.0,0.0,0.0,137.4813,0.0,0.01433128,0.0001433128
2015-05-27,0.0,0.0,0.0,137.486,0.0,0.00341865,3.41865e-05
2015-05-28,0.0,0.0,0.0,137.4821,0.0,-0.00283665,-2.83665e-05
2015-05-29,0.0,0.0,0.0,137.4475,0.0,-0.02516691,-0.0002516691
2015-06-01,0.0,0.0,0.0,137.4902,0.0,0.03106641,0.00031066409999999997
2015-06-02,0.0,0.0,0.0,137.5129,0.0,0.01651027,0.0001651027
2015-06-03,0.0,0.0,0.0,137.5447,0.0,0.0231251,0.000231251
2015-06-04,0.0,0.0,0.0,137.5834,0.0,0.02813631,0.0002813631
2015-06-05,0.0,0.0,0.0,137.6163,0.0,0.02391277,0.0002391277
2015-06-08,0.0,0.0,0.0,137.6602,0.0,0.03190029,0.00031900289999999996
2015-06-09,0.0,0.0,0.0,137.66,0.0,-0.00014529,-1.4529e-06
2015-06-10,0.0,0.0,0.0,137.6635,0.0,0.0025425,2.5425e-05
2015-06-11,0.0,0.0,0.0,137.6645,0.0,0.00072641,7.2641000000000005e-06
2015-06-12,0.0,0.0,0.0,137.6429,0.0,-0.01569032,-0.0001569032
2015-06-15,0.0,0.0,0.0,137.6508,0.0,0.00573949,5.73949e-05
2015-06-16,0.0,0.0,0.0,137.6383,0.0,-0.00908095,-9.080950000000001e-05
2015-06-17,0.0,0.0,0.0,137.6173,0.0,-0.01525738,-0.00015257379999999998
2015-06-18,0.0,0.0,0.0,137.622,0.0,0.00341527,3.41527e-05
2015-06-19,0.0,0.0,0.0,137.6331,0.0,0.00806557,8.065569999999999e-05
2015-06-23,0.0,0.0,0.0,137.6725,0.0,0.02862683,0.0002862683
2015-06-24,0.0,0.0,0.0,137.6863,0.0,0.01002379,0.00010023789999999999
2015-06-25,0.0,0.0,0.0,137.6987,0.0,0.00900598,9.00598e-05
2015-06-26,0.0,0.0,0.0,137.7069,0.0,0.00595503,5.95503e-05
2015-06-29,0.0,0.0,0.0,137.755,0.0,0.03492926,0.00034929259999999995
2015-06-30,0.0,0.0,0.0,137.7736,0.0,0.01350223,0.00013502230000000002
2015-07-01,0.0,0.0,0.0,137.792,0.0,0.01335524,0.0001335524
2015-07-02,0.0,0.0,0.0,137.8058,0.0,0.0100151,0.00010015100000000001
2015-07-03,0.0,0.0,0.0,137.8304,0.0,0.01785121,0.00017851209999999998
2015-07-06,0.0,0.0,0.0,137.915,0.0,0.06137978,0.0006137978
2015-07-07,0.0,0.0,0.0,137.9555,0.0,0.02936591,0.00029365909999999997
2015-07-08,0.0,0.0,0.0,137.9506,0.0,-0.00355187,-3.55187e-05
2015-07-09,0.0,0.0,0.0,137.9185,0.0,-0.0232692,-0.000232692
2015-07-10,0.0,0.0,0.0,137.9054,0.0,-0.00949836,-9.498360000000001e-05
2015-07-13,0.0,0.0,0.0,137.944,0.0,0.0279902,0.000279902
2015-07-14,0.0,0.0,0.0,137.9498,0.0,0.0042046,4.2046000000000004e-05
2015-07-15,0.0,0.0,0.0,137.9633,0.0,0.00978617,9.78617e-05
2015-07-16,0.0,0.0,0.0,137.9711,0.0,0.00565368,5.6536800000000004e-05
2015-07-17,0.0,0.0,0.0,137.98,0.0,0.00645063,6.45063e-05
2015-07-20,0.0,0.0,0.0,138.0276,0.0,0.03449775,0.0003449775
2015-07-21,0.0,0.0,0.0,138.0584,0.0,0.02231438,0.00022314380000000003
2015-07-22,0.0,0.0,0.0,138.0854,0.0,0.01955694,0.00019556939999999998
2015-07-23,0.0,0.0,0.0,138.1354,0.0,0.03620948,0.00036209480000000004
2015-07-24,0.0,0.0,0.0,138.1778,0.0,0.03069452,0.0003069452
2015-07-27,0.0,0.0,0.0,138.2203,0.0,0.03075747,0.0003075747
2015-07-28,0.0,0.0,0.0,138.2252,0.0,0.00354507,3.54507e-05
2015-07-29,0.0,0.0,0.0,138.2445,0.0,0.01396272,0.00013962719999999998
2015-07-30,0.0,0.0,0.0,138.2583,0.0,0.00998231,9.982309999999999e-05
2015-07-31,0.0,0.0,0.0,138.2688,0.0,0.00759448,7.594479999999999e-05
2015-08-03,0.0,0.0,0.0,138.2965,0.0,0.02003344,0.00020033439999999998
2015-08-04,0.0,0.0,0.0,138.324,0.0,0.01988481,0.00019884809999999998
2015-08-05,0.0,0.0,0.0,138.3513,0.0,0.01973627,0.0001973627
2015-08-06,0.0,0.0,0.0,138.387,0.0,0.02580388,0.0002580388
2015-08-07,0.0,0.0,0.0,138.4252,0.0,0.02760375,0.0002760375
2015-08-10,0.0,0.0,0.0,138.4749,0.0,0.03590387,0.00035903869999999997
2015-08-11,0.0,0.0,0.0,138.4701,0.0,-0.00346633,-3.4663300000000004e-05
2015-08-12,0.0,0.0,0.0,138.4325,0.0,-0.02715388,-0.0002715388
2015-08-13,0.0,0.0,0.0,138.4392,0.0,0.0048399,4.8399e-05
2015-08-14,0.0,0.0,0.0,138.4541,0.0,0.01076285,0.00010762849999999999
2015-08-17,0.0,0.0,0.0,138.483,0.0,0.02087334,0.0002087334
2015-08-18,0.0,0.0,0.0,138.4971,0.0,0.01018176,0.00010181759999999999
2015-08-19,0.0,0.0,0.0,138.4953,0.0,-0.00129967,-1.2996699999999999e-05
2015-08-20,0.0,0.0,0.0,138.5002,0.0,0.00353803,3.5380300000000004e-05
2015-08-21,0.0,0.0,0.0,138.5071,0.0,0.00498194,4.98194e-05
2015-08-24,0.0,0.0,0.0,138.5487,0.0,0.03003456,0.00030034559999999997
2015-08-25,0.0,0.0,0.0,138.5414,0.0,-0.00526891,-5.26891e-05
2015-08-26,0.0,0.0,0.0,138.56,0.0,0.01342559,0.0001342559
2015-08-27,0.0,0.0,0.0,138.5569,0.0,-0.0022373,-2.2372999999999997e-05
2015-08-28,0.0,0.0,0.0,138.5662,0.0,0.00671204,6.71204e-05
2015-08-31,0.0,0.0,0.0,138.6087,0.0,0.03067126,0.0003067126
2015-09-01,0.0,0.0,0.0,138.6203,0.0,0.00836888,8.36888e-05
2015-09-02,0.0,0.0,0.0,138.6323,0.0,0.00865674,8.65674e-05
2015-09-07,0.0,0.0,0.0,138.7031,0.0,0.01074352,0.00010743519999999999
2015-09-08,0.0,0.0,0.0,138.7236,0.0,0.01477977,0.0001477977
2015-09-09,0.0,0.0,0.0,138.7365,0.0,0.00929907,9.29907e-05
2015-09-10,0.0,0.0,0.0,138.7467,0.0,0.00735207,7.35207e-05
2015-09-11,0.0,0.0,0.0,138.7564,0.0,0.00699116,6.99116e-05
2015-09-14,0.0,0.0,0.0,138.7966,0.0,0.02897164,0.0002897164
2015-09-15,0.0,0.0,0.0,138.8103,0.0,0.00987056,9.87056e-05
2015-09-16,0.0,0.0,0.0,138.8222,0.0,0.00857285,8.57285e-05
2015-09-17,0.0,0.0,0.0,138.8312,0.0,0.00648311,6.48311e-05
2015-09-18,0.0,0.0,0.0,138.8311,0.0,-7.203e-05,-7.203e-07
2015-09-21,0.0,0.0,0.0,138.8631,0.0,0.02304959,0.00023049589999999998
2015-09-22,0.0,0.0,0.0,138.862,0.0,-0.00079215,-7.9215e-06
2015-09-23,0.0,0.0,0.0,138.8737,0.0,0.00842563,8.42563e-05
2015-09-24,0.0,0.0,0.0,138.8814,0.0,0.00554461,5.5446100000000004e-05
2015-09-25,0.0,0.0,0.0,138.9005,0.0,0.01375274,0.0001375274
2015-09-28,0.0,0.0,0.0,138.9276,0.0,0.01951037,0.0001951037
2015-09-29,0.0,0.0,0.0,138.9439,0.0,0.01173273,0.0001173273
2015-09-30,0.0,0.0,0.0,138.9491,0.0,0.00374252,3.74252e-05
2015-10-08,0.0,0.0,0.0,139.0452,0.0,0.06916202,0.0006916202000000001
2015-10-09,0.0,0.0,0.0,139.0662,0.0,0.015103,0.00015103
2015-10-12,0.0,0.0,0.0,139.089,0.0,0.01474094,0.00014740939999999998
2015-10-13,0.0,0.0,0.0,139.1015,0.0,0.00898705,8.98705e-05
2015-10-14,0.0,0.0,0.0,139.1175,0.0,0.01150239,0.0001150239
2015-10-15,0.0,0.0,0.0,139.1384,0.0,0.01502327,0.0001502327
2015-10-16,0.0,0.0,0.0,139.1466,0.0,0.00589341,5.89341e-05
2015-10-19,0.0,0.0,0.0,139.1943,0.0,0.03428039,0.0003428039
2015-10-20,0.0,0.0,0.0,139.2051,0.0,0.00775894,7.758939999999999e-05
2015-10-21,0.0,0.0,0.0,139.2199,0.0,0.01063179,0.0001063179
2015-10-22,0.0,0.0,0.0,139.2273,0.0,0.00531533,5.31533e-05
2015-10-23,0.0,0.0,0.0,139.2323,0.0,0.00359125,3.59125e-05
2015-10-26,0.0,0.0,0.0,139.2935,0.0,0.04395532,0.0004395532
2015-10-27,0.0,0.0,0.0,139.3192,0.0,0.01845025,0.00018450250000000002
2015-10-28,0.0,0.0,0.0,139.338,0.0,0.01349419,0.0001349419
2015-10-29,0.0,0.0,0.0,139.3547,0.0,0.01198524,0.00011985239999999999
2015-10-30,0.0,0.0,0.0,139.3693,0.0,0.01047686,0.0001047686
2015-11-02,0.0,0.0,0.0,139.4097,0.0,0.02898773,0.0002898773
2015-11-03,0.0,0.0,0.0,139.4111,0.0,0.00100423,1.00423e-05
2015-11-04,0.0,0.0,0.0,139.4129,0.0,0.00129115,1.29115e-05
2015-11-05,0.0,0.0,0.0,139.4176,0.0,0.00337128,3.37128e-05
2015-11-06,0.0,0.0,0.0,139.4333,0.0,0.01126113,0.00011261129999999999
2015-11-09,0.0,0.0,0.0,139.3936,0.0,-0.0284724,-0.000284724
2015-11-10,0.0,0.0,0.0,139.3753,0.0,-0.01312829,-0.00013128290000000002
2015-11-11,0.0,0.0,0.0,139.3568,0.0,-0.01327351,-0.00013273510000000002
2015-11-12,0.0,0.0,0.0,139.3626,0.0,0.00416198,4.16198e-05
2015-11-13,0.0,0.0,0.0,139.3717,0.0,0.00652973,6.52973e-05
2015-11-16,0.0,0.0,0.0,139.4036,0.0,0.02288843,0.00022888430000000002
2015-11-17,0.0,0.0,0.0,139.4182,0.0,0.01047319,0.0001047319
2015-11-18,0.0,0.0,0.0,139.4159,0.0,-0.00164971,-1.6497099999999998e-05
2015-11-19,0.0,0.0,0.0,139.4175,0.0,0.00114765,1.1476500000000001e-05
2015-11-20,0.0,0.0,0.0,139.4293,0.0,0.00846379,8.46379e-05
2015-11-23,0.0,0.0,0.0,139.462,0.0,0.02345275,0.0002345275
2015-11-24,0.0,0.0,0.0,139.4766,0.0,0.0104688,0.000104688
2015-11-25,0.0,0.0,0.0,139.4984,0.0,0.01562986,0.0001562986
2015-11-26,0.0,0.0,0.0,139.5087,0.0,0.0073836,7.3836e-05
2015-11-27,0.0,0.0,0.0,139.5177,0.0,0.00645121,6.45121e-05
2015-11-30,0.0,0.0,0.0,139.5506,0.0,0.02358124,0.00023581239999999999
2015-12-01,0.0,0.0,0.0,139.5691,0.0,0.01325684,0.0001325684
2015-12-02,0.0,0.0,0.0,139.5841,0.0,0.01074736,0.0001074736
2015-12-03,0.0,0.0,0.0,139.606,0.0,0.01568947,0.0001568947
2015-12-04,0.0,0.0,0.0,139.638,0.0,0.02292165,0.00022921649999999998
2015-12-07,0.0,0.0,0.0,139.6925,0.0,0.03902949,0.0003902949
2015-12-08,0.0,0.0,0.0,139.7138,0.0,0.01524778,0.0001524778
2015-12-09,0.0,0.0,0.0,139.7307,0.0,0.01209616,0.0001209616
2015-12-10,0.0,0.0,0.0,139.7453,0.0,0.01044867,0.0001044867
2015-12-11,0.0,0.0,0.0,139.7529,0.0,0.00543847,5.43847e-05
2015-12-14,0.0,0.0,0.0,139.7776,0.0,0.01767405,0.0001767405
2015-12-15,0.0,0.0,0.0,139.7874,0.0,0.00701114,7.01114e-05
2015-12-16,0.0,0.0,0.0,139.8098,0.0,0.01602433,0.0001602433
2015-12-17,0.0,0.0,0.0,139.8176,0.0,0.00557901,5.57901e-05
2015-12-18,0.0,0.0,0.0,139.8358,0.0,0.01301696,0.00013016959999999998
2015-12-21,0.0,0.0,0.0,139.8806,0.0,0.03203758,0.0003203758
2015-12-22,0.0,0.0,0.0,139.9073,0.0,0.01908771,0.0001908771
2015-12-23,0.0,0.0,0.0,139.917,0.0,0.00693316,6.933159999999999e-05
2015-12-24,0.0,0.0,0.0,139.9484,0.0,0.02244188,0.00022441880000000002
2015-12-25,0.0,0.0,0.0,139.9847,0.0,0.02593813,0.0002593813
2015-12-28,0.0,0.0,0.0,140.039,0.0,0.03878995,0.0003878995
2015-12-29,0.0,0.0,0.0,140.0711,0.0,0.02292219,0.00022922189999999997
2015-12-30,0.0,0.0,0.0,140.1071,0.0,0.02570123,0.0002570123
2015-12-31,0.0,0.0,0.0,140.1005,0.0,-0.00471068,-4.71068e-05
2016-01-04,0.0,0.0,0.0,140.1033,0.0,0.00199857,1.9985699999999997e-05
2016-01-05,0.0,0.0,0.0,140.1182,0.0,0.01063501,0.0001063501
2016-01-06,0.0,0.0,0.0,140.1368,0.0,0.01327451,0.0001327451
2016-01-07,0.0,0.0,0.0,140.1619,0.0,0.01791107,0.0001791107
2016-01-08,0.0,0.0,0.0,140.1991,0.0,0.02654074,0.0002654074
2016-01-11,0.0,0.0,0.0,140.2473,0.0,0.03437968,0.0003437968
2016-01-12,0.0,0.0,0.0,140.2909,0.0,0.03108794,0.0003108794
2016-01-13,0.0,0.0,0.0,140.3194,0.0,0.02031493,0.00020314929999999998
2016-01-14,0.0,0.0,0.0,140.346,0.0,0.01895675,0.0001895675
2016-01-15,0.0,0.0,0.0,140.3605,0.0,0.01033161,0.00010331609999999999
2016-01-18,0.0,0.0,0.0,140.3959,0.0,0.02522077,0.0002522077
2016-01-19,0.0,0.0,0.0,140.3767,0.0,-0.01367561,-0.00013675609999999998
2016-01-20,0.0,0.0,0.0,140.3425,0.0,-0.02436302,-0.00024363019999999998
2016-01-21,0.0,0.0,0.0,140.304,0.0,-0.02743289,-0.0002743289
2016-01-22,0.0,0.0,0.0,140.3452,0.0,0.02936481,0.0002936481
2016-01-25,0.0,0.0,0.0,140.3917,0.0,0.03313259,0.0003313259
2016-01-26,0.0,0.0,0.0,140.3923,0.0,0.00042738,4.2738e-06
2016-01-27,0.0,0.0,0.0,140.3837,0.0,-0.00612569,-6.125689999999999e-05
2016-01-28,0.0,0.0,0.0,140.3712,0.0,-0.00890417,-8.90417e-05
2016-01-29,0.0,0.0,0.0,140.3976,0.0,0.01880728,0.00018807279999999999
2016-02-01,0.0,0.0,0.0,140.4328,0.0,0.02507165,0.0002507165
2016-02-02,0.0,0.0,0.0,140.4601,0.0,0.0194399,0.000194399
2016-02-03,0.0,0.0,0.0,140.4635,0.0,0.00242062,2.4206200000000002e-05
2016-02-04,0.0,0.0,0.0,140.4911,0.0,0.01964923,0.0001964923
2016-02-05,0.0,0.0,0.0,140.5199,0.0,0.02049952,0.0002049952
2016-02-15,0.0,0.0,0.0,140.6435,0.0,0.00391075,3.9107500000000005e-05
2016-02-16,0.0,0.0,0.0,140.6543,0.0,0.00767899,7.67899e-05
2016-02-17,0.0,0.0,0.0,140.6701,0.0,0.01123322,0.00011233220000000001
2016-02-18,0.0,0.0,0.0,140.6867,0.0,0.01180066,0.0001180066
2016-02-19,0.0,0.0,0.0,140.721,0.0,0.02438041,0.0002438041
2016-02-22,0.0,0.0,0.0,140.7608,0.0,0.02828291,0.0002828291
2016-02-23,0.0,0.0,0.0,140.7794,0.0,0.01321391,0.0001321391
2016-02-24,0.0,0.0,0.0,140.7947,0.0,0.01086807,0.0001086807
2016-02-25,0.0,0.0,0.0,140.7842,0.0,-0.00745767,-7.45767e-05
2016-02-26,0.0,0.0,0.0,140.8038,0.0,0.01392202,0.0001392202
2016-02-29,0.0,0.0,0.0,140.8359,0.0,0.02279768,0.00022797680000000002
2016-03-01,0.0,0.0,0.0,140.8676,0.0,0.02250847,0.00022508469999999998
2016-03-02,0.0,0.0,0.0,140.8865,0.0,0.01341685,0.0001341685
2016-03-03,0.0,0.0,0.0,140.9009,0.0,0.01022099,0.00010220989999999999
2016-03-04,0.0,0.0,0.0,140.9254,0.0,0.01738811,0.00017388109999999998
2016-03-07,0.0,0.0,0.0,140.9792,0.0,0.03817623,0.0003817623
2016-03-08,0.0,0.0,0.0,140.9881,0.0,0.00631299,6.312990000000001e-05
2016-03-09,0.0,0.0,0.0,141.0198,0.0,0.02248417,0.0002248417
2016-03-10,0.0,0.0,0.0,141.039,0.0,0.01361511,0.0001361511
2016-03-11,0.0,0.0,0.0,141.0469,0.0,0.00560129,5.60129e-05
2016-03-14,0.0,0.0,0.0,141.0823,0.0,0.02509803,0.0002509803
2016-03-15,0.0,0.0,0.0,141.0849,0.0,0.0018429,1.8429e-05
2016-03-16,0.0,0.0,0.0,141.0951,0.0,0.00722969,7.229690000000001e-05
2016-03-17,0.0,0.0,0.0,141.0989,0.0,0.00269322,2.69322e-05
2016-03-18,0.0,0.0,0.0,141.107,0.0,0.00574065,5.74065e-05
2016-03-21,0.0,0.0,0.0,141.1328,0.0,0.018284,0.00018284
2016-03-22,0.0,0.0,0.0,141.1403,0.0,0.00531414,5.31414e-05
2016-03-23,0.0,0.0,0.0,141.1513,0.0,0.00779366,7.79366e-05
2016-03-24,0.0,0.0,0.0,141.1633,0.0,0.00850152,8.50152e-05
2016-03-25,0.0,0.0,0.0,141.1518,0.0,-0.00814659,-8.14659e-05
2016-03-28,0.0,0.0,0.0,141.1634,0.0,0.0082181,8.2181e-05
2016-03-29,0.0,0.0,0.0,141.1596,0.0,-0.00269192,-2.69192e-05
2016-03-30,0.0,0.0,0.0,141.1547,0.0,-0.00347125,-3.47125e-05
2016-03-31,0.0,0.0,0.0,141.1483,0.0,-0.00453403,-4.53403e-05
2016-04-01,0.0,0.0,0.0,141.1747,0.0,0.01870373,0.00018703729999999997
2016-04-05,0.0,0.0,0.0,141.225,0.0,0.03562961,0.0003562961
2016-04-06,0.0,0.0,0.0,141.2364,0.0,0.00807223,8.07223e-05
2016-04-07,0.0,0.0,0.0,141.2513,0.0,0.01054969,0.0001054969
2016-04-08,0.0,0.0,0.0,141.2501,0.0,-0.00084955,-8.4955e-06
2016-04-11,0.0,0.0,0.0,141.2838,0.0,0.02385839,0.0002385839
2016-04-12,0.0,0.0,0.0,141.2684,0.0,-0.01090005,-0.0001090005
2016-04-13,0.0,0.0,0.0,141.2571,0.0,-0.00799896,-7.99896e-05
2016-04-14,0.0,0.0,0.0,141.2344,0.0,-0.01606999,-0.0001606999
2016-04-15,0.0,0.0,0.0,141.244,0.0,0.00679721,6.79721e-05
2016-04-18,0.0,0.0,0.0,141.2828,0.0,0.02747019,0.0002747019
2016-04-19,0.0,0.0,0.0,141.2885,0.0,0.00403446,4.03446e-05
2016-04-20,0.0,0.0,0.0,141.2835,0.0,-0.00353886,-3.53886e-05
2016-04-21,0.0,0.0,0.0,141.2543,0.0,-0.02066766,-0.0002066766
2016-04-22,0.0,0.0,0.0,141.2332,0.0,-0.0149376,-0.000149376
2016-04-25,0.0,0.0,0.0,141.2216,0.0,-0.00821337,-8.213369999999999e-05
2016-04-26,0.0,0.0,0.0,141.221,0.0,-0.00042486,-4.2486e-06
2016-04-27,0.0,0.0,0.0,141.243,0.0,0.01557842,0.0001557842
2016-04-28,0.0,0.0,0.0,141.2657,0.0,0.01607159,0.0001607159
2016-04-29,0.0,0.0,0.0,141.2817,0.0,0.01132617,0.0001132617
2016-05-03,0.0,0.0,0.0,141.3558,0.0,0.05244841,0.0005244841
2016-05-04,0.0,0.0,0.0,141.367,0.0,0.00792327,7.92327e-05
2016-05-05,0.0,0.0,0.0,141.3811,0.0,0.00997404,9.97404e-05
2016-05-06,0.0,0.0,0.0,141.3894,0.0,0.00587066,5.87066e-05
2016-05-09,0.0,0.0,0.0,141.4322,0.0,0.03027101,0.0003027101
2016-05-10,0.0,0.0,0.0,141.4433,0.0,0.00784828,7.848279999999999e-05
2016-05-11,0.0,0.0,0.0,141.4592,0.0,0.01124125,0.0001124125
2016-05-12,0.0,0.0,0.0,141.4688,0.0,0.00678641,6.786409999999999e-05
2016-05-13,0.0,0.0,0.0,141.483,0.0,0.01003755,0.0001003755
2016-05-16,0.0,0.0,0.0,141.5127,0.0,0.02099192,0.0002099192
2016-05-17,0.0,0.0,0.0,141.5237,0.0,0.00777315,7.77315e-05
2016-05-18,0.0,0.0,0.0,141.5256,0.0,0.00134253,1.34253e-05
2016-05-19,0.0,0.0,0.0,141.5409,0.0,0.01081076,0.00010810760000000002
2016-05-20,0.0,0.0,0.0,141.5564,0.0,0.0109509,0.000109509
2016-05-23,0.0,0.0,0.0,141.5999,0.0,0.0307298,0.000307298
2016-05-24,0.0,0.0,0.0,141.604,0.0,0.00289548,2.8954800000000003e-05
2016-05-25,0.0,0.0,0.0,141.616,0.0,0.00847434,8.47434e-05
2016-05-26,0.0,0.0,0.0,141.625,0.0,0.00635521,6.35521e-05
2016-05-27,0.0,0.0,0.0,141.631,0.0,0.00423654,4.236539999999999e-05
2016-05-30,0.0,0.0,0.0,141.6704,0.0,0.02781877,0.0002781877
2016-05-31,0.0,0.0,0.0,141.6761,0.0,0.00402342,4.0234199999999995e-05
2016-06-01,0.0,0.0,0.0,141.6868,0.0,0.00755244,7.552439999999999e-05
2016-06-02,0.0,0.0,0.0,141.6949,0.0,0.00571683,5.71683e-05
2016-06-03,0.0,0.0,0.0,141.7077,0.0,0.00903349,9.03349e-05
2016-06-06,0.0,0.0,0.0,141.7459,0.0,0.0269569,0.000269569
2016-06-07,0.0,0.0,0.0,141.7598,0.0,0.00980628,9.80628e-05
2016-06-08,0.0,0.0,0.0,141.7672,0.0,0.0052201,5.2201000000000004e-05
2016-06-13,0.0,0.0,0.0,141.8262,0.0,0.00500638,5.006380000000001e-05
2016-06-14,0.0,0.0,0.0,141.8351,0.0,0.00627529,6.275290000000001e-05
2016-06-15,0.0,0.0,0.0,141.853,0.0,0.01262029,0.0001262029
2016-06-16,0.0,0.0,0.0,141.863,0.0,0.00704955,7.04955e-05
2016-06-17,0.0,0.0,0.0,141.8683,0.0,0.003736,3.736e-05
2016-06-20,0.0,0.0,0.0,141.8946,0.0,0.01853832,0.0001853832
2016-06-21,0.0,0.0,0.0,141.9231,0.0,0.02008533,0.0002008533
2016-06-22,0.0,0.0,0.0,141.9325,0.0,0.00662331,6.623310000000001e-05
2016-06-23,0.0,0.0,0.0,141.9442,0.0,0.00824336,8.24336e-05
2016-06-24,0.0,0.0,0.0,141.9556,0.0,0.00803132,8.03132e-05
2016-06-27,0.0,0.0,0.0,141.9919,0.0,0.02557138,0.0002557138
2016-06-28,0.0,0.0,0.0,142.0033,0.0,0.00802863,8.02863e-05
2016-06-29,0.0,0.0,0.0,142.0151,0.0,0.00830967,8.30967e-05
2016-06-30,0.0,0.0,0.0,142.0341,0.0,0.01337886,0.0001337886
2016-07-01,0.0,0.0,0.0,142.0651,0.0,0.02182574,0.0002182574
2016-07-04,0.0,0.0,0.0,142.1207,0.0,0.03913699,0.0003913699
2016-07-05,0.0,0.0,0.0,142.1404,0.0,0.01386146,0.0001386146
2016-07-06,0.0,0.0,0.0,142.1584,0.0,0.01266354,0.0001266354
2016-07-07,0.0,0.0,0.0,142.1957,0.0,0.02623834,0.0002623834
2016-07-08,0.0,0.0,0.0,142.2097,0.0,0.00984559,9.84559e-05
2016-07-11,0.0,0.0,0.0,142.256,0.0,0.03255755,0.0003255755
2016-07-12,0.0,0.0,0.0,142.2735,0.0,0.01230177,0.0001230177
2016-07-13,0.0,0.0,0.0,142.2843,0.0,0.00759101,7.591009999999999e-05
2016-07-14,0.0,0.0,0.0,142.3023,0.0,0.01265073,0.0001265073
2016-07-15,0.0,0.0,0.0,142.3258,0.0,0.01651414,0.0001651414
2016-07-18,0.0,0.0,0.0,142.3643,0.0,0.02705061,0.0002705061
2016-07-19,0.0,0.0,0.0,142.3947,0.0,0.02135367,0.0002135367
2016-07-20,0.0,0.0,0.0,142.4202,0.0,0.01790797,0.00017907969999999998
2016-07-21,0.0,0.0,0.0,142.4364,0.0,0.01137479,0.00011374789999999999
2016-07-22,0.0,0.0,0.0,142.445,0.0,0.00603778,6.03778e-05
2016-07-25,0.0,0.0,0.0,142.4734,0.0,0.01993752,0.0001993752
2016-07-26,0.0,0.0,0.0,142.4802,0.0,0.00477282,4.7728199999999995e-05
2016-07-27,0.0,0.0,0.0,142.5031,0.0,0.01607241,0.00016072409999999998
2016-07-28,0.0,0.0,0.0,142.5291,0.0,0.01824522,0.0001824522
2016-07-29,0.0,0.0,0.0,142.5424,0.0,0.00933143,9.33143e-05
2016-08-01,0.0,0.0,0.0,142.584,0.0,0.0291843,0.000291843
2016-08-02,0.0,0.0,0.0,142.5981,0.0,0.00988891,9.88891e-05
2016-08-03,0.0,0.0,0.0,142.6122,0.0,0.00988793,9.88793e-05
2016-08-04,0.0,0.0,0.0,142.6387,0.0,0.01858186,0.0001858186
2016-08-05,0.0,0.0,0.0,142.6466,0.0,0.00553847,5.5384700000000005e-05
2016-08-08,0.0,0.0,0.0,142.6891,0.0,0.02979391,0.0002979391
2016-08-09,0.0,0.0,0.0,142.7057,0.0,0.01163368,0.00011633680000000001
2016-08-10,0.0,0.0,0.0,142.7196,0.0,0.00974033,9.74033e-05
2016-08-11,0.0,0.0,0.0,142.734,0.0,0.01008971,0.0001008971
2016-08-12,0.0,0.0,0.0,142.7447,0.0,0.00749646,7.49646e-05
2016-08-15,0.0,0.0,0.0,142.7885,0.0,0.03068415,0.0003068415
2016-08-16,0.0,0.0,0.0,142.8078,0.0,0.01351649,0.00013516490000000002
2016-08-17,0.0,0.0,0.0,142.8346,0.0,0.01876648,0.00018766479999999999
2016-08-18,0.0,0.0,0.0,142.8358,0.0,0.00084013,8.4013e-06
2016-08-19,0.0,0.0,0.0,142.859,0.0,0.01624243,0.00016242429999999998
2016-08-22,0.0,0.0,0.0,142.8921,0.0,0.0231697,0.000231697
2016-08-23,0.0,0.0,0.0,142.9006,0.0,0.00594854,5.9485400000000005e-05
2016-08-24,0.0,0.0,0.0,142.9018,0.0,0.00083974,8.3974e-06
2016-08-25,0.0,0.0,0.0,142.9044,0.0,0.00181943,1.81943e-05
2016-08-26,0.0,0.0,0.0,142.9122,0.0,0.00545819,5.45819e-05
2016-08-29,0.0,0.0,0.0,142.9464,0.0,0.02393078,0.0002393078
2016-08-30,0.0,0.0,0.0,142.9403,0.0,-0.00426733,-4.26733e-05
2016-08-31,0.0,0.0,0.0,142.9512,0.0,0.00762556,7.62556e-05
2016-09-01,0.0,0.0,0.0,142.9718,0.0,0.01441051,0.00014410509999999998
2016-09-02,0.0,0.0,0.0,142.9882,0.0,0.01147079,0.00011470789999999999
2016-09-05,0.0,0.0,0.0,143.0344,0.0,0.03231036,0.00032310360000000003
2016-09-06,0.0,0.0,0.0,143.0325,0.0,-0.00132835,-1.32835e-05
2016-09-07,0.0,0.0,0.0,143.0393,0.0,0.00475416,4.7541600000000006e-05
2016-09-08,0.0,0.0,0.0,143.0602,0.0,0.01461137,0.0001461137
2016-09-09,0.0,0.0,0.0,143.0665,0.0,0.00440374,4.40374e-05
2016-09-12,0.0,0.0,0.0,143.1014,0.0,0.02439425,0.00024394249999999998
2016-09-13,0.0,0.0,0.0,143.1127,0.0,0.0078965,7.896500000000001e-05
2016-09-14,0.0,0.0,0.0,143.1213,0.0,0.00600925,6.00925e-05
2016-09-19,0.0,0.0,0.0,143.1624,0.0,-0.00300349,-3.0034900000000003e-05
2016-09-20,0.0,0.0,0.0,143.165,0.0,0.00181612,1.81612e-05
2016-09-21,0.0,0.0,0.0,143.1635,0.0,-0.00104774,-1.0477399999999999e-05
2016-09-22,0.0,0.0,0.0,143.1778,0.0,0.00998858,9.98858e-05
2016-09-23,0.0,0.0,0.0,143.1914,0.0,0.00949868,9.49868e-05
2016-09-26,0.0,0.0,0.0,143.2346,0.0,0.03016941,0.0003016941
2016-09-27,0.0,0.0,0.0,143.2373,0.0,0.00188502,1.88502e-05
2016-09-28,0.0,0.0,0.0,143.252,0.0,0.01026269,0.0001026269
2016-09-29,0.0,0.0,0.0,143.2675,0.0,0.01082009,0.0001082009
2016-09-30,0.0,0.0,0.0,143.2889,0.0,0.01493709,0.0001493709
2016-10-10,0.0,0.0,0.0,143.3992,0.0,0.0073925,7.3925e-05
2016-10-11,0.0,0.0,0.0,143.4149,0.0,0.01094846,0.0001094846
2016-10-12,0.0,0.0,0.0,143.423,0.0,0.00564795,5.6479499999999993e-05
2016-10-13,0.0,0.0,0.0,143.442,0.0,0.01324753,0.0001324753
2016-10-14,0.0,0.0,0.0,143.453,0.0,0.0076686,7.6686e-05
2016-10-17,0.0,0.0,0.0,143.4878,0.0,0.02425882,0.0002425882
2016-10-18,0.0,0.0,0.0,143.4955,0.0,0.00536631,5.36631e-05
2016-10-19,0.0,0.0,0.0,143.5071,0.0,0.00808388,8.08388e-05
2016-10-20,0.0,0.0,0.0,143.5196,0.0,0.00871037,8.71037e-05
2016-10-21,0.0,0.0,0.0,143.5216,0.0,0.00139354,1.39354e-05
2016-10-24,0.0,0.0,0.0,143.5442,0.0,0.01574676,0.0001574676
2016-10-25,0.0,0.0,0.0,143.5489,0.0,0.00327425,3.27425e-05
2016-10-26,0.0,0.0,0.0,143.5253,0.0,-0.01644039,-0.00016440389999999999
2016-10-27,0.0,0.0,0.0,143.5111,0.0,-0.00989373,-9.89373e-05
2016-10-28,0.0,0.0,0.0,143.5178,0.0,0.00466863,4.66863e-05
2016-10-31,0.0,0.0,0.0,143.562,0.0,0.03079757,0.0003079757
2016-11-01,0.0,0.0,0.0,143.5707,0.0,0.0060601,6.0601e-05
2016-11-02,0.0,0.0,0.0,143.603,0.0,0.02249763,0.00022497630000000002
2016-11-03,0.0,0.0,0.0,143.6293,0.0,0.01831438,0.0001831438
2016-11-04,0.0,0.0,0.0,143.6485,0.0,0.01336775,0.0001336775
2016-11-07,0.0,0.0,0.0,143.6873,0.0,0.02701038,0.0002701038
2016-11-08,0.0,0.0,0.0,143.6964,0.0,0.0063332,6.3332e-05
2016-11-09,0.0,0.0,0.0,143.7034,0.0,0.00487138,4.87138e-05
2016-11-10,0.0,0.0,0.0,143.7051,0.0,0.00118299,1.18299e-05
2016-11-11,0.0,0.0,0.0,143.6943,0.0,-0.00751539,-7.51539e-05
2016-11-14,0.0,0.0,0.0,143.7166,0.0,0.01551906,0.0001551906
2016-11-15,0.0,0.0,0.0,143.7081,0.0,-0.00591442,-5.91442e-05
2016-11-16,0.0,0.0,0.0,143.7122,0.0,0.00285301,2.85301e-05
2016-11-17,0.0,0.0,0.0,143.693,0.0,-0.01336003,-0.0001336003
2016-11-18,0.0,0.0,0.0,143.6769,0.0,-0.01120444,-0.0001120444
2016-11-21,0.0,0.0,0.0,143.7113,0.0,0.02394261,0.0002394261
2016-11-22,0.0,0.0,0.0,143.7255,0.0,0.00988092,9.88092e-05
2016-11-23,0.0,0.0,0.0,143.7447,0.0,0.0133588,0.000133588
2016-11-24,0.0,0.0,0.0,143.7562,0.0,0.00800029,8.00029e-05
2016-11-25,0.0,0.0,0.0,143.7492,0.0,-0.00486936,-4.86936e-05
2016-11-28,0.0,0.0,0.0,143.7703,0.0,0.01467834,0.0001467834
2016-11-29,0.0,0.0,0.0,143.6854,0.0,-0.05905253,-0.0005905252999999999
2016-11-30,0.0,0.0,0.0,143.6074,0.0,-0.05428526,-0.0005428526
2016-12-01,0.0,0.0,0.0,143.5725,0.0,-0.02430237,-0.0002430237
2016-12-02,0.0,0.0,0.0,143.5759,0.0,0.00236814,2.36814e-05
2016-12-05,0.0,0.0,0.0,143.5885,0.0,0.00877585,8.77585e-05
2016-12-06,0.0,0.0,0.0,143.554,0.0,-0.02402699,-0.00024026990000000002
2016-12-07,0.0,0.0,0.0,143.5496,0.0,-0.00306505,-3.06505e-05
2016-12-08,0.0,0.0,0.0,143.5611,0.0,0.00801117,8.01117e-05
2016-12-09,0.0,0.0,0.0,143.5513,0.0,-0.00682636,-6.82636e-05
2016-12-12,0.0,0.0,0.0,143.5278,0.0,-0.01637045,-0.0001637045
2016-12-13,0.0,0.0,0.0,143.4985,0.0,-0.02041416,-0.0002041416
2016-12-14,0.0,0.0,0.0,143.4277,0.0,-0.04933849,-0.0004933849
2016-12-15,0.0,0.0,0.0,143.261,0.0,-0.11622581,-0.0011622581
2016-12-16,0.0,0.0,0.0,143.1806,0.0,-0.05612134,-0.0005612134
2016-12-19,0.0,0.0,0.0,143.1257,0.0,-0.03834318,-0.0003834318
2016-12-20,0.0,0.0,0.0,143.0603,0.0,-0.0456941,-0.000456941
2016-12-21,0.0,0.0,0.0,143.1501,0.0,0.06277073,0.0006277073
2016-12-22,0.0,0.0,0.0,143.2788,0.0,0.08990563,0.0008990563
2016-12-23,0.0,0.0,0.0,143.4273,0.0,0.10364408,0.0010364408
2016-12-26,0.0,0.0,0.0,143.5191,0.0,0.06400455,0.0006400455
2016-12-27,0.0,0.0,0.0,143.5709,0.0,0.03609276,0.0003609276
2016-12-28,0.0,0.0,0.0,143.5918,0.0,0.01455727,0.0001455727
2016-12-29,0.0,0.0,0.0,143.6393,0.0,0.03307988,0.0003307988
2016-12-30,0.0,0.0,0.0,143.6939,0.0,0.03801188,0.0003801188
2017-01-03,0.0,0.0,0.0,143.7701,0.0,0.04063691,0.0004063691
2017-01-04,0.0,0.0,0.0,143.7986,0.0,0.01982332,0.00019823319999999998
2017-01-05,0.0,0.0,0.0,143.825,0.0,0.01835901,0.00018359009999999998
2017-01-06,0.0,0.0,0.0,143.8551,0.0,0.02092821,0.00020928209999999999
2017-01-09,0.0,0.0,0.0,143.906,0.0,0.03538283,0.0003538283
2017-01-10,0.0,0.0,0.0,143.9378,0.0,0.02209776,0.0002209776
2017-01-11,0.0,0.0,0.0,143.9805,0.0,0.02966559,0.0002966559
2017-01-12,0.0,0.0,0.0,144.0149,0.0,0.02389212,0.0002389212
2017-01-13,0.0,0.0,0.0,144.054,0.0,0.02714997,0.0002714997
2017-01-16,0.0,0.0,0.0,144.123,0.0,0.0478987,0.000478987
2017-01-17,0.0,0.0,0.0,144.0932,0.0,-0.02067678,-0.00020676779999999998
2017-01-18,0.0,0.0,0.0,144.0594,0.0,-0.02345704,-0.00023457039999999997
2017-01-19,0.0,0.0,0.0,144.041,0.0,-0.01277251,-0.0001277251
2017-01-20,0.0,0.0,0.0,144.0859,0.0,0.03117168,0.0003117168
2017-01-23,0.0,0.0,0.0,144.166,0.0,0.02483865,0.0002483865
2017-01-24,0.0,0.0,0.0,144.1918,0.0,0.01789604,0.00017896039999999998
2017-01-25,0.0,0.0,0.0,144.2034,0.0,0.00804484,8.044839999999999e-05
2017-01-26,0.0,0.0,0.0,144.2146,0.0,0.00776681,7.76681e-05
2017-02-03,0.0,0.0,0.0,144.2954,0.0,0.05602761,0.0005602761
2017-02-06,0.0,0.0,0.0,144.2957,0.0,0.00769313,7.69313e-05
2017-02-07,0.0,0.0,0.0,144.2734,0.0,-0.01545438,-0.0001545438
2017-02-08,0.0,0.0,0.0,144.2925,0.0,0.01323875,0.0001323875
2017-02-09,0.0,0.0,0.0,144.3158,0.0,0.01614776,0.0001614776
2017-02-10,0.0,0.0,0.0,144.3427,0.0,0.01863968,0.0001863968
2017-02-13,0.0,0.0,0.0,144.3915,0.0,0.03380843,0.0003380843
2017-02-14,0.0,0.0,0.0,144.4043,0.0,0.00886479,8.86479e-05
2017-02-15,0.0,0.0,0.0,144.4165,0.0,0.0084485,8.448499999999999e-05
2017-02-16,0.0,0.0,0.0,144.4332,0.0,0.01156378,0.00011563779999999999
2017-02-17,0.0,0.0,0.0,144.4582,0.0,0.01730904,0.0001730904
2017-02-20,0.0,0.0,0.0,144.511,0.0,0.03655037,0.0003655037
2017-02-21,0.0,0.0,0.0,144.5223,0.0,0.00781947,7.81947e-05
2017-02-22,0.0,0.0,0.0,144.5269,0.0,0.0031829,3.1828999999999996e-05
2017-02-23,0.0,0.0,0.0,144.5511,0.0,0.01674429,0.0001674429
2017-02-24,0.0,0.0,0.0,144.5687,0.0,0.01217563,0.0001217563
2017-02-27,0.0,0.0,0.0,144.6091,0.0,0.02794519,0.00027945190000000004
2017-02-28,0.0,0.0,0.0,144.6098,0.0,0.00048406,4.8406e-06
2017-03-01,0.0,0.0,0.0,144.6211,0.0,0.00781413,7.81413e-05
2017-03-02,0.0,0.0,0.0,144.6283,0.0,0.00497853,4.97853e-05
2017-03-03,0.0,0.0,0.0,144.6467,0.0,0.01272227,0.00012722270000000002
2017-03-06,0.0,0.0,0.0,144.6777,0.0,0.02143153,0.00021431530000000002
2017-03-07,0.0,0.0,0.0,144.6764,0.0,-0.00089855,-8.9855e-06
2017-03-08,0.0,0.0,0.0,144.6806,0.0,0.00290303,2.90303e-05
2017-03-09,0.0,0.0,0.0,144.6846,0.0,0.00276471,2.76471e-05
2017-03-10,0.0,0.0,0.0,144.6876,0.0,0.00207348,2.07348e-05
2017-03-13,0.0,0.0,0.0,144.717,0.0,0.02031964,0.0002031964
2017-03-14,0.0,0.0,0.0,144.724,0.0,0.00483703,4.83703e-05
2017-03-15,0.0,0.0,0.0,144.7265,0.0,0.00172743,1.72743e-05
2017-03-16,0.0,0.0,0.0,144.7278,0.0,0.00089825,8.982499999999999e-06
2017-03-17,0.0,0.0,0.0,144.7282,0.0,0.00027638,2.7638e-06
2017-03-20,0.0,0.0,0.0,144.7463,0.0,0.0125062,0.000125062
2017-03-21,0.0,0.0,0.0,144.7119,0.0,-0.02376572,-0.00023765720000000002
2017-03-22,0.0,0.0,0.0,144.7224,0.0,0.0072558,7.255799999999999e-05
2017-03-23,0.0,0.0,0.0,144.7358,0.0,0.00925911,9.259109999999999e-05
2017-03-24,0.0,0.0,0.0,144.7741,0.0,0.02646201,0.0002646201
2017-03-27,0.0,0.0,0.0,144.831,0.0,0.03930261,0.0003930261
2017-03-28,0.0,0.0,0.0,144.8637,0.0,0.02257804,0.0002257804
2017-03-29,0.0,0.0,0.0,144.8692,0.0,0.00379667,3.79667e-05
2017-03-30,0.0,0.0,0.0,144.8804,0.0,0.00773111,7.73111e-05
2017-03-31,0.0,0.0,0.0,144.8919,0.0,0.00793758,7.937579999999999e-05
2017-04-05,0.0,0.0,0.0,144.988,0.0,0.05479316,0.0005479316
2017-04-06,0.0,0.0,0.0,145.0149,0.0,0.01855326,0.00018553259999999999
2017-04-07,0.0,0.0,0.0,145.0432,0.0,0.01951524,0.0001951524
2017-04-10,0.0,0.0,0.0,145.1111,0.0,0.04681364,0.0004681364
2017-04-11,0.0,0.0,0.0,145.1331,0.0,0.0151608,0.00015160800000000002
2017-04-12,0.0,0.0,0.0,145.1481,0.0,0.01033534,0.0001033534
2017-04-13,0.0,0.0,0.0,145.1684,0.0,0.01398572,0.0001398572
2017-04-14,0.0,0.0,0.0,145.1684,0.0,0.0,0.0
2017-04-17,0.0,0.0,0.0,145.183,0.0,0.01005729,0.0001005729
2017-04-18,0.0,0.0,0.0,145.1799,0.0,-0.00213524,-2.13524e-05
2017-04-19,0.0,0.0,0.0,145.1859,0.0,0.0041328,4.1328e-05
2017-04-20,0.0,0.0,0.0,145.1853,0.0,-0.00041326,-4.1326e-06
2017-04-21,0.0,0.0,0.0,145.1875,0.0,0.0015153,1.5153e-05
2017-04-24,0.0,0.0,0.0,145.2254,0.0,0.02610418,0.0002610418
2017-04-25,0.0,0.0,0.0,145.2379,0.0,0.00860731,8.60731e-05
2017-04-26,0.0,0.0,0.0,145.2581,0.0,0.01390822,0.0001390822
2017-04-27,0.0,0.0,0.0,145.2802,0.0,0.0152143,0.000152143
2017-04-28,0.0,0.0,0.0,145.2966,0.0,0.01128853,0.0001128853
2017-05-02,0.0,0.0,0.0,145.3555,0.0,0.04053777,0.0004053777
2017-05-03,0.0,0.0,0.0,145.3481,0.0,-0.00509097,-5.0909700000000005e-05
2017-05-04,0.0,0.0,0.0,145.3391,0.0,-0.00619203,-6.19203e-05
2017-05-05,0.0,0.0,0.0,145.339,0.0,-6.88e-05,-6.88e-07
2017-05-08,0.0,0.0,0.0,145.375,0.0,0.02476968,0.0002476968
2017-05-09,0.0,0.0,0.0,145.3764,0.0,0.00096303,9.6303e-06
2017-05-10,0.0,0.0,0.0,145.3746,0.0,-0.00123817,-1.23817e-05
2017-05-11,0.0,0.0,0.0,145.3805,0.0,0.00405848,4.05848e-05
2017-05-12,0.0,0.0,0.0,145.3771,0.0,-0.00233869,-2.33869e-05
2017-05-15,0.0,0.0,0.0,145.4073,0.0,0.02077356,0.0002077356
2017-05-16,0.0,0.0,0.0,145.4093,0.0,0.00137545,1.37545e-05
2017-05-17,0.0,0.0,0.0,145.4208,0.0,0.00790871,7.908709999999999e-05
2017-05-18,0.0,0.0,0.0,145.4332,0.0,0.00852698,8.52698e-05
2017-05-19,0.0,0.0,0.0,145.4472,0.0,0.00962641,9.62641e-05
2017-05-22,0.0,0.0,0.0,145.4938,0.0,0.03203912,0.00032039119999999996
2017-05-23,0.0,0.0,0.0,145.5057,0.0,0.00817904,8.17904e-05
2017-05-24,0.0,0.0,0.0,145.5192,0.0,0.00927799,9.27799e-05
2017-05-25,0.0,0.0,0.0,145.5401,0.0,0.01436237,0.0001436237
2017-05-26,0.0,0.0,0.0,145.5548,0.0,0.01010031,0.00010100309999999999
2017-05-31,0.0,0.0,0.0,145.6446,0.0,0.04787913,0.0004787913
2017-06-01,0.0,0.0,0.0,145.6517,0.0,0.00487488,4.8748799999999996e-05
2017-06-02,0.0,0.0,0.0,145.6684,0.0,0.01146571,0.0001146571
2017-06-05,0.0,0.0,0.0,145.7145,0.0,0.03164722,0.00031647219999999995
2017-06-06,0.0,0.0,0.0,145.7281,0.0,0.00933332,9.333320000000001e-05
2017-06-07,0.0,0.0,0.0,145.7186,0.0,-0.00651899,-6.51899e-05
2017-06-08,0.0,0.0,0.0,145.7123,0.0,-0.0043234,-4.3234e-05
2017-06-09,0.0,0.0,0.0,145.7128,0.0,0.00034314,3.4314000000000003e-06
2017-06-12,0.0,0.0,0.0,145.7582,0.0,0.03115718,0.0003115718
2017-06-13,0.0,0.0,0.0,145.7861,0.0,0.01914129,0.00019141289999999997
2017-06-14,0.0,0.0,0.0,145.811,0.0,0.01707982,0.0001707982
2017-06-15,0.0,0.0,0.0,145.8359,0.0,0.0170769,0.00017076899999999998
2017-06-16,0.0,0.0,0.0,145.8552,0.0,0.01323405,0.0001323405
2017-06-19,0.0,0.0,0.0,145.9217,0.0,0.04559316,0.0004559316
2017-06-20,0.0,0.0,0.0,145.9556,0.0,0.02323164,0.00023231640000000002
2017-06-21,0.0,0.0,0.0,145.9907,0.0,0.02404841,0.0002404841
2017-06-22,0.0,0.0,0.0,146.0188,0.0,0.0192478,0.000192478
2017-06-23,0.0,0.0,0.0,146.0456,0.0,0.0183538,0.000183538
2017-06-26,0.0,0.0,0.0,146.1187,0.0,0.05005286,0.0005005286
2017-06-27,0.0,0.0,0.0,146.1751,0.0,0.03859876,0.0003859876
2017-06-28,0.0,0.0,0.0,146.2286,0.0,0.03659994,0.00036599939999999996
2017-06-29,0.0,0.0,0.0,146.2658,0.0,0.02543962,0.0002543962
2017-06-30,0.0,0.0,0.0,146.2859,0.0,0.01374211,0.0001374211
2017-07-03,0.0,0.0,0.0,146.3387,0.0,0.0360937,0.000360937
2017-07-04,0.0,0.0,0.0,146.3675,0.0,0.01968037,0.0001968037
2017-07-05,0.0,0.0,0.0,146.3939,0.0,0.01803679,0.0001803679
2017-07-06,0.0,0.0,0.0,146.4305,0.0,0.02500104,0.0002500104
2017-07-07,0.0,0.0,0.0,146.4608,0.0,0.02069241,0.00020692410000000002
2017-07-10,0.0,0.0,0.0,146.514,0.0,0.03632371,0.0003632371
2017-07-11,0.0,0.0,0.0,146.5289,0.0,0.01016968,0.0001016968
2017-07-12,0.0,0.0,0.0,146.5504,0.0,0.01467287,0.0001467287
2017-07-13,0.0,0.0,0.0,146.5715,0.0,0.01439778,0.0001439778
2017-07-14,0.0,0.0,0.0,146.6072,0.0,0.02435671,0.00024356710000000001
2017-07-17,0.0,0.0,0.0,146.6744,0.0,0.04583677,0.00045836769999999997
2017-07-18,0.0,0.0,0.0,146.6762,0.0,0.00122721,1.22721e-05
2017-07-19,0.0,0.0,0.0,146.6862,0.0,0.00681774,6.81774e-05
2017-07-20,0.0,0.0,0.0,146.7096,0.0,0.01595242,0.00015952419999999999
2017-07-21,0.0,0.0,0.0,146.7282,0.0,0.01267811,0.0001267811
2017-07-24,0.0,0.0,0.0,146.784,0.0,0.0380295,0.000380295
2017-07-25,0.0,0.0,0.0,146.7969,0.0,0.00878842,8.78842e-05
2017-07-26,0.0,0.0,0.0,146.8109,0.0,0.00953699,9.536990000000001e-05
2017-07-27,0.0,0.0,0.0,146.8231,0.0,0.00831001,8.31001e-05
2017-07-28,0.0,0.0,0.0,146.8401,0.0,0.01157856,0.0001157856
2017-07-31,0.0,0.0,0.0,146.896,0.0,0.03806862,0.0003806862
2017-08-01,0.0,0.0,0.0,146.9059,0.0,0.00673946,6.73946e-05
2017-08-02,0.0,0.0,0.0,146.9263,0.0,0.01388644,0.0001388644
2017-08-03,0.0,0.0,0.0,146.9433,0.0,0.01157043,0.0001157043
2017-08-04,0.0,0.0,0.0,146.9733,0.0,0.02041604,0.0002041604
2017-08-07,0.0,0.0,0.0,147.0169,0.0,0.02966525,0.0002966525
2017-08-08,0.0,0.0,0.0,147.0392,0.0,0.01516832,0.00015168320000000002
2017-08-09,0.0,0.0,0.0,147.0528,0.0,0.00924923,9.24923e-05
2017-08-10,0.0,0.0,0.0,147.0665,0.0,0.00931638,9.31638e-05
2017-08-11,0.0,0.0,0.0,147.0834,0.0,0.0114914,0.000114914
2017-08-14,0.0,0.0,0.0,147.1377,0.0,0.03691783,0.0003691783
2017-08-15,0.0,0.0,0.0,147.1543,0.0,0.01128195,0.00011281950000000001
2017-08-16,0.0,0.0,0.0,147.1683,0.0,0.00951382,9.51382e-05
2017-08-17,0.0,0.0,0.0,147.1692,0.0,0.00061154,6.115400000000001e-06
2017-08-18,0.0,0.0,0.0,147.1895,0.0,0.01379365,0.0001379365
2017-08-21,0.0,0.0,0.0,147.224,0.0,0.02343917,0.0002343917
2017-08-22,0.0,0.0,0.0,147.2291,0.0,0.00346411,3.4641099999999996e-05
2017-08-23,0.0,0.0,0.0,147.2382,0.0,0.00618084,6.18084e-05
2017-08-24,0.0,0.0,0.0,147.242,0.0,0.00258085,2.58085e-05
2017-08-25,0.0,0.0,0.0,147.2528,0.0,0.00733486,7.33486e-05
2017-08-28,0.0,0.0,0.0,147.2819,0.0,0.01976193,0.0001976193
2017-08-29,0.0,0.0,0.0,147.2635,0.0,-0.01249305,-0.0001249305
2017-08-30,0.0,0.0,0.0,147.2417,0.0,-0.0148034,-0.00014803399999999999
2017-08-31,0.0,0.0,0.0,147.2464,0.0,0.00319203,3.19203e-05
2017-09-01,0.0,0.0,0.0,147.2832,0.0,0.02499212,0.0002499212
2017-09-04,0.0,0.0,0.0,147.3436,0.0,0.04100943,0.0004100943
2017-09-05,0.0,0.0,0.0,147.3598,0.0,0.01099471,0.00010994709999999999
2017-09-06,0.0,0.0,0.0,147.3708,0.0,0.00746472,7.46472e-05
2017-09-07,0.0,0.0,0.0,147.3908,0.0,0.01357121,0.0001357121
2017-09-08,0.0,0.0,0.0,147.4255,0.0,0.02354285,0.00023542850000000002
2017-09-11,0.0,0.0,0.0,147.4924,0.0,0.04537885,0.0004537885
2017-09-12,0.0,0.0,0.0,147.5087,0.0,0.01105142,0.00011051419999999999
2017-09-13,0.0,0.0,0.0,147.5285,0.0,0.01342294,0.0001342294
2017-09-14,0.0,0.0,0.0,147.5471,0.0,0.01260773,0.00012607729999999999
2017-09-15,0.0,0.0,0.0,147.5656,0.0,0.01253837,0.0001253837
2017-09-18,0.0,0.0,0.0,147.6231,0.0,0.03896572,0.00038965720000000003
2017-09-19,0.0,0.0,0.0,147.6345,0.0,0.00772237,7.72237e-05
2017-09-20,0.0,0.0,0.0,147.6532,0.0,0.01266642,0.0001266642
2017-09-21,0.0,0.0,0.0,147.6771,0.0,0.01618658,0.0001618658
2017-09-22,0.0,0.0,0.0,147.6929,0.0,0.01069902,0.0001069902
2017-09-25,0.0,0.0,0.0,147.7428,0.0,0.03378632,0.0003378632
2017-09-26,0.0,0.0,0.0,147.7423,0.0,-0.00033843,-3.3843000000000004e-06
2017-09-27,0.0,0.0,0.0,147.7367,0.0,-0.00379038,-3.79038e-05
2017-09-28,0.0,0.0,0.0,147.743,0.0,0.00426434,4.26434e-05
2017-09-29,0.0,0.0,0.0,147.7785,0.0,0.02402821,0.0002402821
2017-10-09,0.0,0.0,0.0,147.9526,0.0,0.10250262,0.0010250262000000001
2017-10-10,0.0,0.0,0.0,147.9652,0.0,0.00851624,8.51624e-05
2017-10-11,0.0,0.0,0.0,147.9895,0.0,0.01642278,0.00016422780000000003
2017-10-12,0.0,0.0,0.0,148.013,0.0,0.0158795,0.00015879500000000001
2017-10-13,0.0,0.0,0.0,148.0412,0.0,0.01905238,0.0001905238
2017-10-16,0.0,0.0,0.0,148.0955,0.0,0.03667898,0.0003667898
2017-10-17,0.0,0.0,0.0,148.1127,0.0,0.01161413,0.0001161413
2017-10-18,0.0,0.0,0.0,148.1329,0.0,0.01363826,0.00013638259999999998
2017-10-19,0.0,0.0,0.0,148.1543,0.0,0.01444649,0.0001444649
2017-10-20,0.0,0.0,0.0,148.1785,0.0,0.01633432,0.0001633432
2017-10-23,0.0,0.0,0.0,148.2187,0.0,0.02712944,0.0002712944
2017-10-24,0.0,0.0,0.0,148.2321,0.0,0.00904069,9.040690000000001e-05
2017-10-25,0.0,0.0,0.0,148.242,0.0,0.00667872,6.67872e-05
2017-10-26,0.0,0.0,0.0,148.2478,0.0,0.00391252,3.91252e-05
2017-10-27,0.0,0.0,0.0,148.2548,0.0,0.00472182,4.72182e-05
2017-10-30,0.0,0.0,0.0,148.2574,0.0,0.00175374,1.75374e-05
2017-10-31,0.0,0.0,0.0,148.2451,0.0,-0.00829638,-8.296380000000001e-05
2017-11-01,0.0,0.0,0.0,148.2611,0.0,0.01079294,0.0001079294
2017-11-02,0.0,0.0,0.0,148.2867,0.0,0.01726684,0.00017266839999999998
2017-11-03,0.0,0.0,0.0,148.3004,0.0,0.00923886,9.23886e-05
2017-11-06,0.0,0.0,0.0,148.3553,0.0,0.03701946,0.00037019459999999995
2017-11-07,0.0,0.0,0.0,148.3685,0.0,0.00889756,8.897560000000001e-05
2017-11-08,0.0,0.0,0.0,148.3822,0.0,0.00923377,9.23377e-05
2017-11-09,0.0,0.0,0.0,148.3972,0.0,0.01010903,0.0001010903
2017-11-10,0.0,0.0,0.0,148.3975,0.0,0.00020216,2.0216e-06
2017-11-13,0.0,0.0,0.0,148.4326,0.0,0.02365269,0.00023652690000000001
2017-11-14,0.0,0.0,0.0,148.4203,0.0,-0.00828659,-8.28659e-05
2017-11-15,0.0,0.0,0.0,148.417,0.0,-0.00222342,-2.2234199999999998e-05
2017-11-16,0.0,0.0,0.0,148.4258,0.0,0.00592924,5.9292399999999995e-05
2017-11-17,0.0,0.0,0.0,148.4415,0.0,0.01057768,0.00010577680000000001
2017-11-20,0.0,0.0,0.0,148.4887,0.0,0.03179704,0.00031797039999999997
2017-11-21,0.0,0.0,0.0,148.4963,0.0,0.00511823,5.11823e-05
2017-11-22,0.0,0.0,0.0,148.4812,0.0,-0.0101686,-0.000101686
2017-11-23,0.0,0.0,0.0,148.4675,0.0,-0.00922676,-9.22676e-05
2017-11-24,0.0,0.0,0.0,148.4745,0.0,0.00471484,4.71484e-05
2017-11-27,0.0,0.0,0.0,148.5161,0.0,0.02801828,0.00028018279999999997
2017-11-28,0.0,0.0,0.0,148.5261,0.0,0.00673328,6.73328e-05
2017-11-29,0.0,0.0,0.0,148.5317,0.0,0.00377038,3.7703799999999996e-05
2017-11-30,0.0,0.0,0.0,148.544,0.0,0.00828106,8.28106e-05
2017-12-01,0.0,0.0,0.0,148.5643,0.0,0.01366598,0.0001366598
2017-12-04,0.0,0.0,0.0,148.6318,0.0,0.04543487,0.0004543487
2017-12-05,0.0,0.0,0.0,148.662,0.0,0.02031867,0.0002031867
2017-12-06,0.0,0.0,0.0,148.6761,0.0,0.0094846,9.484599999999999e-05
2017-12-07,0.0,0.0,0.0,148.6913,0.0,0.01022357,0.0001022357
2017-12-08,0.0,0.0,0.0,148.7031,0.0,0.0079359,7.9359e-05
2017-12-11,0.0,0.0,0.0,148.7455,0.0,0.02851319,0.0002851319
2017-12-12,0.0,0.0,0.0,148.7522,0.0,0.00450434,4.5043399999999996e-05
2017-12-13,0.0,0.0,0.0,148.7397,0.0,-0.00840324,-8.40324e-05
2017-12-14,0.0,0.0,0.0,148.7466,0.0,0.00463898,4.63898e-05
2017-12-15,0.0,0.0,0.0,148.7593,0.0,0.00853801,8.53801e-05
2017-12-18,0.0,0.0,0.0,148.7998,0.0,0.02722519,0.0002722519
2017-12-19,0.0,0.0,0.0,148.8087,0.0,0.00598119,5.98119e-05
2017-12-20,0.0,0.0,0.0,148.814,0.0,0.00356162,3.56162e-05
2017-12-21,0.0,0.0,0.0,148.8044,0.0,-0.00645101,-6.45101e-05
2017-12-22,0.0,0.0,0.0,148.8158,0.0,0.00766106,7.66106e-05
2017-12-25,0.0,0.0,0.0,148.8792,0.0,0.042603,0.00042603000000000004
2017-12-26,0.0,0.0,0.0,148.903,0.0,0.01598611,0.0001598611
2017-12-27,0.0,0.0,0.0,148.8832,0.0,-0.01329725,-0.0001329725
2017-12-28,0.0,0.0,0.0,148.8972,0.0,0.00940334,9.40334e-05
2017-12-29,0.0,0.0,0.0,148.9351,0.0,0.0254538,0.000254538
2018-01-02,0.0,0.0,0.0,149.1331,0.0,0.10384056,0.0010384056
2018-01-03,0.0,0.0,0.0,149.2175,0.0,0.05659374,0.0005659374
2018-01-04,0.0,0.0,0.0,149.2715,0.0,0.03618878,0.0003618878
2018-01-05,0.0,0.0,0.0,149.3578,0.0,0.05781412,0.0005781412
2018-01-08,0.0,0.0,0.0,149.4395,0.0,0.05470086,0.0005470086
2018-01-09,0.0,0.0,0.0,149.4649,0.0,0.01699684,0.0001699684
2018-01-10,0.0,0.0,0.0,149.4663,0.0,0.00093667,9.3667e-06
2018-01-11,0.0,0.0,0.0,149.4572,0.0,-0.00608833,-6.08833e-05
2018-01-12,0.0,0.0,0.0,149.4606,0.0,0.0022749,2.2749e-05
2018-01-15,0.0,0.0,0.0,149.504,0.0,0.02903775,0.00029037750000000004
2018-01-16,0.0,0.0,0.0,149.5183,0.0,0.00956496,9.56496e-05
2018-01-17,0.0,0.0,0.0,149.5313,0.0,0.00869459,8.69459e-05
2018-01-18,0.0,0.0,0.0,149.5446,0.0,0.00889446,8.89446e-05
2018-01-19,0.0,0.0,0.0,149.5704,0.0,0.01725238,0.0001725238
2018-01-22,0.0,0.0,0.0,149.6369,0.0,0.04446067,0.0004446067
2018-01-23,0.0,0.0,0.0,149.6454,0.0,0.00568042,5.68042e-05
2018-01-24,0.0,0.0,0.0,149.6723,0.0,0.01797583,0.00017975830000000002
2018-01-25,0.0,0.0,0.0,149.7054,0.0,0.02211498,0.0002211498
2018-01-26,0.0,0.0,0.0,149.7325,0.0,0.01810222,0.0001810222
2018-01-29,0.0,0.0,0.0,149.7797,0.0,0.03152288,0.0003152288
2018-01-30,0.0,0.0,0.0,149.8073,0.0,0.01842706,0.00018427059999999998
2018-01-31,0.0,0.0,0.0,149.8277,0.0,0.01361749,0.00013617489999999998
2018-02-01,0.0,0.0,0.0,149.8594,0.0,0.02115764,0.0002115764
2018-02-02,0.0,0.0,0.0,149.8884,0.0,0.01935147,0.00019351469999999999
2018-02-05,0.0,0.0,0.0,149.9553,0.0,0.04463321,0.0004463321
2018-02-06,0.0,0.0,0.0,149.987,0.0,0.02113963,0.0002113963
2018-02-07,0.0,0.0,0.0,150.0167,0.0,0.01980172,0.00019801719999999997
2018-02-08,0.0,0.0,0.0,150.0416,0.0,0.01659815,0.0001659815
2018-02-09,0.0,0.0,0.0,150.0617,0.0,0.01339628,0.0001339628
2018-02-12,0.0,0.0,0.0,150.1177,0.0,0.00819424,8.19424e-05
2018-02-13,0.0,0.0,0.0,150.1292,0.0,0.00766066,7.660659999999999e-05
2018-02-14,0.0,0.0,0.0,150.153,0.0,0.01585301,0.0001585301
2018-02-22,0.0,0.0,0.0,150.3019,0.0,0.09916552,0.0009916552
2018-02-23,0.0,0.0,0.0,150.3231,0.0,0.01410494,0.0001410494
2018-02-26,0.0,0.0,0.0,150.3901,0.0,0.03365716,0.00033657159999999996
2018-02-27,0.0,0.0,0.0,150.4174,0.0,0.01815279,0.0001815279
2018-02-28,0.0,0.0,0.0,150.4411,0.0,0.01575616,0.0001575616
2018-03-01,0.0,0.0,0.0,150.4455,0.0,0.00292473,2.92473e-05
2018-03-02,0.0,0.0,0.0,150.4469,0.0,0.00093057,9.3057e-06
2018-03-05,0.0,0.0,0.0,150.4892,0.0,0.02811623,0.0002811623
2018-03-06,0.0,0.0,0.0,150.5068,0.0,0.01169519,0.0001169519
2018-03-07,0.0,0.0,0.0,150.5288,0.0,0.01461728,0.0001461728
2018-03-08,0.0,0.0,0.0,150.5482,0.0,0.0128879,0.000128879
2018-03-09,0.0,0.0,0.0,150.5656,0.0,0.01155776,0.0001155776
2018-03-12,0.0,0.0,0.0,150.6333,0.0,0.04496379,0.00044963789999999995
2018-03-13,0.0,0.0,0.0,150.6485,0.0,0.01009073,0.0001009073
2018-03-14,0.0,0.0,0.0,150.6652,0.0,0.01108541,0.0001108541
2018-03-15,0.0,0.0,0.0,150.6777,0.0,0.00829654,8.29654e-05
2018-03-16,0.0,0.0,0.0,150.7069,0.0,0.01937911,0.00019379110000000002
2018-03-19,0.0,0.0,0.0,150.7614,0.0,0.03616291,0.0003616291
2018-03-20,0.0,0.0,0.0,150.7855,0.0,0.01598552,0.0001598552
2018-03-21,0.0,0.0,0.0,150.8226,0.0,0.02460449,0.0002460449
2018-03-22,0.0,0.0,0.0,150.8676,0.0,0.02983638,0.0002983638
2018-03-23,0.0,0.0,0.0,150.9563,0.0,0.05879327,0.0005879327
2018-03-26,0.0,0.0,0.0,151.0366,0.0,0.0531942,0.000531942
2018-03-27,0.0,0.0,0.0,151.0186,0.0,-0.01191764,-0.0001191764
2018-03-28,0.0,0.0,0.0,151.0171,0.0,-0.00099326,-9.932599999999999e-06
2018-03-29,0.0,0.0,0.0,151.0353,0.0,0.01205162,0.00012051620000000001
2018-03-30,0.0,0.0,0.0,151.0624,0.0,0.01794283,0.0001794283
2018-04-02,0.0,0.0,0.0,151.1499,0.0,0.05792308,0.0005792308
2018-04-03,0.0,0.0,0.0,151.2001,0.0,0.03321206,0.0003321206
2018-04-04,0.0,0.0,0.0,151.2669,0.0,0.04417986,0.0004417986
2018-04-09,0.0,0.0,0.0,151.3977,0.0,0.02741876,0.0002741876
2018-04-10,0.0,0.0,0.0,151.4316,0.0,0.02239136,0.0002239136
2018-04-11,0.0,0.0,0.0,151.4495,0.0,0.01182052,0.0001182052
2018-04-12,0.0,0.0,0.0,151.4538,0.0,0.00283923,2.83923e-05
2018-04-13,0.0,0.0,0.0,151.4678,0.0,0.00924374,9.24374e-05
2018-04-16,0.0,0.0,0.0,151.5344,0.0,0.04396974,0.0004396974
2018-04-17,0.0,0.0,0.0,151.548,0.0,0.00897486,8.97486e-05
2018-04-18,0.0,0.0,0.0,151.7138,0.0,0.10940428,0.0010940428
2018-04-19,0.0,0.0,0.0,151.6939,0.0,-0.0131168,-0.000131168
2018-04-20,0.0,0.0,0.0,151.6955,0.0,0.00105476,1.05476e-05
2018-04-23,0.0,0.0,0.0,151.7104,0.0,0.00982231,9.82231e-05
2018-04-24,0.0,0.0,0.0,151.688,0.0,-0.01476497,-0.00014764970000000002
2018-04-25,0.0,0.0,0.0,151.693,0.0,0.00329624,3.29624e-05
2018-04-26,0.0,0.0,0.0,151.6985,0.0,0.00362574,3.62574e-05
2018-04-27,0.0,0.0,0.0,151.6949,0.0,-0.00237313,-2.37313e-05
2018-05-02,0.0,0.0,0.0,151.7851,0.0,0.04679855,0.00046798550000000003
2018-05-03,0.0,0.0,0.0,151.8061,0.0,0.01383535,0.0001383535
2018-05-04,0.0,0.0,0.0,151.8327,0.0,0.01752235,0.0001752235
2018-05-07,0.0,0.0,0.0,151.9025,0.0,0.04597165,0.00045971650000000005
2018-05-08,0.0,0.0,0.0,151.9239,0.0,0.01408798,0.0001408798
2018-05-09,0.0,0.0,0.0,151.9284,0.0,0.00296201,2.96201e-05
2018-05-10,0.0,0.0,0.0,151.9352,0.0,0.00447579,4.47579e-05
2018-05-11,0.0,0.0,0.0,151.9423,0.0,0.00467304,4.6730399999999996e-05
2018-05-14,0.0,0.0,0.0,151.9805,0.0,0.02514112,0.0002514112
2018-05-15,0.0,0.0,0.0,151.9549,0.0,-0.01684427,-0.0001684427
2018-05-16,0.0,0.0,0.0,151.9193,0.0,-0.023428,-0.00023428
2018-05-17,0.0,0.0,0.0,151.8856,0.0,-0.02218283,-0.0002218283
2018-05-18,0.0,0.0,0.0,151.8738,0.0,-0.00776901,-7.76901e-05
2018-05-21,0.0,0.0,0.0,151.9201,0.0,0.03048584,0.0003048584
2018-05-22,0.0,0.0,0.0,151.9362,0.0,0.01059768,0.0001059768
2018-05-23,0.0,0.0,0.0,151.9541,0.0,0.01178126,0.0001178126
2018-05-24,0.0,0.0,0.0,151.9628,0.0,0.00572541,5.7254100000000005e-05
2018-05-25,0.0,0.0,0.0,151.9759,0.0,0.00862053,8.62053e-05
2018-05-28,0.0,0.0,0.0,152.0101,0.0,0.02250357,0.0002250357
2018-05-29,0.0,0.0,0.0,152.0058,0.0,-0.00282876,-2.82876e-05
2018-05-30,0.0,0.0,0.0,152.0096,0.0,0.0024999,2.4999000000000002e-05
2018-05-31,0.0,0.0,0.0,152.0266,0.0,0.0111835,0.000111835
2018-06-01,0.0,0.0,0.0,152.043,0.0,0.01078759,0.0001078759
2018-06-04,0.0,0.0,0.0,152.0939,0.0,0.03347737,0.0003347737
2018-06-05,0.0,0.0,0.0,152.0922,0.0,-0.00111773,-1.1177299999999999e-05
2018-06-06,0.0,0.0,0.0,152.1031,0.0,0.00716671,7.16671e-05
2018-06-07,0.0,0.0,0.0,152.1103,0.0,0.00473363,4.73363e-05
2018-06-08,0.0,0.0,0.0,152.1201,0.0,0.00644269,6.44269e-05
2018-06-11,0.0,0.0,0.0,152.179,0.0,0.03871941,0.00038719410000000003
2018-06-12,0.0,0.0,0.0,152.1855,0.0,0.00427129,4.2712899999999996e-05
2018-06-13,0.0,0.0,0.0,152.1916,0.0,0.00400827,4.00827e-05
2018-06-14,0.0,0.0,0.0,152.1971,0.0,0.00361387,3.61387e-05
2018-06-15,0.0,0.0,0.0,152.2097,0.0,0.00827874,8.278739999999999e-05
2018-06-19,0.0,0.0,0.0,152.2827,0.0,0.04796015,0.0004796015
2018-06-20,0.0,0.0,0.0,152.2818,0.0,-0.00059101,-5.9100999999999995e-06
2018-06-21,0.0,0.0,0.0,152.2964,0.0,0.00958749,9.58749e-05
2018-06-22,0.0,0.0,0.0,152.3124,0.0,0.01050583,0.0001050583
2018-06-25,0.0,0.0,0.0,152.3921,0.0,0.05232667,0.0005232667
2018-06-26,0.0,0.0,0.0,152.4236,0.0,0.02067036,0.0002067036
2018-06-27,0.0,0.0,0.0,152.4484,0.0,0.01627045,0.0001627045
2018-06-28,0.0,0.0,0.0,152.4834,0.0,0.02295859,0.00022958590000000001
2018-06-29,0.0,0.0,0.0,152.5575,0.0,0.04859545,0.0004859545
2018-07-02,0.0,0.0,0.0,152.6733,0.0,0.07590581,0.0007590581
2018-07-03,0.0,0.0,0.0,152.7453,0.0,0.04715952,0.0004715952
2018-07-04,0.0,0.0,0.0,152.7992,0.0,0.0352875,0.000352875
2018-07-05,0.0,0.0,0.0,152.8662,0.0,0.0438484,0.00043848400000000005
2018-07-06,0.0,0.0,0.0,152.9104,0.0,0.02891417,0.0002891417
2018-07-09,0.0,0.0,0.0,152.9533,0.0,0.02805565,0.0002805565
2018-07-10,0.0,0.0,0.0,152.9594,0.0,0.00398815,3.98815e-05
2018-07-11,0.0,0.0,0.0,152.9561,0.0,-0.00215744,-2.15744e-05
2018-07-12,0.0,0.0,0.0,152.9661,0.0,0.00653782,6.53782e-05
2018-07-13,0.0,0.0,0.0,152.9732,0.0,0.00464155,4.64155e-05
2018-07-16,0.0,0.0,0.0,153.0208,0.0,0.03111656,0.0003111656
2018-07-17,0.0,0.0,0.0,153.039,0.0,0.01189381,0.0001189381
2018-07-18,0.0,0.0,0.0,153.0614,0.0,0.01463679,0.0001463679
2018-07-19,0.0,0.0,0.0,153.1012,0.0,0.02600264,0.0002600264
2018-07-20,0.0,0.0,0.0,153.1579,0.0,0.03703433,0.00037034329999999997
2018-07-23,0.0,0.0,0.0,153.2375,0.0,0.05197251,0.0005197251
2018-07-24,0.0,0.0,0.0,153.285,0.0,0.03099763,0.0003099763
2018-07-25,0.0,0.0,0.0,153.3359,0.0,0.03320612,0.0003320612
2018-07-26,0.0,0.0,0.0,153.4048,0.0,0.04493403,0.0004493403
2018-07-27,0.0,0.0,0.0,153.4469,0.0,0.02744373,0.0002744373
2018-07-30,0.0,0.0,0.0,153.527,0.0,0.05220047,0.0005220047
2018-07-31,0.0,0.0,0.0,153.5731,0.0,0.03002729,0.0003002729
2018-08-01,0.0,0.0,0.0,153.6208,0.0,0.03106013,0.00031060129999999997
2018-08-02,0.0,0.0,0.0,153.6871,0.0,0.04315822,0.0004315822
2018-08-03,0.0,0.0,0.0,153.7282,0.0,0.02674265,0.0002674265
2018-08-06,0.0,0.0,0.0,153.807,0.0,0.0512593,0.000512593
2018-08-07,0.0,0.0,0.0,153.8728,0.0,0.04278089,0.00042780890000000004
2018-08-08,0.0,0.0,0.0,153.9138,0.0,0.02664539,0.00026645390000000003
2018-08-09,0.0,0.0,0.0,153.8911,0.0,-0.01474852,-0.0001474852
2018-08-10,0.0,0.0,0.0,153.858,0.0,-0.02150872,-0.0002150872
2018-08-13,0.0,0.0,0.0,153.8485,0.0,-0.00617452,-6.17452e-05
2018-08-14,0.0,0.0,0.0,153.842,0.0,-0.00422494,-4.22494e-05
2018-08-15,0.0,0.0,0.0,153.8666,0.0,0.01599043,0.00015990429999999999
2018-08-16,0.0,0.0,0.0,153.8655,0.0,-0.0007149,-7.149e-06
2018-08-17,0.0,0.0,0.0,153.8433,0.0,-0.01442819,-0.0001442819
2018-08-20,0.0,0.0,0.0,153.8367,0.0,-0.00429008,-4.29008e-05
2018-08-21,0.0,0.0,0.0,153.8291,0.0,-0.0049403,-4.9403e-05
2018-08-22,0.0,0.0,0.0,153.8596,0.0,0.0198272,0.000198272
2018-08-23,0.0,0.0,0.0,153.9088,0.0,0.03197721,0.0003197721
2018-08-24,0.0,0.0,0.0,153.939,0.0,0.01962201,0.0001962201
2018-08-27,0.0,0.0,0.0,153.9734,0.0,0.02234651,0.0002234651
2018-08-28,0.0,0.0,0.0,153.9812,0.0,0.00506581,5.0658099999999995e-05
2018-08-29,0.0,0.0,0.0,154.007,0.0,0.01675529,0.0001675529
2018-08-30,0.0,0.0,0.0,154.0396,0.0,0.02116787,0.0002116787
2018-08-31,0.0,0.0,0.0,154.0595,0.0,0.01291876,0.0001291876
2018-09-03,0.0,0.0,0.0,154.1176,0.0,0.0377127,0.000377127
2018-09-04,0.0,0.0,0.0,154.137,0.0,0.01258779,0.0001258779
2018-09-05,0.0,0.0,0.0,154.1636,0.0,0.01725737,0.0001725737
2018-09-06,0.0,0.0,0.0,154.177,0.0,0.00869206,8.69206e-05
2018-09-07,0.0,0.0,0.0,154.1763,0.0,-0.00045402,-4.5402e-06
2018-09-10,0.0,0.0,0.0,154.2132,0.0,0.02393364,0.0002393364
2018-09-11,0.0,0.0,0.0,154.2219,0.0,0.00564154,5.6415399999999995e-05
2018-09-12,0.0,0.0,0.0,154.2303,0.0,0.0054467,5.4467e-05
2018-09-13,0.0,0.0,0.0,154.2595,0.0,0.01893273,0.00018932729999999998
2018-09-14,0.0,0.0,0.0,154.2891,0.0,0.01918845,0.0001918845
2018-09-17,0.0,0.0,0.0,154.3434,0.0,0.03519367,0.00035193670000000004
2018-09-18,0.0,0.0,0.0,154.3552,0.0,0.00764529,7.64529e-05
2018-09-19,0.0,0.0,0.0,154.3581,0.0,0.00187878,1.87878e-05
2018-09-20,0.0,0.0,0.0,154.3662,0.0,0.00524754,5.24754e-05
2018-09-21,0.0,0.0,0.0,154.3774,0.0,0.00725547,7.25547e-05
2018-09-25,0.0,0.0,0.0,154.4328,0.0,0.03588608,0.0003588608
2018-09-26,0.0,0.0,0.0,154.4456,0.0,0.00828839,8.28839e-05
2018-09-27,0.0,0.0,0.0,154.4533,0.0,0.00498557,4.98557e-05
2018-09-28,0.0,0.0,0.0,154.4708,0.0,0.01133029,0.0001133029
2018-10-08,0.0,0.0,0.0,154.6493,0.0,0.09812444,0.0009812444
2018-10-09,0.0,0.0,0.0,154.6768,0.0,0.01778217,0.0001778217
2018-10-10,0.0,0.0,0.0,154.7004,0.0,0.01525762,0.00015257619999999998
2018-10-11,0.0,0.0,0.0,154.7271,0.0,0.01725917,0.0001725917
2018-10-12,0.0,0.0,0.0,154.763,0.0,0.02320214,0.0002320214
2018-10-15,0.0,0.0,0.0,154.822,0.0,0.03812281,0.0003812281
2018-10-16,0.0,0.0,0.0,154.8341,0.0,0.00781543,7.81543e-05
2018-10-17,0.0,0.0,0.0,154.8442,0.0,0.00652311,6.52311e-05
2018-10-18,0.0,0.0,0.0,154.8567,0.0,0.00807263,8.07263e-05
2018-10-19,0.0,0.0,0.0,154.8699,0.0,0.00852401,8.52401e-05
2018-10-22,0.0,0.0,0.0,154.9148,0.0,0.02899208,0.0002899208
2018-10-23,0.0,0.0,0.0,154.9263,0.0,0.00742344,7.42344e-05
2018-10-24,0.0,0.0,0.0,154.938,0.0,0.00755198,7.55198e-05
2018-10-25,0.0,0.0,0.0,154.9515,0.0,0.00871316,8.713159999999999e-05
2018-10-26,0.0,0.0,0.0,154.9663,0.0,0.00955138,9.55138e-05
2018-10-29,0.0,0.0,0.0,155.014,0.0,0.03078089,0.0003078089
2018-10-30,0.0,0.0,0.0,155.0294,0.0,0.00993459,9.93459e-05
2018-10-31,0.0,0.0,0.0,155.0357,0.0,0.00406375,4.06375e-05
2018-11-01,0.0,0.0,0.0,155.0503,0.0,0.00941719,9.417190000000001e-05
2018-11-02,0.0,0.0,0.0,155.0528,0.0,0.00161238,1.61238e-05
2018-11-05,0.0,0.0,0.0,155.1072,0.0,0.03508482,0.0003508482
2018-11-06,0.0,0.0,0.0,155.131,0.0,0.01534423,0.0001534423
2018-11-07,0.0,0.0,0.0,155.1554,0.0,0.01572864,0.0001572864
2018-11-08,0.0,0.0,0.0,155.1862,0.0,0.01985107,0.0001985107
2018-11-09,0.0,0.0,0.0,155.1963,0.0,0.00650831,6.50831e-05
2018-11-12,0.0,0.0,0.0,155.2535,0.0,0.03685655,0.0003685655
2018-11-13,0.0,0.0,0.0,155.2776,0.0,0.015523,0.00015523000000000002
2018-11-14,0.0,0.0,0.0,155.3061,0.0,0.01835422,0.0001835422
2018-11-15,0.0,0.0,0.0,155.3301,0.0,0.01545335,0.0001545335
2018-11-16,0.0,0.0,0.0,155.3492,0.0,0.01229639,0.0001229639
2018-11-19,0.0,0.0,0.0,155.3987,0.0,0.0318637,0.00031863700000000003
2018-11-20,0.0,0.0,0.0,155.4079,0.0,0.00592026,5.92026e-05
2018-11-21,0.0,0.0,0.0,155.4197,0.0,0.00759292,7.59292e-05
2018-11-22,0.0,0.0,0.0,155.4364,0.0,0.0107451,0.000107451
2018-11-23,0.0,0.0,0.0,155.4542,0.0,0.01145163,0.0001145163
2018-11-26,0.0,0.0,0.0,155.5037,0.0,0.03184218,0.0003184218
2018-11-27,0.0,0.0,0.0,155.5096,0.0,0.00379412,3.7941199999999995e-05
2018-11-28,0.0,0.0,0.0,155.5208,0.0,0.00720213,7.20213e-05
2018-11-29,0.0,0.0,0.0,155.5356,0.0,0.00951641,9.516409999999999e-05
2018-11-30,0.0,0.0,0.0,155.5423,0.0,0.0043077,4.3077e-05
2018-12-03,0.0,0.0,0.0,155.5916,0.0,0.03169556,0.0003169556
2018-12-04,0.0,0.0,0.0,155.6123,0.0,0.01330406,0.0001330406
2018-12-05,0.0,0.0,0.0,155.636,0.0,0.01523016,0.0001523016
2018-12-06,0.0,0.0,0.0,155.6494,0.0,0.00860983,8.609830000000001e-05
2018-12-07,0.0,0.0,0.0,155.6665,0.0,0.01098623,0.0001098623
2018-12-10,0.0,0.0,0.0,155.7046,0.0,0.0244754,0.000244754
2018-12-11,0.0,0.0,0.0,155.7112,0.0,0.0042388,4.2388e-05
2018-12-12,0.0,0.0,0.0,155.7166,0.0,0.00346796,3.46796e-05
2018-12-13,0.0,0.0,0.0,155.7149,0.0,-0.00109173,-1.09173e-05
2018-12-14,0.0,0.0,0.0,155.7065,0.0,-0.00539447,-5.39447e-05
2018-12-17,0.0,0.0,0.0,155.746,0.0,0.02536824,0.0002536824
2018-12-18,0.0,0.0,0.0,155.7331,0.0,-0.00828272,-8.28272e-05
2018-12-19,0.0,0.0,0.0,155.7237,0.0,-0.00603597,-6.03597e-05
2018-12-20,0.0,0.0,0.0,155.7396,0.0,0.01021039,0.0001021039
2018-12-21,0.0,0.0,0.0,155.7542,0.0,0.00937462,9.374620000000001e-05
2018-12-24,0.0,0.0,0.0,155.7967,0.0,0.02728658,0.0002728658
2018-12-25,0.0,0.0,0.0,155.7981,0.0,0.00089861,8.9861e-06
2018-12-26,0.0,0.0,0.0,155.7876,0.0,-0.00673949,-6.73949e-05
2018-12-27,0.0,0.0,0.0,155.8124,0.0,0.01591911,0.0001591911
2018-12-28,0.0,0.0,0.0,155.9342,0.0,0.07817093,0.0007817093
2019-01-02,0.0,0.0,0.0,156.0832,0.0,0.04576577,0.00045765769999999995
2019-01-03,0.0,0.0,0.0,156.1231,0.0,0.02556329,0.0002556329
2019-01-04,0.0,0.0,0.0,156.1699,0.0,0.02997635,0.0002997635
2019-01-07,0.0,0.0,0.0,156.237,0.0,0.04296603,0.0004296603
2019-01-08,0.0,0.0,0.0,156.2712,0.0,0.02188982,0.00021889820000000002
2019-01-09,0.0,0.0,0.0,156.2982,0.0,0.01727766,0.00017277660000000002
2019-01-10,0.0,0.0,0.0,156.3154,0.0,0.01100461,0.0001100461
2019-01-11,0.0,0.0,0.0,156.3196,0.0,0.00268688,2.68688e-05
2019-01-14,0.0,0.0,0.0,156.3503,0.0,0.01963925,0.0001963925
2019-01-15,0.0,0.0,0.0,156.3487,0.0,-0.00102334,-1.02334e-05
2019-01-16,0.0,0.0,0.0,156.3608,0.0,0.00773911,7.73911e-05
2019-01-17,0.0,0.0,0.0,156.3835,0.0,0.01451771,0.0001451771
2019-01-18,0.0,0.0,0.0,156.4078,0.0,0.01553872,0.0001553872
2019-01-21,0.0,0.0,0.0,156.4416,0.0,0.02161018,0.00021610179999999998
2019-01-22,0.0,0.0,0.0,156.434,0.0,-0.00485804,-4.85804e-05
2019-01-23,0.0,0.0,0.0,156.4371,0.0,0.00198167,1.98167e-05
2019-01-24,0.0,0.0,0.0,156.435,0.0,-0.00134239,-1.3423899999999999e-05
2019-01-25,0.0,0.0,0.0,156.4445,0.0,0.00607281,6.07281e-05
2019-01-28,0.0,0.0,0.0,156.4933,0.0,0.03119317,0.0003119317
2019-01-29,0.0,0.0,0.0,156.5137,0.0,0.0130357,0.000130357
2019-01-30,0.0,0.0,0.0,156.5409,0.0,0.01737867,0.0001737867
2019-01-31,0.0,0.0,0.0,156.5709,0.0,0.01916432,0.00019164319999999998
2019-02-01,0.0,0.0,0.0,156.6023,0.0,0.02005481,0.0002005481
2019-02-11,0.0,0.0,0.0,156.7638,0.0,0.08056814,0.0008056814
2019-02-12,0.0,0.0,0.0,156.7925,0.0,0.0183078,0.00018307799999999998
2019-02-13,0.0,0.0,0.0,156.8192,0.0,0.01702888,0.0001702888
2019-02-14,0.0,0.0,0.0,156.84,0.0,0.01326368,0.0001326368
2019-02-15,0.0,0.0,0.0,156.8559,0.0,0.01013772,0.00010137719999999999
2019-02-18,0.0,0.0,0.0,156.903,0.0,0.03002756,0.0003002756
2019-02-19,0.0,0.0,0.0,156.9185,0.0,0.00987871,9.878710000000001e-05
2019-02-20,0.0,0.0,0.0,156.9389,0.0,0.01300038,0.0001300038
2019-02-21,0.0,0.0,0.0,156.9589,0.0,0.01274381,0.0001274381
2019-02-22,0.0,0.0,0.0,156.9658,0.0,0.00439606,4.39606e-05
2019-02-25,0.0,0.0,0.0,157.0035,0.0,0.02401797,0.0002401797
2019-02-26,0.0,0.0,0.0,156.9803,0.0,-0.01477674,-0.0001477674
2019-02-27,0.0,0.0,0.0,156.995,0.0,0.00936423,9.364229999999999e-05
2019-02-28,0.0,0.0,0.0,157.0156,0.0,0.01312144,0.0001312144
2019-03-01,0.0,0.0,0.0,157.0438,0.0,0.01796,0.0001796
2019-03-04,0.0,0.0,0.0,157.0861,0.0,0.02693516,0.0002693516
2019-03-05,0.0,0.0,0.0,157.0916,0.0,0.00350126,3.50126e-05
2019-03-06,0.0,0.0,0.0,157.1057,0.0,0.00897565,8.97565e-05
2019-03-07,0.0,0.0,0.0,157.1278,0.0,0.01406696,0.0001406696
2019-03-08,0.0,0.0,0.0,157.1439,0.0,0.01024644,0.0001024644
2019-03-11,0.0,0.0,0.0,157.1858,0.0,0.02666346,0.0002666346
2019-03-12,0.0,0.0,0.0,157.1953,0.0,0.0060438,6.0438e-05
2019-03-13,0.0,0.0,0.0,157.1969,0.0,0.00101784,1.01784e-05
2019-03-14,0.0,0.0,0.0,157.2001,0.0,0.00203566,2.0356599999999998e-05
2019-03-15,0.0,0.0,0.0,157.1955,0.0,-0.00292621,-2.92621e-05
2019-03-18,0.0,0.0,0.0,157.2308,0.0,0.02245611,0.0002245611
2019-03-19,0.0,0.0,0.0,157.2365,0.0,0.00362524,3.62524e-05
2019-03-20,0.0,0.0,0.0,157.2555,0.0,0.01208371,0.00012083709999999999
2019-03-21,0.0,0.0,0.0,157.2728,0.0,0.01100121,0.00011001210000000001
2019-03-22,0.0,0.0,0.0,157.2921,0.0,0.01227167,0.0001227167
2019-03-25,0.0,0.0,0.0,157.3417,0.0,0.03153369,0.0003153369
2019-03-26,0.0,0.0,0.0,157.3605,0.0,0.01194852,0.00011948520000000001
2019-03-27,0.0,0.0,0.0,157.3787,0.0,0.0115658,0.000115658
2019-03-28,0.0,0.0,0.0,157.409,0.0,0.01925292,0.0001925292
2019-03-29,0.0,0.0,0.0,157.4353,0.0,0.01670807,0.00016708069999999997
2019-04-01,0.0,0.0,0.0,157.4854,0.0,0.0318226,0.000318226
2019-04-02,0.0,0.0,0.0,157.4965,0.0,0.00704827,7.04827e-05
2019-04-03,0.0,0.0,0.0,157.5134,0.0,0.0107304,0.00010730399999999999
2019-04-04,0.0,0.0,0.0,157.5186,0.0,0.00330131,3.30131e-05
2019-04-08,0.0,0.0,0.0,157.5738,0.0,0.03504348,0.0003504348
2019-04-09,0.0,0.0,0.0,157.5833,0.0,0.00602892,6.02892e-05
2019-04-10,0.0,0.0,0.0,157.5886,0.0,0.0033633,3.3633e-05
2019-04-11,0.0,0.0,0.0,157.5946,0.0,0.00380738,3.80738e-05
2019-04-12,0.0,0.0,0.0,157.6016,0.0,0.00444178,4.44178e-05
2019-04-15,0.0,0.0,0.0,157.6192,0.0,0.0111674,0.00011167399999999999
2019-04-16,0.0,0.0,0.0,157.6174,0.0,-0.00114199,-1.14199e-05
2019-04-17,0.0,0.0,0.0,157.6027,0.0,-0.00932638,-9.32638e-05
2019-04-18,0.0,0.0,0.0,157.6218,0.0,0.01211908,0.00012119080000000001
2019-04-19,0.0,0.0,0.0,157.6356,0.0,0.00875513,8.75513e-05
2019-04-22,0.0,0.0,0.0,157.6822,0.0,0.02956185,0.0002956185
2019-04-23,0.0,0.0,0.0,157.6702,0.0,-0.00761024,-7.61024e-05
2019-04-24,0.0,0.0,0.0,157.6542,0.0,-0.01014776,-0.0001014776
2019-04-25,0.0,0.0,0.0,157.639,0.0,-0.00964135,-9.64135e-05
2019-04-26,0.0,0.0,0.0,157.626,0.0,-0.00824669,-8.246689999999999e-05
2019-04-29,0.0,0.0,0.0,157.6484,0.0,0.00241049,2.41049e-05
2019-04-30,0.0,0.0,0.0,157.6563,0.0,0.00501115,5.0111499999999996e-05
2019-05-06,0.0,0.0,0.0,157.7636,0.0,0.01584901,0.0001584901
2019-05-07,0.0,0.0,0.0,157.7933,0.0,0.01882564,0.0001882564
2019-05-08,0.0,0.0,0.0,157.8155,0.0,0.01406904,0.00014069039999999998
2019-05-09,0.0,0.0,0.0,157.836,0.0,0.01298985,0.00012989850000000002
2019-05-10,0.0,0.0,0.0,157.8534,0.0,0.0110241,0.000110241
2019-05-13,0.0,0.0,0.0,157.8939,0.0,0.02565672,0.0002565672
2019-05-14,0.0,0.0,0.0,157.9068,0.0,0.00817004,8.17004e-05
2019-05-15,0.0,0.0,0.0,157.9221,0.0,0.00968926,9.68926e-05
2019-05-16,0.0,0.0,0.0,157.9421,0.0,0.01266447,0.0001266447
2019-05-17,0.0,0.0,0.0,157.9624,0.0,0.01285281,0.0001285281
2019-05-20,0.0,0.0,0.0,158.0016,0.0,0.02481603,0.0002481603
2019-05-21,0.0,0.0,0.0,158.013,0.0,0.00721512,7.215120000000001e-05
2019-05-22,0.0,0.0,0.0,158.0167,0.0,0.00234158,2.3415799999999997e-05
2019-05-23,0.0,0.0,0.0,158.0293,0.0,0.00797384,7.973839999999999e-05
2019-05-24,0.0,0.0,0.0,158.0446,0.0,0.00968175,9.68175e-05
2019-05-27,0.0,0.0,0.0,158.0802,0.0,0.02252529,0.00022525289999999999
2019-05-28,0.0,0.0,0.0,158.0627,0.0,-0.01107033,-0.0001107033
2019-05-29,0.0,0.0,0.0,158.0731,0.0,0.00657967,6.57967e-05
2019-05-30,0.0,0.0,0.0,158.0948,0.0,0.01372783,0.0001372783
2019-05-31,0.0,0.0,0.0,158.1136,0.0,0.0118916,0.000118916
2019-06-03,0.0,0.0,0.0,158.1624,0.0,0.03086389,0.0003086389
2019-06-04,0.0,0.0,0.0,158.1761,0.0,0.00866198,8.66198e-05
2019-06-05,0.0,0.0,0.0,158.1899,0.0,0.00872445,8.72445e-05
2019-06-06,0.0,0.0,0.0,158.1988,0.0,0.00562615,5.6261499999999997e-05
2019-06-10,0.0,0.0,0.0,158.2569,0.0,0.03672594,0.00036725939999999996
2019-06-11,0.0,0.0,0.0,158.268,0.0,0.00701391,7.01391e-05
2019-06-12,0.0,0.0,0.0,158.2743,0.0,0.00398059,3.98059e-05
2019-06-13,0.0,0.0,0.0,158.279,0.0,0.00296953,2.96953e-05
2019-06-14,0.0,0.0,0.0,158.2814,0.0,0.00151631,1.51631e-05
2019-06-17,0.0,0.0,0.0,158.3227,0.0,0.02609277,0.0002609277
2019-06-18,0.0,0.0,0.0,158.3557,0.0,0.02084351,0.00020843509999999999
2019-06-19,0.0,0.0,0.0,158.3838,0.0,0.01774486,0.00017744860000000001
2019-06-20,0.0,0.0,0.0,158.4272,0.0,0.02740179,0.00027401789999999997
2019-06-21,0.0,0.0,0.0,158.4565,0.0,0.0184943,0.00018494300000000002
2019-06-24,0.0,0.0,0.0,158.5137,0.0,0.03609824,0.00036098239999999995
2019-06-25,0.0,0.0,0.0,158.54,0.0,0.01659163,0.0001659163
2019-06-26,0.0,0.0,0.0,158.5632,0.0,0.01463353,0.0001463353
2019-06-27,0.0,0.0,0.0,158.5813,0.0,0.01141501,0.0001141501
2019-06-28,0.0,0.0,0.0,158.6079,0.0,0.01677373,0.00016773730000000002
2019-07-01,0.0,0.0,0.0,158.6615,0.0,0.03379403,0.0003379403
2019-07-02,0.0,0.0,0.0,158.6839,0.0,0.01411811,0.0001411811
2019-07-03,0.0,0.0,0.0,158.7162,0.0,0.02035493,0.0002035493
2019-07-04,0.0,0.0,0.0,158.744,0.0,0.01751554,0.0001751554
2019-07-05,0.0,0.0,0.0,158.7607,0.0,0.01052008,0.0001052008
2019-07-08,0.0,0.0,0.0,158.8011,0.0,0.0254471,0.000254471
2019-07-09,0.0,0.0,0.0,158.8081,0.0,0.00440803,4.4080300000000006e-05
2019-07-10,0.0,0.0,0.0,158.8184,0.0,0.00648582,6.48582e-05
2019-07-11,0.0,0.0,0.0,158.8309,0.0,0.00787062,7.87062e-05
2019-07-12,0.0,0.0,0.0,158.8443,0.0,0.00843665,8.43665e-05
2019-07-15,0.0,0.0,0.0,158.8828,0.0,0.02423757,0.0002423757
2019-07-16,0.0,0.0,0.0,158.8936,0.0,0.00679746,6.79746e-05
2019-07-17,0.0,0.0,0.0,158.9032,0.0,0.00604178,6.04178e-05
2019-07-18,0.0,0.0,0.0,158.9101,0.0,0.00434227,4.3422699999999993e-05
2019-07-19,0.0,0.0,0.0,158.9146,0.0,0.00283179,2.83179e-05
2019-07-22,0.0,0.0,0.0,158.9628,0.0,0.03033076,0.0003033076
2019-07-23,0.0,0.0,0.0,158.9856,0.0,0.01434298,0.0001434298
2019-07-24,0.0,0.0,0.0,159.0067,0.0,0.01327164,0.00013271639999999998
2019-07-25,0.0,0.0,0.0,159.0243,0.0,0.01106872,0.0001106872
2019-07-26,0.0,0.0,0.0,159.0375,0.0,0.00830062,8.30062e-05
2019-07-29,0.0,0.0,0.0,159.0822,0.0,0.02810658,0.0002810658
2019-07-30,0.0,0.0,0.0,159.0928,0.0,0.00666322,6.66322e-05
2019-07-31,0.0,0.0,0.0,159.1045,0.0,0.0073542,7.3542e-05
2019-08-01,0.0,0.0,0.0,159.0852,0.0,-0.01213039,-0.0001213039
2019-08-02,0.0,0.0,0.0,159.1035,0.0,0.01150327,0.0001150327
2019-08-05,0.0,0.0,0.0,159.1497,0.0,0.0290377,0.000290377
2019-08-06,0.0,0.0,0.0,159.1681,0.0,0.01156144,0.0001156144
2019-08-07,0.0,0.0,0.0,159.19,0.0,0.01375904,0.0001375904
2019-08-08,0.0,0.0,0.0,159.2069,0.0,0.01061624,0.0001061624
2019-08-09,0.0,0.0,0.0,159.22,0.0,0.00822829,8.228289999999999e-05
2019-08-12,0.0,0.0,0.0,159.2625,0.0,0.02669263,0.0002669263
2019-08-13,0.0,0.0,0.0,159.2696,0.0,0.00445805,4.45805e-05
2019-08-14,0.0,0.0,0.0,159.2757,0.0,0.00382998,3.82998e-05
2019-08-15,0.0,0.0,0.0,159.2868,0.0,0.00696905,6.96905e-05
2019-08-16,0.0,0.0,0.0,159.2976,0.0,0.00678022,6.78022e-05
2019-08-19,0.0,0.0,0.0,159.3397,0.0,0.02642852,0.0002642852
2019-08-20,0.0,0.0,0.0,159.3497,0.0,0.0062759,6.2759e-05
2019-08-21,0.0,0.0,0.0,159.3627,0.0,0.00815816,8.158159999999999e-05
2019-08-22,0.0,0.0,0.0,159.3736,0.0,0.00683974,6.83974e-05
2019-08-23,0.0,0.0,0.0,159.3707,0.0,-0.00181962,-1.81962e-05
2019-08-26,0.0,0.0,0.0,159.4185,0.0,0.02999297,0.0002999297
2019-08-27,0.0,0.0,0.0,159.4239,0.0,0.00338731,3.38731e-05
2019-08-28,0.0,0.0,0.0,159.4325,0.0,0.00539442,5.39442e-05
2019-08-29,0.0,0.0,0.0,159.4432,0.0,0.0067113,6.711299999999999e-05
2019-08-30,0.0,0.0,0.0,159.4513,0.0,0.00508018,5.08018e-05
2019-09-02,0.0,0.0,0.0,159.4959,0.0,0.02797092,0.0002797092
2019-09-03,0.0,0.0,0.0,159.5036,0.0,0.00482771,4.82771e-05
2019-09-04,0.0,0.0,0.0,159.5118,0.0,0.00514095,5.14095e-05
2019-09-05,0.0,0.0,0.0,159.5301,0.0,0.01147251,0.0001147251
2019-09-06,0.0,0.0,0.0,159.5411,0.0,0.00689525,6.895250000000001e-05
2019-09-09,0.0,0.0,0.0,159.5909,0.0,0.03121453,0.0003121453
2019-09-10,0.0,0.0,0.0,159.6082,0.0,0.01084022,0.0001084022
2019-09-11,0.0,0.0,0.0,159.6268,0.0,0.01165354,0.00011653540000000001
2019-09-12,0.0,0.0,0.0,159.6458,0.0,0.01190276,0.0001190276
2019-09-16,0.0,0.0,0.0,159.7093,0.0,0.03977555,0.0003977555
2019-09-17,0.0,0.0,0.0,159.7272,0.0,0.01120786,0.0001120786
2019-09-18,0.0,0.0,0.0,159.7411,0.0,0.00870234,8.70234e-05
2019-09-19,0.0,0.0,0.0,159.7475,0.0,0.00400648,4.0064799999999996e-05
2019-09-20,0.0,0.0,0.0,159.7522,0.0,0.00294214,2.9421400000000003e-05
2019-09-23,0.0,0.0,0.0,159.7846,0.0,0.02028141,0.0002028141
2019-09-24,0.0,0.0,0.0,159.7959,0.0,0.00707202,7.07202e-05
2019-09-25,0.0,0.0,0.0,159.8088,0.0,0.0080728,8.0728e-05
2019-09-26,0.0,0.0,0.0,159.819,0.0,0.00638263,6.38263e-05
2019-09-27,0.0,0.0,0.0,159.8373,0.0,0.01145045,0.0001145045
2019-09-30,0.0,0.0,0.0,159.8816,0.0,0.00975817,9.75817e-05
2019-10-08,0.0,0.0,0.0,160.0022,0.0,0.07543082,0.0007543081999999999
2019-10-09,0.0,0.0,0.0,160.0183,0.0,0.01006236,0.00010062359999999999
2019-10-10,0.0,0.0,0.0,160.0421,0.0,0.0148733,0.00014873300000000001
2019-10-11,0.0,0.0,0.0,160.0566,0.0,0.00906012,9.06012e-05
2019-10-14,0.0,0.0,0.0,160.1011,0.0,0.01992888,0.0001992888
2019-10-15,0.0,0.0,0.0,160.1105,0.0,0.00587129,5.8712900000000005e-05
2019-10-16,0.0,0.0,0.0,160.1226,0.0,0.00755728,7.55728e-05
2019-10-17,0.0,0.0,0.0,160.1389,0.0,0.0101797,0.000101797
2019-10-18,0.0,0.0,0.0,160.1516,0.0,0.00793062,7.930619999999999e-05
2019-10-21,0.0,0.0,0.0,160.1884,0.0,0.02297823,0.00022978229999999998
2019-10-22,0.0,0.0,0.0,160.1852,0.0,-0.00199765,-1.99765e-05
2019-10-23,0.0,0.0,0.0,160.1958,0.0,0.00661734,6.61734e-05
2019-10-24,0.0,0.0,0.0,160.1649,0.0,-0.0192889,-0.00019288900000000002
2019-10-25,0.0,0.0,0.0,160.1777,0.0,0.00799176,7.99176e-05
2019-10-28,0.0,0.0,0.0,160.2134,0.0,0.02228775,0.0002228775
2019-10-29,0.0,0.0,0.0,160.2177,0.0,0.00268392,2.68392e-05
2019-10-30,0.0,0.0,0.0,160.2192,0.0,0.00093623,9.3623e-06
