,open,high,low,close,volume,pct_chg,ret
2007-01-04,1213.091,1214.3038,1204.7669,1205.2846,203537200.0,-3.36205408,-0.0336205408
2007-01-05,1184.3857,1193.0101,1184.3857,1192.4381,172407800.0,-1.06584785,-0.010658478499999999
2007-01-08,1184.2485,1185.7715,1179.1925,1180.6854,149285200.0,-0.98560252,-0.0098560252
2007-01-09,1181.4325,1190.2926,1181.1305,1187.4564,197168800.0,0.57348045,0.0057348045
2007-01-10,1185.4316,1199.6635,1185.4316,1199.6635,174204600.0,1.02800406,0.0102800406
2007-01-11,1206.7243,1210.1366,1199.7971,1199.9795,210065600.0,0.02634072,0.0002634072
2007-01-12,1202.5426,1202.5426,1190.4842,1190.4842,181986600.0,-0.79128852,-0.0079128852
2007-01-15,1216.4247,1223.9602,1215.7253,1219.1111,184977000.0,2.40464342,0.0240464342
2007-01-16,1217.7421,1217.7421,1198.1239,1198.7902,253938800.0,-1.66686203,-0.016668620300000003
2007-01-17,1199.4223,1206.996,1199.4223,1204.3913,197099800.0,0.46722938,0.0046722938
2007-01-18,1209.8251,1210.8762,1205.6152,1209.7751,232217800.0,0.44701419,0.004470141899999999
2007-01-19,1192.4362,1192.9959,1182.2823,1187.2115,207126000.0,-1.86510699,-0.018651069899999997
2007-01-22,1186.9768,1198.2804,1186.9768,1197.6089,157687000.0,0.8757833,0.008757833
2007-01-23,1198.3607,1203.7169,1196.3362,1200.4291,139472600.0,0.23548589,0.0023548589
2007-01-24,1213.3279,1218.0268,1210.6573,1210.9623,193299200.0,0.8774529,0.008774529
2007-01-25,1215.021,1218.5206,1213.5115,1214.829,189936000.0,0.31930804,0.0031930804
2007-01-26,1218.4701,1218.4701,1207.4576,1208.5903,205167000.0,-0.51354553,-0.0051354553
2007-01-29,1214.3456,1220.6001,1214.3456,1220.6001,141570000.0,0.99370316,0.0099370316
2007-01-30,1204.2229,1206.4783,1200.8559,1201.5735,175609600.0,-1.55879063,-0.0155879063
2007-01-31,1213.8116,1216.6888,1211.6996,1215.4954,171417600.0,1.15863907,0.0115863907
2007-02-01,1220.3356,1222.7191,1219.7762,1221.9633,157561800.0,0.53212048,0.0053212048
2007-02-02,1213.3566,1216.7695,1211.105,1216.3515,165603800.0,-0.45924456,-0.0045924456
2007-02-05,1214.2345,1216.0446,1208.5941,1210.2755,144391400.0,-0.49952666,-0.0049952666
2007-02-06,1208.0903,1215.2148,1207.7449,1214.8484,142063600.0,0.37783959,0.0037783959000000002
2007-02-07,1219.4104,1224.8316,1217.06,1223.3657,156851800.0,0.70109982,0.0070109982
2007-02-08,1218.9372,1219.5445,1213.239,1213.239,140308600.0,-0.82777374,-0.0082777374
2007-02-09,1221.5249,1226.4704,1221.5249,1226.1649,146785000.0,1.06540426,0.0106540426
2007-02-12,1230.3067,1231.084,1227.112,1230.0241,130244600.0,0.31473744,0.0031473744
2007-02-13,1221.8709,1223.5013,1218.3934,1222.7376,121448400.0,-0.59238677,-0.005923867699999999
2007-02-14,1237.33,1237.7464,1234.949,1234.949,100405600.0,0.99869342,0.0099869342
2007-02-15,1231.1419,1237.9538,1229.8874,1236.6464,115239200.0,0.13744697,0.0013744697
2007-02-16,1238.4714,1247.6268,1238.4714,1247.6268,103040200.0,0.88791752,0.0088791752
2007-02-26,1270.6419,1279.6217,1269.0761,1277.0554,214957400.0,2.35876626,0.0235876626
2007-02-27,1281.8798,1281.8798,1270.5194,1270.5194,151139600.0,-0.51180239,-0.005118023900000001
2007-02-28,1251.7569,1264.0145,1251.7569,1263.4472,212705400.0,-0.55663849,-0.0055663849
2007-03-01,1266.0505,1270.0108,1258.0328,1260.4698,186150200.0,-0.23565686,-0.0023565686
2007-03-02,1254.5304,1259.9635,1254.5304,1259.6941,158221200.0,-0.06154055,-0.0006154055
2007-03-05,1250.7764,1252.4255,1238.4089,1240.1082,169850600.0,-1.55481398,-0.015548139800000001
2007-03-06,1245.5925,1255.9339,1245.5925,1255.2225,152963400.0,1.21878881,0.012187888099999999
2007-03-07,1254.7811,1255.0928,1249.4811,1253.1693,139951800.0,-0.16357259,-0.0016357258999999999
2007-03-08,1262.7759,1264.6248,1259.5847,1262.8927,157702200.0,0.77590474,0.0077590474
2007-03-09,1262.3264,1262.3264,1253.6353,1254.8,185122200.0,-0.64080662,-0.0064080662
2007-03-12,1251.6823,1257.3193,1251.6823,1256.8479,141492200.0,0.16320529,0.0016320529
2007-03-13,1261.6531,1263.511,1260.7674,1261.396,143799000.0,0.36186558,0.0036186558000000004
2007-03-14,1252.9681,1254.8723,1248.468,1252.5428,145985000.0,-0.70185731,-0.0070185731
2007-03-15,1254.047,1260.0982,1254.047,1260.0982,134796000.0,0.60320494,0.0060320494
2007-03-16,1265.5695,1266.6019,1260.6961,1266.6019,106018200.0,0.51612644,0.0051612644
2007-03-19,1267.7019,1267.9618,1264.3168,1265.1508,115981000.0,-0.11456638,-0.0011456638
2007-03-20,1268.8313,1271.6448,1268.8313,1271.1667,113052800.0,0.47550853,0.0047550853
2007-03-21,1271.087,1272.0532,1266.7051,1266.8224,119834000.0,-0.34175691,-0.0034175691
2007-03-22,1271.5202,1273.4184,1267.7496,1269.8571,107279800.0,0.23955213,0.0023955213
2007-03-23,1274.5489,1277.2677,1273.535,1277.2677,98834200.0,0.58357747,0.005835774700000001
2007-03-26,1274.9111,1277.5347,1272.5351,1276.7697,120237000.0,-0.03898948,-0.0003898948
2007-03-27,1275.2387,1281.8495,1274.2895,1277.6429,117268000.0,0.06839135,0.0006839135
2007-03-28,1276.7329,1279.5077,1273.8318,1278.7242,126713200.0,0.08463241,0.0008463241
2007-03-29,1280.2299,1280.6785,1276.9112,1277.5175,117268600.0,-0.0943675,-0.000943675
2007-03-30,1286.7917,1295.3722,1286.7917,1295.3718,139260800.0,1.39757772,0.0139757772
2007-04-02,1280.1375,1289.2617,1280.1375,1287.2161,219729400.0,-0.62960302,-0.0062960302
2007-04-03,1295.7229,1296.9201,1293.7767,1294.9352,155687800.0,0.59967398,0.0059967398
2007-04-04,1301.36,1302.5073,1299.5824,1301.5359,120334400.0,0.50973207,0.0050973207
2007-04-05,1302.5342,1303.7714,1301.5279,1301.5279,115141200.0,-0.00061466,-6.1466e-06
2007-04-06,1300.4383,1305.6047,1299.1388,1305.5671,146183600.0,0.31034294,0.0031034294
2007-04-09,1311.6875,1327.308,1311.6875,1325.0271,224207200.0,1.49054001,0.014905400099999999
2007-04-10,1322.7978,1329.0602,1318.7826,1321.2704,178434600.0,-0.28351873,-0.0028351873
2007-04-11,1323.2565,1325.6057,1315.6296,1321.9654,154358000.0,0.05260089,0.0005260089
2007-04-12,1326.0561,1329.1947,1321.0951,1326.2398,198069800.0,0.32333675,0.0032333675
2007-04-13,1316.7296,1320.9361,1311.2647,1313.1608,183463600.0,-0.98617158,-0.0098617158
2007-04-16,1317.4302,1324.2422,1317.4302,1323.6331,195692400.0,0.79748802,0.0079748802
2007-04-17,1322.2394,1324.9808,1313.9802,1314.0407,182944400.0,-0.72470234,-0.0072470234
2007-04-18,1322.7487,1323.7921,1309.2713,1315.6091,247239800.0,0.11935703,0.0011935703
2007-04-19,1315.4862,1316.6705,1295.4981,1301.5346,250088800.0,-1.06980865,-0.010698086499999999
2007-04-20,1304.3933,1304.3933,1292.0473,1299.6435,201321200.0,-0.14529771,-0.0014529770999999999
2007-04-23,1304.0057,1307.4612,1293.9284,1296.9405,190278200.0,-0.20798011,-0.0020798011
2007-04-24,1304.2947,1304.2947,1295.24,1300.554,162960800.0,0.27861725,0.0027861724999999997
2007-04-25,1288.7467,1290.729,1283.5907,1288.3263,185683000.0,-0.94019164,-0.0094019164
2007-04-26,1299.4282,1302.1762,1297.27,1300.0672,204936400.0,0.91132968,0.0091132968
2007-04-27,1285.7784,1286.1342,1281.3441,1284.5253,166152600.0,-1.19546897,-0.0119546897
2007-04-30,1285.1099,1295.8473,1284.0402,1295.8135,128803200.0,0.87878378,0.0087878378
2007-05-08,1300.2507,1302.9965,1299.1601,1301.6372,131810000.0,0.44942424,0.0044942424
2007-05-09,1307.0427,1310.5738,1305.8732,1306.7898,151265000.0,0.39585531,0.0039585531000000005
2007-05-10,1303.8418,1303.8418,1294.4155,1297.9392,146015400.0,-0.67727801,-0.0067727800999999995
2007-05-11,1284.3507,1285.1354,1280.7295,1282.1516,153969600.0,-1.21635898,-0.012163589800000001
2007-05-14,1291.0327,1294.5664,1286.7334,1288.9737,179393600.0,0.53208217,0.0053208217000000006
2007-05-15,1279.269,1279.269,1271.2917,1272.7053,174612600.0,-1.2621204,-0.012621203999999999
2007-05-16,1283.0443,1288.1831,1277.7043,1287.9339,184304600.0,1.19655351,0.0119655351
2007-05-17,1280.3842,1280.3842,1271.2998,1271.3277,198461200.0,-1.28936741,-0.0128936741
2007-05-18,1264.3898,1267.9273,1258.9525,1261.738,201485400.0,-0.75430591,-0.0075430591
2007-05-21,1261.3672,1285.3134,1259.9677,1284.9846,193934200.0,1.84242687,0.0184242687
2007-05-22,1288.3848,1293.0821,1282.2648,1282.2648,190410400.0,-0.21166012,-0.0021166012
2007-05-23,1282.2648,1282.2648,1268.1594,1271.6323,198617600.0,-0.8291969,-0.008291969
2007-05-24,1271.6323,1281.4602,1271.6323,1277.3191,182289800.0,0.44720475,0.0044720474999999996
2007-05-25,1262.8168,1270.0388,1261.631,1268.2814,187578400.0,-0.70755225,-0.0070755225
2007-05-28,1277.4251,1280.1388,1276.4088,1276.6844,171390600.0,0.66255012,0.0066255012
2007-05-29,1279.9114,1280.5318,1264.4359,1264.4359,192298600.0,-0.95939921,-0.009593992099999999
2007-05-30,1258.0864,1260.1018,1251.8031,1252.8719,209748000.0,-0.91455803,-0.009145580300000001
2007-05-31,1259.5662,1265.069,1257.6835,1264.56,181774600.0,0.93290463,0.0093290463
2007-06-01,1267.0938,1270.9571,1263.7824,1267.8563,206951000.0,0.26066774,0.0026066773999999997
2007-06-04,1268.8243,1272.6223,1267.3782,1268.5685,195136800.0,0.05617356,0.0005617355999999999
2007-06-05,1283.3737,1283.3737,1273.6951,1283.0633,166625600.0,1.14261075,0.0114261075
2007-06-06,1281.6264,1285.6423,1280.8528,1281.8472,218878200.0,-0.09478098,-0.0009478098
2007-06-07,1272.6368,1278.1127,1270.8787,1272.1765,226100400.0,-0.75443469,-0.007544346899999999
2007-06-08,1262.2238,1274.0173,1261.1958,1261.1958,227154400.0,-0.86314281,-0.0086314281
2007-06-11,1257.2146,1260.7271,1252.4685,1258.6428,235531600.0,-0.20242693,-0.0020242693
2007-06-12,1248.9289,1264.1968,1248.9289,1249.0808,237593400.0,-0.7597072,-0.007597072
2007-06-13,1245.3869,1246.7139,1239.5763,1243.2761,258107200.0,-0.46471773,-0.0046471773
2007-06-14,1246.7409,1251.2152,1245.2035,1245.2035,228850600.0,0.1550259,0.001550259
2007-06-15,1244.6767,1251.9027,1242.5313,1244.2545,201366400.0,-0.07621244,-0.0007621244
2007-06-18,1258.1323,1259.3035,1253.1041,1259.3035,248857800.0,1.20947925,0.0120947925
2007-06-19,1252.742,1255.7359,1251.2961,1251.9842,243267200.0,-0.58121811,-0.0058121811
2007-06-20,1246.7029,1249.56,1242.8091,1245.9502,230080200.0,-0.48195496,-0.0048195495999999996
2007-06-21,1248.3686,1248.9557,1245.1359,1248.6949,198422200.0,0.2202897,0.002202897
2007-06-22,1242.1079,1244.4981,1240.7052,1244.4981,183690200.0,-0.33609491,-0.0033609491000000003
2007-06-25,1239.7873,1242.8452,1237.3508,1239.087,190559000.0,-0.43480179,-0.0043480179
2007-06-26,1232.3911,1241.2868,1228.7297,1229.8093,256762200.0,-0.74875291,-0.0074875291
2007-06-27,1214.8091,1224.0609,1214.1486,1214.9291,281947400.0,-1.20995995,-0.0120995995
2007-06-28,1223.4778,1223.4778,1215.4138,1222.8088,242784200.0,0.64857283,0.0064857283
2007-06-29,1226.5983,1229.2892,1223.7553,1226.7231,203822800.0,0.32010728,0.0032010728
2007-07-02,1235.3641,1238.3732,1230.4162,1238.2767,257883200.0,0.94182624,0.0094182624
2007-07-03,1242.0906,1248.1182,1241.8548,1247.6603,224747200.0,0.75779509,0.0075779509
2007-07-04,1245.8887,1246.2055,1238.9638,1238.9638,277322000.0,-0.69702466,-0.0069702466
2007-07-05,1244.0793,1245.7167,1241.0525,1242.9072,231315600.0,0.3182821,0.003182821
2007-07-06,1243.1157,1244.9737,1240.0963,1240.4579,183877400.0,-0.19706218,-0.0019706218
2007-07-09,1241.5655,1246.1257,1241.0177,1244.0647,214761600.0,0.2907636,0.002907636
2007-07-10,1246.4402,1246.9801,1238.0532,1238.0532,231381200.0,-0.48321442,-0.0048321442
2007-07-11,1238.9718,1239.7415,1235.6025,1236.9598,296533400.0,-0.08831608,-0.0008831608000000001
2007-07-12,1239.115,1245.99,1235.9665,1245.3796,299516200.0,0.68068501,0.0068068501
2007-07-13,1242.1309,1242.2685,1238.3548,1240.5191,276468200.0,-0.39028261,-0.0039028261
2007-07-16,1243.1897,1244.2144,1236.944,1244.2144,232013600.0,0.29788336,0.0029788336
2007-07-17,1233.5229,1237.695,1233.5229,1236.0068,221114600.0,-0.65966123,-0.0065966123
2007-07-18,1232.6493,1236.7146,1232.6493,1235.2302,216329200.0,-0.06283137,-0.0006283136999999999
2007-07-19,1240.6834,1241.961,1238.7208,1239.8388,208812200.0,0.37309645,0.0037309645000000004
2007-07-20,1240.067,1258.5329,1240.067,1258.5329,227817600.0,1.50778472,0.015077847200000001
2007-07-23,1256.4405,1268.8591,1254.0852,1261.3081,217748200.0,0.22051072,0.0022051072
2007-07-24,1252.5235,1253.3008,1247.6001,1250.4666,260750400.0,-0.85954415,-0.0085954415
2007-07-25,1250.8092,1251.3095,1245.9646,1251.3095,234746000.0,0.06740684,0.0006740683999999999
2007-07-26,1250.4462,1261.4634,1249.2074,1261.0619,266111600.0,0.77937553,0.0077937553
2007-07-27,1253.5009,1259.7295,1252.4616,1252.8828,227300800.0,-0.6485883,-0.0064858830000000004
2007-07-30,1265.7655,1268.2718,1255.942,1268.2718,256110400.0,1.22828727,0.012282872700000001
2007-07-31,1275.8078,1280.2151,1274.1584,1280.2151,296456000.0,0.94169877,0.0094169877
2007-08-01,1287.4489,1287.4489,1270.1532,1270.1532,349619600.0,-0.78595386,-0.0078595386
2007-08-02,1275.2903,1276.5766,1269.863,1276.5766,288167200.0,0.50571852,0.0050571852
2007-08-03,1276.8244,1284.1432,1276.8244,1284.1432,391440800.0,0.59272589,0.005927258899999999
2007-08-06,1271.0769,1279.6491,1269.3723,1279.6491,379866200.0,-0.34996876,-0.0034996876
2007-08-07,1280.6429,1281.8195,1270.9677,1270.9677,287122600.0,-0.67842036,-0.006784203599999999
2007-08-08,1275.3766,1275.4681,1271.8499,1273.2896,320860800.0,0.18268757,0.0018268757
2007-08-09,1273.2302,1281.9143,1273.2302,1281.9143,307453400.0,0.67735572,0.0067735571999999996
2007-08-10,1271.7835,1274.933,1269.4496,1274.483,350448400.0,-0.57970334,-0.0057970334
2007-08-13,1278.1487,1288.0348,1277.4047,1284.1698,401292400.0,0.76005722,0.0076005722
2007-08-14,1280.7756,1282.6721,1278.3732,1281.7146,408290600.0,-0.19118967,-0.0019118967
2007-08-15,1275.5439,1279.7137,1272.8155,1273.1962,389381600.0,-0.66460973,-0.0066460973
2007-08-16,1268.6872,1270.8321,1258.3515,1260.842,338579400.0,-0.97032963,-0.0097032963
2007-08-17,1230.5892,1239.3284,1230.5046,1233.7142,402567000.0,-2.15156221,-0.0215156221
2007-08-20,1243.5369,1254.7542,1243.5369,1254.7542,284385400.0,1.70541929,0.0170541929
2007-08-21,1254.9368,1259.7043,1254.9368,1256.6564,282581600.0,0.15159941,0.0015159941
2007-08-22,1254.1555,1255.9585,1251.1058,1254.8227,315057600.0,-0.14591896,-0.0014591895999999998
2007-08-23,1268.4303,1270.8271,1267.0348,1268.4289,334868600.0,1.08431255,0.0108431255
2007-08-24,1269.3079,1269.3079,1262.8185,1262.8185,307171400.0,-0.44231096,-0.0044231096
2007-08-27,1266.9843,1270.0281,1265.2941,1266.9839,260644800.0,0.32984946,0.0032984945999999997
2007-08-28,1269.5082,1273.2488,1267.6639,1271.6868,336111200.0,0.37118862,0.0037118862000000002
2007-08-29,1265.0358,1267.5769,1262.8188,1266.9581,359766800.0,-0.3718447,-0.0037184469999999997
2007-08-30,1275.5848,1282.5485,1275.5848,1282.1158,408786600.0,1.19638526,0.0119638526
2007-08-31,1286.7387,1294.1843,1285.6048,1293.9942,420602400.0,0.92646858,0.0092646858
2007-09-03,1294.5993,1295.6817,1291.8916,1292.9074,324837600.0,-0.08398801,-0.0008398801
2007-09-04,1293.9255,1304.5988,1291.0619,1291.0619,528391000.0,-0.14274031,-0.0014274031
2007-09-05,1300.9704,1300.9704,1290.2695,1294.5453,471779400.0,0.26980891,0.0026980891000000003
2007-09-06,1289.2439,1296.1066,1289.2439,1296.1066,466811200.0,0.12060605,0.0012060605
2007-09-07,1297.8667,1302.826,1297.8145,1297.8145,410659600.0,0.13177157,0.0013177157000000001
2007-09-10,1298.8514,1304.7467,1297.785,1302.552,427505600.0,0.36503676,0.0036503676
2007-09-11,1305.655,1308.2853,1301.752,1306.3348,424272000.0,0.29041451,0.0029041451
2007-09-12,1316.5447,1316.5447,1308.5413,1314.275,378780800.0,0.60782274,0.0060782274
2007-09-13,1320.9151,1320.9151,1314.5271,1314.6667,469449600.0,0.0298035,0.000298035
2007-09-14,1316.7558,1316.8665,1313.5918,1316.5368,375336800.0,0.14224898,0.0014224898
2007-09-17,1322.9659,1332.5651,1320.7023,1332.5651,359028200.0,1.21745932,0.012174593199999998
2007-09-18,1337.1327,1343.4654,1336.2368,1341.4993,434161600.0,0.6704513,0.006704513
2007-09-19,1349.1394,1349.839,1333.4644,1335.3351,527707600.0,-0.4595008,-0.004595008
2007-09-20,1338.5594,1339.6535,1332.6979,1334.9778,419144600.0,-0.02675733,-0.0002675733
2007-09-21,1342.8862,1344.7099,1332.6198,1334.2098,442993400.0,-0.05752905,-0.0005752905
2007-09-24,1334.9589,1336.0092,1331.1638,1335.8425,410502200.0,0.12237206,0.0012237206
2007-09-25,1334.3042,1339.4683,1333.1925,1338.4332,353928400.0,0.19393753,0.0019393753
2007-09-26,1335.896,1343.1915,1335.7371,1341.2929,385111200.0,0.21366027,0.0021366027000000003
2007-09-27,1344.2939,1346.3894,1340.6736,1342.8793,391281000.0,0.11827394,0.0011827393999999998
2007-09-28,1349.251,1349.251,1344.9601,1348.7458,331328400.0,0.43685981,0.0043685981
2007-10-08,1333.4824,1342.0575,1333.4824,1341.3284,302755800.0,-0.54994796,-0.0054994796
2007-10-09,1334.8061,1342.2694,1333.7298,1342.2694,310746800.0,0.07015433,0.0007015433
2007-10-10,1347.6794,1356.4257,1346.858,1356.4257,415849200.0,1.05465416,0.010546541599999999
2007-10-11,1360.5601,1362.3797,1355.5227,1357.4827,428329000.0,0.07792539,0.0007792539
2007-10-12,1358.3668,1360.5075,1355.4022,1359.0867,396987000.0,0.11815989,0.0011815989
2007-10-15,1360.6942,1371.0417,1360.6942,1371.0417,414540600.0,0.87963483,0.0087963483
2007-10-16,1373.1532,1378.523,1369.47,1376.8926,387453400.0,0.42674851,0.0042674851
2007-10-17,1373.6069,1376.7226,1364.5843,1364.5843,445222200.0,-0.89391867,-0.0089391867
2007-10-18,1367.2352,1368.6213,1360.0418,1367.2649,416225200.0,0.19644078,0.0019644078
2007-10-19,1371.1089,1373.3128,1368.8984,1368.8984,401488800.0,0.11947209,0.0011947209000000001
2007-10-22,1358.1266,1358.1266,1348.3443,1348.3443,337391600.0,-1.50150661,-0.0150150661
2007-10-23,1354.594,1356.8821,1348.4988,1355.6419,399539000.0,0.54122675,0.0054122675
2007-10-24,1353.7343,1353.8375,1347.403,1347.8274,379446800.0,-0.57644279,-0.0057644279
2007-10-25,1348.122,1349.8878,1340.9163,1340.9163,351998600.0,-0.51275853,-0.0051275853
2007-10-26,1351.0928,1361.6452,1351.0928,1361.6452,360049000.0,1.54587576,0.0154587576
2007-10-29,1367.7969,1386.5479,1367.7969,1386.5479,476932600.0,1.82886849,0.0182886849
2007-10-30,1379.5845,1379.5845,1370.8973,1371.8498,503615200.0,-1.06004993,-0.0106004993
2007-10-31,1363.9926,1376.0314,1363.9926,1365.6367,486559400.0,-0.45289944,-0.0045289944
2007-11-01,1379.2427,1382.6897,1369.7078,1371.7179,398985600.0,0.44530145,0.0044530145
2007-11-02,1358.4155,1363.8402,1356.9347,1361.7313,417638200.0,-0.72803599,-0.0072803599
2007-11-05,1364.9782,1370.2293,1359.2868,1363.7708,484432000.0,0.14977257,0.0014977257
2007-11-06,1366.8417,1376.7618,1365.3856,1375.849,440251600.0,0.88564735,0.0088564735
2007-11-07,1386.7792,1390.8612,1381.9582,1382.3809,481575800.0,0.47475413,0.0047475413
2007-11-08,1371.5694,1376.9272,1371.5694,1373.9719,385879000.0,-0.60829834,-0.0060829834
2007-11-09,1375.1403,1377.8191,1371.3684,1377.8191,384278000.0,0.28000573,0.0028000573
2007-11-12,1367.336,1367.336,1356.9807,1357.3406,441971600.0,-1.48629816,-0.0148629816
2007-11-13,1352.4255,1354.8394,1340.3968,1353.607,404177800.0,-0.27506729,-0.0027506729000000003
2007-11-14,1353.3595,1359.4868,1352.9418,1359.4868,481894200.0,0.43438014,0.004343801400000001
2007-11-15,1372.5161,1373.3565,1353.1368,1353.1368,459211400.0,-0.46708802,-0.0046708802
2007-11-16,1346.4653,1349.9032,1332.4643,1337.5301,596753400.0,-1.15337193,-0.0115337193
2007-11-19,1345.0552,1346.7636,1333.8073,1337.223,457031200.0,-0.02296023,-0.00022960230000000002
2007-11-20,1321.9235,1321.9235,1304.6491,1312.4764,527725600.0,-1.85059635,-0.0185059635
2007-11-21,1324.2605,1324.7466,1303.8118,1312.1226,554609000.0,-0.02695668,-0.0002695668
2007-11-22,1303.3693,1328.4338,1302.1194,1328.4338,453591600.0,1.24311554,0.0124311554
2007-11-23,1324.2362,1344.1374,1320.2138,1343.1461,482095800.0,1.10749215,0.0110749215
2007-11-26,1353.2973,1359.5458,1341.7472,1343.9192,438396400.0,0.05755889,0.0005755889
2007-11-27,1330.336,1341.816,1328.7487,1335.3838,415407200.0,-0.63511259,-0.0063511259
2007-11-28,1329.0802,1336.9986,1327.0,1327.1443,488295800.0,-0.61701363,-0.0061701363
2007-11-29,1336.655,1344.8636,1330.1124,1339.5811,518045600.0,0.93710985,0.009371098500000001
2007-11-30,1334.8307,1337.8565,1325.9155,1330.9645,570713200.0,-0.64323093,-0.0064323092999999994
2007-12-03,1332.6664,1341.3974,1325.0047,1327.2829,419447400.0,-0.27661143,-0.0027661142999999997
2007-12-04,1321.8048,1329.3605,1319.1021,1322.3753,398753000.0,-0.36974785,-0.0036974785
2007-12-05,1326.5596,1331.5347,1321.9489,1331.5347,381386400.0,0.69264754,0.0069264754
2007-12-06,1324.0421,1329.0981,1317.4321,1317.4321,434528200.0,-1.05912373,-0.0105912373
2007-12-07,1326.3843,1330.632,1324.301,1330.567,449649400.0,0.99700774,0.009970077400000001
2007-12-10,1334.4416,1340.8402,1327.5685,1340.5235,420844600.0,0.74829001,0.007482900099999999
2007-12-11,1339.4902,1345.2166,1339.0376,1343.7178,458589800.0,0.2382875,0.002382875
2007-12-12,1340.2438,1340.4983,1326.9236,1327.2566,391274000.0,-1.22504889,-0.0122504889
2007-12-13,1340.4017,1347.8077,1338.1512,1339.3702,406814200.0,0.91267958,0.0091267958
2007-12-14,1334.671,1339.1345,1330.6356,1339.1345,318558000.0,-0.01759782,-0.0001759782
2007-12-17,1346.5071,1350.7895,1344.4621,1345.0644,394364600.0,0.44281586,0.0044281586
2007-12-18,1338.828,1338.828,1329.3626,1329.3626,396506200.0,-1.16736418,-0.0116736418
2007-12-19,1328.3396,1337.079,1327.4574,1336.3183,450458400.0,0.52323572,0.005232357199999999
2007-12-20,1341.0202,1344.8622,1337.3637,1343.9908,345926800.0,0.57415213,0.0057415213
2007-12-21,1340.5225,1357.9924,1338.3733,1352.6197,341110800.0,0.64203564,0.0064203564000000005
2007-12-24,1360.5407,1372.861,1360.5407,1369.3453,423482600.0,1.23653382,0.0123653382
2007-12-25,1379.3902,1379.3902,1361.9263,1362.0595,275086200.0,-0.53206448,-0.0053206448
2007-12-26,1363.102,1377.7269,1363.102,1377.7269,373120800.0,1.1502728,0.011502728
2007-12-27,1385.1712,1386.7592,1364.9873,1364.9873,405031000.0,-0.92468253,-0.0092468253
2007-12-28,1365.5817,1365.9035,1358.2844,1362.77,396588400.0,-0.16244107,-0.0016244107
2008-01-02,1362.1551,1364.5534,1356.7368,1358.5546,316777800.0,-0.30932586,-0.0030932586
2008-01-03,1366.6105,1372.5135,1364.318,1368.5729,363423800.0,0.73742344,0.0073742344000000005
2008-01-04,1381.5241,1389.7879,1381.5241,1386.937,389851800.0,1.34184302,0.0134184302
2008-01-07,1375.9397,1384.659,1374.1118,1379.6143,329718600.0,-0.5279764,-0.005279764
2008-01-08,1376.7989,1382.9146,1375.2945,1379.8762,393128600.0,0.01898357,0.0001898357
2008-01-09,1395.4843,1397.4908,1386.6634,1391.8077,342659000.0,0.86467902,0.008646790199999999
2008-01-10,1385.4024,1387.2944,1380.8756,1384.3836,265002800.0,-0.53341421,-0.0053341421
2008-01-11,1385.0932,1396.8004,1385.0932,1395.8232,301600600.0,0.82633166,0.0082633166
2008-01-14,1402.4454,1404.929,1397.0552,1401.3647,394134800.0,0.39700587,0.0039700587
2008-01-15,1402.2381,1404.6189,1388.7303,1388.7303,359160200.0,-0.9015783,-0.009015783000000001
2008-01-16,1380.7551,1382.217,1362.7783,1363.8139,479476600.0,-1.79418567,-0.0179418567
2008-01-17,1359.2268,1372.1244,1358.1442,1371.7346,359695200.0,0.58077572,0.0058077572
2008-01-18,1360.1006,1363.2329,1351.4047,1354.8283,517136800.0,-1.23247602,-0.0123247602
2008-01-21,1356.2088,1363.9988,1355.9833,1357.0038,418001400.0,0.16057385,0.0016057385
2008-01-22,1340.7228,1340.7228,1322.7852,1324.9576,463507600.0,-2.36154092,-0.0236154092
2008-01-23,1331.0137,1345.3389,1326.0786,1337.1824,372692800.0,0.92265594,0.009226559399999999
2008-01-24,1343.9695,1343.9695,1325.6706,1340.665,353172600.0,0.26044315,0.0026044315
2008-01-25,1348.209,1355.589,1347.0592,1354.077,294603800.0,1.00039906,0.010003990599999998
2008-01-28,1346.2731,1356.5002,1343.7158,1348.8307,278006400.0,-0.38744473,-0.0038744473
2008-01-29,1360.3756,1365.664,1358.4972,1364.6921,270254600.0,1.17593705,0.0117593705
2008-01-30,1364.6012,1372.1354,1362.6755,1363.0413,272445800.0,-0.12096501,-0.0012096501
2008-01-31,1366.0705,1367.3631,1361.1514,1367.3631,265364400.0,0.31707036,0.0031707035999999997
2008-02-01,1370.5832,1379.1331,1370.5832,1377.3404,248014600.0,0.72967451,0.007296745100000001
2008-02-04,1381.6115,1386.196,1378.6053,1384.9619,220366600.0,0.55334905,0.0055334905
2008-02-05,1385.9342,1392.2433,1384.9281,1392.2433,193735000.0,0.52574731,0.0052574731
2008-02-13,1395.9431,1404.6341,1395.9431,1402.5703,211545000.0,0.74175254,0.0074175254000000005
2008-02-14,1407.9561,1420.716,1407.9561,1419.0687,361726800.0,1.17629754,0.0117629754
2008-02-15,1419.188,1428.5504,1419.188,1425.3173,398104800.0,0.44033104,0.0044033104
2008-02-18,1427.9977,1453.5195,1427.9977,1453.5195,559415000.0,1.97866117,0.0197866117
2008-02-19,1452.9757,1460.8399,1449.5101,1456.7458,411288600.0,0.22196469,0.0022196469
2008-02-20,1455.5533,1467.5919,1453.666,1455.9492,615628800.0,-0.05468353,-0.0005468353
2008-02-21,1457.714,1479.4158,1457.714,1479.4158,491171800.0,1.61177327,0.0161177327
2008-02-22,1478.2605,1481.8581,1473.0355,1473.5217,536838400.0,-0.39840726,-0.0039840726
2008-02-25,1475.271,1496.5754,1475.271,1489.7566,541583000.0,1.10177543,0.0110177543
2008-02-26,1487.7825,1489.7165,1459.7994,1463.1318,702145400.0,-1.78719128,-0.0178719128
2008-02-27,1463.4221,1487.948,1463.4221,1475.046,607919800.0,0.81429438,0.0081429438
2008-02-28,1474.73,1482.5623,1472.8603,1480.2003,509625000.0,0.34943317,0.0034943317
2008-02-29,1482.5506,1496.8485,1482.5506,1496.8485,538603600.0,1.12472616,0.0112472616
2008-03-03,1501.873,1531.4733,1501.873,1531.4733,644274000.0,2.31317999,0.0231317999
2008-03-04,1525.3542,1547.8697,1503.8563,1510.6094,679840800.0,-1.36234174,-0.013623417399999999
2008-03-05,1504.371,1504.371,1485.7909,1489.0299,723477600.0,-1.42852944,-0.014285294399999999
2008-03-06,1493.6666,1514.7822,1490.4532,1500.0276,732848000.0,0.73858154,0.0073858154
2008-03-07,1495.9329,1495.9329,1473.3835,1479.5138,620188200.0,-1.3675615,-0.013675615
2008-03-10,1471.4826,1471.4826,1446.4848,1456.5729,441304000.0,-1.55057019,-0.0155057019
2008-03-11,1462.6489,1466.4312,1458.5282,1463.7262,642166200.0,0.49110484,0.0049110484
2008-03-12,1456.9942,1467.11,1428.6144,1428.6144,609129800.0,-2.39879562,-0.0239879562
2008-03-13,1439.666,1439.666,1426.2869,1436.2576,655465600.0,0.53500791,0.0053500791
2008-03-14,1434.7708,1444.3219,1429.2147,1443.1298,513265800.0,0.47847963,0.0047847963
2008-03-17,1427.4172,1436.5283,1427.2068,1427.7311,487457800.0,-1.067035,-0.01067035
2008-03-18,1383.8336,1386.9624,1378.1364,1382.3584,459340200.0,-3.17795837,-0.031779583699999996
2008-03-19,1382.3584,1396.5268,1380.8215,1385.542,632002200.0,0.23030207,0.0023030207
2008-03-20,1346.2133,1361.7301,1346.2133,1361.3344,566535600.0,-1.74715743,-0.0174715743
2008-03-21,1356.7268,1371.6528,1356.7268,1367.3367,581120600.0,0.44091297,0.0044091297
2008-03-24,1375.6323,1376.0691,1368.6185,1370.2398,444952800.0,0.21231786,0.0021231786
2008-03-25,1386.3731,1389.6032,1377.5694,1389.3063,479236000.0,1.39147177,0.0139147177
2008-03-26,1400.6499,1400.6499,1388.3169,1388.3169,500002800.0,-0.0712154,-0.000712154
2008-03-27,1390.231,1394.1211,1385.6623,1385.6623,415313400.0,-0.19120995,-0.0019120995
2008-03-28,1392.2488,1392.2488,1375.5894,1381.5123,466138000.0,-0.29949577,-0.0029949577
2008-03-31,1374.6959,1385.5401,1372.9156,1385.5401,503623600.0,0.29155006,0.0029155006
2008-04-01,1354.7128,1354.7128,1337.104,1340.5066,361931800.0,-3.25024877,-0.0325024877
2008-04-02,1353.8287,1355.483,1344.42,1347.7199,594754800.0,0.53810254,0.0053810254
2008-04-03,1362.0775,1362.0775,1351.2903,1355.6213,468363600.0,0.58627909,0.0058627909
2008-04-07,1362.8007,1373.2754,1358.7989,1371.0058,489277800.0,1.13486709,0.0113486709
2008-04-08,1367.4912,1368.448,1351.77,1354.9401,460836800.0,-1.17181853,-0.0117181853
2008-04-09,1354.379,1364.2787,1352.4931,1360.0478,510425000.0,0.37696869,0.0037696869
2008-04-10,1380.1269,1380.1269,1366.2788,1367.4936,501392000.0,0.54746605,0.005474660500000001
2008-04-11,1362.7512,1363.4347,1357.5791,1359.3258,531572400.0,-0.5972825,-0.005972825
2008-04-14,1353.7924,1372.5889,1347.7922,1370.6908,541928200.0,0.83607624,0.008360762400000001
2008-04-15,1373.5271,1384.9327,1373.5271,1381.3677,523992200.0,0.778943,0.007789430000000001
2008-04-16,1379.1002,1384.6057,1372.6345,1380.3119,527761200.0,-0.0764315,-0.000764315
2008-04-17,1379.965,1386.8499,1379.0287,1380.6822,519081000.0,0.02682727,0.0002682727
2008-04-18,1376.8714,1385.8747,1375.5115,1378.722,523419200.0,-0.14197329,-0.0014197329
2008-04-21,1378.6913,1380.5614,1357.4784,1358.7281,647402600.0,-1.45017632,-0.0145017632
2008-04-22,1349.3862,1358.1403,1349.0631,1354.5384,387209600.0,-0.30835456,-0.0030835456
2008-04-23,1369.8817,1369.8817,1363.4351,1368.2405,463381400.0,1.0115697,0.010115697
2008-04-24,1361.8696,1371.9315,1359.267,1371.7114,412065600.0,0.25367616,0.0025367616
2008-04-25,1358.454,1364.8865,1358.454,1359.8193,376454200.0,-0.8669535,-0.008669535
2008-04-28,1359.8193,1381.0618,1359.8193,1381.0618,490977400.0,1.56215609,0.0156215609
2008-04-29,1381.0618,1381.0618,1367.0609,1369.7281,434179800.0,-0.82065118,-0.0082065118
2008-04-30,1369.7281,1371.5225,1364.3949,1370.0616,351588800.0,0.0243479,0.00024347899999999998
2008-05-05,1366.9435,1378.2638,1366.9435,1376.5683,345959000.0,0.47492025,0.0047492025
2008-05-06,1378.2818,1391.6316,1378.2818,1390.4567,362368400.0,1.0089147,0.010089147
2008-05-07,1391.9794,1394.0998,1380.7005,1380.7005,463287000.0,-0.70165436,-0.0070165436
2008-05-08,1386.0945,1390.4653,1380.4659,1386.5074,459693000.0,0.42057637,0.0042057637
2008-05-09,1386.6951,1386.6951,1382.5685,1384.3677,436550200.0,-0.15432301,-0.0015432301
2008-05-12,1392.8725,1406.006,1392.8725,1402.9657,393519000.0,1.34342921,0.0134342921
2008-05-13,1403.7535,1407.1218,1400.8156,1404.7424,473442600.0,0.12663888,0.0012663888
2008-05-14,1407.211,1409.6181,1403.0311,1406.5036,418753000.0,0.1253753,0.001253753
2008-05-15,1401.7424,1402.3837,1394.1027,1400.8802,368289200.0,-0.39981412,-0.0039981412
2008-05-16,1401.7339,1416.3648,1401.7339,1415.8423,344976200.0,1.06804993,0.0106804993
2008-05-19,1420.9192,1421.8476,1404.7159,1405.1916,384331000.0,-0.75225186,-0.0075225186
2008-05-20,1399.2816,1405.8209,1398.8471,1404.9322,338087200.0,-0.01846012,-0.0001846012
2008-05-21,1404.0485,1407.9517,1391.4714,1392.9037,424300400.0,-0.85616231,-0.0085616231
2008-05-22,1404.9524,1406.7957,1401.3923,1406.0431,412760200.0,0.94331001,0.009433100100000001
2008-05-23,1394.4417,1406.192,1392.3249,1405.6635,347993200.0,-0.02699775,-0.00026997750000000003
2008-05-26,1417.1336,1423.9928,1413.1318,1423.149,423958000.0,1.24393214,0.012439321400000002
2008-05-27,1432.3182,1432.9351,1422.5252,1427.1449,382792000.0,0.28077875,0.0028077875
2008-05-28,1415.4339,1424.0953,1415.0356,1422.3604,356838800.0,-0.33524977,-0.0033524977
2008-05-29,1421.645,1423.2958,1413.8569,1413.8569,370531400.0,-0.59784426,-0.0059784426
2008-05-30,1396.7455,1404.36,1388.9815,1393.3377,427518000.0,-1.45129256,-0.014512925599999999
2008-06-02,1400.1937,1402.7759,1389.5718,1390.0818,338701800.0,-0.2336763,-0.002336763
2008-06-03,1393.4881,1403.2491,1393.4881,1403.2491,356713000.0,0.94723203,0.0094723203
2008-06-04,1393.0236,1397.4236,1388.5848,1390.9942,340167600.0,-0.8733232,-0.008733232
2008-06-05,1395.9135,1403.6258,1395.847,1399.8131,341059400.0,0.63399977,0.0063399977
2008-06-06,1422.3268,1423.2033,1415.317,1416.8457,364503200.0,1.21677673,0.0121677673
2008-06-10,1421.151,1426.1817,1418.6413,1423.0021,433289800.0,0.4345145,0.004345145
2008-06-11,1419.9689,1430.6178,1418.196,1430.6178,404808600.0,0.53518544,0.0053518544
2008-06-12,1450.0572,1453.0542,1434.9537,1436.3235,442747200.0,0.3988277,0.003988277
2008-06-13,1437.5822,1443.3158,1433.4918,1441.274,453387800.0,0.34466469,0.0034466469
2008-06-16,1450.1293,1460.0246,1445.42,1455.917,441327400.0,1.01597614,0.0101597614
2008-06-17,1452.2596,1455.6072,1448.4836,1454.1797,382660800.0,-0.11932686,-0.0011932686000000001
2008-06-18,1455.6611,1464.832,1452.8729,1461.9278,367280600.0,0.53281585,0.0053281585
2008-06-19,1471.2071,1472.5191,1465.1838,1465.3054,507221400.0,0.2310374,0.002310374
2008-06-20,1458.8166,1458.8166,1447.1926,1456.3463,577946200.0,-0.6114152,-0.006114152
2008-06-23,1457.595,1467.1957,1457.595,1463.6023,446129600.0,0.49823315,0.0049823315
2008-06-24,1463.2135,1468.6459,1450.3172,1451.4721,394405800.0,-0.82879072,-0.0082879072
2008-06-25,1445.1235,1461.8746,1445.1235,1461.8746,482222400.0,0.71668618,0.0071668617999999995
2008-06-26,1464.7596,1468.6483,1458.4234,1458.4234,493204000.0,-0.23608044,-0.0023608044
2008-06-27,1477.2566,1477.2566,1464.4342,1467.796,427168200.0,0.64265288,0.0064265288
2008-06-30,1473.0484,1474.6935,1465.7579,1473.9516,426945200.0,0.41937708,0.0041937708
2008-07-01,1471.9815,1474.4178,1469.9722,1472.6816,392032200.0,-0.08616294,-0.0008616294
2008-07-02,1479.473,1484.1054,1479.3115,1484.1054,418615600.0,0.77571418,0.007757141800000001
2008-07-03,1491.5001,1491.5001,1459.5753,1464.0191,497154800.0,-1.35342813,-0.0135342813
2008-07-04,1462.4915,1464.8573,1457.5714,1463.5709,472902000.0,-0.03061435,-0.0003061435
2008-07-07,1452.0297,1457.2366,1446.803,1456.0406,490195800.0,-0.51451556,-0.0051451555999999996
2008-07-08,1440.3131,1445.9415,1439.5985,1440.9044,440384400.0,-1.03954519,-0.010395451899999998
2008-07-09,1433.2304,1437.0217,1431.489,1434.638,471639800.0,-0.43489353,-0.0043489353
2008-07-10,1441.2588,1442.1417,1432.3387,1432.8401,480482200.0,-0.12532081,-0.0012532081
2008-07-11,1448.4408,1462.6771,1442.4258,1461.7718,569381000.0,2.01918553,0.020191855300000002
2008-07-14,1454.2866,1457.182,1450.9482,1452.8206,439462200.0,-0.61235276,-0.0061235276
2008-07-15,1453.1399,1454.2747,1448.3128,1449.6231,440569800.0,-0.22008911,-0.0022008911
2008-07-16,1430.9723,1439.2214,1430.9723,1436.688,372699000.0,-0.8923078,-0.008923078
2008-07-17,1438.7379,1443.7751,1438.5121,1440.5294,342849400.0,0.26737886,0.0026737886
2008-07-18,1430.0246,1430.9111,1424.6432,1430.3193,405869200.0,-0.70877415,-0.0070877415
2008-07-21,1419.1321,1422.0512,1411.6206,1414.2815,456452600.0,-1.12127411,-0.011212741100000001
2008-07-22,1411.2482,1416.35,1403.5608,1412.6402,406322800.0,-0.11605186,-0.0011605186000000001
2008-07-23,1407.4334,1407.4334,1392.6979,1396.0965,596796800.0,-1.17111916,-0.011711191599999999
2008-07-24,1394.6014,1403.98,1394.4761,1400.5793,563222200.0,0.32109528,0.0032109528
2008-07-25,1398.6023,1404.4388,1395.2911,1401.9183,514104000.0,0.0956033,0.000956033
2008-07-28,1407.9589,1411.6845,1404.5422,1406.6161,485923800.0,0.33509799,0.0033509799000000003
2008-07-29,1407.6713,1407.6713,1393.0448,1394.3816,624446000.0,-0.86978245,-0.0086978245
2008-07-30,1396.483,1399.3098,1391.1723,1397.5712,564995000.0,0.22874656,0.0022874656
2008-07-31,1406.1023,1407.9966,1401.7778,1405.1536,480844200.0,0.54254123,0.0054254123
2008-08-01,1396.851,1396.851,1384.1574,1386.5626,491851800.0,-1.32305821,-0.013230582099999999
2008-08-04,1375.2702,1375.2702,1360.6935,1364.2478,564484200.0,-1.60936116,-0.0160936116
2008-08-05,1338.8616,1338.8616,1321.2953,1323.1757,571249400.0,-3.01060409,-0.030106040900000002
2008-08-06,1323.8239,1338.6248,1323.8239,1334.3,684057400.0,0.84072735,0.0084072735
2008-08-07,1326.2027,1333.4823,1316.7147,1333.4823,525816800.0,-0.06128307,-0.0006128307
2008-08-08,1329.3851,1330.6951,1320.9327,1320.9327,527912400.0,-0.94111485,-0.009411148499999999
2008-08-11,1301.0564,1301.0564,1284.1842,1285.1474,466568800.0,-2.70909336,-0.0270909336
2008-08-12,1287.3596,1291.7186,1276.2189,1287.91,672359800.0,0.21496367,0.0021496367
2008-08-13,1285.0067,1313.4029,1285.0067,1312.0524,596429200.0,1.87454092,0.0187454092
2008-08-14,1332.1218,1333.2283,1303.5376,1314.0704,678836000.0,0.15380483,0.0015380483
2008-08-15,1289.282,1291.7995,1276.7782,1277.9279,757416200.0,-2.75042342,-0.0275042342
2008-08-18,1298.3363,1313.1046,1298.0736,1313.1046,545378600.0,2.75263573,0.027526357300000002
2008-08-19,1303.1229,1303.1229,1291.6457,1293.5501,563135000.0,-1.48918068,-0.0148918068
2008-08-20,1310.517,1323.3721,1306.9556,1319.0108,618004400.0,1.96828093,0.0196828093
2008-08-21,1320.6026,1331.9671,1318.6235,1329.2136,585523000.0,0.77351906,0.0077351906000000005
2008-08-22,1349.8242,1349.8242,1338.9623,1339.8214,574734800.0,0.79805082,0.0079805082
2008-08-25,1332.5389,1338.8501,1327.9625,1338.8501,522546400.0,-0.07249474,-0.0007249474
2008-08-26,1333.9162,1341.4485,1315.6208,1320.319,560404000.0,-1.38410566,-0.013841056599999998
2008-08-27,1335.1399,1339.1975,1330.1345,1338.8923,617524400.0,1.40672822,0.0140672822
2008-08-28,1336.9762,1337.4426,1331.2436,1334.2408,469312200.0,-0.34741405,-0.0034741405
2008-08-29,1323.5174,1334.1589,1323.3482,1333.2001,456667600.0,-0.07799941,-0.0007799941
2008-09-01,1330.9808,1337.9381,1330.9808,1333.8106,519059200.0,0.04579208,0.0004579208
2008-09-02,1310.9486,1314.0448,1302.4587,1303.1842,513201000.0,-2.29615809,-0.0229615809
2008-09-03,1310.1809,1311.1987,1302.1064,1304.9603,497062000.0,0.13628925,0.0013628925
2008-09-04,1304.0379,1308.1733,1296.1097,1306.4102,476957800.0,0.11110683,0.0011110683
2008-09-05,1289.3997,1299.794,1285.3356,1293.9985,495342400.0,-0.95006147,-0.0095006147
2008-09-08,1288.8795,1292.0602,1279.2938,1281.3601,484678200.0,-0.97669356,-0.0097669356
2008-09-09,1275.4495,1275.5436,1256.0772,1261.2925,552213800.0,-1.56611713,-0.015661171300000002
2008-09-10,1252.768,1264.4771,1251.6625,1260.6969,540853000.0,-0.0472214,-0.000472214
2008-09-11,1257.0197,1263.3847,1255.8105,1257.0224,516675200.0,-0.29146578,-0.0029146578
2008-09-12,1265.0899,1277.4182,1265.0899,1277.4182,481253200.0,1.62254865,0.0162254865
2008-09-16,1249.5629,1249.5629,1223.2442,1225.1703,531607200.0,-4.09011708,-0.0409011708
2008-09-17,1229.8426,1232.7309,1213.0078,1224.7701,651083200.0,-0.03266485,-0.00032664850000000003
2008-09-18,1238.3124,1240.0228,1208.4878,1211.3998,655211000.0,-1.09165794,-0.0109165794
2008-09-19,1217.5515,1221.2102,1206.1333,1220.3303,611130600.0,0.73720501,0.0073720501
2008-09-22,1241.6034,1249.7973,1235.2991,1249.5423,568515400.0,2.39377814,0.023937781400000004
2008-09-23,1264.6831,1264.6831,1243.0848,1243.0848,641683200.0,-0.51678923,-0.0051678923
2008-09-24,1233.6837,1235.7755,1223.5414,1235.7755,588440400.0,-0.58799689,-0.0058799689
2008-09-25,1221.3643,1235.2554,1220.2816,1233.116,495126600.0,-0.21520899,-0.0021520898999999997
2008-09-26,1227.3503,1231.4929,1220.9837,1225.1451,409886600.0,-0.6464031,-0.006464031
2008-10-06,1171.1369,1171.6951,1171.1369,1171.1369,256402600.0,-4.40831049,-0.044083104899999996
2008-10-07,1114.3333,1129.6638,1114.3333,1129.6638,197001600.0,-3.54126832,-0.035412683199999996
2008-10-08,1101.7187,1111.589,1093.2385,1095.5037,617673400.0,-3.02391738,-0.030239173799999998
2008-10-09,1093.0606,1093.5063,1083.5,1090.0697,691446400.0,-0.49602754,-0.0049602754
2008-10-10,1053.8306,1053.8306,1041.723,1043.8156,482283000.0,-4.24322408,-0.0424322408
2008-10-13,1010.8758,1043.727,1010.8758,1036.0931,829748200.0,-0.73983374,-0.0073983374
2008-10-14,1064.5995,1075.6946,1043.0875,1046.5188,655684200.0,1.00625127,0.0100625127
2008-10-15,1018.3882,1027.3993,1014.9889,1027.3993,676440800.0,-1.82696192,-0.0182696192
2008-10-16,984.3344,994.1262,984.3344,987.0278,781409400.0,-3.92948487,-0.0392948487
2008-10-17,995.5003,1012.3569,976.2902,997.39,869082200.0,1.04983872,0.010498387199999999
2008-10-20,1015.7927,1029.8801,1007.6378,1027.8924,632996200.0,3.05822196,0.030582219600000002
2008-10-21,1031.3449,1031.3449,991.457,996.3334,907886200.0,-3.070263,-0.03070263
2008-10-22,978.9525,985.6902,968.7561,972.9,895040600.0,-2.35196371,-0.0235196371
2008-10-23,939.7086,963.1122,937.6485,963.1122,735803400.0,-1.00604379,-0.010060437900000002
2008-10-24,971.0251,971.0251,949.2807,953.4871,1022300000.0,-0.99937474,-0.009993747400000001
2008-10-27,943.6617,959.6055,928.576,932.9223,916572600.0,-2.15679898,-0.0215679898
2008-10-28,957.156,959.9809,927.3195,956.3542,766189200.0,2.51166683,0.0251166683
2008-10-29,962.5027,962.5027,934.6875,949.9918,804659800.0,-0.66527653,-0.006652765299999999
2008-10-30,973.9659,976.66,968.261,973.6444,770978800.0,2.48976886,0.0248976886
2008-10-31,942.5135,958.1385,940.2184,949.7259,687551000.0,-2.45659504,-0.024565950399999998
2008-11-03,956.4773,970.309,951.2604,965.4479,755318800.0,1.655425,0.01655425
2008-11-04,957.0051,964.7863,947.2711,951.6118,695643000.0,-1.43312757,-0.0143312757
2008-11-05,974.967,974.967,956.123,959.0924,674282400.0,0.78609786,0.0078609786
2008-11-06,936.8629,942.5817,936.8126,938.3555,574235200.0,-2.16213787,-0.0216213787
2008-11-07,921.2064,937.5308,919.4715,935.7017,728824000.0,-0.28281392,-0.0028281392
2008-11-10,948.9773,957.3462,946.4278,954.9823,686073000.0,2.06054985,0.0206054985
2008-11-11,936.8758,938.4578,922.2925,925.7682,605144400.0,-3.05912476,-0.0305912476
2008-11-12,913.6922,926.8646,912.1152,923.8679,621342600.0,-0.20526737,-0.0020526737
2008-11-13,910.7795,919.3305,905.6129,916.282,667278600.0,-0.82110224,-0.0082110224
2008-11-14,928.2481,934.02,924.7799,928.5347,716255400.0,1.33721933,0.0133721933
2008-11-17,924.1982,931.2162,921.6741,927.667,597063000.0,-0.09344831,-0.0009344831000000001
2008-11-18,922.7863,932.0326,922.7863,925.135,513505800.0,-0.27294277,-0.0027294277000000002
2008-11-19,930.5735,933.4442,925.169,933.4442,599875500.0,0.89816081,0.0089816081
2008-11-20,919.5714,921.3461,911.011,911.9175,587482500.0,-2.3061582,-0.023061582
2008-11-21,890.6584,900.9963,884.2844,897.3259,567289400.0,-1.60010089,-0.0160010089
2008-11-24,898.5099,902.3306,890.6135,891.9338,601273000.0,-0.60090765,-0.0060090765
2008-11-25,913.8495,913.8495,901.1908,901.1908,507696200.0,1.03785729,0.0103785729
2008-11-26,900.175,907.7955,897.4749,905.5424,567513400.0,0.48287222,0.0048287222
2008-11-27,914.0651,917.6713,901.5427,901.5427,611154600.0,-0.44169108,-0.0044169108
2008-11-28,903.9384,903.9384,886.6969,891.2454,575177600.0,-1.14218661,-0.0114218661
2008-12-01,883.2214,891.4565,880.7128,890.8231,567758000.0,-0.04738313,-0.0004738313
2008-12-02,871.7783,877.922,866.3141,866.417,535613800.0,-2.73972464,-0.0273972464
2008-12-03,866.4259,869.2356,859.8307,862.9463,486228200.0,-0.40058078,-0.0040058078
2008-12-04,858.0028,858.0028,843.6758,844.1679,645585800.0,-2.17607979,-0.021760797900000003
2008-12-05,825.0075,825.0075,811.4405,815.0027,610446400.0,-3.45490512,-0.0345490512
2008-12-08,799.7166,838.5736,799.7166,834.0238,784654400.0,2.33386957,0.023338695700000002
2008-12-09,834.4261,835.268,815.8824,818.1107,659583600.0,-1.90799111,-0.0190799111
2008-12-10,821.7862,842.733,820.2066,841.3034,688378200.0,2.83490975,0.0283490975
2008-12-11,837.4589,843.9666,833.449,840.322,649681000.0,-0.11665233,-0.0011665233
2008-12-12,841.9586,845.7527,821.3804,827.7999,635423800.0,-1.49015496,-0.0149015496
2008-12-15,844.5304,856.2179,844.5304,855.3873,693064800.0,3.33261698,0.0333261698
2008-12-16,841.5241,846.226,834.6863,845.6419,480741800.0,-1.13929678,-0.0113929678
2008-12-17,851.1659,855.4872,845.4054,849.4964,558401200.0,0.45580759,0.0045580759
2008-12-18,842.3397,846.2003,836.8313,837.9931,505607900.0,-1.35413169,-0.0135413169
2008-12-19,830.4564,846.1845,829.1339,846.1845,505464000.0,0.97750208,0.0097750208
2008-12-22,854.7869,869.843,854.7869,866.7055,632421800.0,2.42512124,0.024251212400000003
2008-12-23,863.8461,864.6317,856.9297,857.7241,461582800.0,-1.03626895,-0.0103626895
2008-12-24,856.7619,864.7151,856.7619,864.6455,444792900.0,0.80694946,0.0080694946
2008-12-25,859.1166,865.8065,858.551,858.551,470536900.0,-0.70485534,-0.007048553400000001
2008-12-26,862.1262,862.2624,850.1627,857.9096,552987800.0,-0.07470727,-0.0007470727
2008-12-29,880.7776,880.7776,866.4445,872.931,628933400.0,1.7509304,0.017509304
2008-12-30,867.8641,874.05,866.4279,871.2058,536794600.0,-0.19763303,-0.0019763302999999998
2008-12-31,873.079,885.9793,871.185,885.1068,428660200.0,1.59560462,0.0159560462
2009-01-05,910.0781,910.9634,903.4992,908.6223,527541800.0,2.65679803,0.026567980300000002
2009-01-06,916.7396,938.5287,910.0899,935.6748,618601000.0,2.97730971,0.0297730971
2009-01-07,931.9432,940.432,926.1145,938.7079,727794600.0,0.32416177,0.0032416177000000003
2009-01-08,920.9518,933.8668,914.5446,923.318,562355500.0,-1.63947699,-0.016394769899999998
2009-01-09,926.5846,946.5861,926.5846,943.6233,534857900.0,2.19916648,0.0219916648
2009-01-12,949.2092,963.749,949.2092,954.893,745425600.0,1.19430073,0.011943007299999999
2009-01-13,925.0462,940.5425,924.1845,928.8248,669278800.0,-2.72996032,-0.0272996032
2009-01-14,944.4628,957.8521,942.2012,956.9886,636305800.0,3.03219725,0.0303219725
2009-01-15,946.1955,949.2859,939.8555,942.0633,562733200.0,-1.55961105,-0.0155961105
2009-01-16,952.6238,963.5349,949.6439,958.1233,524823000.0,1.70476867,0.0170476867
2009-01-19,961.5491,965.0771,956.9451,960.3293,473408800.0,0.23024177,0.0023024177
2009-01-20,957.5853,959.6668,947.3375,953.9808,455563200.0,-0.66107532,-0.0066107532000000005
2009-01-21,947.9608,951.0576,945.0734,946.2071,428766400.0,-0.81486965,-0.0081486965
2009-01-22,946.1032,947.3451,928.2095,937.9421,330099400.0,-0.87348742,-0.0087348742
2009-01-23,929.445,939.134,924.815,939.134,326799800.0,0.12707607,0.0012707607000000001
2009-02-02,935.4801,936.1064,930.3366,932.2355,328846000.0,-0.73455971,-0.0073455971
2009-02-03,933.028,958.1275,933.028,957.0488,357176200.0,2.66169868,0.026616986800000002
2009-02-04,961.4454,973.9946,960.6908,967.3047,474627800.0,1.07161725,0.010716172500000001
2009-02-05,968.0868,974.3964,964.2935,964.2935,565577400.0,-0.31129798,-0.0031129798
2009-02-06,967.6899,990.8022,967.6899,987.8181,575480400.0,2.43956845,0.0243956845
2009-02-09,994.6746,1009.3351,994.6746,1006.9423,548924000.0,1.93600421,0.0193600421
2009-02-10,1002.688,1006.4947,996.078,1005.0571,583449600.0,-0.18722026,-0.0018722026
2009-02-11,989.724,997.5323,972.5077,978.0183,594472600.0,-2.69027501,-0.0269027501
2009-02-12,982.3551,989.3723,976.0837,988.4442,562265600.0,1.066023,0.01066023
2009-02-13,989.4285,996.5205,989.4285,994.1304,598312800.0,0.57526768,0.005752676799999999
2009-02-16,990.7402,993.2113,974.5284,975.6566,643399400.0,-1.8582874,-0.018582874
2009-02-17,975.7271,989.3473,972.0374,981.6666,626252200.0,0.61599542,0.0061599542
2009-02-18,959.5462,962.5641,947.0707,953.4211,720316800.0,-2.8773007,-0.028773007000000003
2009-02-19,958.3746,962.4521,944.7191,948.7009,589615400.0,-0.4950803,-0.004950803
2009-02-20,952.0569,960.5122,950.7509,951.8685,593283600.0,0.33388816,0.0033388816
2009-02-23,947.4715,970.6406,946.8727,969.7542,654903200.0,1.87900955,0.0187900955
2009-02-24,959.2996,962.8609,949.0761,954.4867,643582000.0,-1.57436802,-0.015743680200000002
2009-02-25,974.9067,976.7109,966.6284,967.5412,511846200.0,1.36769847,0.0136769847
2009-02-26,976.0005,980.9853,971.1352,971.4992,702025200.0,0.40907819,0.0040907819
2009-02-27,976.7999,976.7999,961.4694,964.1194,636536000.0,-0.75963006,-0.0075963006
2009-03-02,961.7596,965.6339,958.6005,963.6479,520969200.0,-0.04890473,-0.0004890473
2009-03-03,950.7975,965.3513,950.7975,963.698,530323400.0,0.00519899,5.1989899999999995e-05
2009-03-04,967.8205,978.6108,967.8205,978.5118,588215800.0,1.53718281,0.0153718281
2009-03-05,996.9879,996.9879,980.1528,980.1528,540280600.0,0.16770365,0.0016770365000000002
2009-03-06,977.6781,983.7833,976.1701,982.0397,522734000.0,0.1925108,0.001925108
2009-03-09,987.8324,987.8324,972.6993,972.6993,525398000.0,-0.95112244,-0.0095112244
2009-03-10,974.2223,981.3315,974.2223,981.1261,542636400.0,0.86633146,0.008663314600000001
2009-03-11,984.7683,985.647,977.9354,978.5339,577643400.0,-0.26420661,-0.0026420661000000002
2009-03-12,973.6135,978.1796,971.132,976.1161,515112000.0,-0.24708393,-0.0024708393
2009-03-13,985.3048,985.3048,979.8837,981.321,498182200.0,0.5332255,0.005332255
2009-03-16,981.0033,995.8745,980.2932,995.527,544343600.0,1.44764048,0.0144764048
2009-03-17,1001.9214,1008.1768,999.78,1002.3966,585380000.0,0.69004658,0.0069004658
2009-03-18,1004.4821,1010.7626,1003.3775,1003.3775,658913200.0,0.09785548,0.0009785548
2009-03-19,1009.4135,1018.9933,1008.9288,1016.2917,681212600.0,1.28707291,0.0128707291
2009-03-20,1025.2161,1037.3235,1024.4345,1037.3235,750268400.0,2.0694649,0.020694649
2009-03-23,1041.162,1072.1216,1040.1637,1066.1293,698744200.0,2.77693506,0.0277693506
2009-03-24,1063.7493,1072.6394,1047.9209,1050.5103,723189400.0,-1.4650193,-0.014650193
2009-03-25,1049.2016,1054.2487,1042.9947,1042.9947,537085600.0,-0.71542373,-0.0071542373000000005
2009-03-26,1047.5321,1064.3322,1046.2352,1062.7852,655388000.0,1.89746889,0.0189746889
2009-03-27,1066.1664,1072.3216,1045.1644,1047.7792,598428200.0,-1.41195041,-0.0141195041
2009-03-30,1044.5406,1052.9669,1041.2125,1045.5174,645001200.0,-0.21586609,-0.0021586609
2009-03-31,1042.6571,1053.2811,1038.2599,1052.3202,684335000.0,0.65066349,0.0065066349
2009-04-01,1057.047,1061.2158,1052.1798,1052.1798,550029000.0,-0.01334195,-0.0001334195
2009-04-02,1059.748,1067.5656,1057.4144,1067.5656,573167200.0,1.4622786,0.014622786
2009-04-03,1075.7819,1075.8303,1065.8729,1068.8061,530877600.0,0.11619895,0.0011619895
2009-04-07,1076.3883,1099.3125,1074.3167,1097.3459,646557600.0,2.67025048,0.0267025048
2009-04-08,1090.0542,1093.9892,1073.8989,1077.0454,726299800.0,-1.84996363,-0.0184996363
2009-04-09,1089.2782,1100.1222,1088.9108,1099.351,670726000.0,2.07099905,0.0207099905
2009-04-10,1107.5509,1121.5889,1106.8175,1120.4054,756471500.0,1.91516631,0.0191516631
2009-04-13,1132.8616,1145.6422,1124.7573,1129.8813,705842200.0,0.84575637,0.0084575637
2009-04-14,1131.9473,1131.9473,1111.1405,1119.125,672611600.0,-0.95198496,-0.0095198496
2009-04-15,1118.4876,1136.4625,1116.6653,1132.8909,739999600.0,1.2300592,0.012300591999999999
2009-04-16,1147.7348,1153.2494,1142.0729,1149.5173,707475800.0,1.46760822,0.014676082200000001
2009-04-17,1147.8976,1152.8518,1139.4801,1142.8187,651360400.0,-0.58273155,-0.0058273155
2009-04-20,1141.4997,1143.6536,1128.8745,1128.8745,664776800.0,-1.22015854,-0.0122015854
2009-04-21,1107.4119,1107.4119,1097.925,1101.0765,532189800.0,-2.46245265,-0.0246245265
2009-04-22,1108.0909,1114.4798,1091.2847,1093.5515,634449200.0,-0.68342209,-0.0068342209
2009-04-23,1095.3958,1102.8225,1088.532,1102.2527,649222800.0,0.79568269,0.0079568269
2009-04-24,1094.5159,1096.4724,1079.4961,1079.7734,572256400.0,-2.03939623,-0.0203939623
2009-04-27,1083.2462,1086.8733,1063.2096,1069.1939,722370800.0,-0.97978891,-0.0097978891
2009-04-28,1074.1989,1077.3542,1066.4035,1067.6975,616542600.0,-0.13995591,-0.0013995591
2009-04-29,1069.7718,1084.0697,1062.7403,1084.0697,696235600.0,1.53341185,0.0153341185
2009-04-30,1094.6358,1101.0134,1090.4831,1098.6874,650572200.0,1.34840961,0.0134840961
2009-05-04,1129.0971,1135.7257,1127.0921,1134.1055,639146200.0,3.22367399,0.0322367399
2009-05-05,1135.6069,1135.6344,1120.5851,1120.5851,557075600.0,-1.19216422,-0.0119216422
2009-05-06,1118.9398,1137.9779,1118.9398,1136.2731,665333800.0,1.39998292,0.013999829200000001
2009-05-07,1151.5565,1151.5565,1134.9718,1136.1037,602465300.0,-0.01490839,-0.0001490839
2009-05-08,1141.181,1145.1288,1127.655,1145.1288,599804700.0,0.79439051,0.0079439051
2009-05-11,1134.9412,1134.9412,1112.7594,1113.096,605377000.0,-2.79730979,-0.0279730979
2009-05-12,1120.9016,1124.6821,1114.5077,1122.6597,551276700.0,0.85919813,0.0085919813
2009-05-13,1125.766,1133.0721,1123.1317,1133.0721,691475200.0,0.92747606,0.009274760600000001
2009-05-14,1113.6594,1113.6594,1108.4478,1110.7185,672560000.0,-1.97283121,-0.0197283121
2009-05-15,1121.0908,1125.1874,1111.2661,1118.2527,615895600.0,0.67831768,0.0067831768
2009-05-18,1103.4527,1107.3437,1094.7058,1104.4834,623040200.0,-1.23132276,-0.0123132276
2009-05-19,1119.3289,1127.3979,1112.5425,1126.0559,710650000.0,1.95317558,0.019531755799999998
2009-05-20,1120.1633,1127.309,1117.5998,1119.6932,630188900.0,-0.565043,-0.00565043
2009-05-21,1119.4901,1123.9187,1113.5374,1113.5374,656047800.0,-0.5497756,-0.005497756
2009-05-22,1114.4313,1121.4084,1112.7744,1119.8641,583370000.0,0.56816233,0.005681623300000001
2009-05-25,1124.8376,1124.9649,1119.6299,1122.9489,507533800.0,0.275462,0.0027546199999999997
2009-05-26,1125.7554,1125.8875,1113.2426,1113.2426,523911600.0,-0.86435812,-0.0086435812
2009-05-27,1123.9951,1123.9951,1119.1947,1122.4367,449002800.0,0.82588467,0.0082588467
2009-06-01,1139.3501,1157.9639,1139.3501,1154.6457,647584800.0,2.86956048,0.0286956048
2009-06-02,1164.7802,1165.9553,1153.8332,1155.8464,636906900.0,0.10398861,0.0010398860999999999
2009-06-03,1158.4814,1166.9957,1157.0704,1166.9957,713399600.0,0.96460049,0.0096460049
2009-06-04,1147.623,1154.8972,1147.623,1154.4208,694438200.0,-1.07754467,-0.0107754467
2009-06-05,1172.0045,1178.4329,1172.0045,1174.2482,717494800.0,1.7175193,0.017175193
2009-06-08,1170.2998,1175.9314,1162.5028,1163.4683,759989000.0,-0.91802568,-0.0091802568
2009-06-09,1171.2675,1172.6316,1159.2586,1169.4466,695045400.0,0.51383437,0.0051383437
2009-06-10,1180.6515,1180.6515,1172.0368,1173.2829,693588600.0,0.32804405,0.0032804404999999997
2009-06-11,1173.563,1176.6615,1169.1291,1171.182,664556000.0,-0.17906167,-0.0017906167
2009-06-12,1179.5512,1179.5512,1164.2148,1164.2515,726174000.0,-0.59175261,-0.0059175261
2009-06-15,1156.0983,1157.0459,1143.65,1148.8553,725084800.0,-1.32241187,-0.0132241187
2009-06-16,1139.0613,1150.0471,1139.0613,1149.4032,648558200.0,0.04769095,0.00047690950000000003
2009-06-17,1144.4839,1150.4337,1140.7502,1150.3579,663946400.0,0.0830605,0.000830605
2009-06-18,1150.7523,1152.2153,1144.3469,1146.0966,519956200.0,-0.37043254,-0.0037043253999999998
2009-06-19,1148.8482,1149.4195,1146.0441,1147.6506,523326600.0,0.13559066,0.0013559066
2009-06-22,1137.3178,1139.5304,1134.6048,1134.7705,599326600.0,-1.12230151,-0.0112230151
2009-06-23,1121.5651,1133.134,1120.6515,1132.8891,595234600.0,-0.16579564,-0.0016579563999999998
2009-06-24,1132.8589,1136.5497,1129.1564,1136.5497,599380200.0,0.32312077,0.0032312077
2009-06-25,1136.6781,1146.8765,1134.0726,1144.0692,546251900.0,0.66160767,0.0066160767
2009-06-26,1148.4907,1157.1128,1148.4907,1157.1128,593882600.0,1.14010586,0.0114010586
2009-06-29,1151.3124,1158.8834,1149.6516,1149.8541,408262000.0,-0.62731136,-0.0062731136
2009-06-30,1156.098,1160.8441,1156.098,1159.3138,599451800.0,0.82268698,0.0082268698
2009-07-01,1152.1736,1160.6982,1152.1736,1160.6982,560561400.0,0.11941547,0.0011941547
2009-07-02,1165.0133,1167.3616,1153.9699,1155.1721,721792800.0,-0.47610137,-0.0047610137
2009-07-03,1149.9171,1155.8944,1143.3938,1148.7092,599188600.0,-0.55947508,-0.0055947508
2009-07-06,1144.1311,1148.7864,1139.7555,1139.7555,553143000.0,-0.7794575,-0.007794575000000001
2009-07-07,1143.3539,1147.4397,1143.3539,1147.2605,560897400.0,0.65847456,0.0065847456000000006
2009-07-08,1133.4811,1134.4897,1124.0897,1131.4946,532952400.0,-1.37422146,-0.0137422146
2009-07-09,1127.5733,1137.8098,1127.5733,1137.0626,660022000.0,0.49209249,0.0049209249
2009-07-10,1139.2799,1144.7984,1137.1189,1138.6657,565422800.0,0.14098608,0.0014098608
2009-07-13,1143.1383,1143.7628,1127.4233,1127.4233,544226400.0,-0.98733105,-0.0098733105
2009-07-14,1134.5715,1138.7841,1133.1662,1137.1193,590541000.0,0.86001416,0.0086001416
2009-07-15,1141.5157,1156.2182,1141.5157,1155.2497,683238600.0,1.59441494,0.0159441494
2009-07-16,1159.3802,1163.2925,1152.5833,1154.4528,606204200.0,-0.06898076,-0.0006898076000000001
2009-07-17,1155.5126,1160.4427,1152.6524,1158.977,480626900.0,0.39189129,0.0039189129
2009-07-20,1167.5439,1179.328,1167.5439,1179.328,583800800.0,1.75594511,0.0175594511
2009-07-21,1178.0931,1178.5862,1168.4884,1168.6422,601469400.0,-0.90609228,-0.0090609228
2009-07-22,1167.1871,1175.7383,1165.2063,1168.4496,558156000.0,-0.01648066,-0.00016480660000000002
2009-07-23,1176.035,1177.0142,1169.2239,1171.5273,605925800.0,0.26340032,0.0026340032000000003
2009-07-24,1175.0068,1178.1276,1169.4508,1175.7037,571294200.0,0.35649191,0.0035649191
2009-07-27,1177.7512,1185.6491,1175.22,1185.0799,540870900.0,0.79749685,0.0079749685
2009-07-28,1181.9181,1191.2217,1181.9181,1190.7089,703794400.0,0.47498907,0.0047498907
2009-07-29,1185.4118,1190.5348,1163.874,1171.513,563973800.0,-1.61214047,-0.016121404699999998
2009-07-30,1170.8932,1179.2813,1170.4639,1178.7282,766992400.0,0.61588732,0.0061588732000000005
2009-07-31,1199.023,1209.2096,1197.975,1207.9183,777075800.0,2.47640635,0.0247640635
2009-08-03,1224.6252,1240.1592,1222.5139,1237.6948,832797000.0,2.46510877,0.0246510877
2009-08-04,1253.5168,1253.5168,1230.8576,1239.6807,836186800.0,0.16045151,0.0016045151
2009-08-05,1250.0236,1256.3649,1242.1487,1243.6815,794900800.0,0.32272826,0.0032272826
2009-08-06,1244.1013,1246.5774,1234.9164,1240.2609,694507000.0,-0.27503826,-0.0027503825999999998
2009-08-07,1232.2927,1236.6347,1223.7152,1224.3164,759641600.0,-1.28557628,-0.012855762799999998
2009-08-10,1233.1715,1255.9643,1233.1715,1255.9643,686300800.0,2.58494455,0.0258494455
2009-08-11,1255.071,1268.1514,1251.6713,1266.3732,921442200.0,0.82875763,0.0082875763
2009-08-12,1265.5492,1276.6017,1258.7688,1260.2424,1105730000.0,-0.48412269,-0.0048412269
2009-08-13,1280.9365,1292.4458,1280.0125,1286.1636,974085400.0,2.0568424,0.020568424
2009-08-14,1288.5819,1289.2061,1271.3147,1273.6809,915584000.0,-0.9705375,-0.009705375
2009-08-17,1245.6702,1249.4471,1232.8808,1234.9639,891680800.0,-3.03977236,-0.030397723600000003
2009-08-18,1243.6983,1244.7577,1233.0267,1241.7791,954594200.0,0.55185419,0.0055185419
2009-08-19,1247.2832,1247.2832,1208.6915,1215.5257,821567600.0,-2.11417635,-0.0211417635
2009-08-20,1231.0045,1237.4867,1215.9336,1234.6543,935342000.0,1.57368947,0.0157368947
2009-08-21,1222.2221,1230.3499,1219.1049,1223.1192,773443000.0,-0.93427772,-0.0093427772
2009-08-24,1255.8842,1260.5039,1250.9956,1259.6884,668836000.0,2.98983124,0.0298983124
2009-08-25,1254.4209,1256.2611,1246.5242,1251.7883,704767200.0,-0.62714716,-0.0062714716
2009-08-26,1246.1911,1259.9826,1246.1911,1256.987,661649400.0,0.41530185,0.004153018499999999
2009-08-27,1254.1431,1257.2268,1248.1565,1254.3817,728602800.0,-0.20726547,-0.0020726547
2009-08-28,1266.5029,1270.1529,1264.1476,1268.9365,852397800.0,1.16031667,0.0116031667
2009-08-31,1276.3038,1276.3038,1236.8153,1239.5676,814135000.0,-2.31444994,-0.023144499399999997
2009-09-01,1239.2736,1245.386,1231.6574,1237.0248,874880000.0,-0.20513605,-0.0020513605
2009-09-02,1215.7136,1218.7834,1203.9797,1209.1321,808055200.0,-2.25482141,-0.0225482141
2009-09-03,1211.9995,1228.3418,1211.9995,1227.0298,804979800.0,1.48021047,0.0148021047
2009-09-04,1228.533,1234.9761,1218.2792,1229.6875,747956000.0,0.21659621,0.0021659621
2009-09-07,1222.8551,1228.0784,1216.8139,1224.0532,686513400.0,-0.45818958,-0.0045818958
2009-09-08,1221.3291,1235.5892,1218.9226,1235.5892,675177000.0,0.9424427,0.009424426999999999
2009-09-09,1240.3492,1245.8644,1234.8548,1236.4484,723209800.0,0.06953767,0.0006953767
2009-09-10,1235.3611,1242.1467,1232.6422,1237.9233,592393600.0,0.1192852,0.0011928519999999999
2009-09-11,1230.6443,1241.3448,1228.4928,1228.6639,698227000.0,-0.74797849,-0.0074797849000000005
2009-09-14,1200.6354,1206.4824,1192.5249,1203.648,479575200.0,-2.03602466,-0.0203602466
2009-09-15,1206.0142,1211.2276,1205.037,1210.3467,546540600.0,0.55653314,0.0055653314
2009-09-16,1225.8243,1225.8243,1218.541,1223.0718,505500800.0,1.05135991,0.0105135991
2009-09-17,1233.5993,1233.5993,1226.3376,1230.8442,692488800.0,0.63548191,0.0063548191
2009-09-18,1227.2205,1229.1975,1219.2282,1219.3238,501742000.0,-0.93597549,-0.0093597549
2009-09-21,1213.3795,1221.7898,1213.3795,1220.9961,579976400.0,0.13714979,0.0013714979
2009-09-22,1217.8994,1222.0215,1214.0392,1217.002,465745400.0,-0.32711816,-0.0032711816
2009-09-23,1222.0508,1222.0508,1205.6184,1205.6184,588720200.0,-0.93538055,-0.0093538055
2009-09-24,1204.1014,1204.5083,1194.0719,1201.9588,538036000.0,-0.30354547,-0.0030354546999999997
2009-09-25,1191.2621,1195.7861,1190.6661,1194.5569,507599200.0,-0.61581978,-0.0061581978
2009-09-28,1194.7552,1195.7211,1172.1007,1176.1293,443803400.0,-1.54263058,-0.0154263058
2009-09-29,1182.6147,1188.5867,1177.4766,1188.5867,357437000.0,1.05918626,0.0105918626
2009-09-30,1190.0618,1206.1005,1190.0618,1206.1005,352700000.0,1.47349789,0.0147349789
2009-10-09,1233.1698,1233.1698,1223.2088,1224.3346,411881200.0,1.51182261,0.0151182261
2009-10-12,1229.8116,1238.4824,1228.1987,1235.9118,582654800.0,0.94559118,0.0094559118
2009-10-13,1237.3661,1239.0262,1234.3624,1236.3578,579386600.0,0.03608672,0.0003608672
2009-10-14,1237.6078,1245.2598,1237.6078,1243.9056,541078800.0,0.61048671,0.0061048670999999995
2009-10-15,1245.6773,1248.5217,1234.6864,1235.4174,719774600.0,-0.68238297,-0.006823829700000001
2009-10-16,1241.5597,1244.3735,1237.1183,1242.731,686334800.0,0.59199425,0.005919942500000001
2009-10-19,1239.3888,1260.6987,1239.3888,1256.1163,701919600.0,1.07708748,0.010770874800000002
2009-10-20,1266.1094,1266.1094,1254.9635,1258.7638,723889400.0,0.2107687,0.002107687
2009-10-21,1254.3824,1255.6063,1246.5243,1250.9321,623802400.0,-0.62217391,-0.0062217391
2009-10-22,1262.9988,1264.6981,1253.4853,1253.4853,712982200.0,0.2041038,0.0020410380000000002
2009-10-23,1258.3703,1270.7355,1258.3703,1270.7355,660924200.0,1.37617888,0.0137617888
2009-10-26,1267.0906,1280.946,1267.0906,1280.5965,643548200.0,0.77600728,0.0077600728
2009-10-27,1269.7564,1273.6635,1266.8957,1271.0462,732808400.0,-0.74576965,-0.0074576964999999995
2009-10-28,1268.4887,1280.0096,1264.0576,1269.4727,726467600.0,-0.12379566,-0.0012379566000000001
2009-10-29,1258.4403,1258.5642,1250.1128,1253.5798,594594600.0,-1.25192925,-0.012519292500000001
2009-10-30,1270.5275,1273.543,1266.6591,1266.9004,641002600.0,1.06260487,0.0106260487
2009-11-02,1252.0827,1263.9722,1252.0827,1263.9722,566674400.0,-0.23113103,-0.0023113102999999997
2009-11-03,1266.5427,1271.4285,1265.001,1266.0357,540726200.0,0.16325517,0.0016325517000000001
2009-11-04,1272.4763,1274.6012,1271.1394,1272.7387,571673000.0,0.52944795,0.0052944795
2009-11-05,1271.0804,1271.6002,1267.742,1267.742,502831600.0,-0.39259433,-0.0039259433
2009-11-06,1268.4613,1273.6176,1268.4613,1273.141,460903000.0,0.4258753,0.0042587530000000005
2009-11-09,1271.595,1277.4139,1271.595,1277.4139,488062600.0,0.33561876,0.0033561876000000003
2009-11-10,1280.0514,1280.0514,1270.878,1272.2057,570219800.0,-0.40771437,-0.0040771437
2009-11-11,1275.4173,1279.6933,1275.2524,1278.3107,516979800.0,0.47987523,0.0047987522999999995
2009-11-12,1283.7236,1288.429,1282.2747,1288.429,650729200.0,0.79153683,0.0079153683
2009-11-13,1282.1203,1291.4475,1281.815,1291.4475,639363600.0,0.23427756,0.0023427756
2009-11-16,1296.4836,1306.3416,1295.5583,1304.2192,619370800.0,0.98894458,0.0098894458
2009-11-17,1314.4847,1314.4847,1305.9075,1305.9278,804298200.0,0.13100559,0.0013100559
2009-11-18,1311.3986,1319.7708,1310.0982,1319.7708,765147400.0,1.06001266,0.010600126599999999
2009-11-19,1317.1211,1322.8993,1315.4447,1319.926,724774800.0,0.01175962,0.0001175962
2009-11-20,1319.3867,1326.2332,1319.3867,1325.0825,786209800.0,0.39066584,0.0039066584
2009-11-23,1332.9475,1351.7429,1332.9475,1351.6405,871105600.0,2.00425257,0.020042525699999997
2009-11-24,1342.3604,1349.4035,1327.4479,1331.2538,960482000.0,-1.50829307,-0.015082930699999999
2009-11-25,1337.6353,1346.8521,1336.8474,1346.5008,980370000.0,1.14531128,0.0114531128
2009-11-26,1352.2279,1359.2279,1344.0449,1347.7547,1072273000.0,0.09312286,0.0009312286
2009-11-27,1337.2014,1339.6521,1311.1482,1315.5217,1033148200.0,-2.39160732,-0.0239160732
2009-11-30,1335.311,1345.3316,1335.311,1342.0443,938833800.0,2.0161279,0.020161278999999997
2009-12-01,1346.919,1346.919,1338.8604,1342.5461,824208000.0,0.03739072,0.0003739072
2009-12-02,1351.746,1358.6878,1347.245,1354.6777,866605000.0,0.90362633,0.0090362633
2009-12-03,1356.3341,1363.4967,1355.199,1362.1757,1014455600.0,0.55348959,0.0055348959
2009-12-04,1356.1784,1366.349,1355.6642,1366.349,1101932400.0,0.30637017,0.0030637017
2009-12-07,1362.3308,1377.4687,1362.3308,1370.2961,1053084600.0,0.28887934,0.0028887934
2009-12-08,1374.4904,1375.884,1365.6432,1373.2119,1090359600.0,0.21278613,0.0021278613
2009-12-09,1358.6035,1364.6392,1350.9806,1350.9806,1107751000.0,-1.61892713,-0.016189271300000002
2009-12-10,1349.7423,1353.6455,1329.6356,1342.0954,959780000.0,-0.65768524,-0.0065768523999999995
2009-12-11,1345.7013,1351.1217,1343.2361,1349.742,927861600.0,0.56975085,0.0056975085
2009-12-14,1350.2005,1354.8242,1339.5738,1353.0539,875990000.0,0.24537282,0.0024537281999999997
2009-12-15,1359.8104,1361.0969,1356.7377,1358.652,869375600.0,0.41373814,0.0041373814
2009-12-16,1359.1295,1371.1542,1358.4272,1370.1044,876189200.0,0.84292372,0.0084292372
2009-12-17,1382.9673,1383.2872,1367.5422,1370.283,815478200.0,0.0130355,0.000130355
2009-12-18,1357.0066,1369.0856,1357.0066,1367.4579,798996800.0,-0.20616909,-0.0020616909
2009-12-21,1369.8257,1371.057,1364.5085,1368.0578,809726200.0,0.04386972,0.0004386972
2009-12-22,1361.7528,1366.5406,1359.2909,1359.2909,764716600.0,-0.64082819,-0.0064082819
2009-12-23,1362.3429,1366.0172,1354.8297,1364.0307,737698800.0,0.34869652,0.0034869652
2009-12-24,1372.4946,1382.5788,1369.1302,1382.359,741552400.0,1.34368677,0.013436867699999999
2009-12-25,1383.4723,1389.1811,1381.1475,1386.9952,774127800.0,0.33538321,0.0033538320999999998
2009-12-28,1387.7932,1404.489,1387.6075,1403.1225,827303200.0,1.16275096,0.011627509599999999
2009-12-29,1403.2583,1406.3808,1400.0929,1402.3392,775333600.0,-0.05582549,-0.0005582549
2009-12-30,1400.54,1404.7755,1397.6199,1404.5478,836691600.0,0.15749399,0.0015749399
2009-12-31,1407.5609,1422.2004,1407.5609,1422.2004,740833000.0,1.25681732,0.0125681732
2010-01-04,1428.8368,1439.1651,1427.0701,1430.4799,715273400.0,0.58216128,0.0058216128
2010-01-05,1438.1638,1443.4539,1434.9998,1441.4393,1007209800.0,0.7661345,0.007661345000000001
2010-01-06,1439.2087,1460.6978,1439.0632,1454.1171,1149947200.0,0.87952368,0.0087952368
2010-01-07,1465.0754,1475.795,1423.8865,1432.498,1322353600.0,-1.48675096,-0.0148675096
2010-01-08,1432.5282,1433.914,1405.1589,1420.3436,1133846600.0,-0.84847588,-0.008484758799999999
2010-01-11,1435.7333,1444.9395,1435.7333,1444.1139,1021430000.0,1.67355983,0.0167355983
2010-01-12,1435.6988,1438.2927,1427.3439,1433.9426,933973600.0,-0.7043281,-0.007043281
2010-01-13,1398.6948,1410.2984,1392.8711,1394.6335,1024323600.0,-2.74133009,-0.0274133009
2010-01-14,1414.2161,1414.2161,1403.972,1409.0916,1019301400.0,1.0366953,0.010366953000000002
2010-01-15,1406.114,1411.8087,1395.2598,1398.636,946085000.0,-0.74200996,-0.0074200996
2010-01-18,1389.982,1401.625,1389.982,1401.3217,740609000.0,0.1920228,0.001920228
2010-01-19,1407.1671,1412.4126,1403.8199,1411.4203,836073000.0,0.72064823,0.0072064823
2010-01-20,1416.7174,1419.0637,1400.6845,1400.9422,833877600.0,-0.74237986,-0.0074237986
2010-01-21,1397.011,1413.742,1394.2892,1413.742,1080569000.0,0.91365654,0.0091365654
2010-01-22,1395.0189,1400.295,1375.1072,1387.8073,1021129800.0,-1.83447192,-0.018344719199999998
2010-01-25,1387.2896,1394.8903,1383.9117,1390.5428,755783800.0,0.1971095,0.001971095
2010-01-26,1395.2483,1395.5615,1375.9686,1375.9686,851337600.0,-1.04809431,-0.010480943099999999
2010-01-27,1380.6552,1382.3902,1373.4083,1375.3471,812373800.0,-0.04516818,-0.0004516818
2010-01-28,1352.8962,1355.0782,1338.1246,1345.2255,780419800.0,-2.19010896,-0.0219010896
2010-01-29,1340.019,1344.1662,1327.4623,1329.7502,894725800.0,-1.15038705,-0.011503870499999999
2010-02-01,1329.1194,1332.3059,1308.7049,1319.7065,1010341600.0,-0.75530728,-0.0075530728
2010-02-02,1332.5482,1333.4908,1315.3009,1318.8049,929344000.0,-0.06831822,-0.0006831822
2010-02-03,1337.5775,1347.5382,1326.4739,1347.5382,951783600.0,2.17873773,0.0217873773
2010-02-04,1325.5916,1335.9564,1320.2033,1328.0471,970437400.0,-1.44642282,-0.0144642282
2010-02-05,1302.1331,1308.9389,1299.2915,1306.8405,708988200.0,-1.5968259,-0.015968259
2010-02-08,1310.3486,1317.175,1310.3486,1313.1869,695336600.0,0.48562927,0.0048562927
2010-02-09,1312.9506,1322.3241,1306.2305,1321.9832,712008400.0,0.66984372,0.006698437200000001
2010-02-10,1330.9016,1341.2664,1328.4588,1340.2985,754173000.0,1.38544121,0.0138544121
2010-02-11,1346.3436,1357.588,1345.3102,1352.8839,596897000.0,0.93899978,0.0093899978
2010-02-12,1362.2235,1364.158,1356.8581,1363.9601,427608000.0,0.81871031,0.0081871031
2010-02-22,1405.8012,1405.8012,1385.1234,1387.0194,682349000.0,1.69061397,0.0169061397
2010-02-23,1381.2047,1393.8781,1380.8437,1393.3823,708923600.0,0.45874629,0.0045874629
2010-02-24,1380.3157,1389.1742,1380.1837,1385.3912,757123000.0,-0.57350377,-0.0057350377
2010-02-25,1388.1759,1395.5746,1375.1231,1375.6243,920937400.0,-0.70499221,-0.0070499221
2010-02-26,1377.1178,1381.6658,1376.5392,1378.0268,836815600.0,0.17464798,0.0017464798
2010-03-01,1402.344,1402.3775,1387.2721,1392.5392,753959400.0,1.05312901,0.0105312901
2010-03-02,1388.6177,1388.6177,1370.5332,1370.5332,868978200.0,-1.58027867,-0.0158027867
2010-03-03,1380.3945,1381.1087,1374.2076,1378.7155,879545400.0,0.59701582,0.0059701582
2010-03-04,1381.0084,1384.267,1368.4297,1368.8507,823435400.0,-0.71550657,-0.007155065699999999
2010-03-05,1367.6127,1377.1421,1364.4458,1376.1258,822680600.0,0.53147505,0.0053147505
2010-03-08,1382.1706,1391.7697,1378.7348,1391.6396,751806200.0,1.12735333,0.011273533300000001
2010-03-09,1386.6808,1389.4999,1381.8606,1386.9058,771114000.0,-0.34015991,-0.0034015991
2010-03-10,1382.4418,1389.4361,1382.4418,1385.0659,938670800.0,-0.13266222,-0.0013266222
2010-03-11,1383.2599,1385.1465,1363.7609,1366.5465,972062200.0,-1.33707717,-0.013370771699999999
2010-03-12,1366.749,1367.6109,1359.5581,1364.5867,864788800.0,-0.14341261,-0.0014341261
2010-03-15,1363.5464,1363.5464,1342.5897,1346.0751,1008502600.0,-1.35657192,-0.0135657192
2010-03-16,1340.5146,1354.8079,1338.0278,1354.1538,967087600.0,0.60016711,0.0060016711
2010-03-17,1358.2135,1369.0294,1355.3666,1368.7956,1066341400.0,1.08125089,0.0108125089
2010-03-18,1368.21,1373.4686,1360.9039,1362.4957,1085532000.0,-0.46025133,-0.0046025133000000005
2010-03-19,1365.243,1377.1866,1365.243,1375.4579,854893800.0,0.95135713,0.0095135713
2010-03-22,1366.2975,1373.4829,1366.2975,1369.3409,764542400.0,-0.44472463,-0.0044472463
2010-03-23,1373.264,1373.639,1361.406,1361.4371,894282200.0,-0.57719739,-0.0057719739
2010-03-24,1358.812,1362.4365,1351.5333,1357.1109,978017800.0,-0.31776716,-0.0031776715999999997
2010-03-25,1357.9448,1363.842,1356.9628,1363.5468,888087400.0,0.47423538,0.0047423538
2010-03-26,1362.3896,1371.2592,1360.7229,1371.2592,932263600.0,0.56561315,0.0056561315
2010-03-29,1377.2396,1384.2654,1375.7043,1382.3384,1078578600.0,0.80795812,0.0080795812
2010-03-30,1386.706,1386.8296,1377.7998,1381.7674,1070378000.0,-0.04130682,-0.0004130682
2010-03-31,1384.8004,1385.5435,1375.5994,1375.5994,782455000.0,-0.44638483,-0.0044638483
2010-04-01,1372.9097,1382.7175,1372.8029,1379.0953,763190000.0,0.25413649,0.0025413649
2010-04-02,1384.2969,1388.6746,1382.2425,1388.6746,787141000.0,0.69460754,0.0069460754000000005
2010-04-06,1391.1504,1401.9331,1389.9475,1395.8909,890734600.0,0.51965378,0.0051965378
2010-04-07,1397.3016,1399.3413,1394.0087,1398.4013,773691200.0,0.17984214,0.0017984214
2010-04-08,1394.4104,1395.0304,1385.3141,1385.3141,790865400.0,-0.9358687,-0.009358687
2010-04-09,1389.0471,1394.4681,1389.0471,1394.284,815302600.0,0.64749936,0.006474993599999999
2010-04-12,1400.9445,1406.5132,1396.7422,1399.5688,918425600.0,0.37903325,0.0037903324999999997
2010-04-13,1394.8872,1398.9858,1391.1472,1396.6961,920880000.0,-0.20525608,-0.0020525608
2010-04-14,1403.3338,1404.4478,1400.4267,1400.4267,766816200.0,0.26710177,0.0026710177
2010-04-15,1405.7784,1405.7784,1398.48,1398.887,745604400.0,-0.10994506,-0.0010994506
2010-04-16,1402.0792,1403.2149,1396.0823,1398.6756,701860200.0,-0.01511201,-0.0001511201
2010-04-19,1383.4589,1383.4589,1367.9108,1369.2679,853782800.0,-2.102539,-0.02102539
2010-04-20,1378.0983,1382.1586,1377.3852,1382.1275,677742400.0,0.9391588,0.009391588
2010-04-21,1382.7405,1383.681,1379.1741,1382.6209,710293800.0,0.03569859,0.0003569859
2010-04-22,1378.5838,1381.5667,1375.1768,1378.8834,727551400.0,-0.27031994,-0.0027031994
2010-04-23,1378.4143,1383.5024,1378.4143,1379.9106,744389400.0,0.07449506,0.0007449506000000001
2010-04-26,1388.0972,1388.7162,1382.1487,1383.8974,932780000.0,0.28891727,0.0028891727
2010-04-27,1379.7537,1379.7537,1368.2907,1372.9845,894533600.0,-0.78856279,-0.007885627899999999
2010-04-28,1349.4428,1360.3872,1345.9381,1355.523,909396200.0,-1.27179149,-0.0127179149
2010-04-29,1358.1027,1360.0302,1354.2294,1355.2193,799232200.0,-0.02240464,-0.0002240464
2010-04-30,1358.6905,1361.764,1349.2547,1359.8753,811341400.0,0.34356063,0.0034356062999999996
2010-05-04,1353.456,1353.7931,1346.2294,1348.5109,797197800.0,-0.83569427,-0.0083569427
2010-05-05,1330.3649,1340.5676,1329.4115,1340.4545,812844200.0,-0.59742936,-0.0059742936000000005
2010-05-06,1340.0925,1344.8598,1328.5682,1328.5682,1001396000.0,-0.88673655,-0.0088673655
2010-05-07,1315.8913,1318.3533,1305.0604,1305.363,981483800.0,-1.7466322,-0.017466322
2010-05-10,1319.2908,1327.873,1313.9025,1327.5288,893720200.0,1.6980564,0.016980564
2010-05-11,1326.4704,1329.396,1312.9074,1313.9817,903406200.0,-1.02047504,-0.0102047504
2010-05-12,1313.7337,1327.5232,1313.7337,1321.5527,1056740000.0,0.57618763,0.0057618763
2010-05-13,1325.7153,1328.6331,1320.3292,1328.4323,793982600.0,0.52056948,0.0052056948000000006
2010-05-14,1323.7302,1324.8686,1314.3502,1314.5577,944019200.0,-1.0444341,-0.010444341
2010-05-17,1300.9514,1302.7579,1273.4487,1277.6122,1082563200.0,-2.81048903,-0.028104890299999997
2010-05-18,1271.6742,1288.3013,1264.4891,1286.8738,1124690600.0,0.72491481,0.0072491481
2010-05-19,1271.3167,1287.9315,1265.3781,1279.8933,1198571800.0,-0.54243858,-0.0054243858
2010-05-20,1287.0939,1294.7544,1280.3703,1285.9784,1009833400.0,0.47543807,0.0047543807
2010-05-21,1276.1162,1282.5553,1270.7019,1281.5564,1015472000.0,-0.3438627,-0.003438627
2010-05-24,1289.5933,1299.2595,1286.4681,1298.6707,953356800.0,1.33543089,0.0133543089
2010-05-25,1289.7156,1293.2307,1280.48,1280.48,1020537000.0,-1.4007169,-0.014007169
2010-05-26,1291.5935,1294.7612,1288.2691,1294.5248,904070800.0,1.09683869,0.0109683869
2010-05-27,1292.1244,1300.9111,1288.917,1300.7588,925561800.0,0.48156667,0.0048156666999999995
2010-05-28,1307.4635,1307.4635,1297.8836,1300.7071,1030141200.0,-0.0039746,-3.9746e-05
2010-05-31,1293.7942,1299.6933,1291.8847,1292.0523,963375400.0,-0.66539192,-0.0066539192
2010-06-01,1290.8253,1291.3368,1282.3249,1282.3249,1186499600.0,-0.75286426,-0.0075286426
2010-06-02,1281.5859,1285.4453,1264.8555,1276.3567,1452170400.0,-0.46542027,-0.0046542027
2010-06-03,1281.5082,1281.5631,1271.9246,1277.5587,1420660000.0,0.0941743,0.000941743
2010-06-04,1268.2791,1272.2661,1265.0157,1270.3022,1175387400.0,-0.56799738,-0.0056799738
2010-06-07,1233.896,1233.896,1227.8527,1229.3292,1238708200.0,-3.22545297,-0.0322545297
2010-06-08,1227.9134,1234.6407,1225.9382,1234.2682,1142907200.0,0.40176382,0.0040176382
2010-06-09,1234.6777,1247.7135,1229.6286,1247.4999,1279847000.0,1.07202794,0.0107202794
2010-06-10,1245.2306,1251.3947,1241.8163,1245.064,1077432200.0,-0.19526254,-0.0019526254
2010-06-11,1251.1269,1255.5675,1251.1269,1255.0161,849120400.0,0.79932437,0.0079932437
2010-06-17,1270.5486,1270.5486,1257.335,1257.5464,732471600.0,0.20161494,0.0020161493999999998
2010-06-18,1257.8829,1260.8129,1251.6746,1251.6746,1159325800.0,-0.46692512,-0.0046692512
2010-06-21,1260.5183,1285.6632,1258.8241,1281.431,1389062400.0,2.37732714,0.023773271399999997
2010-06-22,1270.5392,1275.2916,1268.8601,1271.8184,1100948000.0,-0.75014574,-0.0075014574
2010-06-23,1264.6205,1275.2471,1261.3197,1270.7015,1439938400.0,-0.08781914,-0.0008781914000000001
2010-06-24,1270.6408,1279.5712,1270.6408,1276.7295,1144142800.0,0.47438364,0.0047438364
2010-06-25,1277.9636,1278.1922,1269.9536,1272.5075,1074723000.0,-0.33068869,-0.0033068869
2010-06-28,1280.0863,1285.0024,1275.4887,1275.9884,1140448200.0,0.27354652,0.0027354652000000004
2010-06-29,1270.09,1272.8888,1256.3902,1258.4786,1146880400.0,-1.37225385,-0.013722538500000001
2010-06-30,1247.9548,1252.9812,1245.9743,1252.9812,1017472600.0,-0.43682904,-0.0043682904
2010-07-01,1249.163,1254.1294,1242.5127,1242.7929,1174590400.0,-0.81312473,-0.0081312473
2010-07-02,1242.1042,1255.0512,1241.6712,1254.4872,1225947400.0,0.94096933,0.0094096933
2010-07-05,1253.2543,1260.1237,1249.9887,1256.886,1191056400.0,0.19121757,0.0019121757000000001
2010-07-06,1249.0404,1255.5681,1247.5551,1254.6793,1219591800.0,-0.17556883,-0.0017556883000000001
2010-07-07,1255.7728,1257.8431,1251.6108,1253.1936,979024000.0,-0.11841273,-0.0011841273
2010-07-08,1267.7374,1268.1604,1260.3651,1260.3651,1009933400.0,0.57225795,0.0057225795
2010-07-09,1262.3001,1267.8563,1259.7798,1266.9322,1060481800.0,0.52104743,0.0052104743
2010-07-12,1268.3056,1269.8621,1258.7379,1258.9231,1083982400.0,-0.63216485,-0.0063216485
2010-07-13,1260.2953,1260.2953,1249.1132,1249.8448,1142498400.0,-0.72111633,-0.0072111633
2010-07-14,1256.8308,1259.4622,1253.6968,1255.5666,1224072400.0,0.45780084,0.0045780084
2010-07-15,1253.2725,1261.2751,1250.3157,1254.5251,1157803200.0,-0.0829506,-0.000829506
2010-07-16,1261.2505,1263.3691,1256.8608,1263.3283,1050926400.0,0.70171573,0.0070171573
2010-07-19,1253.5246,1263.1001,1253.5246,1262.0698,1076237400.0,-0.09961781,-0.0009961781
2010-07-20,1261.6246,1272.8008,1261.6246,1272.268,1106216000.0,0.80805356,0.0080805356
2010-07-21,1273.7896,1275.9265,1270.6621,1271.764,1079274200.0,-0.0396143,-0.000396143
2010-07-22,1273.6966,1277.0682,1271.8223,1276.7377,1066798800.0,0.39108671,0.0039108671
2010-07-23,1286.0576,1293.9479,1286.0576,1293.0677,1150915000.0,1.27904111,0.012790411100000001
2010-07-26,1292.1629,1297.8502,1291.9636,1297.0628,1156932400.0,0.30896294,0.0030896294
2010-07-27,1295.2838,1295.2838,1284.7775,1284.7775,1219924000.0,-0.94716308,-0.0094716308
2010-07-28,1283.2996,1300.0745,1283.2996,1299.7562,1129337000.0,1.16585946,0.0116585946
2010-07-29,1302.0043,1306.4508,1297.0736,1304.7557,1274653400.0,0.38464906,0.0038464906
2010-07-30,1306.2063,1311.7912,1305.7653,1311.7668,1305618800.0,0.53734964,0.0053734963999999994
2010-08-02,1321.593,1339.7357,1321.593,1335.4187,1314092200.0,1.80305676,0.018030567600000002
2010-08-03,1341.4438,1341.4438,1331.8734,1332.0184,1249850200.0,-0.25462426,-0.0025462426
2010-08-04,1333.6538,1338.0911,1327.7548,1337.9358,1354662000.0,0.44424311,0.0044424311
2010-08-05,1343.8819,1346.9533,1327.1678,1329.5116,1459418400.0,-0.62964157,-0.0062964156999999995
2010-08-06,1329.2754,1342.5775,1327.3383,1342.5775,1353377600.0,0.98275938,0.0098275938
2010-08-09,1342.725,1356.7029,1342.725,1356.687,1520895600.0,1.0509263,0.010509263
2010-08-10,1351.7956,1354.731,1343.5502,1344.516,1370531400.0,-0.89711186,-0.0089711186
2010-08-11,1343.7555,1352.5299,1339.0287,1339.6667,1527417400.0,-0.36067254,-0.0036067254
2010-08-12,1335.8799,1337.465,1326.7952,1330.2548,1512762000.0,-0.70255534,-0.0070255534
2010-08-13,1337.3967,1348.8299,1335.4567,1348.8299,1455409200.0,1.39635655,0.013963565499999999
2010-08-16,1346.2867,1357.8764,1343.6023,1354.326,1480084200.0,0.40747169,0.0040747169
2010-08-17,1352.5793,1357.949,1349.5879,1357.949,1297992600.0,0.26751314,0.0026751314
2010-08-18,1364.0468,1366.5705,1353.3458,1354.5448,1459600200.0,-0.25068688,-0.0025068688
2010-08-19,1357.8688,1361.1803,1350.775,1359.868,1389009800.0,0.39298811,0.0039298811
2010-08-20,1351.721,1351.721,1334.7357,1335.3467,1359319200.0,-1.80321178,-0.0180321178
2010-08-23,1338.4708,1338.8539,1329.9052,1331.6595,1265844600.0,-0.27612305,-0.0027612304999999997
2010-08-24,1327.5636,1333.09,1321.7104,1322.5416,1275603600.0,-0.68470206,-0.0068470206
2010-08-25,1320.7856,1327.7445,1318.5598,1323.1092,1302387000.0,0.04291736,0.0004291736
2010-08-26,1328.9597,1336.839,1328.9597,1336.0562,1087327200.0,0.97852845,0.0097852845
2010-08-27,1338.1947,1343.2687,1334.9754,1342.4614,1112502800.0,0.47941097,0.0047941097
2010-08-30,1352.5349,1362.6722,1352.5349,1360.5628,1281480600.0,1.34837396,0.013483739599999999
2010-08-31,1351.937,1351.937,1342.6831,1343.0417,1221387200.0,-1.28778326,-0.012877832600000002
2010-09-01,1346.1371,1360.0946,1346.1371,1354.7999,1354994200.0,0.87549031,0.0087549031
2010-09-02,1363.0741,1366.2979,1359.2155,1364.3573,1164026600.0,0.70544735,0.0070544735
2010-09-03,1367.5664,1368.1176,1363.5002,1366.8142,1209027400.0,0.18007746,0.0018007746
2010-09-06,1377.3536,1392.8599,1377.3536,1390.3693,1275576000.0,1.72335786,0.0172335786
2010-09-07,1389.6649,1391.5417,1383.8652,1389.7942,1444925600.0,-0.04136311,-0.0004136311
2010-09-08,1392.5884,1392.9845,1387.2736,1389.0596,1351518200.0,-0.05285675,-0.0005285675
2010-09-09,1392.874,1394.0571,1356.6706,1364.3418,1771124200.0,-1.77946288,-0.0177946288
2010-09-10,1366.6613,1373.1441,1364.2353,1372.701,1340913400.0,0.61269104,0.0061269103999999994
2010-09-13,1378.4141,1379.6762,1372.3703,1377.9629,1302516400.0,0.38332456,0.0038332455999999997
2010-09-14,1378.4631,1378.9141,1366.9882,1368.5587,1381403000.0,-0.6824712,-0.006824711999999999
2010-09-15,1374.5603,1374.5603,1366.7392,1369.5888,1470177200.0,0.07526897,0.0007526897000000001
2010-09-16,1370.2442,1374.1852,1360.3607,1365.0783,1393331400.0,-0.32933242,-0.0032933242000000003
2010-09-17,1368.9052,1376.7838,1367.1441,1375.7516,1253672800.0,0.78188189,0.0078188189
2010-09-20,1383.7238,1398.9736,1383.7238,1395.7585,1291208800.0,1.45425235,0.0145425235
2010-09-21,1394.4874,1394.4874,1381.6184,1387.3867,1254358800.0,-0.5998029,-0.005998029
2010-09-27,1412.0476,1412.6372,1395.4115,1397.2481,1171972000.0,0.71078957,0.0071078957
2010-09-28,1393.2501,1401.4784,1391.0507,1400.3526,1069245800.0,0.22218674,0.0022218674
2010-09-29,1399.7,1400.5044,1385.104,1393.1995,1133244400.0,-0.51080706,-0.0051080705999999995
2010-09-30,1380.3663,1397.0534,1378.2798,1397.0534,930859200.0,0.27662226,0.0027662226000000002
2010-10-08,1394.1182,1412.5117,1394.1182,1404.8616,808105800.0,0.55890491,0.0055890491
2010-10-11,1443.3441,1459.5671,1443.3441,1456.1488,1089562600.0,3.65069413,0.036506941300000005
2010-10-12,1448.1411,1454.6998,1441.6307,1447.018,1638887200.0,-0.6270513,-0.006270513
2010-10-13,1457.5346,1464.1356,1453.7966,1462.8447,1519107400.0,1.0937459,0.010937459
2010-10-14,1470.7448,1478.6828,1468.9182,1475.5497,1614482000.0,0.86851325,0.0086851325
2010-10-15,1471.9692,1481.4634,1466.5601,1481.4634,1620372200.0,0.40077945,0.0040077945
2010-10-18,1463.9979,1473.1629,1461.7918,1465.1964,1666586000.0,-1.0980359,-0.010980359
2010-10-19,1477.9326,1489.221,1466.9755,1473.4557,1795136200.0,0.56369917,0.0056369917
2010-10-20,1446.9303,1469.6877,1446.7036,1465.8492,1656202400.0,-0.5162354,-0.005162354
2010-10-21,1479.7888,1487.7776,1469.4757,1473.4597,2089806000.0,0.5191871,0.005191871
2010-10-22,1471.338,1482.9498,1468.9709,1478.2724,1653041600.0,0.32662583,0.0032662583
2010-10-25,1516.4566,1516.4566,1516.4566,1516.4566,1637927400.0,2.58302868,0.0258302868
2010-10-26,1520.3559,1520.9572,1503.8685,1508.0427,1748566200.0,-0.55483949,-0.0055483949
2010-10-27,1519.2099,1519.2099,1486.328,1486.328,2190250400.0,-1.43992607,-0.014399260700000001
2010-10-28,1493.6957,1504.7571,1490.5895,1502.7443,1707502600.0,1.10448703,0.0110448703
2010-10-29,1495.6564,1496.1017,1474.8647,1476.5423,1808522800.0,-1.74361001,-0.0174361001
2010-11-01,1487.3106,1504.6452,1487.3106,1500.3547,1525678600.0,1.6127137,0.016127137
2010-11-02,1501.7605,1506.0984,1494.0589,1499.6475,1405686800.0,-0.04713552,-0.0004713552
2010-11-03,1509.6158,1516.7819,1502.3477,1506.838,1414971600.0,0.47947934,0.0047947934
2010-11-04,1516.2265,1533.3098,1511.3446,1533.3098,1503419800.0,1.7567781,0.017567781
2010-11-05,1559.8797,1581.2492,1559.8797,1580.3117,1395854000.0,3.06538835,0.0306538835
2010-11-08,1582.763,1601.779,1572.9674,1586.3311,1996065400.0,0.38089954,0.0038089953999999996
2010-11-09,1580.6947,1627.6979,1580.6947,1618.434,2117153800.0,2.02372002,0.0202372002
2010-11-10,1625.9329,1639.0341,1603.1231,1610.0767,2180109000.0,-0.51638189,-0.0051638189000000004
2010-11-11,1620.1712,1632.1949,1600.7947,1610.8281,2074028800.0,0.04666858,0.0004666858
2010-11-12,1597.7076,1597.7076,1543.8592,1550.6261,1632732000.0,-3.73733237,-0.037373323699999995
2010-11-15,1510.238,1549.6172,1502.4793,1522.7928,2316077800.0,-1.79497172,-0.0179497172
2010-11-16,1533.1245,1542.6194,1510.3612,1512.4632,2238973600.0,-0.6783326,-0.006783325999999999
2010-11-17,1463.1557,1478.367,1462.132,1464.2546,1661732400.0,-3.18742301,-0.0318742301
2010-11-18,1482.4323,1493.0156,1455.6844,1486.8396,2223174000.0,1.54242302,0.0154242302
2010-11-19,1508.7037,1508.7037,1475.0332,1502.2095,1946366200.0,1.03372953,0.0103372953
2010-11-22,1481.3287,1495.5378,1480.7959,1480.7959,1523384600.0,-1.42547361,-0.0142547361
2010-11-23,1479.8574,1484.9181,1453.8284,1457.5371,1840144000.0,-1.57069587,-0.0157069587
2010-11-24,1465.5491,1480.8142,1459.3151,1480.8142,1798583800.0,1.59701595,0.0159701595
2010-11-25,1486.7156,1490.2266,1471.6265,1471.6265,1466367000.0,-0.62044921,-0.006204492099999999
2010-11-26,1477.5453,1477.5453,1447.4058,1454.7526,1546599800.0,-1.14661567,-0.0114661567
2010-11-29,1449.4337,1468.1966,1445.8602,1467.3327,1238410000.0,0.86475872,0.0086475872
2010-11-30,1465.9609,1469.4672,1445.8771,1467.2423,1273434400.0,-0.00616084,-6.16084e-05
2010-12-01,1464.5216,1483.4151,1462.714,1480.5307,1101225800.0,0.90567182,0.009056718200000001
2010-12-02,1502.2071,1503.4244,1495.4225,1498.9449,944623000.0,1.24375672,0.0124375672
2010-12-03,1499.7589,1508.2979,1498.306,1507.4246,1043683600.0,0.56571125,0.0056571125
2010-12-06,1515.9802,1519.4764,1508.1768,1515.2762,880919400.0,0.52086187,0.0052086187
2010-12-07,1513.2199,1526.5223,1505.4188,1526.5223,879562000.0,0.74218152,0.0074218152
2010-12-08,1510.1979,1516.3024,1497.6391,1497.6391,929492200.0,-1.89209159,-0.018920915899999998
2010-12-09,1518.0798,1524.0285,1511.4862,1514.6618,940436200.0,1.13663566,0.0113663566
2010-12-10,1510.2566,1521.8674,1507.5307,1521.3243,724048200.0,0.43986717,0.0043986717
2010-12-13,1518.3331,1553.6897,1518.3331,1548.4511,884733000.0,1.78310437,0.0178310437
2010-12-14,1554.0503,1557.8081,1548.65,1555.3396,910824600.0,0.4448639,0.004448639
2010-12-15,1550.8631,1560.6862,1536.9654,1537.8468,1003289600.0,-1.12469328,-0.0112469328
2010-12-16,1538.4252,1546.409,1536.5402,1539.348,812792200.0,0.09761701,0.0009761701000000001
2010-12-17,1541.2874,1553.9657,1541.2874,1553.3273,748811400.0,0.90813123,0.0090813123
2010-12-20,1566.6991,1575.506,1547.4907,1560.4431,937104600.0,0.45810049,0.0045810049
2010-12-21,1568.1757,1573.1864,1560.7764,1573.1864,796057400.0,0.81664625,0.0081664625
2010-12-22,1578.2378,1578.2378,1559.8259,1562.5676,925406600.0,-0.67498677,-0.0067498676999999995
2010-12-23,1568.327,1578.0006,1565.6656,1576.9009,862253800.0,0.91729151,0.0091729151
2010-12-24,1583.0376,1583.1293,1567.7644,1582.3469,921646400.0,0.34536095,0.0034536095
2010-12-27,1572.903,1584.8139,1572.0225,1578.7843,805901800.0,-0.22514658,-0.0022514658
2010-12-28,1583.7366,1590.0183,1579.6552,1581.941,761897800.0,0.19994498,0.0019994497999999998
2010-12-29,1583.8821,1585.3162,1571.6809,1579.0408,790421200.0,-0.18333174,-0.0018333174
2010-12-30,1573.5,1592.1378,1568.497,1591.8415,732291000.0,0.81066303,0.008106630299999999
2010-12-31,1576.9013,1593.4272,1576.9013,1593.4272,669800800.0,0.09961419,0.0009961419
2011-01-04,1599.8757,1608.4969,1596.9158,1604.1208,605584200.0,0.67110691,0.0067110691
2011-01-05,1590.8017,1599.1753,1589.0479,1592.4229,602230200.0,-0.72924059,-0.0072924059
2011-01-06,1604.519,1613.4394,1604.519,1609.1059,628218800.0,1.04764884,0.0104764884
2011-01-07,1594.3161,1602.2826,1567.9936,1572.4374,855965400.0,-2.2788121,-0.022788121
2011-01-10,1582.0302,1587.255,1576.8553,1578.9489,692683200.0,0.41410234,0.0041410234
2011-01-11,1584.7471,1587.9114,1580.4826,1586.9125,582320600.0,0.50436084,0.0050436084
2011-01-12,1593.9217,1600.201,1587.3935,1592.366,708586600.0,0.34365474,0.0034365474
2011-01-13,1607.7137,1608.0693,1598.3527,1598.3527,653909600.0,0.37596256,0.0037596256
2011-01-14,1595.0186,1606.4467,1592.8322,1606.2496,653336600.0,0.49406492,0.0049406492
2011-01-17,1607.2939,1612.5529,1598.8854,1602.2159,661509800.0,-0.25112535,-0.0025112535000000004
2011-01-18,1600.6177,1605.0182,1590.6151,1604.3734,677001000.0,0.13465726,0.0013465726
2011-01-19,1607.5305,1621.7248,1606.1971,1621.7248,611506600.0,1.08150634,0.0108150634
2011-01-20,1610.1051,1616.7437,1608.1552,1609.9266,616811600.0,-0.72750938,-0.0072750938
2011-01-21,1600.3205,1615.2342,1600.3205,1611.664,629166600.0,0.10791796,0.0010791796
2011-01-24,1618.3802,1634.8797,1618.3802,1627.009,655255000.0,0.95212153,0.0095212153
2011-01-25,1622.8833,1627.0408,1605.6675,1605.6675,759993200.0,-1.31170141,-0.0131170141
2011-01-26,1595.6118,1597.3292,1584.5519,1596.7983,773706400.0,-0.55236841,-0.0055236841000000005
2011-01-27,1608.2451,1610.9525,1600.1919,1610.1897,684172800.0,0.83864067,0.0083864067
2011-01-28,1603.0729,1613.2043,1601.5912,1609.673,549612000.0,-0.03208939,-0.00032089390000000003
2011-01-31,1616.1061,1635.6561,1616.1061,1631.746,466059200.0,1.3712723,0.013712723
2011-02-01,1640.7692,1651.3455,1639.3669,1651.3455,429666200.0,1.2011367,0.012011367
2011-02-09,1658.0918,1664.1182,1651.6883,1660.384,564113400.0,0.54734155,0.0054734154999999994
2011-02-10,1663.908,1678.0635,1663.908,1674.7,678294800.0,0.86221019,0.0086221019
2011-02-11,1675.2169,1683.895,1671.5521,1672.2952,713009600.0,-0.14359587,-0.0014359586999999998
2011-02-14,1677.8605,1679.7918,1665.4236,1676.882,713233800.0,0.27428172,0.0027428172
2011-02-15,1674.2966,1681.0681,1667.7473,1667.7473,691787200.0,-0.54474316,-0.0054474316
2011-02-16,1654.1244,1659.4442,1645.5027,1658.5564,785761400.0,-0.55109668,-0.0055109668
2011-02-17,1663.3243,1665.2493,1640.3665,1640.92,817117800.0,-1.06335847,-0.0106335847
2011-02-18,1654.4583,1654.4583,1629.9319,1629.9319,915220600.0,-0.66963045,-0.0066963045
2011-02-21,1632.6979,1638.4604,1626.3441,1635.9695,719311000.0,0.37042038,0.0037042038
2011-02-22,1640.0648,1649.2814,1614.0087,1627.4215,1007052400.0,-0.52250363,-0.0052250363
2011-02-23,1596.8024,1603.9782,1591.8183,1595.4976,895856800.0,-1.96162457,-0.0196162457
2011-02-24,1605.1727,1605.614,1573.1515,1577.5476,938396000.0,-1.12504086,-0.0112504086
2011-02-25,1583.2644,1589.9524,1579.2718,1588.6185,761721400.0,0.70177914,0.0070177914
2011-02-28,1599.5151,1612.2619,1596.3102,1611.7433,738340400.0,1.45565471,0.0145565471
2011-03-01,1613.3463,1615.5218,1602.5879,1606.1263,720030000.0,-0.34850463,-0.0034850463
2011-03-02,1603.8416,1617.27,1600.3446,1615.3148,779916200.0,0.57209075,0.0057209075
2011-03-03,1614.8429,1624.2524,1603.69,1605.1518,827834200.0,-0.62916529,-0.0062916529
2011-03-04,1612.2454,1614.4742,1599.8278,1609.1243,821746200.0,0.24748438,0.0024748438
2011-03-07,1608.3981,1613.2038,1604.0547,1612.7622,700645000.0,0.22607949,0.0022607949
2011-03-08,1594.6004,1595.3656,1566.338,1573.682,933740200.0,-2.42318427,-0.024231842700000002
2011-03-09,1577.0937,1583.0022,1571.4755,1577.7521,732839200.0,0.25863548,0.0025863547999999997
2011-03-10,1560.0156,1561.6167,1551.618,1551.9063,791711000.0,-1.63814074,-0.016381407400000002
2011-03-11,1547.2966,1554.5393,1540.331,1540.369,783134600.0,-0.74342762,-0.007434276199999999
2011-03-14,1535.3819,1546.9213,1521.1814,1534.397,1040054800.0,-0.38769931,-0.0038769931
2011-03-15,1534.2851,1542.8243,1526.4171,1534.4307,1062474600.0,0.0021963,2.1963e-05
2011-03-16,1526.3279,1543.6875,1519.0615,1543.4193,1016074200.0,0.58579381,0.0058579381
2011-03-17,1534.0496,1548.6041,1530.5794,1542.3018,1006801200.0,-0.07240417,-0.0007240417
2011-03-18,1565.1174,1565.564,1554.7523,1558.3841,817631800.0,1.04274663,0.010427466299999999
2011-03-21,1562.3652,1562.3652,1551.5085,1554.0686,859008200.0,-0.27692146,-0.0027692146
2011-03-22,1548.733,1559.2064,1548.378,1554.1013,787829800.0,0.00210415,2.10415e-05
2011-03-23,1557.2181,1573.6475,1557.2181,1573.533,797677400.0,1.25034964,0.012503496400000001
2011-03-24,1575.0278,1576.7032,1561.825,1564.4798,780209600.0,-0.57534224,-0.0057534224
2011-03-25,1570.6834,1576.484,1567.8774,1571.0817,749539800.0,0.42198691,0.0042198691
2011-03-28,1571.4301,1575.9505,1549.7219,1557.2301,919196200.0,-0.88166007,-0.0088166007
2011-03-29,1550.2977,1560.9882,1547.3911,1558.5895,864646400.0,0.08729603,0.0008729603
2011-03-30,1562.7539,1567.7749,1556.1567,1561.5416,826576800.0,0.18940844,0.0018940844
2011-03-31,1558.8041,1562.0683,1551.0893,1557.5908,750251000.0,-0.25300639,-0.0025300639000000002
2011-04-01,1565.5664,1565.5664,1553.0716,1555.2139,786858400.0,-0.15260106,-0.0015260106000000002
2011-04-06,1556.5627,1577.0732,1556.5627,1576.8616,792411800.0,1.39194358,0.0139194358
2011-04-07,1576.385,1579.6244,1572.3349,1575.3654,754303800.0,-0.09488467,-0.0009488467000000001
2011-04-08,1575.2472,1593.386,1572.9433,1593.386,853254000.0,1.14389969,0.0114389969
2011-04-11,1599.4881,1609.2389,1599.4881,1600.2887,880483400.0,0.43320953,0.0043320953
2011-04-12,1589.5218,1592.8951,1583.5922,1583.9003,853215200.0,-1.02409022,-0.010240902199999999
2011-04-13,1573.0475,1582.5934,1567.5732,1582.5934,882488400.0,-0.08251151,-0.0008251151
2011-04-14,1573.0458,1575.9705,1563.0602,1563.4367,920922600.0,-1.21046252,-0.012104625200000002
2011-04-15,1566.9988,1569.2269,1552.3075,1552.955,868724600.0,-0.67042689,-0.0067042689
2011-04-18,1547.9704,1556.6242,1544.6343,1555.0931,756275200.0,0.13767946,0.0013767946
2011-04-19,1552.8433,1555.1033,1532.5214,1534.572,852031200.0,-1.31960588,-0.013196058799999999
2011-04-20,1542.38,1553.9477,1542.38,1553.9477,688928400.0,1.26261264,0.0126261264
2011-04-21,1557.624,1564.098,1553.2094,1555.6806,759410200.0,0.11151598,0.0011151598
2011-04-22,1563.5305,1564.8849,1551.7797,1561.4448,844220000.0,0.37052593,0.0037052593
2011-04-25,1565.0237,1565.0237,1550.7153,1550.7153,696777600.0,-0.68715205,-0.0068715205000000005
2011-04-26,1538.3566,1542.7254,1534.9314,1539.7859,732136200.0,-0.70479733,-0.0070479733
2011-04-27,1546.7554,1546.758,1531.2244,1532.1011,769447400.0,-0.49908237,-0.0049908237
2011-04-28,1536.9455,1550.4107,1536.9455,1544.6223,874993000.0,0.81725677,0.0081725677
2011-04-29,1537.8705,1537.8705,1525.6802,1526.1556,843687400.0,-1.19554793,-0.0119554793
2011-05-03,1531.7528,1533.3678,1526.5057,1531.0305,625929800.0,0.31942352,0.0031942352
2011-05-04,1528.3868,1529.3822,1513.9076,1516.554,738524200.0,-0.94553962,-0.0094553962
2011-05-05,1507.991,1507.991,1499.456,1501.7378,824924000.0,-0.97696488,-0.0097696488
2011-05-06,1475.8039,1485.7339,1473.6616,1476.4284,931117600.0,-1.68534081,-0.0168534081
2011-05-09,1482.2068,1490.7258,1480.6938,1490.7258,771148200.0,0.96837747,0.0096837747
2011-05-10,1490.1579,1500.0219,1483.7982,1499.5268,1002734200.0,0.59038356,0.005903835600000001
2011-05-11,1505.5737,1506.5452,1494.0562,1494.0562,844968800.0,-0.36482176,-0.0036482176
2011-05-12,1481.6237,1484.6499,1464.9765,1466.1584,982349200.0,-1.86725238,-0.0186725238
2011-05-13,1476.7042,1498.3793,1476.7042,1498.3793,967831800.0,2.19764113,0.021976411300000002
2011-05-16,1491.3897,1496.6311,1485.4265,1488.2535,907277800.0,-0.67578349,-0.006757834900000001
2011-05-17,1489.3529,1492.653,1475.0271,1491.2885,1102035400.0,0.20393031,0.0020393031
2011-05-18,1495.2691,1499.338,1491.2986,1491.8703,794059200.0,0.03901324,0.0003901324
2011-05-19,1506.4203,1508.5314,1497.1723,1498.1398,873782200.0,0.42024431,0.0042024431
2011-05-20,1496.4953,1498.7776,1491.1512,1498.7776,842433800.0,0.0425728,0.000425728
2011-05-23,1502.7335,1502.7335,1486.0948,1486.5102,917899200.0,-0.81849368,-0.0081849368
2011-05-24,1487.6342,1500.4211,1487.0344,1498.2008,792574800.0,0.786446,0.00786446
2011-05-25,1499.1097,1506.428,1497.0846,1504.1958,812924000.0,0.40014663,0.0040014663
2011-05-26,1512.9706,1518.6557,1511.7302,1518.6557,732194000.0,0.96130437,0.0096130437
2011-05-27,1517.0402,1522.3777,1513.1826,1522.3777,682660000.0,0.24508518,0.0024508518000000003
2011-05-30,1522.5433,1528.6109,1520.8433,1522.4563,687853400.0,0.00516298,5.1629800000000005e-05
2011-05-31,1524.0076,1527.1901,1519.2004,1525.6195,745117200.0,0.20776951,0.0020776951
2011-06-01,1527.7587,1528.8884,1519.2578,1520.4957,642043200.0,-0.33585045,-0.0033585045
2011-06-02,1513.0483,1519.3484,1511.0133,1518.6557,751582800.0,-0.12101317,-0.0012101317
2011-06-03,1522.8441,1536.3,1522.8441,1536.3,760775600.0,1.16183675,0.011618367499999999
2011-06-07,1526.0432,1533.1987,1523.7964,1530.9077,766466000.0,-0.35099264,-0.0035099264
2011-06-08,1528.4239,1529.8004,1516.1537,1524.3559,905807200.0,-0.42796832,-0.0042796832
2011-06-09,1529.4396,1531.8419,1521.3497,1521.4547,720225600.0,-0.19032301,-0.0019032301
2011-06-10,1525.4544,1528.3476,1518.1811,1521.2656,765327400.0,-0.01242889,-0.0001242889
2011-06-13,1515.6596,1518.6143,1512.8091,1514.4489,688093400.0,-0.44809401,-0.0044809401
2011-06-14,1512.6497,1519.2766,1510.8268,1516.5439,678017400.0,0.13833415,0.0013833415
2011-06-15,1521.9512,1527.1362,1520.5232,1525.4068,648802000.0,0.58441434,0.0058441434000000006
2011-06-16,1518.2631,1522.4065,1511.5815,1512.5593,733404200.0,-0.84223435,-0.0084223435
2011-06-17,1513.5642,1515.9177,1505.6467,1509.7231,719032200.0,-0.18751,-0.0018751000000000002
2011-06-20,1508.868,1511.7975,1502.0971,1502.844,643648600.0,-0.45565309,-0.0045565308999999995
2011-06-21,1508.1976,1513.9665,1501.6348,1513.284,722023000.0,0.69468288,0.0069468288
2011-06-22,1511.8768,1512.6867,1501.9924,1503.3141,646689400.0,-0.65882544,-0.0065882544
2011-06-23,1499.3369,1501.4137,1490.2962,1499.0958,783955800.0,-0.28060004,-0.0028060004
2011-06-24,1497.2183,1505.7045,1495.0241,1500.6986,730571400.0,0.10691778,0.0010691778
2011-06-27,1493.8942,1493.8942,1475.3376,1475.9227,821778000.0,-1.65095776,-0.016509577600000002
2011-06-28,1483.318,1485.5935,1477.5864,1478.5983,703600000.0,0.18128321,0.0018128321
2011-06-29,1488.2899,1491.5468,1484.0338,1490.3943,712897400.0,0.7977826,0.007977826
2011-06-30,1495.5816,1505.6008,1495.0431,1505.6008,672861800.0,1.02030047,0.0102030047
2011-07-01,1497.3563,1501.3673,1495.136,1499.4568,665000800.0,-0.4080763,-0.004080763
2011-07-04,1504.9937,1526.5601,1504.9937,1521.5875,809553200.0,1.47591448,0.014759144799999999
2011-07-05,1519.9857,1523.7994,1515.4221,1519.4486,740225000.0,-0.14057029,-0.0014057028999999999
2011-07-06,1524.2267,1527.8354,1519.2037,1525.7958,775055000.0,0.41773048,0.0041773048
2011-07-07,1523.6879,1530.2209,1523.6453,1528.6483,674154200.0,0.18695162,0.0018695162000000002
2011-07-08,1540.4307,1545.3298,1535.7712,1536.0813,716380200.0,0.48624657,0.0048624657
2011-07-11,1530.3547,1540.4122,1529.9255,1530.8194,762733600.0,-0.34255348,-0.0034255348000000003
2011-07-12,1528.0875,1528.9916,1517.6021,1523.8814,827309800.0,-0.45322133,-0.0045322133
2011-07-13,1534.431,1549.4591,1534.431,1549.4591,909196000.0,1.67845739,0.0167845739
2011-07-14,1550.0097,1551.4172,1542.5515,1548.8506,896720400.0,-0.03927177,-0.00039271769999999997
2011-07-15,1541.7269,1548.1184,1540.8561,1545.4512,806296000.0,-0.21947888,-0.0021947888
2011-07-18,1548.3557,1558.8428,1545.6546,1546.8933,848679800.0,0.09331255,0.0009331255
2011-07-19,1551.3632,1559.5866,1549.2931,1559.5866,774252400.0,0.82056726,0.0082056726
2011-07-20,1564.5657,1564.5657,1556.0288,1557.7135,895198000.0,-0.12010234,-0.0012010234
2011-07-21,1558.2548,1562.4169,1555.4536,1557.2657,753534200.0,-0.02874726,-0.0002874726
2011-07-22,1557.6671,1561.2182,1554.9735,1561.2182,623839400.0,0.25381025,0.0025381025
2011-07-25,1560.6945,1562.0503,1552.8434,1553.1903,704408000.0,-0.51420743,-0.0051420743000000005
2011-07-26,1553.598,1568.3324,1553.598,1568.3324,734149400.0,0.97490308,0.0097490308
2011-07-27,1572.1895,1575.6436,1570.4492,1574.4973,720721200.0,0.39308631,0.0039308631
2011-07-28,1568.3786,1571.4028,1565.8603,1566.7111,745131400.0,-0.49451974,-0.0049451974
2011-07-29,1565.8964,1571.0033,1558.354,1559.1813,775258600.0,-0.4806119,-0.004806119
2011-08-01,1567.7282,1575.4327,1567.7282,1575.4327,683114400.0,1.04230342,0.0104230342
2011-08-02,1567.4768,1569.2986,1562.5831,1565.3031,700149000.0,-0.64297256,-0.0064297256
2011-08-03,1566.2415,1569.5874,1563.5884,1566.1112,706988000.0,0.05162578,0.0005162578000000001
2011-08-04,1560.3753,1563.2145,1552.9226,1556.3142,771553400.0,-0.62556222,-0.0062556222
2011-08-05,1532.404,1532.404,1509.2592,1513.3847,1037253400.0,-2.7584083,-0.027584083000000002
2011-08-08,1496.2735,1513.9967,1496.2686,1505.2638,952765800.0,-0.53660513,-0.0053660513
2011-08-09,1458.4544,1485.0659,1453.2466,1484.8086,1180818400.0,-1.35891131,-0.013589113100000001
2011-08-10,1497.7093,1502.7172,1493.3228,1500.0861,772057600.0,1.0289205,0.010289205
2011-08-11,1489.0681,1511.779,1489.0681,1511.7462,917960200.0,0.77729538,0.007772953799999999
2011-08-12,1519.414,1520.9729,1511.5517,1512.0249,879029400.0,0.01843563,0.00018435630000000002
2011-08-15,1522.3281,1525.3091,1520.2419,1521.2368,765001000.0,0.60924261,0.0060924261
2011-08-16,1524.7163,1524.7163,1506.5666,1506.6389,862212600.0,-0.95960734,-0.0095960734
2011-08-17,1509.5209,1520.7603,1509.5209,1518.7145,963216600.0,0.80149265,0.0080149265
2011-08-18,1524.1677,1524.1677,1513.7302,1513.7302,898514600.0,-0.32819203,-0.0032819203000000003
2011-08-19,1501.4872,1508.1412,1499.2043,1507.6743,982510000.0,-0.40006469,-0.0040006469
2011-08-22,1512.341,1519.7951,1503.4873,1503.4873,911087000.0,-0.2777125,-0.0027771249999999996
2011-08-23,1510.8735,1516.5064,1508.1609,1515.4005,878875400.0,0.79237118,0.0079237118
2011-08-24,1517.9933,1517.9933,1511.6396,1513.6209,755379800.0,-0.1174343,-0.001174343
2011-08-25,1510.9123,1514.5441,1507.6047,1509.8898,841905400.0,-0.24650162,-0.0024650162
2011-08-26,1513.4876,1513.4876,1505.9896,1510.6629,741742400.0,0.05120241,0.0005120241
2011-08-29,1517.3125,1519.5683,1512.331,1519.5683,763297200.0,0.58950279,0.0058950279000000005
2011-08-30,1523.0295,1533.7129,1521.7974,1529.3247,844415200.0,0.64205077,0.0064205077
2011-08-31,1531.4068,1535.2428,1529.6748,1534.658,727674000.0,0.34873562,0.0034873562
2011-09-01,1534.7802,1536.3978,1527.7467,1528.0456,695248800.0,-0.43087124,-0.0043087124
2011-09-02,1526.2911,1528.9449,1522.2835,1525.4943,698043600.0,-0.16696491,-0.0016696490999999999
2011-09-05,1523.1447,1530.2329,1512.9445,1513.414,915078600.0,-0.79189414,-0.0079189414
2011-09-06,1512.3229,1515.0548,1501.745,1511.3442,903779400.0,-0.13676364,-0.0013676364
2011-09-07,1515.2744,1526.4235,1514.2811,1526.4235,775427600.0,0.99774095,0.0099774095
2011-09-08,1530.788,1530.788,1523.3092,1523.5278,760379400.0,-0.18970489,-0.0018970488999999998
2011-09-09,1524.1969,1528.4846,1522.6058,1526.5364,719105600.0,0.19747588,0.0019747588
2011-09-13,1517.897,1518.488,1509.5989,1512.6333,712937200.0,-0.91076112,-0.009107611199999999
2011-09-14,1515.3799,1516.4661,1493.0785,1495.0246,925564200.0,-1.16410897,-0.011641089700000001
2011-09-15,1499.9239,1501.4655,1491.7823,1496.1996,745812600.0,0.07859402,0.0007859402
2011-09-16,1496.6871,1500.1495,1493.4691,1500.1495,835151400.0,0.26399553,0.0026399553
2011-09-19,1488.3825,1488.3825,1463.2435,1463.2435,875047200.0,-2.4601548,-0.024601548
2011-09-20,1463.7302,1467.267,1458.9507,1463.2096,749359400.0,-0.00231677,-2.3167700000000002e-05
2011-09-21,1459.4675,1470.4827,1449.9129,1468.1975,954694600.0,0.34088759,0.0034088759000000003
2011-09-22,1444.2125,1445.5515,1426.1448,1431.654,890575600.0,-2.48900437,-0.0248900437
2011-09-23,1398.1099,1410.2745,1377.5656,1388.9331,1416339400.0,-2.98402407,-0.0298402407
2011-09-26,1381.3911,1388.5654,1338.8632,1341.4097,1347160400.0,-3.42157588,-0.034215758799999996
2011-09-27,1376.7735,1381.1734,1364.0593,1373.8119,1177599200.0,2.41553345,0.0241553345
2011-09-28,1374.8355,1376.6125,1348.9628,1362.9248,1130014400.0,-0.79247385,-0.0079247385
2011-09-29,1314.218,1333.9817,1314.218,1331.3891,979846000.0,-2.31382538,-0.023138253799999998
2011-09-30,1338.1913,1362.9292,1338.1696,1362.9292,766350000.0,2.36896186,0.023689618600000004
2011-10-10,1359.6612,1363.3332,1352.2253,1352.2253,676653600.0,-0.78535994,-0.0078535994
2011-10-11,1367.6771,1373.6843,1350.3909,1351.4663,848491400.0,-0.0561297,-0.000561297
2011-10-12,1352.5228,1368.6998,1341.2312,1366.6028,1098524200.0,1.12000573,0.0112000573
2011-10-13,1363.4451,1367.4434,1354.5635,1359.9145,905485600.0,-0.48941068,-0.0048941068
2011-10-14,1357.6361,1372.9178,1357.6361,1372.6149,872769400.0,0.93391165,0.0093391165
2011-10-17,1378.1288,1381.2344,1364.3187,1364.3187,858566200.0,-0.60440842,-0.006044084199999999
2011-10-18,1355.7103,1355.7103,1329.6886,1331.709,986916400.0,-2.390182,-0.023901819999999997
2011-10-19,1342.8558,1347.6135,1322.9146,1328.83,1161891400.0,-0.21618837,-0.0021618837
2011-10-20,1303.5693,1303.5693,1279.0378,1286.1888,1161246800.0,-3.20892815,-0.032089281500000004
2011-10-21,1286.4964,1302.0649,1286.4964,1294.7889,1162864800.0,0.66864989,0.0066864989
2011-10-24,1311.3591,1338.6584,1294.4217,1334.425,1424167000.0,3.06120171,0.030612017100000003
2011-10-25,1344.3568,1357.8905,1331.9037,1342.9249,1422165000.0,0.63697098,0.0063697098
2011-10-26,1331.1535,1353.8545,1330.1684,1347.807,1234386400.0,0.36354229,0.0036354229
2011-10-27,1348.6973,1359.1949,1344.8493,1359.1949,1054034400.0,0.84492067,0.0084492067
2011-10-28,1386.1997,1389.6562,1365.9148,1368.471,1092324000.0,0.68247019,0.0068247019
2011-10-31,1367.3864,1367.58,1344.1447,1351.1049,1072693400.0,-1.26901483,-0.012690148299999999
2011-11-01,1351.0799,1363.1736,1343.0174,1343.0174,1172395000.0,-0.59858417,-0.005985841699999999
2011-11-02,1331.2849,1356.1261,1330.7491,1356.1261,1216598600.0,0.9760633,0.009760633
2011-11-03,1347.7991,1350.7335,1334.6502,1336.2765,1095339000.0,-1.46369869,-0.0146369869
2011-11-04,1351.1563,1367.4756,1351.1563,1366.6202,1163814000.0,2.27076507,0.0227076507
2011-11-07,1362.3556,1362.3556,1346.526,1351.0174,986483800.0,-1.14170711,-0.0114170711
2011-11-08,1355.1616,1357.6829,1343.6337,1350.1214,991921200.0,-0.06632039,-0.0006632039000000001
2011-11-09,1358.2218,1363.2037,1347.5788,1351.3599,996570200.0,0.09173249,0.0009173249
2011-11-10,1326.1271,1326.1271,1312.0513,1313.1565,893067800.0,-2.82703372,-0.028270337200000002
2011-11-11,1316.4529,1330.4693,1314.8376,1325.8241,1017396200.0,0.96466796,0.0096466796
2011-11-14,1342.4712,1359.1657,1339.692,1355.5088,1026996800.0,2.23896217,0.0223896217
2011-11-15,1344.5668,1349.4929,1343.2534,1348.0051,854897600.0,-0.55357073,-0.0055357073000000005
2011-11-16,1354.0272,1357.2762,1335.0599,1336.968,1016364200.0,-0.81877287,-0.0081877287
2011-11-17,1343.1185,1352.0226,1334.5183,1347.6841,987077000.0,0.80152255,0.008015225499999999
2011-11-18,1319.5341,1335.2491,1319.5341,1334.2112,910462000.0,-0.99970757,-0.0099970757
2011-11-21,1328.0024,1331.3116,1321.1129,1323.1931,810657800.0,-0.82581378,-0.0082581378
2011-11-22,1314.3407,1320.1824,1314.3407,1319.1678,921852800.0,-0.30421108,-0.0030421108
2011-11-23,1319.9484,1322.9081,1308.2735,1308.2735,908854400.0,-0.82584642,-0.0082584642
2011-11-24,1304.6678,1310.9742,1288.1352,1307.037,1209573800.0,-0.09451388,-0.0009451387999999999
2011-11-25,1302.2497,1305.2738,1294.0111,1296.0142,839076200.0,-0.84334261,-0.0084334261
2011-11-28,1309.5918,1318.9361,1306.9557,1314.427,812985000.0,1.42072517,0.014207251700000001
2011-11-29,1314.256,1322.0903,1311.6753,1320.7783,758202200.0,0.48319914,0.0048319914
2011-11-30,1323.8876,1323.8876,1306.9063,1309.0611,750625000.0,-0.88714359,-0.0088714359
2011-12-01,1355.4316,1359.494,1340.9314,1346.7415,851098000.0,2.87842943,0.028784294300000002
2011-12-02,1343.7313,1345.6884,1338.7463,1345.1523,578981000.0,-0.11800334,-0.0011800334
2011-12-05,1350.2807,1350.911,1345.6572,1347.7496,556701600.0,0.19308594,0.0019308594000000002
2011-12-06,1341.938,1344.5712,1337.9558,1344.3012,564175200.0,-0.25586355,-0.0025586355
2011-12-07,1349.3461,1353.4556,1346.1122,1353.4556,548059000.0,0.68097834,0.0068097834
2011-12-08,1347.4715,1349.5981,1341.2712,1347.571,651945600.0,-0.43478338,-0.0043478338
2011-12-09,1339.2498,1345.2063,1339.2498,1339.8985,645644800.0,-0.56935776,-0.0056935776
2011-12-12,1342.2662,1342.2662,1327.9913,1329.639,679830200.0,-0.76569233,-0.0076569233
2011-12-13,1322.838,1325.7205,1320.6783,1321.7878,627358600.0,-0.59047606,-0.0059047605999999996
2011-12-14,1318.6578,1323.4254,1317.4385,1319.489,575749800.0,-0.17391596,-0.0017391596
2011-12-15,1292.5167,1305.7901,1292.5167,1300.8407,822186800.0,-1.41329712,-0.0141329712
2011-12-16,1305.1514,1318.6834,1304.0009,1318.6834,654601600.0,1.37162836,0.0137162836
2011-12-19,1317.5087,1317.5087,1305.3106,1313.512,711920400.0,-0.39216388,-0.0039216388
2011-12-20,1316.1704,1317.4515,1310.3618,1314.5587,629671200.0,0.07968713,0.0007968713
2011-12-21,1324.9727,1324.9908,1319.4275,1320.2227,561187600.0,0.43086703,0.0043086703
2011-12-22,1319.2231,1324.6033,1316.0138,1324.1129,574387000.0,0.29466241,0.0029466240999999997
2011-12-23,1325.8973,1333.5763,1324.9237,1333.5763,540685400.0,0.71469736,0.007146973599999999
2011-12-26,1334.3083,1334.3083,1322.4731,1323.8716,554302400.0,-0.72771989,-0.0072771989
2011-12-27,1322.6273,1327.4528,1321.3117,1323.0186,459040600.0,-0.06443223,-0.0006443222999999999
2011-12-28,1327.2344,1331.3451,1325.0267,1327.8608,547898800.0,0.36599637,0.0036599637000000003
2011-12-29,1316.9679,1322.6626,1316.9679,1317.432,504324400.0,-0.78538353,-0.0078538353
2011-12-30,1322.0407,1326.1649,1318.0182,1323.1581,639109600.0,0.43464103,0.0043464103
2012-01-04,1337.554,1341.0229,1325.3934,1325.5516,587462600.0,0.18089297,0.0018089297
2012-01-05,1324.8422,1340.9114,1324.7112,1338.3194,775374000.0,0.96320656,0.0096320656
2012-01-06,1331.0665,1338.1026,1330.195,1337.9823,563937800.0,-0.02518831,-0.0002518831
2012-01-09,1334.2897,1338.7039,1330.3914,1336.892,550229200.0,-0.08148837,-0.0008148837
2012-01-10,1340.7842,1350.6789,1335.5931,1346.9497,647909600.0,0.75231956,0.0075231956
2012-01-11,1349.957,1354.2108,1346.304,1353.6195,502044400.0,0.49517811,0.0049517811
2012-01-12,1351.8568,1358.2238,1349.5998,1356.152,536759200.0,0.18709098,0.0018709097999999999
2012-01-13,1355.0862,1356.4427,1349.3706,1353.4246,540810000.0,-0.20111315,-0.0020111315
2012-01-16,1345.1793,1354.7928,1341.9187,1352.018,547338000.0,-0.10392895,-0.0010392895
2012-01-17,1355.8663,1372.1759,1355.609,1371.0043,656134600.0,1.40429343,0.0140429343
2012-01-18,1369.799,1375.8006,1367.8925,1370.1547,513978000.0,-0.06196917,-0.0006196916999999999
2012-01-19,1374.5032,1378.8183,1372.0463,1378.613,391923000.0,0.61732445,0.0061732445
2012-01-20,1381.5036,1392.8896,1379.8678,1392.3533,422291400.0,0.99667564,0.0099667564
2012-01-30,1393.1017,1399.4111,1389.0613,1389.4531,440931600.0,-0.20829483,-0.0020829483
2012-01-31,1389.6422,1393.7497,1386.0338,1393.1796,516854600.0,0.26819905,0.0026819905
2012-02-01,1390.3178,1392.1612,1385.8564,1386.0257,500484400.0,-0.51349446,-0.0051349446
2012-02-02,1390.7502,1395.566,1385.6528,1392.402,579516400.0,0.46004197,0.0046004197
2012-02-03,1389.8673,1398.8958,1389.3525,1396.9925,503032000.0,0.32968209,0.0032968208999999997
2012-02-06,1406.5463,1412.2292,1406.1247,1410.3085,533404400.0,0.95319051,0.0095319051
2012-02-07,1410.3078,1412.1915,1397.0198,1400.789,646298600.0,-0.67499416,-0.0067499416
2012-02-08,1405.3892,1420.1102,1404.9819,1420.1065,652976600.0,1.37904424,0.0137904424
2012-02-09,1414.9169,1422.1033,1409.399,1411.3469,709331600.0,-0.61682698,-0.0061682698
2012-02-10,1413.8608,1414.0777,1405.1688,1405.9455,611338400.0,-0.38271243,-0.0038271243
2012-02-13,1403.4342,1409.2159,1399.989,1405.7277,601774000.0,-0.01549135,-0.0001549135
2012-02-14,1404.352,1405.7031,1398.5003,1399.3927,519071800.0,-0.45065627,-0.0045065627
2012-02-15,1402.1271,1407.6056,1398.0745,1398.2192,665051000.0,-0.0838578,-0.000838578
2012-02-16,1394.9401,1395.1113,1376.6082,1380.7832,769168400.0,-1.24701477,-0.0124701477
2012-02-17,1389.1129,1392.1893,1387.0538,1387.8779,629273800.0,0.51381709,0.0051381709
2012-02-20,1397.5406,1399.6194,1390.69,1391.7684,584586200.0,0.28032005,0.0028032005
2012-02-21,1391.8645,1403.4614,1390.874,1403.3687,702620000.0,0.83349356,0.0083349356
2012-02-22,1409.786,1410.103,1405.16,1407.2838,560495400.0,0.27897872,0.0027897872000000002
2012-02-23,1406.3924,1407.0561,1400.4435,1406.6351,585222200.0,-0.04609589,-0.0004609589
2012-02-24,1406.4966,1409.7067,1401.2927,1403.1727,588700600.0,-0.2461477,-0.002461477
2012-02-27,1409.1819,1415.7654,1408.2728,1411.3554,616003000.0,0.58315701,0.0058315701
2012-02-28,1411.9948,1420.3649,1411.9317,1420.3649,514042000.0,0.63835799,0.0063835799
2012-02-29,1418.9269,1422.6213,1415.8324,1422.4378,540828400.0,0.14594137,0.0014594137
2012-03-01,1414.0423,1420.9164,1410.5768,1410.6802,731997800.0,-0.82658096,-0.0082658096
2012-03-02,1417.6037,1422.8105,1417.1417,1421.539,614425000.0,0.76975632,0.0076975632
2012-03-05,1421.1348,1424.0789,1413.9615,1416.8441,655672800.0,-0.33026881,-0.0033026881000000003
2012-03-06,1415.2737,1415.3018,1408.2218,1409.07,609290600.0,-0.54869128,-0.0054869128
2012-03-07,1396.3067,1401.4592,1394.5465,1396.8918,623214400.0,-0.86427218,-0.0086427218
2012-03-08,1399.3465,1402.7782,1398.6843,1400.0193,599884400.0,0.22388992,0.0022388992
2012-03-09,1404.2943,1419.081,1404.2144,1418.6927,748905800.0,1.3337959,0.013337959
2012-03-12,1418.7096,1419.8268,1412.8218,1417.5996,643235400.0,-0.07704981,-0.0007704980999999999
2012-03-13,1417.8493,1425.8268,1417.6004,1425.1803,605572600.0,0.53475608,0.0053475608
2012-03-14,1429.1799,1431.4297,1415.853,1418.1711,846112800.0,-0.49181146,-0.0049181146
2012-03-15,1416.8953,1421.0546,1412.6503,1417.7367,779035600.0,-0.030631,-0.00030630999999999996
2012-03-16,1424.5289,1426.427,1416.0782,1418.7187,809042000.0,0.06926533,0.0006926533
2012-03-19,1419.5762,1420.357,1413.4596,1415.9869,661394000.0,-0.19255403,-0.0019255402999999998
2012-03-20,1417.4431,1418.6523,1407.8456,1410.517,709297800.0,-0.38629595,-0.0038629595
2012-03-21,1406.37,1413.127,1406.1266,1412.5187,644511000.0,0.1419125,0.001419125
2012-03-22,1412.4654,1414.3373,1406.0254,1406.9842,666285000.0,-0.39181782,-0.0039181782
2012-03-23,1408.2805,1412.6281,1405.6964,1412.5664,656403400.0,0.3967493,0.003967493
2012-03-26,1415.0666,1418.7145,1414.0738,1415.1931,618806000.0,0.18595232,0.0018595232000000001
2012-03-27,1420.6917,1421.9379,1417.5933,1420.8603,555646400.0,0.40045419,0.0040045419
2012-03-28,1417.5806,1419.6153,1413.5892,1413.7459,697734400.0,-0.50071073,-0.0050071073
2012-03-29,1411.0397,1412.5563,1402.5194,1405.4191,720181200.0,-0.58898845,-0.0058898845
2012-03-30,1405.7331,1407.1407,1403.4052,1404.7358,502220200.0,-0.04861895,-0.0004861895
2012-04-05,1405.9421,1417.7609,1402.0889,1416.4654,663846800.0,0.83500399,0.0083500399
2012-04-06,1417.9988,1424.8569,1416.4053,1424.7659,717559600.0,0.5860009,0.005860009
2012-04-09,1424.3181,1429.1186,1421.9244,1422.6875,725714400.0,-0.1458766,-0.001458766
2012-04-10,1421.4843,1426.9771,1419.8399,1424.1884,709892200.0,0.10549752,0.0010549752
2012-04-11,1410.4338,1412.6803,1406.0143,1408.5613,661556200.0,-1.09726354,-0.0109726354
2012-04-12,1411.3165,1414.9159,1409.6525,1413.6903,590551400.0,0.36413041,0.0036413041
2012-04-13,1421.2659,1421.5996,1411.5213,1411.8408,625205000.0,-0.13082781,-0.0013082781
2012-04-16,1398.0518,1402.1213,1397.4126,1398.9045,603722800.0,-0.91627186,-0.009162718600000001
2012-04-17,1399.8703,1401.9293,1396.7875,1397.2643,596336200.0,-0.11724889,-0.0011724889
2012-04-18,1404.1691,1409.8428,1397.6851,1408.2957,916201400.0,0.78949988,0.0078949988
2012-04-19,1402.3835,1406.6764,1402.3835,1406.4574,655142800.0,-0.13053367,-0.0013053366999999998
2012-04-20,1405.9787,1409.4856,1402.9935,1406.5978,652881000.0,0.00998253,9.98253e-05
2012-04-23,1410.9535,1411.1754,1402.3394,1402.5311,724340200.0,-0.28911605,-0.0028911605
2012-04-24,1402.3998,1405.2472,1395.4662,1397.917,824456200.0,-0.32898379,-0.0032898379
2012-04-25,1401.2318,1401.385,1397.4905,1398.8163,681993000.0,0.06433143,0.0006433143
2012-04-26,1399.6116,1405.4641,1398.7677,1404.9565,565558200.0,0.43895685,0.0043895685
2012-04-27,1408.0905,1408.0905,1404.2708,1404.657,627291400.0,-0.02131739,-0.0002131739
2012-05-02,1408.6933,1408.911,1404.3254,1404.5997,624212200.0,-0.00407929,-4.07929e-05
2012-05-03,1400.4317,1401.9347,1393.8354,1394.5464,764357000.0,-0.71574129,-0.0071574129
2012-05-04,1392.068,1398.685,1392.051,1398.6172,644420600.0,0.29190854,0.0029190854
2012-05-07,1390.0064,1390.5354,1382.8608,1385.4007,735455400.0,-0.94496907,-0.009449690699999999
2012-05-08,1387.8307,1391.0219,1384.5247,1384.7851,670665400.0,-0.0444348,-0.000444348
2012-05-09,1377.428,1379.5737,1369.7762,1373.9306,743346400.0,-0.78384003,-0.0078384003
2012-05-10,1376.1806,1378.6286,1372.0351,1377.7794,662728000.0,0.2801306,0.002801306
2012-05-11,1375.5881,1375.8941,1357.0591,1357.2915,983733200.0,-1.48702325,-0.0148702325
2012-05-14,1360.4657,1360.7842,1337.207,1339.6425,1058988800.0,-1.30031021,-0.013003102099999999
2012-05-15,1332.6604,1336.7481,1325.1646,1336.2943,1072493000.0,-0.24993235,-0.0024993235
2012-05-16,1330.8002,1335.0119,1315.7099,1315.7099,1044999400.0,-1.54040917,-0.0154040917
2012-05-17,1324.5699,1333.6572,1321.4142,1331.6598,1136108400.0,1.21226571,0.0121226571
2012-05-18,1326.443,1329.2273,1317.6066,1323.5491,1119941600.0,-0.60906697,-0.0060906697
2012-05-21,1331.176,1339.1864,1329.052,1337.0672,943969000.0,1.02135236,0.010213523600000001
2012-05-22,1337.8401,1338.793,1331.3115,1332.2927,804179000.0,-0.35708751,-0.0035708751
2012-05-23,1318.4508,1318.4508,1306.7906,1313.0904,1002902200.0,-1.4412974,-0.014412974
2012-05-24,1312.0768,1317.0767,1306.3749,1316.908,877210600.0,0.29073398,0.0029073398
2012-05-25,1316.5867,1318.1529,1308.9324,1316.9235,857055600.0,0.001177,1.177e-05
2012-05-28,1320.6173,1327.2272,1317.8006,1326.2748,848878000.0,0.7100868,0.007100868
2012-05-29,1321.7706,1332.6765,1320.4208,1331.693,910408600.0,0.4085277,0.004085277
2012-05-30,1325.0262,1327.7477,1319.1705,1322.5091,926364600.0,-0.68964093,-0.006896409300000001
2012-05-31,1310.7659,1318.8007,1310.085,1314.1898,849271600.0,-0.62905427,-0.0062905427
2012-06-01,1310.7693,1314.9856,1304.9394,1304.9394,967246400.0,-0.70388615,-0.0070388615
2012-06-04,1291.3081,1293.5227,1272.7089,1275.826,1225569400.0,-2.23101548,-0.0223101548
2012-06-05,1282.6479,1294.0602,1282.5852,1288.1794,1321885800.0,0.96826683,0.0096826683
2012-06-06,1288.0386,1297.0383,1285.3287,1290.1824,1244828000.0,0.15549076,0.0015549076
2012-06-07,1300.3642,1303.1553,1291.8638,1293.5948,1077003400.0,0.26448973,0.0026448973
2012-06-08,1293.6974,1294.5224,1280.6702,1282.9929,1254792400.0,-0.81956885,-0.0081956885
2012-06-11,1282.9929,1304.4171,1282.9929,1303.1876,1188244600.0,1.57403053,0.0157403053
2012-06-12,1291.3588,1293.8375,1289.0421,1292.0708,1035039800.0,-0.85304679,-0.0085304679
2012-06-13,1293.3408,1293.6549,1288.102,1291.6772,1121436400.0,-0.03046273,-0.0003046273
2012-06-14,1287.2852,1297.5199,1285.0206,1288.3152,1127900400.0,-0.26028175,-0.0026028174999999996
2012-06-15,1292.5458,1302.1518,1292.2044,1302.0507,1061957200.0,1.0661599,0.010661598999999999
2012-06-18,1310.1779,1313.3218,1304.1425,1306.8744,1037601200.0,0.37046944,0.0037046944
2012-06-19,1307.549,1312.716,1305.9242,1307.6359,1184130600.0,0.0582688,0.000582688
2012-06-20,1315.3238,1319.6259,1313.4775,1317.461,1003121200.0,0.75136359,0.007513635899999999
2012-06-21,1305.7201,1308.0734,1300.534,1300.7793,1130765200.0,-1.26620067,-0.012662006699999999
2012-06-25,1294.6114,1308.1191,1294.6114,1300.6626,1145172200.0,-0.00897154,-8.97154e-05
2012-06-26,1305.0852,1306.6259,1294.0735,1296.1352,1124099600.0,-0.34808412,-0.0034808411999999998
2012-06-27,1296.7121,1298.6588,1290.458,1294.1286,1017065400.0,-0.1548141,-0.001548141
2012-06-28,1300.8207,1301.956,1297.0188,1300.5754,993715400.0,0.4981576,0.004981576
2012-06-29,1297.7807,1310.632,1294.8317,1310.632,1139892000.0,0.77324237,0.007732423699999999
2012-07-02,1327.0661,1327.206,1313.7048,1315.4025,1065496800.0,0.3639847,0.003639847
2012-07-03,1316.2134,1333.5296,1315.5188,1331.5124,1356428800.0,1.22471259,0.0122471259
2012-07-04,1333.8984,1339.1821,1331.294,1334.8432,1358565800.0,0.25015163,0.0025015163
2012-07-05,1334.3472,1342.2652,1332.376,1341.9419,1410703200.0,0.53180029,0.0053180028999999995
2012-07-06,1340.2355,1342.4548,1333.2237,1336.1701,1267090200.0,-0.43010804,-0.004301080400000001
2012-07-09,1329.3065,1342.0653,1326.1,1337.9681,1771467600.0,0.13456371,0.0013456371
2012-07-10,1336.524,1341.3613,1329.5999,1329.7559,1534756800.0,-0.61378145,-0.0061378145
2012-07-11,1327.9836,1337.6566,1324.7336,1327.2612,2150574000.0,-0.18760586,-0.0018760586
2012-07-12,1328.2178,1330.009,1321.6085,1324.5703,1445036000.0,-0.2027408,-0.002027408
2012-07-13,1325.457,1337.644,1325.2663,1337.516,1496218000.0,0.97735092,0.0097735092
2012-07-16,1342.5556,1350.0356,1342.5556,1346.2683,1460402400.0,0.65436974,0.0065436974
2012-07-17,1351.0656,1351.954,1332.6595,1333.9112,1802733200.0,-0.91787796,-0.009178779599999999
2012-07-18,1334.5436,1336.0145,1325.6939,1329.8032,1633102400.0,-0.30796653,-0.0030796653
2012-07-19,1335.514,1337.569,1330.3239,1336.1875,1705376000.0,0.4800936,0.0048009360000000004
2012-07-20,1337.5177,1339.5176,1326.9891,1327.9032,1631456600.0,-0.61999532,-0.0061999532
2012-07-23,1318.7005,1318.727,1301.4723,1303.3188,1804620000.0,-1.85136989,-0.0185136989
2012-07-24,1290.6124,1301.1124,1286.7182,1295.5595,1618291200.0,-0.59534935,-0.0059534935
2012-07-25,1288.2225,1299.8941,1285.5665,1285.6173,1799877800.0,-0.7674059,-0.007674059
2012-07-26,1291.7204,1294.1139,1285.5992,1289.572,1555489400.0,0.30761098,0.0030761098
2012-07-27,1290.9672,1302.5895,1288.6583,1302.0813,1538890800.0,0.97003502,0.0097003502
2012-07-30,1308.3449,1312.0906,1295.4416,1301.4905,1601919000.0,-0.04537351,-0.0004537351
2012-07-31,1301.5329,1308.1256,1300.8408,1307.8193,1513860600.0,0.48627324,0.0048627324
2012-08-01,1303.1884,1311.0937,1299.1237,1303.9036,1813470200.0,-0.29940681,-0.0029940681000000004
2012-08-02,1298.3266,1300.9379,1294.5787,1298.1393,1642087400.0,-0.44208023,-0.0044208023
2012-08-03,1289.5889,1296.033,1288.9187,1295.1509,1575760800.0,-0.23020642,-0.0023020642
2012-08-06,1300.6236,1303.2106,1297.5707,1302.0179,1330552200.0,0.53020849,0.0053020849
2012-08-07,1302.3474,1308.3544,1301.6509,1306.9003,1446182200.0,0.37498716,0.0037498716
2012-08-08,1307.5357,1308.276,1297.9811,1298.1506,1297010200.0,-0.66950019,-0.006695001900000001
2012-08-09,1301.7315,1311.3915,1301.6666,1311.327,1323870000.0,1.0150132,0.010150132000000001
2012-08-10,1311.5685,1314.7686,1304.8824,1307.0753,1325776600.0,-0.32422882,-0.0032422882
2012-08-13,1307.8115,1308.5721,1297.5891,1298.0889,1271092000.0,-0.68751969,-0.0068751969
2012-08-14,1297.1368,1297.2909,1283.9849,1295.768,1529104600.0,-0.17879361,-0.0017879361
2012-08-15,1293.8195,1304.4514,1291.2494,1301.8224,1531525200.0,0.46724414,0.0046724413999999995
2012-08-16,1305.8745,1306.8602,1297.2466,1298.1969,1251038200.0,-0.27849421,-0.0027849421000000004
2012-08-17,1304.8145,1305.0108,1298.64,1302.0074,1253078800.0,0.2935225,0.002935225
2012-08-20,1304.2464,1304.2464,1297.8795,1299.5333,1125060600.0,-0.19002196,-0.0019002195999999999
2012-08-21,1300.9968,1307.3946,1297.6508,1306.3116,1330165400.0,0.52159494,0.005215949399999999
2012-08-22,1309.5625,1312.9583,1305.4355,1306.7278,1333348400.0,0.0318607,0.000318607
2012-08-23,1310.4084,1316.9817,1306.1375,1313.3988,1617265400.0,0.51051183,0.0051051183
2012-08-24,1309.0937,1310.6637,1306.4412,1309.5388,1242056800.0,-0.29389398,-0.0029389398
2012-08-27,1316.7827,1323.2655,1315.7543,1319.9066,1288225600.0,0.79171385,0.0079171385
2012-08-28,1312.9507,1314.4385,1307.2881,1307.5642,1274564800.0,-0.93509647,-0.009350964699999999
2012-08-29,1307.0138,1309.692,1291.4982,1303.0669,1722575600.0,-0.34394487,-0.0034394487
2012-08-30,1302.9419,1311.5108,1296.8732,1310.1005,1691701200.0,0.53977275,0.0053977275
2012-08-31,1304.9529,1305.9853,1300.7152,1302.9685,1248923000.0,-0.54438572,-0.0054438572
2012-09-03,1303.4812,1318.7685,1302.5873,1315.5726,1505443600.0,0.96733728,0.0096733728
2012-09-04,1316.4454,1317.4582,1306.445,1309.1025,1435968400.0,-0.49180866,-0.0049180866
2012-09-05,1302.9276,1305.2822,1299.3414,1300.0404,1348138600.0,-0.69223762,-0.0069223762
2012-09-06,1301.3804,1308.2118,1298.8747,1305.4085,1544639600.0,0.41291794,0.0041291793999999995
2012-09-07,1303.5273,1320.0471,1300.7479,1313.5212,1818650000.0,0.6214683,0.0062146829999999995
2012-09-10,1327.9185,1341.607,1327.9185,1340.8659,1695894800.0,2.08178597,0.0208178597
2012-09-11,1338.3375,1340.4253,1332.1469,1340.0456,1724485800.0,-0.06117689,-0.0006117688999999999
2012-09-12,1340.6559,1349.1503,1338.3195,1344.7165,1764046800.0,0.34856277,0.0034856277
2012-09-13,1345.9755,1346.9376,1337.6768,1337.9885,1359465400.0,-0.50032851,-0.0050032851
2012-09-14,1363.5176,1380.0017,1363.5176,1372.0684,1640119200.0,2.54709962,0.0254709962
2012-09-17,1369.4855,1370.2793,1362.6274,1363.4505,1615635200.0,-0.62809551,-0.0062809551
2012-09-18,1351.1786,1367.5408,1350.3491,1361.0354,1730893600.0,-0.17713148,-0.0017713148
2012-09-19,1364.9108,1371.0156,1360.3791,1369.6244,1450108200.0,0.63106367,0.0063106366999999995
2012-09-20,1362.9768,1366.0883,1349.6611,1349.8007,1885445000.0,-1.44738222,-0.0144738222
2012-09-21,1354.0123,1357.749,1347.0853,1349.8946,1803367200.0,0.00695658,6.95658e-05
2012-09-24,1342.9793,1342.9793,1329.6137,1336.8638,1800363000.0,-0.96531981,-0.0096531981
2012-09-25,1340.9265,1342.9244,1337.6594,1339.2472,1494635800.0,0.17828293,0.0017828293
2012-09-26,1334.0412,1342.0806,1333.3344,1335.4097,1370914200.0,-0.28654157,-0.0028654157000000003
2012-09-27,1329.988,1348.5565,1328.0945,1338.0056,1167458200.0,0.19438978,0.0019438978
2012-09-28,1344.8118,1351.738,1340.6955,1351.3777,768585000.0,0.99940538,0.0099940538
2012-10-08,1346.6842,1347.4939,1337.1163,1338.8334,993965400.0,-0.9282601,-0.009282601
2012-10-09,1343.3337,1356.5084,1342.9878,1355.8072,1279906000.0,1.26780524,0.012678052399999999
2012-10-10,1350.8099,1355.4467,1347.7258,1354.0724,1141892000.0,-0.1279533,-0.001279533
2012-10-11,1348.2259,1356.8484,1346.0298,1351.3952,1368332200.0,-0.19771469,-0.0019771469
2012-10-12,1353.9255,1359.7512,1345.4764,1348.3459,1409376600.0,-0.22564088,-0.0022564088
2012-10-15,1334.6646,1343.3168,1334.4667,1337.0865,1295080200.0,-0.83505279,-0.0083505279
2012-10-16,1339.5427,1344.6845,1338.2067,1343.6956,1146255800.0,0.49429113,0.0049429113
2012-10-17,1344.6633,1348.4394,1341.7998,1346.6639,1336826200.0,0.22090569,0.0022090569
2012-10-18,1351.6297,1356.5755,1351.027,1354.4354,1155133200.0,0.57709277,0.0057709277
2012-10-19,1354.0008,1354.736,1341.54,1342.0926,1076390400.0,-0.91128746,-0.009112874600000001
2012-10-22,1335.79,1344.51,1333.01,1344.5,1102085000.0,0.17937659,0.0017937659
2012-10-23,1343.05,1344.5,1328.66,1329.09,1383817800.0,-1.14615099,-0.0114615099
2012-10-24,1328.26,1337.46,1328.21,1337.14,1307975600.0,0.60567757,0.0060567757
2012-10-25,1339.33,1342.27,1334.04,1338.96,1178368800.0,0.1361114,0.0013611139999999999
2012-10-26,1337.0,1338.96,1326.43,1330.77,1349000800.0,-0.61166876,-0.0061166876
2012-10-29,1331.9,1333.24,1322.38,1323.39,1340311200.0,-0.55456615,-0.0055456615
2012-10-30,1321.58,1323.76,1319.26,1323.36,1076715800.0,-0.00226691,-2.26691e-05
2012-10-31,1323.87,1329.5,1320.45,1328.96,1099890400.0,0.42316528,0.0042316528
2012-11-01,1328.39,1338.76,1327.05,1337.05,1343147400.0,0.60874669,0.0060874669000000005
2012-11-02,1335.52,1337.05,1327.11,1329.96,1302593400.0,-0.53027187,-0.0053027186999999995
2012-11-05,1319.87,1329.96,1313.16,1317.03,1431550600.0,-0.97220969,-0.0097220969
2012-11-06,1319.37,1324.84,1317.03,1322.33,1220145600.0,0.4024206,0.004024206
2012-11-07,1327.35,1329.73,1321.21,1325.22,1340939200.0,0.21855361,0.0021855361
2012-11-08,1313.1,1325.22,1312.4,1316.78,1005108400.0,-0.63687539,-0.0063687539
2012-11-09,1320.35,1326.58,1316.78,1319.65,1118480400.0,0.21795592,0.0021795592
2012-11-12,1315.99,1319.65,1306.24,1313.68,1371932600.0,-0.45239268,-0.0045239268
2012-11-13,1313.19,1314.94,1307.72,1309.42,1299589800.0,-0.32427989,-0.0032427989
2012-11-14,1313.21,1320.06,1307.98,1318.96,1425155200.0,0.72856685,0.0072856685
2012-11-15,1315.47,1324.27,1314.76,1317.94,1168070000.0,-0.07733366,-0.0007733366
2012-11-16,1317.73,1320.88,1314.0,1315.26,1154322600.0,-0.20334765,-0.0020334765
2012-11-19,1320.52,1323.06,1314.89,1317.27,1214589200.0,0.1528215,0.001528215
2012-11-20,1324.17,1324.21,1317.27,1318.89,1136475800.0,0.12298162,0.0012298162
2012-11-21,1320.52,1321.56,1315.3,1320.07,1015497800.0,0.08946917,0.0008946917
2012-11-22,1322.14,1322.72,1319.61,1321.69,1074981800.0,0.12272076,0.0012272076
2012-11-23,1320.32,1324.82,1317.05,1324.73,1029247000.0,0.23000855,0.0023000855
2012-11-26,1325.82,1327.8,1323.93,1324.3,888945000.0,-0.03245944,-0.0003245944
2012-11-27,1326.62,1326.91,1319.82,1319.96,976074600.0,-0.32772031,-0.0032772031000000003
2012-11-28,1320.32,1322.2,1315.41,1315.79,901933600.0,-0.31591866,-0.0031591866000000002
2012-11-29,1316.85,1317.35,1312.29,1312.46,1036559800.0,-0.2530799,-0.0025307990000000002
2012-11-30,1317.84,1322.62,1312.46,1322.35,1169016600.0,0.75354677,0.0075354677
2012-12-03,1322.91,1338.05,1322.24,1333.67,1140552200.0,0.85605173,0.0085605173
2012-12-04,1332.35,1333.67,1327.42,1330.43,872722000.0,-0.24293866,-0.0024293866
2012-12-05,1331.22,1341.55,1329.62,1339.29,1013068000.0,0.66595011,0.0066595011
2012-12-06,1339.83,1345.42,1335.02,1336.71,1178876200.0,-0.19263938,-0.0019263938
2012-12-07,1335.79,1343.64,1334.73,1343.64,1126611800.0,0.51843706,0.0051843706
2012-12-10,1344.67,1354.68,1343.64,1353.67,1128894600.0,0.74647971,0.0074647971
2012-12-11,1352.4,1354.56,1347.86,1349.08,972193000.0,-0.33907821,-0.0033907820999999998
2012-12-12,1350.22,1352.76,1346.67,1350.96,1079120800.0,0.13935423,0.0013935422999999999
2012-12-13,1351.49,1352.35,1343.73,1345.17,921098000.0,-0.42858412,-0.0042858412
2012-12-14,1343.49,1358.71,1343.49,1358.6,1248229800.0,0.99838682,0.0099838682
2012-12-17,1359.85,1371.98,1356.83,1369.09,1232788800.0,0.77211836,0.0077211836
2012-12-18,1369.07,1373.95,1364.1,1367.23,1201367800.0,-0.13585666,-0.0013585665999999998
2012-12-19,1364.93,1367.23,1358.73,1363.07,1035232000.0,-0.30426483,-0.0030426483
2012-12-20,1355.78,1363.07,1347.03,1352.22,1062862200.0,-0.79599727,-0.0079599727
2012-12-21,1346.4,1356.28,1346.4,1349.91,1045850000.0,-0.17083019,-0.0017083018999999998
2012-12-24,1351.11,1355.14,1349.83,1351.91,778836600.0,0.14815803,0.0014815803
2012-12-25,1352.59,1361.36,1348.62,1357.13,1214496600.0,0.38612038,0.0038612038
2012-12-26,1358.38,1361.71,1357.13,1360.75,982434400.0,0.26673937,0.0026673937
2012-12-27,1363.11,1374.34,1360.75,1367.79,1266902800.0,0.51736175,0.0051736175
2012-12-28,1368.78,1372.1,1367.79,1371.87,876097600.0,0.2982914,0.0029829139999999997
2012-12-31,1371.33,1381.8,1370.15,1378.96,912225000.0,0.51681282,0.005168128199999999
2013-01-04,1382.41,1384.24,1377.27,1381.29,863688800.0,0.16896792,0.0016896792
2013-01-07,1382.62,1390.22,1381.03,1382.6,1225713200.0,0.09483888,0.0009483888
2013-01-08,1385.15,1387.36,1378.3,1384.39,1085952000.0,0.12946622,0.0012946621999999999
2013-01-09,1385.54,1386.09,1378.36,1379.8,960931800.0,-0.33155397,-0.0033155397
2013-01-10,1381.58,1384.38,1379.8,1383.42,852498600.0,0.26235686,0.0026235686000000004
2013-01-11,1387.02,1388.06,1370.46,1370.52,1017754000.0,-0.9324717,-0.009324717
2013-01-14,1372.41,1384.3,1370.52,1380.48,1154164400.0,0.72673146,0.0072673146
2013-01-15,1380.65,1382.59,1371.56,1371.64,1031118400.0,-0.64035698,-0.0064035698
2013-01-16,1373.36,1375.83,1366.69,1373.41,984633200.0,0.12904261,0.0012904261
2013-01-17,1375.14,1375.7,1368.12,1373.26,878988800.0,-0.01092172,-0.0001092172
2013-01-18,1380.01,1386.53,1373.26,1386.46,975533400.0,0.96121638,0.0096121638
2013-01-21,1386.17,1386.95,1379.97,1380.5,858702600.0,-0.42987176,-0.0042987176
2013-01-22,1381.56,1387.66,1380.5,1387.32,944625600.0,0.4940239,0.004940239
2013-01-23,1389.15,1390.14,1384.95,1389.75,817455200.0,0.17515786,0.0017515786
2013-01-24,1387.48,1389.75,1377.06,1381.09,1115020000.0,-0.62313366,-0.006231336600000001
2013-01-25,1383.15,1386.98,1381.09,1384.89,906756200.0,0.27514499,0.0027514499
2013-01-28,1383.3,1385.27,1380.26,1384.15,738838800.0,-0.05343385,-0.0005343384999999999
2013-01-29,1384.17,1391.31,1383.22,1390.14,719239000.0,0.43275657,0.0043275657
2013-01-30,1391.25,1400.9,1390.14,1398.88,944341200.0,0.62871365,0.0062871365
2013-01-31,1404.3,1406.88,1398.88,1406.43,794188000.0,0.53971749,0.0053971749
2013-02-01,1404.38,1409.03,1400.54,1408.69,898462600.0,0.16069054,0.0016069054
2013-02-04,1414.56,1420.59,1413.02,1416.64,851604800.0,0.56435412,0.005643541199999999
2013-02-05,1412.11,1416.06,1409.28,1410.4,936421600.0,-0.44047888,-0.0044047888
2013-02-06,1412.31,1415.0,1406.16,1407.84,796388800.0,-0.18150879,-0.0018150879
2013-02-07,1407.01,1407.01,1397.0,1401.88,692725000.0,-0.42334356,-0.0042334356
2013-02-08,1399.76,1404.78,1399.76,1401.05,512337000.0,-0.05920621,-0.0005920621
2013-02-18,1393.85,1394.85,1384.37,1384.54,615184000.0,-1.17840191,-0.011784019100000001
2013-02-19,1383.37,1389.51,1383.37,1386.91,792557000.0,0.17117599,0.0017117599
2013-02-20,1389.14,1391.87,1384.6,1386.17,872285200.0,-0.05335602,-0.0005335601999999999
2013-02-21,1378.0,1378.0,1359.14,1365.92,1309832800.0,-1.46085978,-0.014608597800000001
2013-02-22,1364.0,1374.12,1363.06,1367.99,1275529400.0,0.15154621,0.0015154620999999998
2013-02-25,1362.93,1363.92,1352.13,1357.23,1317814600.0,-0.78655546,-0.0078655546
2013-02-26,1357.23,1359.02,1342.59,1343.03,1441241000.0,-1.04624861,-0.0104624861
2013-02-27,1350.18,1355.02,1347.24,1350.95,1169079800.0,0.58971132,0.005897113200000001
2013-02-28,1355.38,1359.42,1353.07,1358.2,1052139600.0,0.53665939,0.005366593899999999
2013-03-01,1353.08,1353.43,1336.97,1345.11,1311242200.0,-0.96377559,-0.0096377559
2013-03-04,1342.11,1343.1,1331.1,1334.4,1290508200.0,-0.79621741,-0.0079621741
2013-03-05,1339.51,1346.32,1339.51,1345.58,1133421000.0,0.83782974,0.0083782974
2013-03-06,1346.24,1350.5,1340.46,1342.36,1114614200.0,-0.23930201,-0.0023930201
2013-03-07,1341.94,1341.94,1333.68,1335.7,1067028400.0,-0.49614112,-0.0049614112
2013-03-08,1341.51,1342.37,1332.2,1339.57,1115396400.0,0.28973572,0.0028973571999999998
2013-03-11,1338.06,1340.93,1333.51,1333.72,1055626800.0,-0.4367073,-0.004367073
2013-03-12,1336.03,1336.45,1323.12,1323.32,1199952800.0,-0.77977387,-0.0077977387
2013-03-13,1327.86,1327.91,1320.97,1321.86,1286572600.0,-0.11032857,-0.0011032857
2013-03-14,1317.77,1317.77,1305.76,1312.49,1451997000.0,-0.70884965,-0.0070884965
2013-03-15,1316.19,1331.46,1314.24,1325.05,1497576000.0,0.95695967,0.0095695967
2013-03-18,1314.59,1314.7,1296.43,1304.29,1395287000.0,-1.56673333,-0.0156673333
2013-03-19,1307.16,1310.73,1304.94,1308.9,998804800.0,0.353449,0.00353449
2013-03-20,1304.1,1317.11,1303.55,1316.1,1193629000.0,0.55008022,0.0055008022
2013-03-21,1318.29,1328.32,1318.19,1321.37,1227503200.0,0.4004255,0.004004255
2013-03-22,1321.37,1322.93,1314.72,1315.83,1029380200.0,-0.41926183,-0.0041926183
2013-03-25,1315.83,1323.45,1315.83,1318.4,935702000.0,0.19531398,0.0019531398
2013-03-26,1316.15,1319.85,1309.77,1313.56,1019599800.0,-0.36711165,-0.0036711165
2013-03-27,1316.01,1317.67,1309.55,1310.24,916984400.0,-0.25274826,-0.0025274826
2013-03-28,1313.4,1314.16,1299.2,1300.0,1184838000.0,-0.78153621,-0.007815362099999999
2013-03-29,1288.3,1299.81,1286.15,1293.57,1253540400.0,-0.49461538,-0.0049461538
2013-04-01,1289.96,1290.74,1274.49,1275.27,1230406200.0,-1.41468958,-0.014146895799999998
2013-04-02,1278.35,1285.88,1273.67,1285.43,1263828200.0,0.79669403,0.007966940300000001
2013-04-03,1281.42,1285.26,1277.6,1278.72,1347361400.0,-0.52200431,-0.0052200431
2013-04-08,1272.41,1288.61,1272.13,1288.59,1231511400.0,0.77186562,0.0077186562
2013-04-09,1290.58,1293.83,1287.64,1290.21,1184012000.0,0.12571881,0.0012571880999999998
2013-04-10,1294.42,1297.13,1290.89,1294.85,1074910800.0,0.35963138,0.0035963138
2013-04-11,1291.89,1297.69,1285.71,1285.78,1277198600.0,-0.70046724,-0.0070046724
2013-04-12,1287.63,1289.54,1283.15,1286.28,1174588600.0,0.0388869,0.000388869
2013-04-15,1270.51,1270.51,1251.94,1256.01,1394826600.0,-2.35329788,-0.0235329788
2013-04-16,1232.87,1248.85,1227.55,1246.55,1453711800.0,-0.75317872,-0.0075317872
2013-04-17,1250.52,1253.88,1232.63,1235.75,1512080800.0,-0.86639124,-0.0086639124
2013-04-18,1216.18,1226.2,1210.45,1222.2,1731257800.0,-1.0965001,-0.010965001
2013-04-19,1228.22,1236.01,1220.14,1231.79,1615496800.0,0.78465063,0.0078465063
2013-04-22,1230.78,1232.36,1211.09,1211.17,1401605400.0,-1.67398664,-0.0167398664
2013-04-23,1214.49,1218.16,1198.75,1204.47,1565361000.0,-0.55318411,-0.0055318411000000005
2013-04-24,1206.32,1224.81,1203.13,1216.78,1763258800.0,1.02202629,0.010220262899999999
2013-04-25,1219.09,1225.6,1214.71,1222.94,1320070400.0,0.50625421,0.0050625421
2013-04-26,1235.22,1239.83,1223.63,1226.4,1291799200.0,0.28292476,0.0028292475999999998
2013-05-02,1202.84,1211.76,1201.32,1211.56,1081435000.0,-1.21004566,-0.0121004566
2013-05-03,1215.81,1230.38,1214.37,1227.63,1344074400.0,1.32638912,0.013263891199999999
2013-05-06,1247.18,1249.48,1238.78,1242.85,1289618400.0,1.23978723,0.0123978723
2013-05-07,1239.73,1246.32,1235.92,1236.22,1353112600.0,-0.53345134,-0.005334513400000001
2013-05-08,1237.9,1251.22,1237.9,1250.98,1283764000.0,1.19396224,0.0119396224
2013-05-09,1253.6,1253.72,1242.35,1246.22,1202572400.0,-0.38050169,-0.0038050169
2013-05-10,1245.57,1258.47,1243.01,1257.34,1361524200.0,0.89229831,0.0089229831
2013-05-13,1254.06,1259.93,1250.08,1252.93,1485326200.0,-0.35074045,-0.0035074044999999997
2013-05-14,1254.84,1258.27,1245.44,1248.02,1417237800.0,-0.39188143,-0.0039188143
2013-05-15,1246.54,1247.9,1231.01,1231.29,1350854400.0,-1.34052339,-0.0134052339
2013-05-16,1230.73,1237.05,1225.47,1232.83,1419389200.0,0.12507208,0.0012507208
2013-05-17,1235.11,1249.02,1232.58,1246.87,1618769800.0,1.13884315,0.0113884315
2013-05-20,1245.11,1247.74,1240.5,1241.32,1334122400.0,-0.44511457,-0.0044511457
2013-05-21,1249.58,1251.39,1242.46,1248.88,1404572400.0,0.6090291,0.006090291
2013-05-22,1246.63,1253.78,1244.19,1251.35,1287001200.0,0.19777721,0.0019777721
2013-05-23,1245.63,1245.63,1230.86,1231.5,1387416800.0,-1.58628681,-0.0158628681
2013-05-24,1234.86,1240.33,1233.71,1237.05,1158424400.0,0.45066991,0.0045066991
2013-05-27,1231.42,1234.17,1226.65,1229.47,1181193400.0,-0.61274807,-0.0061274807
2013-05-28,1231.69,1233.04,1224.51,1230.98,1094896000.0,0.12281715,0.0012281715
2013-05-29,1230.26,1238.55,1222.38,1223.14,1643598800.0,-0.63689093,-0.0063689092999999995
2013-05-30,1220.07,1227.58,1218.45,1226.26,1447873600.0,0.25508118,0.0025508118000000003
2013-05-31,1230.3,1234.45,1224.63,1226.5,1245686600.0,0.01957171,0.0001957171
2013-06-03,1229.39,1235.79,1227.81,1235.64,1699673400.0,0.74520995,0.0074520995
2013-06-04,1237.52,1238.32,1232.83,1235.72,1473939200.0,0.00647438,6.47438e-05
2013-06-05,1237.46,1241.39,1233.89,1238.47,1469864800.0,0.22254232,0.0022254232
2013-06-06,1233.89,1234.29,1223.17,1223.96,1562544200.0,-1.1716069,-0.011716069
2013-06-07,1226.33,1229.72,1224.84,1229.21,1384291000.0,0.42893559,0.0042893559
2013-06-13,1215.25,1221.12,1212.94,1214.99,1178152400.0,-1.15684057,-0.0115684057
2013-06-14,1216.24,1218.64,1211.93,1217.46,1175057400.0,0.20329385,0.0020329385
2013-06-17,1220.07,1229.6,1219.22,1224.35,1420999200.0,0.56593235,0.0056593235
2013-06-18,1225.1,1226.46,1221.02,1222.31,1151774200.0,-0.16661902,-0.0016661902
2013-06-19,1222.0,1224.83,1217.4,1224.4,1177145600.0,0.17098772,0.0017098772000000001
2013-06-20,1218.26,1218.42,1204.92,1206.86,1407848600.0,-1.43253839,-0.014325383899999999
2013-06-21,1192.7,1203.5,1184.61,1198.65,1916029400.0,-0.68027775,-0.0068027775
2013-06-24,1196.92,1197.56,1179.06,1179.28,1563000600.0,-1.61598465,-0.0161598465
2013-06-25,1183.52,1191.07,1176.14,1189.7,1692563200.0,0.88358999,0.008835899900000001
2013-06-26,1193.34,1193.85,1176.5,1177.83,1488969200.0,-0.99773052,-0.0099773052
2013-06-27,1179.69,1186.78,1177.73,1184.53,1558540600.0,0.5688427,0.005688427
2013-06-28,1178.22,1186.49,1176.17,1182.59,1351451600.0,-0.16377804,-0.0016377804
2013-07-01,1181.39,1193.22,1179.78,1192.57,1220959000.0,0.8439104,0.008439104
2013-07-02,1195.74,1199.0,1193.55,1198.11,1176568400.0,0.46454296,0.0046454296
2013-07-03,1198.4,1200.74,1193.26,1199.18,1338669000.0,0.08930733,0.0008930733000000001
2013-07-04,1199.45,1201.37,1196.35,1198.87,1183344000.0,-0.025851,-0.00025851
2013-07-05,1198.62,1199.88,1192.75,1192.98,1070744200.0,-0.49129597,-0.0049129597
2013-07-08,1189.97,1190.89,1178.7,1180.28,1419448800.0,-1.06456102,-0.010645610199999999
2013-07-09,1184.66,1190.54,1184.02,1185.51,1406136600.0,0.44311519,0.0044311519
2013-07-10,1184.84,1189.48,1177.81,1188.51,1607181200.0,0.25305565,0.0025305565000000004
2013-07-11,1196.14,1214.14,1196.14,1208.19,1788308800.0,1.65585481,0.0165585481
2013-07-12,1206.74,1207.52,1196.27,1196.47,1306464800.0,-0.9700461,-0.009700461
2013-07-15,1195.38,1201.42,1191.98,1193.8,1368214600.0,-0.22315645,-0.0022315645
2013-07-16,1195.1,1198.0,1189.86,1197.81,1185235800.0,0.33590216,0.0033590216
2013-07-17,1198.76,1209.88,1197.08,1203.45,1447665800.0,0.47085932,0.004708593200000001
2013-07-18,1201.46,1204.2,1197.7,1204.1,1266413200.0,0.05401138,0.0005401138
2013-07-19,1208.34,1211.9,1203.6,1204.71,1340828800.0,0.05066024,0.0005066024
2013-07-22,1209.71,1213.06,1206.53,1212.98,1209506600.0,0.68647226,0.0068647225999999995
2013-07-23,1213.85,1217.25,1212.38,1213.98,1189755000.0,0.08244159,0.0008244159
2013-07-24,1213.8,1216.07,1207.85,1214.93,1284184000.0,0.078255,0.00078255
2013-07-25,1210.02,1212.18,1208.51,1211.03,1048573600.0,-0.32100615,-0.0032100615
2013-07-26,1210.59,1211.14,1196.54,1198.35,1273532000.0,-1.0470426,-0.010470426
2013-07-29,1191.35,1191.35,1184.0,1185.75,1101581200.0,-1.05144574,-0.0105144574
2013-07-30,1187.5,1189.76,1184.91,1185.03,970521200.0,-0.06072106,-0.0006072106
2013-07-31,1180.53,1193.68,1180.17,1193.39,1223114600.0,0.70546737,0.007054673700000001
2013-08-01,1195.13,1202.09,1195.05,1200.18,1207759600.0,0.5689674,0.0056896740000000005
2013-08-02,1202.28,1203.6,1196.5,1200.04,1112604800.0,-0.01166492,-0.0001166492
2013-08-05,1200.19,1205.5,1198.98,1204.85,927661000.0,0.40081997,0.0040081997
2013-08-06,1202.87,1204.71,1199.4,1204.5,900823600.0,-0.02904926,-0.0002904926
2013-08-07,1201.61,1202.18,1197.63,1198.95,1048970400.0,-0.4607721,-0.004607721
2013-08-08,1202.85,1217.81,1202.85,1215.25,1164948400.0,1.35952292,0.013595229200000001
2013-08-09,1218.5,1224.27,1216.51,1220.8,1275740800.0,0.45669615,0.0045669615
2013-08-12,1225.84,1238.89,1225.38,1237.75,1356521400.0,1.38843381,0.0138843381
2013-08-13,1240.29,1249.04,1239.71,1247.96,1482802600.0,0.82488386,0.0082488386
2013-08-14,1246.46,1251.02,1240.0,1240.28,1495421200.0,-0.61540434,-0.0061540434
2013-08-15,1245.02,1249.98,1243.46,1244.06,1483936400.0,0.30476989,0.0030476989
2013-08-16,1248.41,1260.64,1248.41,1254.02,1640861400.0,0.80060447,0.0080060447
2013-08-19,1255.9,1261.73,1254.03,1254.31,1503151800.0,0.02312563,0.00023125630000000002
2013-08-20,1253.77,1253.82,1241.88,1244.94,1584459800.0,-0.74702426,-0.0074702425999999995
2013-08-21,1246.33,1250.32,1244.7,1246.91,1268610600.0,0.15824056,0.0015824056
2013-08-22,1242.82,1252.06,1241.24,1248.63,1457678400.0,0.13794099,0.0013794099000000002
2013-08-23,1249.35,1255.48,1247.61,1254.45,1290528000.0,0.46611086,0.0046611086
2013-08-26,1267.48,1276.34,1267.48,1275.3,1505084600.0,1.66208298,0.0166208298
2013-08-27,1274.78,1277.28,1269.49,1276.22,1738101600.0,0.07213989,0.0007213989
2013-08-28,1276.69,1284.49,1264.16,1264.21,1951865600.0,-0.94106032,-0.0094106032
2013-08-29,1266.49,1266.49,1251.49,1258.68,2018153600.0,-0.43742733,-0.0043742733
2013-08-30,1253.89,1256.52,1247.54,1251.7,1712618400.0,-0.55454921,-0.0055454921
2013-09-02,1253.81,1270.78,1253.81,1269.3,1598633000.0,1.40608772,0.014060877199999999
2013-09-03,1271.68,1273.05,1262.68,1266.48,1472768200.0,-0.2221697,-0.002221697
2013-09-04,1266.43,1266.9,1258.08,1259.8,1417210400.0,-0.52744615,-0.005274461499999999
2013-09-05,1255.56,1261.07,1252.96,1257.78,1463062200.0,-0.16034291,-0.0016034291
2013-09-06,1259.77,1263.23,1255.28,1263.08,1603474400.0,0.42137735,0.0042137735
2013-09-09,1268.56,1271.04,1267.22,1269.43,1272621800.0,0.50273934,0.0050273934
2013-09-10,1265.95,1265.95,1257.02,1259.81,1366886800.0,-0.75782044,-0.0075782044
2013-09-11,1260.65,1263.19,1256.82,1261.61,1349649000.0,0.14287869,0.0014287869000000001
2013-09-12,1259.65,1260.75,1252.04,1252.04,1237542600.0,-0.75855455,-0.0075855455000000006
2013-09-13,1253.08,1253.87,1246.32,1249.11,1526944600.0,-0.23401808,-0.0023401807999999997
2013-09-16,1249.11,1251.68,1240.19,1241.21,1433186400.0,-0.6324503,-0.006324503
2013-09-17,1240.04,1245.02,1236.17,1244.87,1261584600.0,0.29487355,0.0029487355
2013-09-18,1242.49,1247.85,1238.79,1247.83,1162523000.0,0.23777583,0.0023777583
2013-09-23,1245.69,1252.31,1242.2,1251.37,907188400.0,0.28369249,0.0028369249
2013-09-24,1251.37,1254.35,1247.56,1248.55,1133580600.0,-0.22535301,-0.0022535300999999997
2013-09-25,1247.39,1251.09,1246.76,1249.55,1001513200.0,0.08009291,0.0008009291000000001
2013-09-26,1249.6,1253.37,1247.05,1251.8,956194200.0,0.18006482,0.0018006481999999998
2013-09-27,1251.89,1252.6,1245.61,1246.35,963967200.0,-0.43537306,-0.0043537305999999994
2013-09-30,1245.13,1248.12,1244.46,1245.89,666381800.0,-0.03690777,-0.0003690777
2013-10-08,1245.68,1255.17,1245.16,1254.24,797056600.0,0.67020363,0.0067020363
2013-10-09,1253.37,1254.57,1249.37,1252.06,1036307600.0,-0.17381044,-0.0017381044
2013-10-10,1248.82,1251.9,1247.84,1250.93,1134680600.0,-0.09025127,-0.0009025127
2013-10-11,1253.56,1259.37,1252.77,1253.5,1083400800.0,0.20544715,0.0020544715
2013-10-14,1253.41,1262.21,1251.44,1262.08,1144237600.0,0.68448345,0.0068448345
2013-10-15,1263.47,1265.38,1255.96,1258.68,1132679800.0,-0.26939655,-0.0026939655
2013-10-16,1257.15,1259.62,1252.89,1254.78,1229228200.0,-0.30984841,-0.0030984841000000003
2013-10-17,1260.46,1261.65,1247.75,1247.81,1379759400.0,-0.55547586,-0.0055547586
2013-10-18,1251.96,1254.09,1250.12,1253.54,1139304400.0,0.45920453,0.0045920453
2013-10-21,1254.48,1260.11,1251.73,1259.59,1191763800.0,0.48263318,0.0048263318
2013-10-22,1259.59,1260.07,1252.49,1252.51,969921200.0,-0.56208766,-0.0056208766
2013-10-23,1255.23,1257.67,1249.11,1249.94,1235043400.0,-0.20518798,-0.0020518797999999998
2013-10-24,1247.71,1248.7,1243.25,1247.14,1134163800.0,-0.22401075,-0.0022401075
2013-10-25,1246.02,1247.34,1233.14,1233.14,1119647600.0,-1.12256844,-0.0112256844
2013-10-28,1235.26,1236.81,1233.65,1234.58,1009177600.0,0.11677506,0.0011677506
2013-10-29,1233.42,1236.46,1229.88,1235.69,1095348000.0,0.08990912,0.0008990911999999999
2013-10-30,1237.18,1244.37,1235.75,1243.21,1250213000.0,0.60856687,0.0060856687
2013-10-31,1241.5,1241.5,1236.0,1237.58,1249481000.0,-0.45285994,-0.0045285994000000005
2013-11-01,1235.42,1242.98,1234.64,1242.94,1177228800.0,0.43310331,0.0043310331
2013-11-04,1239.2,1241.34,1235.38,1237.7,1118546000.0,-0.42158109,-0.0042158109
2013-11-05,1237.28,1237.98,1232.39,1235.88,1000126800.0,-0.14704694,-0.0014704693999999998
2013-11-06,1234.96,1235.4,1231.31,1232.55,947846400.0,-0.26944364,-0.0026944364
2013-11-07,1231.88,1236.87,1230.89,1235.5,966841200.0,0.2393412,0.002393412
2013-11-08,1234.49,1236.5,1231.32,1231.59,983973000.0,-0.31647106,-0.0031647106000000005
2013-11-11,1235.22,1235.41,1230.79,1232.54,1097146200.0,0.07713606,0.0007713606000000001
2013-11-12,1232.75,1233.79,1227.35,1231.99,893429600.0,-0.0446233,-0.000446233
2013-11-13,1229.83,1231.98,1227.51,1229.3,1072802400.0,-0.21834593,-0.0021834593
2013-11-14,1228.82,1232.11,1227.92,1229.99,1009792400.0,0.0561295,0.000561295
2013-11-15,1230.4,1233.49,1223.2,1223.41,1070038600.0,-0.5349637,-0.005349637000000001
2013-11-18,1224.41,1224.93,1221.78,1222.29,847530400.0,-0.0915474,-0.000915474
2013-11-19,1219.51,1222.35,1217.97,1222.34,956305000.0,0.00409068,4.09068e-05
2013-11-20,1223.29,1229.51,1222.72,1229.22,940071600.0,0.56285485,0.0056285485
2013-11-21,1227.29,1227.29,1223.69,1225.36,1055330200.0,-0.31402027,-0.0031402026999999997
2013-11-22,1228.93,1232.3,1226.13,1227.01,946608400.0,0.13465431,0.0013465431
2013-11-25,1231.12,1231.12,1224.2,1224.51,912509600.0,-0.20374732,-0.0020374732
2013-11-26,1226.57,1231.18,1226.57,1228.22,1124629400.0,0.30297833,0.0030297833
2013-11-27,1227.06,1229.39,1226.03,1228.67,956618000.0,0.03663839,0.0003663839
2013-11-28,1226.32,1232.03,1225.61,1229.7,892014600.0,0.08383048,0.0008383048
2013-11-29,1232.42,1236.0,1230.75,1234.83,770552000.0,0.41717492,0.0041717492
2013-12-02,1236.03,1238.02,1233.84,1237.59,936815600.0,0.22351255,0.0022351255
2013-12-03,1234.25,1234.91,1231.35,1233.07,956658400.0,-0.36522596,-0.0036522596000000004
2013-12-04,1232.95,1238.2,1232.95,1236.75,936013000.0,0.2984421,0.0029844209999999997
2013-12-05,1240.75,1241.5,1234.45,1234.86,955666600.0,-0.15281989,-0.0015281989000000002
2013-12-06,1235.3,1237.71,1231.83,1237.39,1007996400.0,0.20488153,0.0020488153
2013-12-09,1238.71,1242.51,1238.46,1241.65,1101547000.0,0.34427303,0.0034427303
2013-12-10,1242.71,1244.41,1240.51,1242.47,918593200.0,0.06604115,0.0006604115
2013-12-11,1244.14,1244.89,1239.65,1241.82,1019442400.0,-0.05231515,-0.0005231515
2013-12-12,1243.63,1246.28,1243.1,1244.63,1018313600.0,0.22628078,0.0022628077999999998
2013-12-13,1240.91,1240.91,1228.63,1231.16,1313188200.0,-1.08224934,-0.0108224934
2013-12-16,1231.16,1234.37,1229.82,1230.24,947985000.0,-0.07472627,-0.0007472627
2013-12-17,1233.04,1235.48,1229.29,1229.46,1221895800.0,-0.06340226,-0.0006340226
2013-12-18,1228.14,1228.19,1222.59,1225.92,1211773800.0,-0.28793129,-0.0028793129
2013-12-19,1226.28,1227.43,1220.73,1221.83,1010842000.0,-0.33362699,-0.0033362699
2013-12-20,1222.01,1224.11,1219.42,1219.51,1013764000.0,-0.18987912,-0.0018987912000000002
2013-12-23,1220.97,1221.85,1214.26,1214.71,1043993400.0,-0.39360071,-0.0039360071000000005
2013-12-24,1214.2,1214.48,1210.96,1212.49,851186800.0,-0.18275967,-0.0018275967000000001
2013-12-25,1214.52,1218.31,1210.48,1216.31,938148200.0,0.31505414,0.0031505414
2013-12-26,1216.54,1217.44,1213.43,1215.29,759707400.0,-0.0838602,-0.0008386019999999999
2013-12-27,1215.41,1222.42,1215.11,1220.4,1032976800.0,0.42047577,0.004204757700000001
2013-12-30,1219.87,1222.49,1212.95,1213.84,1293185600.0,-0.53752868,-0.0053752868
2013-12-31,1211.98,1213.18,1207.0,1208.4,1016491800.0,-0.4481645,-0.004481645
2014-01-02,1208.27,1212.83,1207.35,1211.58,796526400.0,0.26315789,0.0026315789
2014-01-03,1207.14,1207.14,1197.64,1198.59,992238800.0,-1.07215372,-0.010721537199999999
2014-01-06,1196.41,1196.71,1189.3,1189.46,1021711800.0,-0.76172836,-0.0076172836
2014-01-07,1189.2,1190.44,1180.54,1182.43,1209953600.0,-0.5910245,-0.005910245
2014-01-08,1182.1,1183.37,1178.7,1181.16,1091299000.0,-0.10740594,-0.0010740594
2014-01-09,1178.3,1187.37,1175.65,1176.94,1289417400.0,-0.3572759,-0.003572759
2014-01-10,1176.02,1182.65,1173.68,1180.48,1178184400.0,0.30077999,0.0030077999
2014-01-13,1182.1,1186.08,1174.46,1175.07,1162416000.0,-0.45828815,-0.0045828815
2014-01-14,1174.11,1184.95,1174.11,1184.41,1135332400.0,0.79484626,0.007948462600000001
2014-01-15,1183.7,1184.21,1177.39,1181.08,1074766200.0,-0.28115264,-0.0028115264
2014-01-16,1182.95,1186.5,1180.24,1181.66,987622200.0,0.0491076,0.000491076
2014-01-17,1181.17,1181.59,1175.76,1179.96,873828000.0,-0.14386541,-0.0014386541
2014-01-20,1178.58,1184.06,1178.27,1182.33,986932400.0,0.20085427,0.0020085427
2014-01-21,1181.41,1181.9,1172.54,1173.54,800306000.0,-0.74344726,-0.0074344726
2014-01-22,1170.45,1178.96,1170.27,1173.07,1009301800.0,-0.04004976,-0.00040049759999999997
2014-01-23,1171.99,1175.22,1169.99,1174.08,782796400.0,0.08609887,0.0008609886999999999
2014-01-24,1172.48,1177.09,1171.11,1175.91,916059000.0,0.15586672,0.0015586671999999998
2014-01-27,1174.0,1174.0,1166.54,1167.55,747381600.0,-0.71093876,-0.0071093876
2014-01-28,1165.13,1165.31,1156.31,1157.13,746883600.0,-0.89246713,-0.0089246713
2014-01-29,1159.35,1162.34,1156.61,1160.44,540130000.0,0.28605256,0.0028605256000000003
2014-01-30,1158.92,1160.58,1153.21,1156.54,485330000.0,-0.33607942,-0.0033607942000000003
2014-02-07,1162.98,1164.85,1157.76,1159.83,598266200.0,0.28446919,0.0028446918999999998
2014-02-10,1160.64,1171.36,1160.13,1170.19,975349600.0,0.89323435,0.0089323435
2014-02-11,1168.73,1168.73,1161.14,1161.79,775478000.0,-0.71783215,-0.0071783215
2014-02-12,1164.11,1166.03,1161.52,1164.97,869014000.0,0.27371556,0.0027371556000000004
2014-02-13,1165.53,1167.96,1163.75,1164.04,805859800.0,-0.07983038,-0.0007983038
2014-02-14,1165.39,1168.61,1164.62,1167.54,919602000.0,0.30067695,0.0030067695
2014-02-17,1168.39,1181.94,1168.39,1179.69,1197852600.0,1.04064957,0.0104064957
2014-02-18,1179.95,1180.35,1170.99,1172.08,1050489200.0,-0.64508473,-0.0064508473
2014-02-19,1177.61,1181.24,1175.73,1176.5,1117676600.0,0.37710736,0.0037710736
2014-02-20,1176.23,1176.3,1166.41,1168.14,1123903200.0,-0.71058224,-0.0071058224000000005
2014-02-21,1169.14,1171.38,1166.67,1168.0,1019716200.0,-0.01198486,-0.0001198486
2014-02-24,1168.12,1168.56,1149.76,1153.23,1345015200.0,-1.26455479,-0.0126455479
2014-02-25,1153.5,1157.38,1147.71,1148.46,1237237000.0,-0.41362087,-0.0041362086999999995
2014-02-26,1146.5,1149.72,1143.7,1148.42,1368434800.0,-0.00348292,-3.48292e-05
2014-02-27,1147.86,1147.86,1141.32,1142.83,1250419200.0,-0.48675572,-0.0048675572
2014-02-28,1142.75,1147.01,1136.19,1138.27,1209894600.0,-0.39900948,-0.0039900948
2014-03-03,1139.36,1143.32,1137.19,1138.54,1164434600.0,0.02372021,0.00023720209999999998
2014-03-04,1139.18,1140.34,1132.66,1136.4,1118396200.0,-0.18796002,-0.0018796002
2014-03-05,1140.78,1148.84,1139.14,1145.33,1349648400.0,0.78581485,0.0078581485
2014-03-06,1142.58,1145.89,1140.15,1143.51,1163381600.0,-0.15890617,-0.0015890617000000001
2014-03-07,1145.12,1149.36,1136.63,1138.45,1477061800.0,-0.44249722,-0.0044249722
2014-03-10,1123.84,1123.84,1109.06,1111.84,1652091400.0,-2.33738855,-0.0233738855
2014-03-11,1105.87,1123.97,1104.74,1120.56,1712201200.0,0.78428551,0.0078428551
2014-03-12,1112.74,1121.23,1102.47,1119.24,1854012400.0,-0.11779824,-0.0011779824
2014-03-13,1118.64,1121.65,1116.45,1120.81,1467154200.0,0.14027376,0.0014027376
2014-03-14,1117.91,1118.84,1105.86,1112.64,1491259000.0,-0.72893711,-0.007289371100000001
2014-03-17,1114.35,1114.73,1102.55,1103.18,1416185200.0,-0.85023008,-0.0085023008
2014-03-18,1105.03,1112.12,1102.26,1105.76,1339422200.0,0.23386936,0.0023386936
2014-03-19,1105.52,1111.36,1103.82,1108.15,1360247400.0,0.21614093,0.0021614093
2014-03-20,1109.68,1116.06,1104.87,1105.38,1766447600.0,-0.24996616,-0.0024996616
2014-03-21,1101.62,1107.88,1098.92,1101.7,1386161000.0,-0.33291719,-0.0033291718999999996
2014-03-24,1101.62,1105.2,1096.41,1104.97,1184083600.0,0.29681401,0.0029681401000000002
2014-03-25,1104.51,1119.79,1102.93,1115.25,1604489200.0,0.930342,0.00930342
2014-03-26,1117.69,1118.1,1114.28,1116.72,1125001600.0,0.13180901,0.0013180901
2014-03-27,1114.27,1125.94,1112.45,1115.81,1495085200.0,-0.08148865,-0.0008148865
2014-03-28,1117.16,1127.04,1116.99,1126.14,1265244000.0,0.92578486,0.0092578486
2014-03-31,1127.85,1132.8,1124.9,1127.56,1170860800.0,0.12609445,0.0012609445
2014-04-01,1128.22,1131.3,1126.72,1131.24,1287999600.0,0.32636844,0.0032636844
2014-04-02,1132.39,1137.75,1125.8,1127.05,1188801600.0,-0.37039001,-0.0037039001
2014-04-03,1125.49,1127.97,1121.33,1125.84,1129670000.0,-0.10735992,-0.0010735992
2014-04-04,1128.0,1133.49,1126.45,1133.19,948060000.0,0.65284588,0.0065284588
2014-04-08,1132.18,1141.65,1131.16,1139.7,925279400.0,0.57448442,0.0057448442
2014-04-09,1141.8,1143.12,1131.99,1132.45,1088822800.0,-0.63613232,-0.0063613231999999995
2014-04-10,1132.78,1136.74,1127.41,1127.84,1160549600.0,-0.40708199,-0.0040708199
2014-04-11,1128.97,1129.99,1126.13,1128.42,969708400.0,0.05142573,0.0005142573000000001
2014-04-14,1127.94,1134.52,1125.65,1130.72,1097402600.0,0.20382482,0.0020382482
2014-04-15,1130.82,1132.36,1126.95,1131.4,976216200.0,0.06013867,0.0006013867
2014-04-16,1128.42,1132.97,1128.42,1130.04,1148200600.0,-0.12020506,-0.0012020506
2014-04-17,1133.85,1135.01,1129.76,1129.89,964103200.0,-0.01327387,-0.0001327387
2014-04-18,1128.4,1128.4,1114.53,1116.99,1135688200.0,-1.14170406,-0.0114170406
2014-04-21,1116.32,1118.7,1110.28,1110.32,928141600.0,-0.59714053,-0.0059714053
2014-04-22,1109.86,1115.23,1107.9,1113.8,1024775200.0,0.31342316,0.0031342315999999997
2014-04-23,1114.53,1116.49,1106.35,1115.42,1078519600.0,0.14544802,0.0014544802
2014-04-24,1115.95,1122.05,1115.75,1120.51,1009671000.0,0.45633035,0.0045633035
2014-04-25,1121.76,1125.18,1119.18,1122.46,1176674000.0,0.1740279,0.0017402790000000002
2014-04-28,1123.37,1124.79,1118.68,1124.25,1133097000.0,0.15947116,0.0015947116
2014-04-29,1122.5,1128.69,1121.75,1123.48,938966000.0,-0.0684901,-0.000684901
2014-04-30,1124.51,1124.51,1118.38,1119.49,797611400.0,-0.35514651,-0.0035514651
2014-05-05,1116.22,1120.04,1114.53,1118.0,852680800.0,-0.13309632,-0.0013309632
2014-05-06,1117.85,1117.85,1110.42,1111.22,838564600.0,-0.60644007,-0.0060644007
2014-05-07,1108.44,1112.87,1108.44,1109.29,917078400.0,-0.17368298,-0.0017368298
2014-05-08,1108.83,1108.83,1103.85,1104.53,943477000.0,-0.4291033,-0.0042910330000000005
2014-05-09,1105.9,1107.97,1104.06,1105.84,860820600.0,0.11860248,0.0011860248
2014-05-12,1106.12,1115.98,1106.12,1114.25,967328600.0,0.76050785,0.0076050785
2014-05-13,1116.93,1117.54,1113.07,1116.43,888506000.0,0.1956473,0.001956473
2014-05-14,1119.05,1123.3,1119.05,1123.26,926849800.0,0.61177145,0.0061177144999999995
2014-05-15,1124.95,1125.4,1119.65,1119.77,1007473800.0,-0.31070278,-0.0031070278000000003
2014-05-16,1117.27,1117.27,1105.98,1109.43,1003514800.0,-0.92340391,-0.0092340391
2014-05-19,1109.04,1121.24,1107.33,1118.83,1207708600.0,0.84728194,0.0084728194
2014-05-20,1118.71,1119.07,1114.91,1117.26,1002611200.0,-0.14032516,-0.0014032516
2014-05-21,1114.31,1120.62,1112.97,1113.51,1161242600.0,-0.33564255,-0.0033564255
2014-05-22,1114.71,1122.91,1114.71,1118.31,1278868800.0,0.43106932,0.0043106932
2014-05-23,1119.37,1122.04,1117.7,1121.75,1015790200.0,0.30760701,0.0030760701000000002
2014-05-26,1123.29,1132.09,1123.29,1131.05,1037658800.0,0.82906173,0.0082906173
2014-05-27,1130.61,1131.04,1123.58,1125.27,1209704800.0,-0.51102957,-0.005110295700000001
2014-05-28,1122.99,1123.84,1118.98,1123.44,1202455400.0,-0.16262764,-0.0016262764
2014-05-29,1122.91,1126.41,1119.54,1119.91,1006985800.0,-0.31421349,-0.0031421349
2014-05-30,1119.77,1120.18,1114.48,1116.75,1138955400.0,-0.28216553,-0.0028216553
2014-06-03,1116.8,1119.21,1111.08,1112.9,1231542200.0,-0.34475039,-0.0034475039
2014-06-04,1111.67,1114.1,1109.23,1112.25,1261019000.0,-0.05840597,-0.0005840597
2014-06-05,1112.57,1116.95,1109.01,1116.57,1704787000.0,0.38840189,0.0038840189000000002
2014-06-06,1115.51,1117.62,1113.54,1116.38,1533963200.0,-0.0170164,-0.00017016400000000002
2014-06-09,1114.37,1117.5,1112.21,1112.82,1654507000.0,-0.31888783,-0.0031888782999999997
2014-06-10,1114.62,1115.7,1109.18,1112.4,1649268000.0,-0.03774195,-0.00037741950000000005
2014-06-11,1113.46,1115.39,1111.15,1111.36,1326947200.0,-0.09349155,-0.0009349155000000001
2014-06-12,1108.48,1109.21,1104.93,1104.93,1571601600.0,-0.5785704,-0.005785704
2014-06-13,1103.8,1112.9,1102.97,1110.75,1747783200.0,0.5267302,0.005267302000000001
2014-06-16,1111.54,1115.77,1110.74,1110.83,1574375600.0,0.00720234,7.20234e-05
2014-06-17,1109.5,1112.16,1107.13,1110.86,2017065800.0,0.00270068,2.70068e-05
2014-06-18,1110.93,1113.22,1108.68,1109.74,1812433600.0,-0.10082279,-0.0010082278999999999
2014-06-19,1111.77,1115.58,1110.29,1110.55,1652468200.0,0.07299007,0.0007299007
2014-06-20,1113.46,1125.1,1113.46,1124.38,2033821800.0,1.24532889,0.0124532889
2014-06-23,1125.72,1134.1,1125.72,1131.47,1893600800.0,0.63056974,0.0063056974
2014-06-24,1130.17,1130.17,1126.07,1128.81,1501773200.0,-0.2350924,-0.002350924
2014-06-25,1129.81,1131.36,1126.07,1129.39,1642190000.0,0.05138154,0.0005138154000000001
2014-06-26,1128.39,1137.85,1128.18,1136.96,1562315000.0,0.67027333,0.0067027333
2014-06-27,1136.85,1138.2,1131.66,1132.0,1565497600.0,-0.43625106,-0.0043625106
2014-06-30,1129.08,1129.08,1125.24,1126.37,1365348200.0,-0.49734982,-0.0049734982
2014-07-01,1122.63,1127.06,1121.0,1123.05,1643039600.0,-0.29475217,-0.0029475216999999996
2014-07-02,1123.01,1123.25,1111.97,1122.55,1822529000.0,-0.04452162,-0.0004452162
2014-07-03,1124.47,1126.67,1121.93,1122.04,1505752600.0,-0.04543227,-0.00045432269999999997
2014-07-04,1121.16,1123.54,1119.4,1119.59,1424033000.0,-0.21835229,-0.0021835229
2014-07-07,1118.42,1118.42,1104.54,1106.62,1798047800.0,-1.15845979,-0.0115845979
2014-07-08,1108.02,1111.08,1105.96,1110.14,1410040200.0,0.3180857,0.0031808570000000005
2014-07-09,1111.02,1111.02,1103.63,1104.36,1731393400.0,-0.52065505,-0.0052065505000000005
2014-07-10,1102.6,1106.73,1099.3,1101.39,1657096200.0,-0.26893404,-0.0026893404
2014-07-11,1101.57,1103.64,1096.95,1100.1,1702409400.0,-0.11712472,-0.0011712472000000001
2014-07-14,1097.09,1102.28,1097.0,1098.9,1419288800.0,-0.10908099,-0.0010908099
2014-07-15,1100.07,1101.58,1095.79,1097.82,1335632600.0,-0.0982801,-0.000982801
2014-07-16,1098.27,1098.35,1094.53,1097.54,1354785800.0,-0.02550509,-0.00025505090000000003
2014-07-17,1098.2,1100.4,1095.77,1096.37,1451048800.0,-0.10660204,-0.0010660204
2014-07-18,1096.74,1097.95,1090.9,1091.07,1682150600.0,-0.48341345,-0.0048341345
2014-07-21,1090.01,1092.59,1087.72,1091.7,1451573600.0,0.05774148,0.0005774148
2014-07-22,1092.46,1098.42,1092.22,1096.54,1605128800.0,0.44334524,0.004433452399999999
2014-07-23,1096.8,1096.8,1089.24,1092.55,1566182800.0,-0.36387181,-0.0036387181
2014-07-24,1092.34,1096.52,1091.08,1092.71,1597793800.0,0.01464464,0.0001464464
2014-07-25,1093.11,1095.32,1088.99,1091.44,1574537600.0,-0.1162248,-0.001162248
2014-07-28,1092.18,1095.8,1087.57,1094.47,1662027400.0,0.27761489,0.0027761489
2014-07-29,1097.36,1103.42,1096.47,1101.76,1621311000.0,0.66607582,0.0066607582
2014-07-30,1097.62,1097.62,1092.6,1094.79,1631191200.0,-0.63262416,-0.0063262416
2014-07-31,1095.22,1096.69,1092.92,1094.55,1272137800.0,-0.02192201,-0.00021922009999999999
2014-08-01,1091.81,1091.81,1085.77,1087.27,1421211600.0,-0.66511352,-0.0066511352
2014-08-04,1086.7,1096.3,1085.99,1096.05,1492753400.0,0.80752711,0.0080752711
2014-08-05,1097.56,1099.73,1094.41,1095.26,1603925000.0,-0.072077,-0.00072077
2014-08-06,1091.5,1095.54,1089.88,1090.76,1472183400.0,-0.41086135,-0.0041086135
2014-08-07,1091.64,1097.91,1091.64,1094.53,1340559800.0,0.34563057,0.0034563057000000005
2014-08-08,1093.72,1096.15,1091.09,1092.62,1314184000.0,-0.17450413,-0.0017450413
2014-08-11,1093.2,1096.83,1091.1,1091.1,1411693400.0,-0.13911515,-0.0013911515
2014-08-12,1089.98,1089.98,1084.27,1084.97,1300408200.0,-0.56181835,-0.0056181835
2014-08-13,1084.86,1086.93,1080.3,1080.68,1659770200.0,-0.39540264,-0.0039540264
2014-08-14,1079.88,1079.88,1067.6,1068.12,1902324600.0,-1.16223119,-0.0116223119
2014-08-15,1067.72,1073.72,1066.23,1073.33,1490403800.0,0.48777291,0.0048777291
2014-08-18,1071.15,1072.27,1067.17,1069.53,1607733200.0,-0.35403837,-0.0035403837
2014-08-19,1069.18,1071.95,1067.75,1071.68,1271987400.0,0.20102288,0.0020102288
2014-08-20,1070.35,1070.35,1066.42,1066.69,1433307400.0,-0.46562407,-0.0046562407
2014-08-21,1069.85,1072.94,1069.05,1071.16,1481846200.0,0.41905333,0.0041905333
2014-08-22,1071.87,1077.06,1071.45,1075.05,1267449800.0,0.3631577,0.0036315770000000004
2014-08-25,1072.59,1073.2,1069.58,1072.96,1277964000.0,-0.19440956,-0.0019440956
2014-08-26,1072.67,1074.29,1068.0,1074.05,1253498600.0,0.10158813,0.0010158813
2014-08-27,1076.39,1078.35,1071.63,1072.27,1528971400.0,-0.16572785,-0.0016572785
2014-08-28,1070.84,1072.51,1064.15,1065.8,1415092200.0,-0.6033928,-0.006033927999999999
2014-08-29,1065.59,1066.53,1061.78,1064.81,1497222600.0,-0.09288797,-0.0009288797
2014-09-01,1064.86,1065.74,1058.06,1058.21,1376679600.0,-0.61982889,-0.0061982889
2014-09-02,1057.95,1069.86,1057.95,1065.43,1578574000.0,0.68228423,0.0068228423000000005
2014-09-03,1063.53,1065.68,1057.79,1057.79,1638008800.0,-0.71708137,-0.0071708137000000005
2014-09-04,1057.48,1060.76,1056.18,1056.56,1714986600.0,-0.11628017,-0.0011628017
2014-09-05,1057.79,1058.18,1049.04,1050.11,1701578800.0,-0.61047172,-0.006104717200000001
2014-09-09,1049.16,1049.44,1036.26,1037.03,1525481000.0,-1.2455838,-0.012455837999999999
2014-09-10,1034.95,1040.09,1027.83,1032.9,2299707600.0,-0.3982527,-0.0039825270000000005
2014-09-11,1031.95,1032.38,1026.11,1027.43,1669576600.0,-0.52957692,-0.0052957692
2014-09-12,1027.71,1034.41,1027.58,1033.82,1871618600.0,0.62194018,0.0062194018
2014-09-15,1032.95,1039.09,1030.96,1038.79,1806032200.0,0.48074133,0.0048074133000000005
2014-09-16,1039.44,1044.09,1035.4,1036.07,1971557600.0,-0.26184311,-0.0026184311
2014-09-17,1038.66,1043.41,1038.66,1043.16,1740180600.0,0.6843167,0.006843167
2014-09-18,1042.42,1042.42,1033.89,1034.67,1525570400.0,-0.81387323,-0.0081387323
2014-09-19,1030.83,1031.38,1019.85,1020.58,2087078000.0,-1.36178685,-0.013617868500000001
2014-09-22,1018.52,1018.52,993.7,999.69,2710363400.0,-2.04687531,-0.0204687531
2014-09-23,998.45,1008.88,997.31,1002.38,2574206400.0,0.26908342,0.0026908342
2014-09-24,1002.35,1008.41,1001.37,1004.22,1914320000.0,0.18356312,0.0018356312
2014-09-25,1004.79,1007.88,995.55,999.66,2607454000.0,-0.45408377,-0.0045408377
2014-09-26,997.59,1012.38,997.07,1009.17,2881483600.0,0.95132345,0.0095132345
2014-09-29,1007.89,1011.0,999.72,1005.38,2139200000.0,-0.37555615,-0.0037555615
2014-09-30,1008.12,1016.54,1007.67,1009.01,1471742000.0,0.36105751,0.0036105751000000005
2014-10-08,1011.65,1016.0,1005.63,1006.3,1519827400.0,-0.26858009,-0.0026858008999999998
2014-10-09,1007.86,1016.63,1003.29,1015.73,2129841400.0,0.93709629,0.0093709629
2014-10-10,1011.44,1011.44,1003.49,1004.3,2332785200.0,-1.12529905,-0.011252990499999999
2014-10-13,1004.48,1023.41,1004.48,1016.69,2540016800.0,1.23369511,0.0123369511
2014-10-14,1018.65,1020.3,1014.62,1019.39,2125027400.0,0.26556768,0.0026556768
2014-10-15,1018.19,1020.5,1013.57,1017.34,2229279600.0,-0.20110066,-0.0020110066
2014-10-16,1012.11,1014.56,1007.22,1010.28,2504568800.0,-0.69396662,-0.0069396662
2014-10-17,1014.32,1017.39,1007.53,1008.32,2202084200.0,-0.19400562,-0.0019400562
2014-10-20,1012.2,1014.57,1008.12,1011.21,1829212400.0,0.28661536,0.0028661536
2014-10-21,1010.5,1015.58,1009.95,1011.26,1801200200.0,0.00494457,4.94457e-05
2014-10-22,1015.01,1015.57,1009.79,1013.78,2073812200.0,0.24919407,0.0024919407
2014-10-23,1011.54,1018.88,1010.27,1017.82,2057406400.0,0.39850855,0.0039850855
2014-10-24,1019.81,1026.37,1019.03,1026.15,1983364600.0,0.81841583,0.0081841583
2014-10-27,1024.34,1024.34,1016.47,1017.64,1603304600.0,-0.82931345,-0.0082931345
2014-10-28,1020.97,1022.24,1017.34,1018.68,1741153600.0,0.10219724,0.0010219724
2014-10-29,1022.04,1028.29,1020.49,1028.13,1952916800.0,0.9276711,0.009276711
2014-10-30,1030.69,1033.48,1025.53,1025.72,2452301000.0,-0.23440615,-0.0023440615
2014-10-31,1022.8,1027.75,1019.84,1025.18,2369934400.0,-0.05264595,-0.0005264595
2014-11-03,1021.49,1021.49,1013.98,1014.19,2333809000.0,-1.07200687,-0.0107200687
2014-11-04,1012.59,1012.59,1006.76,1007.39,2313300600.0,-0.67048581,-0.0067048581
2014-11-05,1001.79,1003.67,986.61,986.72,2408905400.0,-2.05183693,-0.0205183693
2014-11-06,988.35,992.38,988.35,991.34,2185497600.0,0.46821793,0.0046821793
2014-11-07,992.09,1001.48,992.09,1000.62,2572482200.0,0.93610668,0.0093610668
2014-11-10,1001.54,1009.9,1001.54,1009.27,2531519800.0,0.86446403,0.0086446403
2014-11-11,1005.55,1005.93,1001.73,1004.07,2030485200.0,-0.51522387,-0.005152238700000001
2014-11-12,1009.17,1015.39,1009.17,1013.43,2218599200.0,0.93220592,0.0093220592
2014-11-13,1010.41,1012.68,1007.44,1010.56,1846442400.0,-0.28319667,-0.0028319667
2014-11-14,1006.94,1008.75,1001.51,1003.3,2187427800.0,-0.71841355,-0.007184135499999999
2014-11-17,1004.23,1015.47,1004.23,1006.1,2462681800.0,0.27907904,0.0027907904
2014-11-18,1006.01,1006.37,995.75,999.53,2446524600.0,-0.6530166,-0.006530166
2014-11-19,997.81,1002.38,995.85,998.94,2403434000.0,-0.05902774,-0.0005902774
2014-11-20,998.33,1002.24,996.17,998.49,2258645800.0,-0.04504775,-0.00045047749999999997
2014-11-21,999.92,1002.63,996.82,1001.36,2270293400.0,0.28743403,0.0028743403
2014-11-24,1007.4,1008.12,999.18,999.36,2374734000.0,-0.19972837,-0.0019972836999999997
2014-11-25,998.94,1004.87,997.57,1004.77,2082619200.0,0.54134646,0.0054134646
2014-11-26,1003.05,1003.45,997.37,998.41,2023683400.0,-0.63298068,-0.0063298068
2014-11-27,999.55,1009.49,998.09,1007.78,2231724000.0,0.9384922,0.009384922
2014-11-28,1001.67,1003.6,997.04,998.85,2467608200.0,-0.88610609,-0.0088610609
2014-12-01,989.0,989.0,973.41,980.87,2360983200.0,-1.80007008,-0.0180007008
2014-12-02,990.62,999.07,989.93,990.28,2527807800.0,0.95935241,0.0095935241
2014-12-03,985.7,991.71,985.7,991.19,2730224600.0,0.0918932,0.0009189319999999999
2014-12-04,992.34,1003.46,991.53,997.53,2441549600.0,0.63963519,0.0063963519000000005
2014-12-05,996.56,1000.37,995.72,998.98,1991476800.0,0.14535904,0.0014535904
2014-12-08,1000.82,1001.32,992.21,992.36,2129685200.0,-0.66267593,-0.0066267593
2014-12-09,988.87,991.33,980.1,991.22,2175094200.0,-0.11487767,-0.0011487767
2014-12-10,990.32,999.78,989.01,998.18,2460447000.0,0.70216501,0.0070216500999999995
2014-12-11,993.16,999.33,991.36,995.85,2358898000.0,-0.23342483,-0.0023342483
2014-12-12,995.47,1004.03,995.47,1001.83,1974278600.0,0.60049204,0.0060049204
2014-12-15,1002.19,1006.41,998.0,1004.6,1948410800.0,0.27649402,0.0027649402
2014-12-16,1001.7,1001.7,990.31,993.55,2028237600.0,-1.09994027,-0.0109994027
2014-12-17,992.42,992.42,985.39,986.82,2309305200.0,-0.67736903,-0.0067736903
2014-12-18,986.77,992.37,986.77,987.46,2178076800.0,0.06485479,0.0006485479
2014-12-19,989.61,991.75,986.56,991.74,1729684400.0,0.43343528,0.0043343528
2014-12-22,993.37,993.78,986.96,987.18,1754079000.0,-0.45979793,-0.0045979793
2014-12-23,984.59,984.59,975.95,976.47,1846136200.0,-1.08490853,-0.0108490853
2014-12-24,974.97,982.25,974.97,981.25,1731521600.0,0.48951837,0.0048951837
2014-12-25,979.13,982.86,977.26,981.87,1224131800.0,0.06318471,0.0006318471000000001
2014-12-26,982.86,983.99,981.45,982.35,1103206400.0,0.04888631,0.0004888631
2014-12-29,983.23,994.04,982.33,991.35,1715176400.0,0.91617041,0.0091617041
2014-12-30,991.51,1009.07,991.51,1007.9,2181698600.0,1.66944066,0.0166944066
2014-12-31,1008.13,1012.63,1005.21,1008.5,1865713600.0,0.05952972,0.0005952972
2015-01-05,1000.37,1002.38,994.17,996.78,1263635600.0,-1.16212196,-0.0116212196
2015-01-06,994.23,1010.31,994.23,1006.85,2248714000.0,1.01025301,0.0101025301
2015-01-07,1006.07,1007.59,999.27,1002.42,1910504200.0,-0.4399861,-0.004399861
2015-01-08,1003.54,1004.72,1000.05,1002.31,1572969400.0,-0.01097344,-0.00010973439999999999
2015-01-09,1004.46,1004.46,995.6,997.49,1815748400.0,-0.48088915,-0.0048088915
2015-01-12,996.71,998.79,992.51,992.64,1765477600.0,-0.48622041,-0.0048622041
2015-01-13,988.83,988.83,983.12,983.47,1690619200.0,-0.92379916,-0.0092379916
2015-01-14,981.09,981.87,967.28,970.54,2254425600.0,-1.31473253,-0.013147325299999998
2015-01-15,970.02,978.85,969.41,976.96,2197370400.0,0.66148742,0.006614874200000001
2015-01-16,979.84,979.84,973.89,977.16,2155632000.0,0.02047167,0.00020471670000000002
2015-01-19,976.45,987.35,976.45,983.76,2827886600.0,0.67542675,0.006754267499999999
2015-01-20,981.42,981.42,977.07,978.33,1692958600.0,-0.55196389,-0.0055196389
2015-01-21,980.41,990.18,979.1,985.53,2343664800.0,0.73594799,0.0073594799
2015-01-22,984.61,991.91,984.61,987.39,2055704800.0,0.18873094,0.0018873094000000001
2015-01-23,988.4,988.4,981.57,985.76,2065177200.0,-0.16508168,-0.0016508168
2015-01-26,983.84,983.84,968.77,973.1,2137447000.0,-1.28428826,-0.012842882600000001
2015-01-27,974.78,984.84,974.78,981.21,1835356600.0,0.83341897,0.0083341897
2015-01-28,980.98,980.98,976.29,980.02,1639199600.0,-0.12127883,-0.0012127883000000001
2015-01-29,980.04,980.04,975.42,977.37,1673209000.0,-0.27040264,-0.0027040264
2015-01-30,975.68,975.68,967.63,968.25,1747977600.0,-0.93311642,-0.009331164199999999
2015-02-02,971.74,979.31,971.74,978.54,2029299000.0,1.06274206,0.0106274206
2015-02-03,979.21,985.65,979.21,985.06,1958869000.0,0.66629877,0.0066629877
2015-02-04,987.7,998.77,987.08,987.18,2266059400.0,0.21521532,0.0021521532
2015-02-05,988.59,988.85,984.35,984.69,1673351400.0,-0.25223364,-0.0025223363999999997
2015-02-06,986.1,996.07,986.1,995.81,1776894400.0,1.12928942,0.0112928942
2015-02-09,995.15,995.15,987.58,990.42,1642019000.0,-0.54126791,-0.0054126791
2015-02-10,990.15,993.7,990.15,992.02,1337610000.0,0.16154763,0.0016154763
2015-02-11,990.11,992.67,987.94,992.37,1296244400.0,0.03528155,0.00035281550000000004
2015-02-12,992.24,992.24,986.86,990.31,1145206000.0,-0.20758386,-0.0020758386
2015-02-13,992.12,1004.33,992.12,1002.8,1741207800.0,1.26122123,0.012612212300000002
2015-02-16,1002.02,1006.96,1002.02,1006.07,1290655600.0,0.32608696,0.0032608695999999998
2015-02-17,1005.43,1005.77,1001.01,1003.06,740918800.0,-0.29918395,-0.0029918394999999998
2015-02-25,1003.06,1003.06,994.86,995.1,729003600.0,-0.79357167,-0.0079357167
2015-02-26,995.25,1005.48,995.25,1004.77,1343741800.0,0.97176163,0.0097176163
2015-02-27,1006.28,1008.28,1002.27,1005.59,1801594800.0,0.08161072,0.0008161072
2015-03-02,1005.8,1011.17,1004.43,1010.51,2338857000.0,0.48926501,0.0048926501
2015-03-03,1009.25,1009.25,998.1,1003.23,2295961600.0,-0.7204283,-0.0072042830000000006
2015-03-04,1003.2,1004.22,1000.4,1001.04,1664689800.0,-0.21829491,-0.0021829491
2015-03-05,1000.08,1000.08,988.93,991.12,1954869400.0,-0.99096939,-0.009909693899999999
2015-03-06,990.37,991.45,984.97,985.91,1572735400.0,-0.52566793,-0.0052566793
2015-03-09,985.82,986.7,979.06,984.3,2159809600.0,-0.16330091,-0.0016330091
2015-03-10,984.04,986.06,977.31,977.31,1625050200.0,-0.71014934,-0.0071014934
2015-03-11,976.7,983.18,976.56,979.67,2082641400.0,0.24147916,0.0024147916
2015-03-12,979.28,987.59,979.28,987.43,2134558600.0,0.79210346,0.0079210346
2015-03-13,987.67,988.76,984.16,985.39,2079747800.0,-0.20659692,-0.0020659692
2015-03-16,983.22,983.22,975.2,982.74,1864637800.0,-0.26892905,-0.0026892905
2015-03-17,981.91,984.41,979.01,980.24,1660503600.0,-0.25439078,-0.0025439078
2015-03-18,977.25,977.74,969.87,970.1,1972956600.0,-1.03444055,-0.0103444055
2015-03-19,970.67,979.58,970.67,974.74,1779642600.0,0.47830121,0.0047830121
2015-03-20,975.24,979.05,973.83,974.93,1520555000.0,0.01949238,0.0001949238
2015-03-23,976.44,990.21,976.44,989.86,2407745800.0,1.531392,0.015313920000000002
2015-03-24,991.7848,1004.7846,987.4997,995.1177,2460006800.0,0.53115592,0.0053115592
2015-03-25,994.82,994.82,984.65,986.3,1976543400.0,-0.88609619,-0.008860961899999999
2015-03-26,988.26,992.31,984.84,989.62,1906850800.0,0.33661158,0.0033661158
2015-03-27,989.38,989.38,974.42,983.61,2210889800.0,-0.60730381,-0.0060730381
2015-03-30,982.76,982.76,976.55,978.13,2132542200.0,-0.55713138,-0.0055713138
2015-03-31,979.74,979.74,972.52,973.41,2122954200.0,-0.48255344,-0.0048255344
2015-04-01,974.08,978.86,973.21,974.34,2475175200.0,0.09554042,0.0009554042
2015-04-02,974.52,980.82,974.52,975.69,2440974000.0,0.13855533,0.0013855533
2015-04-03,974.28,977.28,971.9,974.09,2094285400.0,-0.16398651,-0.0016398651
2015-04-07,975.16,978.98,974.38,974.86,1389185000.0,0.07904814,0.0007904814
2015-04-08,973.26,974.63,964.94,971.45,2292722200.0,-0.34979382,-0.0034979382
2015-04-09,970.0,970.0,959.54,961.03,2112753000.0,-1.0726234,-0.010726234
2015-04-10,960.74,960.74,955.27,955.71,1971798200.0,-0.55357273,-0.0055357272999999995
2015-04-13,956.44,969.57,956.44,969.37,2359235400.0,1.42930387,0.0142930387
2015-04-14,969.06,969.34,963.48,966.52,2105908600.0,-0.29400538,-0.0029400538
2015-04-15,966.1,970.28,965.41,966.43,1992662000.0,-0.00931176,-9.311760000000001e-05
2015-04-16,966.2,977.44,966.2,973.09,2305321000.0,0.68913424,0.0068913424
2015-04-17,975.18,977.17,972.88,974.01,1838240800.0,0.09454418,0.0009454418
2015-04-20,974.13,978.14,971.33,972.32,2078967600.0,-0.17350951,-0.0017350951000000001
2015-04-21,969.54,978.14,969.54,977.41,1904312000.0,0.52349021,0.005234902099999999
2015-04-22,977.1,985.22,976.71,983.15,2104765200.0,0.58726635,0.005872663500000001
2015-04-23,982.61,986.49,977.02,979.62,2309055600.0,-0.35904999,-0.0035904999
2015-04-24,982.12,992.69,982.12,991.89,2683024200.0,1.25252649,0.0125252649
2015-04-27,994.46,1008.63,994.46,1007.6,2556834800.0,1.58384498,0.0158384498
2015-04-28,1008.66,1014.58,1003.56,1007.74,2423467400.0,0.0138944,0.000138944
2015-04-29,1008.07,1009.49,994.59,996.68,2428507000.0,-1.09750531,-0.0109750531
2015-04-30,998.3,1009.84,998.3,1008.69,2049654200.0,1.2050006,0.012050006
2015-05-04,1010.82,1022.77,1006.45,1019.87,1611260000.0,1.10836828,0.011083682800000001
2015-05-05,1021.07,1029.09,1018.24,1024.63,2613848000.0,0.46672615,0.0046672615
2015-05-06,1028.37,1035.88,1028.2,1033.05,2604401600.0,0.82176005,0.0082176005
2015-05-07,1033.0,1033.0,1021.38,1023.46,2467567600.0,-0.92831906,-0.0092831906
2015-05-08,1023.32,1025.74,1016.77,1021.8,2219692600.0,-0.16219491,-0.0016219491
2015-05-11,1022.4,1027.85,1019.36,1025.56,1764878000.0,0.36797808,0.0036797808
2015-05-12,1024.3,1024.3,1016.0,1016.63,2010634600.0,-0.87074379,-0.0087074379
2015-05-13,1020.06,1023.67,1016.45,1019.75,1915961200.0,0.30689631,0.0030689631
2015-05-14,1020.71,1020.71,1007.24,1014.68,2237644200.0,-0.49718068,-0.0049718068
2015-05-15,1014.44,1018.2,1012.6,1016.69,1725178400.0,0.19809201,0.0019809201
2015-05-18,1015.52,1019.73,1014.59,1017.65,1557352200.0,0.09442406,0.0009442406
2015-05-19,1016.46,1016.46,1008.93,1009.42,1500737200.0,-0.80872599,-0.0080872599
2015-05-20,1005.09,1005.09,986.78,989.52,2304234200.0,-1.97142914,-0.0197142914
2015-05-21,989.12,999.9,989.12,995.67,1795104800.0,0.62151346,0.0062151346
2015-05-22,995.7,1001.06,992.15,998.16,1832290800.0,0.25008286,0.0025008286000000003
2015-05-25,994.45,994.45,988.23,992.33,1661361200.0,-0.5840747,-0.005840746999999999
2015-05-26,993.43,1005.44,993.43,994.38,2185036000.0,0.2065845,0.002065845
2015-05-27,992.99,997.81,992.99,996.6,1683312000.0,0.22325469,0.0022325469
2015-05-28,995.39,1005.69,994.63,1000.04,1994389400.0,0.34517359,0.0034517359
2015-05-29,1000.2,1001.86,995.53,1001.85,1665288600.0,0.18099276,0.0018099276
2015-06-01,1002.09,1007.38,998.47,1001.65,2345477400.0,-0.01996307,-0.0001996307
2015-06-02,1001.56,1006.13,999.98,1006.08,2386303200.0,0.44227025,0.0044227024999999994
2015-06-03,1003.03,1004.27,995.65,995.77,2050444000.0,-1.0247694,-0.010247694
2015-06-04,994.78,997.06,987.82,996.93,2184800000.0,0.11649276,0.0011649276
2015-06-05,996.02,996.02,987.59,989.48,1861343000.0,-0.74729419,-0.007472941899999999
2015-06-08,989.81,991.98,986.56,987.7,1459744800.0,-0.17989247,-0.0017989247
2015-06-09,987.02,990.07,987.02,987.21,1304671600.0,-0.04961021,-0.0004961021
2015-06-10,988.91,995.55,988.91,995.55,1618593400.0,0.84480506,0.0084480506
2015-06-11,997.94,999.41,995.38,995.63,1752343800.0,0.00803576,8.035759999999999e-05
2015-06-12,994.5,994.5,978.36,978.57,2265368000.0,-1.71348794,-0.0171348794
2015-06-15,978.37,979.12,973.6,975.31,1705289200.0,-0.33313917,-0.0033313916999999998
2015-06-16,974.03,979.92,970.07,974.08,1974750200.0,-0.12611375,-0.0012611375
2015-06-17,973.28,974.15,965.74,966.19,2398061000.0,-0.80999507,-0.0080999507
2015-06-18,967.12,969.6,965.38,965.58,1785153400.0,-0.06313458,-0.0006313458
2015-06-19,966.41,969.92,965.28,967.05,1769012200.0,0.1522401,0.0015224009999999998
2015-06-23,968.37,970.7,966.03,969.52,1099367000.0,0.25541596,0.0025541596
2015-06-24,968.75,973.61,967.67,972.94,1560466800.0,0.35275188,0.0035275188
2015-06-25,972.98,972.98,963.77,963.98,1494099000.0,-0.9209201,-0.009209201
2015-06-26,964.26,969.2,961.37,965.76,2025059800.0,0.18465113,0.0018465113
2015-06-29,966.84,968.81,960.58,963.78,2091862200.0,-0.20501988,-0.0020501988
2015-06-30,963.18,963.18,944.69,950.07,2687884200.0,-1.42252381,-0.014225238099999999
2015-07-01,949.64,964.13,949.64,958.94,2206888000.0,0.93361542,0.0093361542
2015-07-02,958.45,962.55,956.51,962.12,2038271000.0,0.33161616,0.0033161616
2015-07-03,961.31,965.57,956.84,960.87,2212521200.0,-0.12992142,-0.0012992142
2015-07-06,959.77,959.77,931.78,935.91,2170699600.0,-2.59764588,-0.0259764588
2015-07-07,934.25,938.38,920.6,921.61,3044506600.0,-1.52792469,-0.015279246900000001
2015-07-08,915.97,915.97,882.43,883.01,3682551200.0,-4.18832261,-0.041883226100000004
2015-07-09,884.96,932.42,884.96,916.16,4210180800.0,3.75420437,0.0375420437
2015-07-10,920.97,932.66,916.15,916.28,2853310400.0,0.01309815,0.0001309815
2015-07-13,916.53,919.23,908.71,914.4,2350753000.0,-0.20517746,-0.0020517746
2015-07-14,915.64,924.16,914.85,915.5,2730610800.0,0.12029746,0.0012029745999999999
2015-07-15,916.53,921.41,912.73,916.04,2326476000.0,0.05898416,0.0005898416
2015-07-16,914.69,916.07,904.15,913.42,2783760000.0,-0.28601371,-0.0028601370999999996
2015-07-17,911.96,911.96,906.21,910.59,2395507400.0,-0.30982462,-0.0030982462
2015-07-20,907.63,915.81,906.69,915.64,2759435600.0,0.55458549,0.0055458549
2015-07-21,915.45,919.37,912.17,916.12,2332891400.0,0.05242235,0.0005242235
2015-07-22,915.4,915.93,901.28,907.49,2416889600.0,-0.94201633,-0.0094201633
2015-07-23,906.93,911.65,901.68,907.1,2384987200.0,-0.04297568,-0.0004297568
2015-07-24,906.28,906.28,894.69,895.13,2344619400.0,-1.3195899,-0.013195899
2015-07-27,895.65,899.87,891.89,892.68,2686979400.0,-0.27370326,-0.0027370326
2015-07-28,889.56,899.28,887.13,896.08,2463045800.0,0.38087557,0.0038087557
2015-07-29,897.82,911.93,897.82,906.05,2303505400.0,1.11262387,0.011126238699999999
2015-07-30,906.83,910.22,900.32,900.94,2202909400.0,-0.56398653,-0.0056398653
2015-07-31,900.49,905.06,900.36,901.52,2010499600.0,0.06437721,0.0006437721000000001
2015-08-03,901.79,906.35,892.11,893.27,2664446600.0,-0.91512113,-0.0091512113
2015-08-04,892.22,897.03,886.9,896.84,2175761400.0,0.3996552,0.003996552
2015-08-05,898.02,900.56,893.71,899.87,2125262200.0,0.33785291,0.0033785291
2015-08-06,899.88,899.88,891.42,893.24,1923567000.0,-0.73677309,-0.0073677309
2015-08-07,891.76,893.25,882.28,893.22,2313241200.0,-0.00223904,-2.2390399999999998e-05
2015-08-10,890.4,895.96,889.44,895.6,2138299200.0,0.26645171,0.0026645171
2015-08-11,895.63,913.85,895.63,907.85,3089224200.0,1.36779812,0.0136779812
2015-08-12,905.56,920.56,904.03,920.56,2560324200.0,1.40001102,0.0140001102
2015-08-13,922.84,925.38,915.22,925.28,3203641400.0,0.51273138,0.0051273138
2015-08-14,922.84,922.84,918.77,919.4,1884067200.0,-0.63548331,-0.0063548331
2015-08-17,919.59,919.59,911.51,913.7,1958128800.0,-0.61996955,-0.0061996955
2015-08-18,913.07,914.2,907.22,907.47,1696245400.0,-0.68184306,-0.0068184306
2015-08-19,906.24,907.07,899.46,907.05,2380455200.0,-0.04628252,-0.0004628252
2015-08-20,905.63,905.63,900.05,901.48,2076435400.0,-0.61407861,-0.0061407861
2015-08-21,904.89,908.23,902.48,904.58,1907941200.0,0.34387895,0.0034387895
2015-08-24,902.36,902.36,871.61,874.74,2880930600.0,-3.29876849,-0.0329876849
2015-08-25,868.09,883.29,868.09,873.55,3266476400.0,-0.13604042,-0.0013604042
2015-08-26,881.94,883.41,871.46,871.58,2297703800.0,-0.22551657,-0.0022551657
2015-08-27,870.86,883.15,870.86,883.08,2297016200.0,1.31944285,0.013194428499999999
2015-08-28,885.3,902.63,885.3,892.71,2742998200.0,1.09050143,0.0109050143
2015-08-31,893.14,893.14,886.64,886.91,2577262200.0,-0.64970707,-0.0064970707
2015-09-01,886.54,893.66,886.54,889.73,2133915200.0,0.31795785,0.0031795785
2015-09-02,887.69,887.93,884.2,887.41,1601574400.0,-0.26075326,-0.0026075326
2015-09-07,885.65,890.12,883.54,884.46,1458024600.0,-0.33242808,-0.0033242808
2015-09-08,884.6,890.49,882.67,890.34,1833888000.0,0.66481243,0.0066481243
2015-09-09,893.32,909.19,893.32,898.94,3182121000.0,0.96592313,0.0096592313
2015-09-10,899.21,905.84,893.6,905.53,2772408000.0,0.73308563,0.007330856300000001
2015-09-11,905.47,910.88,903.75,904.39,2785627400.0,-0.12589312,-0.0012589311999999999
2015-09-14,902.69,906.27,896.39,896.62,2579971400.0,-0.85914263,-0.0085914263
2015-09-15,895.62,898.8,890.16,890.47,2367831200.0,-0.6859093,-0.006859093
2015-09-16,890.93,899.01,889.91,898.9,2528754000.0,0.94669107,0.0094669107
2015-09-17,900.68,903.15,896.43,896.61,2518967200.0,-0.25475581,-0.0025475581
2015-09-18,896.18,899.21,892.37,892.7,2154881400.0,-0.43608704,-0.0043608703999999995
2015-09-21,891.63,894.1,884.48,893.48,2314926800.0,0.08737538,0.0008737538000000001
2015-09-22,893.62,893.62,886.45,886.71,2049294800.0,-0.75771142,-0.0075771142
2015-09-23,882.44,883.58,876.52,883.34,2312278600.0,-0.38005661,-0.0038005661
2015-09-24,883.75,883.89,880.11,883.29,1722737200.0,-0.00566033,-5.66033e-05
2015-09-25,882.52,890.01,882.52,885.75,2385566400.0,0.27850423,0.0027850423000000003
2015-09-28,885.41,885.75,875.15,875.58,1475138800.0,-1.14817951,-0.0114817951
2015-09-29,872.69,872.69,863.99,866.54,2093356200.0,-1.03245848,-0.010324584800000002
2015-09-30,869.05,871.38,866.62,870.64,1385303800.0,0.47314608,0.0047314608
2015-10-08,887.94,889.97,878.19,878.7,1260932000.0,0.92575577,0.0092575577
2015-10-09,878.15,896.67,878.15,894.66,2381514600.0,1.81631956,0.0181631956
2015-10-12,897.1,897.1,888.78,892.14,2507314600.0,-0.28167125,-0.0028167125
2015-10-13,890.91,890.91,882.15,888.57,2010322200.0,-0.40016141,-0.0040016141
2015-10-14,887.98,890.18,885.56,886.61,2010500000.0,-0.22057913,-0.0022057913
2015-10-15,887.69,892.35,887.31,887.43,1778385000.0,0.09248711,0.0009248711
2015-10-16,886.71,886.85,880.91,881.32,2027437400.0,-0.68850501,-0.0068850501
2015-10-19,881.55,881.8,875.11,875.83,1921357400.0,-0.62292924,-0.0062292924
2015-10-20,874.28,876.66,872.17,875.57,1988338200.0,-0.02968613,-0.00029686130000000004
2015-10-21,876.05,876.05,870.26,871.28,2347588800.0,-0.48996654,-0.0048996654
2015-10-22,871.17,878.52,871.17,876.48,2131968000.0,0.59682306,0.0059682306
2015-10-23,877.35,878.31,869.57,878.27,2480978600.0,0.20422599,0.0020422599
2015-10-26,878.36,878.36,869.12,869.46,2171740800.0,-1.00310838,-0.0100310838
2015-10-27,869.21,870.72,863.46,868.68,2227740600.0,-0.08971086,-0.0008971086000000001
2015-10-28,868.18,868.18,863.13,864.33,1860433000.0,-0.50075977,-0.005007597700000001
2015-10-29,864.74,868.42,863.87,864.67,1898977800.0,0.03933683,0.00039336830000000005
2015-10-30,864.01,864.01,859.6,861.5,1778446400.0,-0.36661385,-0.0036661385000000004
2015-11-02,860.86,863.35,859.07,860.91,1578143400.0,-0.0684852,-0.000684852
2015-11-03,860.09,860.09,853.64,854.1,1884787200.0,-0.79102345,-0.0079102345
2015-11-04,854.15,858.35,853.97,857.96,1881376600.0,0.45193771,0.0045193771
2015-11-05,857.21,857.21,848.58,848.93,2055861400.0,-1.05249662,-0.010524966200000001
2015-11-06,847.68,849.5,845.54,848.86,2336732200.0,-0.00824567,-8.24567e-05
2015-11-09,848.05,849.18,843.85,846.4,1872947800.0,-0.28980044,-0.0028980043999999997
2015-11-10,846.79,846.79,840.37,845.9,1811830600.0,-0.05907372,-0.0005907372
2015-11-11,845.34,845.34,839.54,839.67,2129337600.0,-0.73649368,-0.0073649368
2015-11-12,839.92,843.17,839.08,841.21,1870824400.0,0.18340539,0.0018340539
2015-11-13,838.57,842.36,837.31,838.81,2019452600.0,-0.28530331,-0.0028530330999999996
2015-11-16,838.75,839.87,832.17,832.29,1925470800.0,-0.77729164,-0.0077729164
2015-11-17,832.83,832.83,823.74,826.77,2186117400.0,-0.66323036,-0.0066323036
2015-11-18,827.35,827.35,819.48,822.86,2090196400.0,-0.47292476,-0.0047292476
2015-11-19,822.83,822.83,806.16,810.35,2851718200.0,-1.52030722,-0.0152030722
2015-11-20,808.71,816.43,807.76,812.6,2906287800.0,0.2776578,0.002776578
2015-11-23,813.26,813.26,801.83,805.9,3507094800.0,-0.82451391,-0.0082451391
2015-11-24,806.63,820.09,806.63,818.59,3276941000.0,1.57463705,0.0157463705
2015-11-25,818.79,828.29,818.79,825.96,3025526600.0,0.90032861,0.0090032861
2015-11-26,824.59,847.4,824.59,833.65,3753438800.0,0.93103782,0.0093103782
2015-11-27,833.4,836.97,826.27,828.89,2458320800.0,-0.57098303,-0.0057098303
2015-11-30,827.41,827.41,817.25,821.47,2396169800.0,-0.89517306,-0.008951730599999999
2015-12-01,822.15,831.25,822.15,828.52,2502750400.0,0.85821759,0.008582175899999999
2015-12-02,827.98,839.1,827.98,832.97,2829781400.0,0.5371023,0.005371023
2015-12-03,831.55,831.55,823.0,824.3,2312362000.0,-1.04085381,-0.0104085381
2015-12-04,825.3,827.71,819.9,825.02,2560971600.0,0.08734684,0.0008734684
2015-12-07,826.38,837.74,826.38,837.33,2383875400.0,1.49208504,0.014920850400000001
2015-12-08,835.08,835.08,819.1,821.58,2354405600.0,-1.88097883,-0.0188097883
2015-12-09,820.71,825.46,819.35,821.6,2050131600.0,0.00243433,2.43433e-05
2015-12-10,817.81,822.18,816.58,817.81,1969334800.0,-0.46129503,-0.0046129503
2015-12-11,817.3,829.04,817.3,828.87,1999427400.0,1.35239236,0.013523923600000001
2015-12-14,827.25,832.94,823.66,831.13,2245394600.0,0.27266037,0.0027266037
2015-12-15,829.31,837.8,826.43,826.63,2511718600.0,-0.54143155,-0.0054143155
2015-12-16,826.25,830.34,825.44,829.58,1683666600.0,0.35687067,0.0035687067
2015-12-17,829.53,836.32,825.87,826.35,2507402200.0,-0.38935365,-0.0038935365
2015-12-18,826.0,838.15,826.0,838.05,2230162400.0,1.41586495,0.0141586495
2015-12-21,839.54,855.44,839.54,854.88,3138774800.0,2.0082334,0.020082334
2015-12-22,854.22,854.6,848.76,853.47,2595851800.0,-0.16493543,-0.0016493543
2015-12-23,852.69,852.69,844.2,850.01,2186294600.0,-0.40540382,-0.0040540382
2015-12-24,850.42,855.35,848.72,849.33,2367491800.0,-0.07999906,-0.0007999906
2015-12-25,849.22,852.12,848.67,851.48,1404161800.0,0.25314071,0.0025314071
2015-12-28,851.09,852.26,843.45,843.91,1830078200.0,-0.88904026,-0.0088904026
2015-12-29,843.09,856.78,843.09,856.72,2451530600.0,1.51793438,0.0151793438
2015-12-30,857.07,866.05,857.07,861.04,2933152600.0,0.50424876,0.005042487599999999
2015-12-31,860.61,867.37,860.28,862.03,2389491000.0,0.11497724,0.0011497724
2016-01-04,865.34,865.34,850.33,851.96,2221132400.0,-1.1681728,-0.011681728
2016-01-05,851.81,857.73,849.68,857.46,2238979200.0,0.64557021,0.0064557021
2016-01-06,856.5,856.5,847.73,849.22,2211294800.0,-0.96097777,-0.009609777699999999
2016-01-07,848.6,854.38,845.12,849.41,2384254600.0,0.02237347,0.0002237347
2016-01-08,848.23,850.68,846.45,847.98,2526958000.0,-0.16835215,-0.0016835215
2016-01-11,847.1,847.1,838.24,838.24,2271101600.0,-1.148612,-0.011486119999999999
2016-01-12,837.98,837.98,828.63,829.26,2308182600.0,-1.07129223,-0.0107129223
2016-01-13,829.5,834.76,828.85,831.26,2154398400.0,0.24117888,0.0024117888
2016-01-14,831.62,836.82,827.22,836.13,2203629000.0,0.58585761,0.0058585761
2016-01-15,835.52,841.52,834.63,835.54,2337245000.0,-0.07056319,-0.0007056319
2016-01-18,834.02,852.87,834.02,850.76,3246061400.0,1.82157647,0.018215764699999998
2016-01-19,850.56,859.83,847.9,858.15,2520368400.0,0.8686351,0.008686351
2016-01-20,857.73,857.73,848.67,850.83,2319634200.0,-0.85299773,-0.0085299773
2016-01-21,850.6,854.35,847.22,848.37,2376028800.0,-0.28912944,-0.0028912944
2016-01-22,849.41,859.99,849.41,856.74,2715346400.0,0.98659783,0.0098659783
2016-01-25,858.41,861.18,853.21,854.85,2269660000.0,-0.22060368,-0.0022060368
2016-01-26,854.05,858.86,853.04,857.75,1890571200.0,0.3392408,0.003392408
2016-01-27,859.44,867.91,859.44,867.8,2532650400.0,1.17167007,0.0117167007
2016-01-28,867.14,867.14,858.55,859.03,2301201000.0,-1.01060152,-0.0101060152
2016-01-29,859.1,859.48,854.32,857.56,2191678800.0,-0.17112324,-0.0017112324000000002
2016-02-01,857.68,864.36,857.04,859.25,1971729400.0,0.19707076,0.0019707076
2016-02-02,859.48,862.36,857.33,861.98,1664241000.0,0.31771894,0.0031771894
2016-02-03,862.81,864.6,858.21,863.57,1495822600.0,0.18445904,0.0018445903999999998
2016-02-04,864.96,875.69,864.96,875.04,1784398400.0,1.32820733,0.013282073299999999
2016-02-05,874.64,874.64,867.18,871.02,1277803400.0,-0.45940757,-0.0045940757
2016-02-15,868.97,878.02,867.05,875.24,1251710800.0,0.48448945,0.0048448944999999995
2016-02-16,874.97,880.01,874.18,876.21,1590700400.0,0.11082674,0.0011082674000000002
2016-02-17,876.57,878.4,871.5,872.68,1713807000.0,-0.40287146,-0.0040287146
2016-02-18,873.62,879.09,873.62,876.51,1522734000.0,0.43887794,0.0043887794
2016-02-19,876.82,886.37,874.27,885.56,2253585200.0,1.03250391,0.010325039099999999
2016-02-22,885.29,898.57,885.29,897.99,2481708400.0,1.4036316,0.014036316
2016-02-23,897.91,901.44,892.58,895.89,2355261400.0,-0.23385561,-0.0023385561
2016-02-24,896.13,896.72,892.06,895.68,2487344800.0,-0.02344038,-0.0002344038
2016-02-25,895.61,901.95,892.18,894.21,2484529600.0,-0.16412111,-0.0016412110999999999
2016-02-26,894.81,894.81,885.98,889.85,2452069400.0,-0.48758122,-0.004875812199999999
2016-02-29,891.26,891.26,883.27,890.15,2989555000.0,0.03371355,0.0003371355
2016-03-01,893.01,899.53,889.31,897.4,3114509600.0,0.81446947,0.0081446947
2016-03-02,898.15,904.93,896.7,902.51,3070546200.0,0.56942278,0.0056942278
2016-03-03,902.1,907.47,902.0,903.72,2741560200.0,0.13407054,0.0013407054
2016-03-04,904.46,919.0,904.46,918.98,3492073200.0,1.68857611,0.0168857611
2016-03-07,921.39,946.79,921.39,937.13,3646717200.0,1.97501578,0.0197501578
2016-03-08,952.0,954.65,926.76,942.69,4108436000.0,0.59330082,0.005933008199999999
2016-03-09,940.75,940.75,919.25,930.78,4506822400.0,-1.26340579,-0.0126340579
2016-03-10,933.14,943.34,927.49,928.85,4933334800.0,-0.20735297,-0.0020735297
2016-03-11,927.53,938.46,927.53,932.07,3490174400.0,0.34666523,0.0034666523
2016-03-14,930.02,949.39,928.62,928.69,3841138000.0,-0.36263371,-0.0036263371
2016-03-15,928.92,931.53,920.35,920.88,3218853000.0,-0.84096954,-0.0084096954
2016-03-16,920.21,928.54,920.21,928.42,2768177200.0,0.81878203,0.0081878203
2016-03-17,928.79,943.96,928.79,943.82,3519008000.0,1.65873204,0.0165873204
2016-03-18,944.52,963.58,944.52,956.04,4687850800.0,1.2947384,0.012947384
2016-03-21,955.1,968.42,952.06,955.66,4607670000.0,-0.03974729,-0.0003974729
2016-03-22,956.66,963.37,954.81,956.86,3907622800.0,0.12556767,0.0012556766999999999
2016-03-23,956.8,968.3,953.87,953.97,4509020800.0,-0.30202956,-0.0030202956
2016-03-24,951.89,951.89,937.6,939.12,5012124400.0,-1.55665272,-0.0155665272
2016-03-25,937.6,950.11,937.6,949.93,4004176800.0,1.1510776,0.011510776
2016-03-28,951.08,956.28,941.22,941.22,4386127600.0,-0.91690967,-0.0091690967
2016-03-29,943.48,949.64,937.75,940.78,3824592000.0,-0.04674784,-0.0004674784
2016-03-30,941.93,942.3,934.19,938.01,4019972800.0,-0.29443653,-0.0029443652999999997
2016-03-31,937.93,939.16,929.88,939.03,3434261600.0,0.10874084,0.0010874084000000001
2016-04-01,940.04,950.47,940.04,950.23,3610880800.0,1.19272015,0.0119272015
2016-04-05,947.07,951.09,940.48,949.64,2446025400.0,-0.06209023,-0.0006209023
2016-04-06,948.82,948.83,939.77,943.2,2836520600.0,-0.67815172,-0.0067815172
2016-04-07,942.24,948.82,942.24,944.2,2481224000.0,0.10602205,0.0010602205000000001
2016-04-08,942.67,942.67,937.21,941.01,2562421200.0,-0.33785215,-0.0033785215000000004
2016-04-11,942.67,965.92,942.67,959.82,4002920000.0,1.99891606,0.0199891606
2016-04-12,960.83,977.54,960.83,977.43,3831431200.0,1.83471901,0.0183471901
2016-04-13,981.53,1009.36,981.53,991.36,5640432800.0,1.425166,0.01425166
2016-04-14,991.71,998.99,988.46,992.86,4138405600.0,0.1513073,0.001513073
2016-04-15,994.02,996.67,980.12,981.57,4039382000.0,-1.13711903,-0.0113711903
2016-04-18,978.69,1010.04,978.69,1001.5,4318526800.0,2.03042065,0.020304206499999998
2016-04-19,1007.37,1017.14,1003.2,1016.96,4617676800.0,1.54368447,0.0154368447
2016-04-20,1019.48,1044.7,1019.48,1042.37,5752036400.0,2.49862335,0.0249862335
2016-04-21,1042.97,1080.86,1042.97,1073.21,6528248000.0,2.95864232,0.0295864232
2016-04-22,1075.65,1075.65,1049.33,1053.88,6392864000.0,-1.80113864,-0.0180113864
2016-04-25,1054.71,1068.1,1052.14,1066.34,5596634800.0,1.18229779,0.0118229779
2016-04-26,1064.89,1076.47,1046.92,1057.16,4575319200.0,-0.86088865,-0.008608886500000001
2016-04-27,1059.05,1062.97,1039.21,1047.1,4053880800.0,-0.95160619,-0.009516061900000001
2016-04-28,1046.62,1046.62,1031.46,1038.48,3649036800.0,-0.82322605,-0.0082322605
2016-04-29,1040.64,1056.57,1040.64,1054.23,3176858800.0,1.5166397,0.015166397
2016-05-03,1052.95,1053.94,1033.54,1046.39,2162440400.0,-0.74367074,-0.0074367074
2016-05-04,1041.58,1041.58,1023.87,1032.98,2806785800.0,-1.28154894,-0.0128154894
2016-05-05,1034.48,1035.71,1015.51,1017.08,2791784400.0,-1.539236,-0.01539236
2016-05-06,1017.77,1017.77,997.79,1006.65,3266250800.0,-1.02548472,-0.010254847199999998
2016-05-09,1008.39,1008.39,977.55,982.43,3408461600.0,-2.4060001,-0.024060001
2016-05-10,978.03,986.05,967.68,983.53,3147610600.0,0.11196726,0.0011196726
2016-05-11,983.73,996.36,982.03,989.05,2844200000.0,0.56124368,0.0056124368
2016-05-12,991.48,998.64,985.15,985.37,3345185200.0,-0.37207421,-0.0037207421
2016-05-13,984.17,984.17,953.67,962.99,3708713600.0,-2.27122807,-0.022712280699999997
2016-05-16,960.5,976.35,960.5,967.58,3021394600.0,0.47664046,0.0047664045999999995
2016-05-17,968.19,987.37,968.19,986.19,2610394400.0,1.92335517,0.0192335517
2016-05-18,984.73,994.61,967.96,971.35,3799266400.0,-1.50478103,-0.015047810299999999
2016-05-19,970.58,978.67,960.69,965.71,3064131800.0,-0.5806352,-0.005806352
2016-05-20,963.64,975.71,963.64,972.79,2652943800.0,0.73313935,0.0073313935
2016-05-23,974.43,974.43,936.19,943.57,3271655600.0,-3.00373154,-0.0300373154
2016-05-24,943.5,943.5,930.96,934.07,2811973000.0,-1.00681454,-0.010068145399999999
2016-05-25,936.18,940.31,928.62,931.17,3009108800.0,-0.31046924,-0.0031046923999999997
2016-05-26,933.38,952.4,933.38,951.68,3086836000.0,2.20260532,0.0220260532
2016-05-27,951.94,959.01,935.68,954.18,3680600000.0,0.26269334,0.0026269334
2016-05-30,953.57,958.95,941.94,957.41,3511220000.0,0.33851055,0.0033851055000000004
2016-05-31,957.96,964.42,954.52,954.7,2785773200.0,-0.28305533,-0.0028305533
2016-06-01,958.3344,963.6489,944.0625,953.7402,2752470700.0,-0.1005342,-0.001005342
2016-06-02,950.3121,965.4564,943.4929,955.1075,2771736000.0,0.14336189,0.0014336188999999999
2016-06-03,956.6867,973.2208,953.3039,963.6838,2853231500.0,0.89794081,0.0089794081
2016-06-06,975.3409,990.257,965.3616,977.5743,3058613300.0,1.44139603,0.014413960299999999
2016-06-07,988.085,996.9424,978.8065,987.3741,2827287200.0,1.00246089,0.0100246089
2016-06-08,984.0566,993.9717,974.0041,984.169,2695534800.0,-0.32460847,-0.0032460847
2016-06-13,988.0371,1008.9409,980.0775,997.0829,2245661600.0,1.31216285,0.0131216285
2016-06-14,998.2447,1007.5116,976.7883,991.5359,3350530400.0,-0.55632285,-0.0055632285000000005
2016-06-15,979.7144,989.7006,973.0253,981.0002,2911110900.0,-1.06256364,-0.010625636400000001
2016-06-16,987.9986,1000.0476,975.9667,987.7943,3129136900.0,0.69256867,0.0069256867
2016-06-17,983.8486,998.7257,973.322,985.4752,3074348700.0,-0.2347756,-0.002347756
2016-06-20,998.9228,1008.4407,990.6054,998.9321,2682034400.0,1.36552396,0.0136552396
2016-06-21,998.5577,1012.9038,991.4603,1002.3126,2681833400.0,0.33841139,0.0033841138999999997
2016-06-22,996.5284,1016.2799,991.7437,1004.6035,2692857300.0,0.22856143,0.0022856143
2016-06-23,1013.7844,1021.648,1005.2817,1013.5774,2794509600.0,0.8932778,0.008932778
2016-06-24,1014.961,1028.5323,998.8263,1009.3736,3696574800.0,-0.41474879,-0.0041474879
2016-06-27,1010.5664,1048.1584,1007.5263,1045.4253,3139073100.0,3.5716904,0.035716904
2016-06-28,1043.5992,1064.105,1035.207,1058.2241,3304686800.0,1.22426729,0.0122426729
2016-06-29,1059.9806,1070.4584,1044.3109,1056.315,3355632400.0,-0.18040602,-0.0018040602
2016-06-30,1056.3576,1082.3262,1052.3157,1074.3693,3572045100.0,1.70917766,0.0170917766
2016-07-01,1073.9129,1091.2923,1059.0073,1076.3638,3541493900.0,0.1856438,0.001856438
2016-07-04,1079.362,1119.9471,1076.1385,1110.3386,4073176600.0,3.15644209,0.0315644209
2016-07-05,1113.3734,1123.1694,1069.2559,1097.3091,4203041200.0,-1.17347087,-0.0117347087
2016-07-06,1092.2709,1107.6681,1060.3562,1079.1108,4515561900.0,-1.65844793,-0.0165844793
2016-07-07,1071.8558,1094.772,1061.0479,1069.8664,3863334800.0,-0.85666829,-0.0085666829
2016-07-08,1069.0361,1078.2174,1042.5083,1058.2239,3979583100.0,-1.08821999,-0.0108821999
2016-07-11,1060.17,1072.96,1058.1,1069.37,3283844600.0,1.05328371,0.010532837100000001
2016-07-12,1070.08,1094.48,1069.9,1093.72,3360760000.0,2.27704162,0.022770416199999997
2016-07-13,1096.11,1119.56,1096.11,1100.92,3966418000.0,0.65830377,0.0065830377
2016-07-14,1102.29,1106.09,1090.15,1105.99,3045460200.0,0.46052393,0.0046052393
2016-07-15,1104.16,1104.23,1093.28,1102.99,2955436600.0,-0.27125019,-0.0027125019
2016-07-18,1103.18,1103.18,1070.65,1074.04,3097303200.0,-2.62468381,-0.0262468381
2016-07-19,1073.79,1083.47,1064.21,1073.83,3168923000.0,-0.01955234,-0.00019552340000000002
2016-07-20,1073.92,1082.75,1065.36,1072.24,2978047000.0,-0.14806813,-0.0014806812999999999
2016-07-21,1070.0,1094.04,1069.37,1090.45,3023917000.0,1.69831381,0.0169831381
2016-07-22,1090.03,1091.23,1072.33,1073.49,3067616200.0,-1.5553212,-0.015553212
2016-07-25,1074.12,1080.35,1067.09,1077.7,2771928800.0,0.39217878,0.0039217878
2016-07-26,1077.28,1077.28,1067.32,1076.75,2503362400.0,-0.08815069,-0.0008815069000000001
2016-07-27,1076.38,1091.45,1076.08,1085.16,2762249200.0,0.7810541,0.007810541
2016-07-28,1084.88,1099.15,1084.88,1095.87,3025817200.0,0.98695123,0.0098695123
2016-07-29,1095.89,1097.45,1077.8,1079.34,2652287200.0,-1.50839059,-0.015083905900000001
2016-08-01,1079.34,1107.4,1079.34,1104.47,2683413800.0,2.32827469,0.0232827469
2016-08-02,1101.89,1106.05,1096.53,1104.17,2335193800.0,-0.02716235,-0.0002716235
2016-08-03,1105.71,1105.71,1098.51,1103.02,2200600400.0,-0.10415063,-0.0010415062999999999
2016-08-04,1103.31,1104.85,1084.09,1094.06,2699470000.0,-0.81231528,-0.0081231528
2016-08-05,1095.03,1111.55,1095.03,1110.96,2510823400.0,1.54470504,0.0154470504
2016-08-08,1108.72,1121.4,1108.43,1118.12,2419425400.0,0.64448765,0.006444876499999999
2016-08-09,1118.81,1123.08,1105.04,1114.43,2314669000.0,-0.33001824,-0.0033001824
2016-08-10,1113.59,1121.86,1107.37,1114.51,2408479200.0,0.00717856,7.178559999999999e-05
2016-08-11,1116.68,1116.68,1101.6,1108.23,2254343200.0,-0.56347633,-0.0056347633
2016-08-12,1109.62,1115.43,1107.27,1113.84,2019752800.0,0.50621261,0.0050621261
2016-08-15,1111.39,1114.58,1098.25,1111.95,2487921800.0,-0.16968326,-0.0016968326
2016-08-16,1112.55,1130.01,1112.55,1124.42,2409239600.0,1.1214533,0.011214533
2016-08-17,1124.75,1130.97,1118.48,1118.96,2292817200.0,-0.48558368,-0.0048558368
2016-08-18,1119.0,1130.61,1116.75,1122.48,2391486400.0,0.31457782,0.0031457782
2016-08-19,1124.17,1127.27,1117.16,1124.31,2251873600.0,0.16303186,0.0016303186
2016-08-22,1122.76,1125.84,1113.58,1113.83,2169398200.0,-0.93212726,-0.0093212726
2016-08-23,1113.32,1124.65,1113.32,1122.14,1817104800.0,0.74607436,0.007460743600000001
2016-08-24,1122.85,1123.76,1117.18,1118.52,1795165000.0,-0.32259789,-0.0032259789
2016-08-25,1117.01,1117.01,1091.31,1105.53,2749430000.0,-1.16135608,-0.0116135608
2016-08-26,1104.98,1104.98,1097.06,1097.47,2121251600.0,-0.72906208,-0.0072906208
2016-08-29,1097.89,1097.89,1084.74,1089.24,2278336800.0,-0.7499066,-0.0074990659999999995
2016-08-30,1089.5,1093.86,1084.19,1085.35,1909651200.0,-0.35712974,-0.0035712974
2016-08-31,1085.97,1089.06,1073.93,1074.25,2088984200.0,-1.02271157,-0.0102271157
2016-09-01,1073.9,1082.87,1070.1,1080.75,1938872800.0,0.60507331,0.0060507331
2016-09-02,1080.39,1095.63,1080.39,1086.11,2290521200.0,0.49595189,0.0049595189
2016-09-05,1089.31,1099.75,1089.31,1094.58,2142297600.0,0.77984735,0.007798473500000001
2016-09-06,1095.19,1101.84,1095.19,1101.58,1805124400.0,0.6395147,0.006395147
2016-09-07,1102.17,1102.17,1088.67,1091.64,2323449200.0,-0.90234027,-0.0090234027
2016-09-08,1092.21,1098.48,1088.65,1094.59,1970965800.0,0.27023561,0.0027023561
2016-09-09,1094.73,1094.73,1087.06,1091.54,1875789000.0,-0.27864314,-0.0027864314
2016-09-12,1090.27,1090.27,1070.05,1070.73,2296967200.0,-1.90648075,-0.0190648075
2016-09-13,1071.27,1080.1,1066.93,1071.29,1989129200.0,0.05230077,0.0005230077
2016-09-14,1070.27,1070.71,1062.92,1068.6,1696224400.0,-0.25109914,-0.0025109914
2016-09-19,1067.45,1082.76,1066.87,1082.0,1293756800.0,1.25397717,0.0125397717
2016-09-20,1082.54,1094.04,1082.54,1092.13,2047587800.0,0.93622921,0.0093622921
2016-09-21,1092.79,1097.86,1088.78,1095.7,1964469200.0,0.32688416,0.0032688416
2016-09-22,1097.33,1116.08,1097.33,1100.5,2711170000.0,0.43807612,0.0043807612000000004
2016-09-23,1103.31,1106.91,1097.48,1105.83,1901510000.0,0.48432531,0.0048432531
2016-09-26,1105.85,1112.89,1102.17,1106.38,1929137000.0,0.0497364,0.000497364
2016-09-27,1106.87,1106.87,1095.18,1101.83,2012683800.0,-0.41125111,-0.0041125111
2016-09-28,1100.7,1103.13,1095.81,1102.59,1866578000.0,0.06897616,0.0006897616
2016-09-29,1104.19,1120.43,1104.19,1106.71,2156669800.0,0.37366564,0.0037366564000000002
2016-09-30,1106.51,1106.54,1097.7,1103.13,1525996800.0,-0.32348131,-0.0032348131
2016-10-10,1103.9,1112.54,1095.78,1112.35,1347713600.0,0.83580358,0.0083580358
2016-10-11,1114.15,1127.06,1114.15,1127.03,2172143600.0,1.3197285,0.013197285000000001
2016-10-12,1124.78,1128.62,1119.58,1127.94,1994381600.0,0.08074319,0.0008074319
2016-10-13,1128.25,1129.1,1118.29,1121.48,2096635600.0,-0.5727255,-0.005727255
2016-10-14,1120.48,1137.3,1120.48,1131.7,2050775600.0,0.91129579,0.009112957900000001
2016-10-17,1130.37,1144.77,1130.37,1141.73,2292409400.0,0.88627728,0.0088627728
2016-10-18,1142.04,1149.16,1133.69,1149.09,1961004200.0,0.64463577,0.0064463577000000005
2016-10-19,1148.21,1161.25,1136.92,1144.15,2640921800.0,-0.4299054,-0.004299054
2016-10-20,1145.72,1156.34,1145.72,1151.94,2394662800.0,0.68085478,0.0068085478
2016-10-21,1150.38,1150.38,1138.38,1150.11,2100460000.0,-0.15886244,-0.0015886244
2016-10-24,1150.33,1164.87,1147.04,1163.66,2046385800.0,1.17814818,0.0117814818
2016-10-25,1165.8,1189.87,1165.58,1184.21,2639829000.0,1.76597975,0.0176597975
2016-10-26,1185.36,1185.84,1174.13,1185.64,2685578400.0,0.12075561,0.0012075561
2016-10-27,1185.22,1192.24,1174.17,1184.3,2373733400.0,-0.11301913,-0.0011301913
2016-10-28,1185.64,1203.82,1185.64,1203.37,2154025600.0,1.61023389,0.0161023389
2016-10-31,1202.92,1216.12,1201.15,1214.09,2397449000.0,0.89083158,0.0089083158
2016-11-01,1212.01,1219.93,1203.29,1212.34,2306315400.0,-0.14414088,-0.0014414088
2016-11-02,1214.04,1220.38,1197.57,1199.58,2465726600.0,-1.05251002,-0.0105251002
2016-11-03,1201.63,1212.79,1201.63,1212.63,1849803600.0,1.08788076,0.0108788076
2016-11-04,1213.43,1225.01,1208.42,1211.46,2476002000.0,-0.0964845,-0.000964845
2016-11-07,1214.53,1252.51,1214.53,1244.07,2646718400.0,2.69179337,0.0269179337
2016-11-08,1245.83,1260.22,1238.09,1251.07,2859901600.0,0.5626693,0.005626693
2016-11-09,1251.18,1290.36,1251.18,1287.1,3128717000.0,2.87993478,0.0287993478
2016-11-10,1292.31,1318.23,1291.58,1314.56,3875834000.0,2.13347836,0.021334783599999997
2016-11-11,1321.05,1351.75,1321.05,1350.79,3562507600.0,2.75605526,0.0275605526
2016-11-14,1350.76,1350.76,1289.85,1304.38,4314912800.0,-3.43576722,-0.034357672199999995
2016-11-15,1305.2,1323.25,1273.25,1278.5,2416944600.0,-1.98408439,-0.019840843900000002
2016-11-16,1278.72,1296.98,1274.5,1296.56,2217770800.0,1.41259288,0.0141259288
2016-11-17,1294.34,1294.34,1277.49,1290.97,1981441200.0,-0.43114087,-0.0043114087
2016-11-18,1293.6,1293.6,1266.61,1276.93,1869129000.0,-1.08755432,-0.010875543199999999
2016-11-21,1278.27,1306.57,1265.54,1297.42,2309657600.0,1.60462985,0.0160462985
2016-11-22,1301.22,1340.27,1301.22,1334.55,2392787600.0,2.86183348,0.0286183348
2016-11-23,1333.12,1344.87,1327.23,1335.5,2223175200.0,0.07118504,0.0007118504
2016-11-24,1334.81,1369.96,1334.81,1345.45,3040249600.0,0.74503931,0.0074503931
2016-11-25,1342.7,1361.82,1336.3,1360.06,2340967800.0,1.08588205,0.0108588205
2016-11-28,1359.67,1396.05,1359.67,1390.78,2712842400.0,2.25872388,0.0225872388
2016-11-29,1390.71,1390.71,1347.53,1349.35,2641333000.0,-2.97890392,-0.0297890392
2016-11-30,1346.45,1346.45,1311.35,1322.69,2391111400.0,-1.97576611,-0.0197576611
2016-12-01,1330.71,1359.68,1328.25,1349.13,2627405800.0,1.99895667,0.019989566700000003
2016-12-02,1348.88,1348.88,1319.97,1338.85,2491094800.0,-0.76197253,-0.0076197253
2016-12-05,1337.6,1371.14,1334.38,1365.54,2256306200.0,1.99350189,0.0199350189
2016-12-06,1367.24,1379.17,1361.4,1367.66,1858557600.0,0.15524994,0.0015524994
2016-12-07,1368.38,1406.68,1368.38,1404.35,2094356800.0,2.68268429,0.0268268429
2016-12-08,1403.37,1403.37,1380.49,1391.56,2044759200.0,-0.91074162,-0.009107416200000001
2016-12-09,1391.03,1394.54,1360.72,1388.15,2562569200.0,-0.24504872,-0.0024504872
2016-12-12,1391.27,1426.42,1391.27,1401.86,2214644600.0,0.98764543,0.0098764543
2016-12-13,1400.92,1415.35,1397.87,1415.35,1756794800.0,0.96229295,0.0096229295
2016-12-14,1416.98,1416.98,1385.6,1398.38,2331156600.0,-1.19899671,-0.0119899671
2016-12-15,1398.17,1408.05,1387.78,1401.72,2133588200.0,0.23884781,0.0023884781
2016-12-16,1397.74,1406.34,1383.7,1384.04,1896051800.0,-1.26130754,-0.0126130754
2016-12-19,1381.97,1383.63,1359.8,1360.0,1940414600.0,-1.73694402,-0.0173694402
2016-12-20,1357.01,1358.36,1333.99,1341.94,2130211600.0,-1.32794118,-0.0132794118
2016-12-21,1343.62,1352.48,1334.26,1348.07,1621543000.0,0.45680135,0.0045680135
2016-12-22,1346.93,1348.38,1314.07,1314.22,1635849200.0,-2.5109972,-0.025109971999999998
2016-12-23,1314.3,1325.11,1305.99,1314.46,1792997800.0,0.01826178,0.0001826178
2016-12-26,1313.49,1313.49,1272.41,1293.15,1995362200.0,-1.62119806,-0.0162119806
2016-12-27,1293.15,1313.45,1286.6,1311.55,1606922200.0,1.42288211,0.0142288211
2016-12-28,1314.22,1336.38,1313.71,1316.42,1966877000.0,0.37131638,0.0037131638
2016-12-29,1315.86,1326.74,1311.53,1321.85,1682158200.0,0.41248234,0.0041248234
2016-12-30,1319.51,1319.51,1303.17,1304.58,1540228000.0,-1.30650225,-0.0130650225
2017-01-03,1306.09,1321.82,1291.41,1292.61,1231957200.0,-0.91753668,-0.0091753668
2017-01-04,1295.28,1304.5,1280.02,1299.11,1790842200.0,0.50285856,0.0050285856
2017-01-05,1299.22,1312.26,1296.81,1300.71,1508872600.0,0.12316124,0.0012316124000000001
2017-01-06,1300.76,1311.13,1288.53,1290.73,1500285800.0,-0.76727326,-0.007672732599999999
2017-01-09,1291.48,1322.45,1291.42,1322.41,1475986200.0,2.45442502,0.0245442502
2017-01-10,1321.06,1345.84,1316.39,1343.68,1683026000.0,1.60842704,0.0160842704
2017-01-11,1346.68,1357.57,1343.51,1353.61,1756576600.0,0.73901524,0.0073901524
2017-01-12,1352.39,1369.47,1352.39,1361.66,1688355000.0,0.59470601,0.0059470601
2017-01-13,1363.02,1372.96,1359.61,1367.51,1619211200.0,0.42962267,0.0042962267
2017-01-16,1369.91,1417.55,1369.91,1410.21,1874815400.0,3.12246346,0.031224634600000002
2017-01-17,1408.62,1408.62,1373.32,1384.39,1628553200.0,-1.83093298,-0.0183093298
2017-01-18,1386.98,1391.79,1377.68,1387.32,1634039200.0,0.21164556,0.0021164556
2017-01-19,1383.98,1388.52,1373.09,1384.73,1523985200.0,-0.18669089,-0.0018669089
2017-01-20,1384.24,1384.24,1360.58,1360.74,1564015800.0,-1.7324677,-0.017324677
2017-01-23,1363.24,1377.06,1361.69,1368.45,1416723600.0,0.56660347,0.0056660347
2017-01-24,1366.96,1397.11,1366.96,1388.61,1321702200.0,1.47319961,0.0147319961
2017-01-25,1392.22,1393.3,1380.26,1389.24,1187626800.0,0.04536911,0.00045369109999999997
2017-01-26,1387.14,1407.63,1387.14,1406.75,964874200.0,1.26040137,0.012604013700000001
2017-02-03,1410.44,1410.44,1362.02,1368.89,1005630400.0,-2.69130976,-0.0269130976
2017-02-06,1368.01,1377.52,1364.62,1368.57,1455802200.0,-0.0233766,-0.000233766
2017-02-07,1369.84,1385.71,1369.84,1381.6,1266106400.0,0.95208868,0.0095208868
2017-02-08,1379.59,1399.04,1378.15,1393.83,1555937600.0,0.88520556,0.008852055599999999
2017-02-09,1394.71,1401.71,1384.79,1386.47,1359660000.0,-0.52804144,-0.0052804144
2017-02-10,1387.19,1420.95,1386.49,1411.07,1843168200.0,1.7742901,0.017742901
2017-02-13,1413.96,1450.61,1413.96,1448.18,2088979000.0,2.62991914,0.0262991914
2017-02-14,1447.18,1449.32,1435.64,1448.47,1516202600.0,0.02002513,0.0002002513
2017-02-15,1448.08,1448.08,1423.24,1423.31,1994781600.0,-1.73700525,-0.0173700525
2017-02-16,1423.21,1446.15,1408.58,1409.25,2179660600.0,-0.98783821,-0.009878382100000001
2017-02-17,1409.43,1426.77,1406.03,1413.38,1999588400.0,0.29306369,0.0029306369
2017-02-20,1414.29,1424.77,1405.01,1424.26,1614969400.0,0.7697859,0.0076978590000000005
2017-02-21,1425.87,1440.82,1420.78,1424.36,1762695000.0,0.00702119,7.02119e-05
2017-02-22,1424.25,1424.25,1405.02,1411.94,1589289600.0,-0.87197057,-0.0087197057
2017-02-23,1410.53,1418.5,1385.63,1392.66,1855204600.0,-1.36549712,-0.0136549712
2017-02-24,1394.39,1397.1,1372.76,1396.0,1849678200.0,0.23982882,0.0023982882
2017-02-27,1398.12,1418.18,1398.12,1406.31,1816971200.0,0.73853868,0.0073853868
2017-02-28,1405.92,1409.75,1388.71,1390.41,1691784200.0,-1.13061843,-0.0113061843
2017-03-01,1392.96,1413.95,1392.96,1407.68,1878138600.0,1.24207967,0.0124207967
2017-03-02,1409.98,1415.95,1404.2,1410.13,1546655200.0,0.17404524,0.0017404523999999999
2017-03-03,1407.23,1407.23,1384.41,1406.26,1867459800.0,-0.27444278,-0.0027444278
2017-03-06,1406.37,1411.03,1394.02,1397.57,1895596600.0,-0.61795116,-0.006179511600000001
2017-03-07,1395.99,1400.45,1388.17,1394.05,1494169800.0,-0.25186574,-0.0025186574000000002
2017-03-08,1389.81,1389.81,1364.29,1366.22,2089557000.0,-1.99634159,-0.0199634159
2017-03-09,1365.32,1365.32,1345.51,1354.35,1989321200.0,-0.86882054,-0.0086882054
2017-03-10,1351.61,1359.28,1343.32,1345.43,1816736400.0,-0.65861853,-0.0065861853
2017-03-13,1345.23,1372.22,1339.39,1372.1,2305591200.0,1.98226589,0.0198226589
2017-03-14,1370.68,1371.61,1359.67,1364.07,1733656200.0,-0.58523431,-0.005852343100000001
2017-03-15,1363.6,1386.51,1363.6,1379.34,2076249200.0,1.11944402,0.0111944402
2017-03-16,1381.58,1391.72,1373.58,1387.79,1811320600.0,0.61261183,0.0061261182999999995
2017-03-17,1388.57,1388.57,1377.62,1383.39,1564685600.0,-0.31705085,-0.0031705085
2017-03-20,1384.2,1394.54,1379.88,1385.49,1779970400.0,0.15180101,0.0015180100999999998
2017-03-21,1385.23,1385.23,1363.77,1368.19,1757632000.0,-1.24865571,-0.0124865571
2017-03-22,1365.14,1365.14,1345.08,1346.57,1952433400.0,-1.58018989,-0.0158018989
2017-03-23,1348.72,1360.31,1348.72,1352.3,1762572200.0,0.42552559,0.0042552559
2017-03-24,1352.41,1357.76,1346.32,1347.51,1791798400.0,-0.35421134,-0.0035421133999999996
2017-03-27,1346.61,1346.61,1312.81,1319.95,2011104800.0,-2.04525384,-0.0204525384
2017-03-28,1321.1,1334.68,1319.47,1321.48,1679767800.0,0.11591348,0.0011591348
2017-03-29,1327.97,1347.39,1327.97,1347.31,1865991200.0,1.95462663,0.0195462663
2017-03-30,1347.54,1351.02,1331.66,1335.25,1768099200.0,-0.89511694,-0.0089511694
2017-03-31,1338.57,1346.11,1326.22,1332.49,1928982800.0,-0.20670286,-0.0020670286
2017-04-05,1331.53,1362.56,1331.53,1351.87,1588666000.0,1.45441992,0.014544199200000002
2017-04-06,1354.33,1355.03,1346.66,1351.46,1724526800.0,-0.03032836,-0.0003032836
2017-04-07,1347.88,1347.88,1315.76,1322.9,2407739000.0,-2.11327009,-0.0211327009
2017-04-10,1321.87,1329.75,1313.35,1314.67,2124404000.0,-0.62211807,-0.0062211807
2017-04-11,1314.43,1315.68,1307.38,1307.49,1844579600.0,-0.54614466,-0.005461446599999999
2017-04-12,1306.79,1306.79,1284.94,1286.53,2207378800.0,-1.60307153,-0.0160307153
2017-04-13,1284.19,1303.72,1284.19,1294.93,1896901800.0,0.65291909,0.0065291909000000006
2017-04-14,1294.3,1302.89,1280.23,1286.61,2003057600.0,-0.64250577,-0.0064250576999999994
2017-04-17,1288.97,1300.52,1281.67,1287.29,2014744000.0,0.05285207,0.0005285207
2017-04-18,1288.38,1288.38,1266.44,1269.05,1848141000.0,-1.41693014,-0.0141693014
2017-04-19,1266.54,1269.7,1252.5,1266.92,1934679000.0,-0.16784209,-0.0016784209
2017-04-20,1266.14,1278.53,1247.36,1278.39,2377263000.0,0.90534525,0.0090534525
2017-04-21,1281.17,1295.77,1281.05,1285.7,2215177000.0,0.57181298,0.0057181298
2017-04-24,1284.44,1284.44,1264.15,1279.35,2161139800.0,-0.49389438,-0.004938943800000001
2017-04-25,1278.49,1282.6,1271.2,1275.07,1863521000.0,-0.33454489,-0.0033454489
2017-04-26,1274.95,1290.93,1273.19,1273.45,2027246200.0,-0.12705185,-0.0012705185
2017-04-27,1274.62,1282.56,1272.33,1282.4,1749032600.0,0.70281519,0.007028151900000001
2017-04-28,1283.16,1297.46,1283.16,1294.14,1994492800.0,0.91547099,0.0091547099
2017-05-02,1302.75,1309.46,1296.6,1306.89,1330191800.0,0.98521026,0.0098521026
2017-05-03,1305.98,1305.98,1294.72,1297.15,1510066600.0,-0.74528078,-0.0074528078
2017-05-04,1287.95,1287.95,1246.93,1255.24,2695096000.0,-3.23092935,-0.032309293499999996
2017-05-05,1250.34,1250.34,1235.3,1238.18,2317299200.0,-1.35910264,-0.0135910264
2017-05-08,1242.84,1260.02,1238.75,1243.58,2658943600.0,0.43612399,0.0043612399
2017-05-09,1242.49,1249.96,1239.93,1247.16,1708234200.0,0.28787854,0.0028787854
2017-05-10,1247.57,1254.58,1242.98,1249.09,2066786000.0,0.1547516,0.0015475159999999999
2017-05-11,1251.65,1257.76,1231.66,1255.56,2695949400.0,0.51797709,0.0051797709
2017-05-12,1256.57,1256.57,1239.2,1240.78,2329530000.0,-1.17716397,-0.011771639700000001
2017-05-15,1244.0,1256.76,1244.0,1254.85,2042684600.0,1.13396412,0.011339641199999998
2017-05-16,1259.03,1259.28,1248.19,1259.26,1839863400.0,0.35143643,0.0035143643000000004
2017-05-17,1260.35,1276.24,1259.6,1271.02,2237573200.0,0.9338818,0.009338818
2017-05-18,1271.46,1271.46,1255.56,1262.4,2134474200.0,-0.67819547,-0.0067819547
2017-05-19,1254.58,1285.72,1254.58,1282.62,2745000200.0,1.60171103,0.016017110299999998
2017-05-22,1287.36,1303.22,1287.36,1290.99,2590941800.0,0.65257052,0.006525705200000001
2017-05-23,1293.98,1300.32,1286.97,1288.06,1877881200.0,-0.22695761,-0.0022695761
2017-05-24,1289.19,1290.93,1261.97,1271.92,2491531000.0,-1.25304722,-0.0125304722
2017-05-25,1272.74,1284.4,1271.54,1272.34,2259476400.0,0.03302094,0.0003302094
2017-05-26,1269.3,1269.3,1260.82,1267.18,2067562400.0,-0.40555198,-0.0040555198
2017-05-31,1264.2,1268.42,1223.39,1223.39,1976260200.0,-3.45570479,-0.0345570479
2017-06-01,1225.09,1229.94,1219.58,1224.19,1973203600.0,0.06539207,0.0006539206999999999
2017-06-02,1225.0,1225.0,1214.88,1215.56,2191686200.0,-0.70495593,-0.0070495593
2017-06-05,1213.75,1227.07,1213.75,1219.12,2157608600.0,0.29286913,0.0029286913
2017-06-06,1216.48,1224.62,1213.97,1219.44,1844886000.0,0.02624844,0.00026248440000000003
2017-06-07,1217.86,1224.59,1217.45,1221.33,1776383200.0,0.15498918,0.0015498918000000001
2017-06-08,1220.59,1230.67,1212.35,1221.87,2155849000.0,0.04421409,0.0004421409
2017-06-09,1223.02,1230.69,1221.2,1224.95,1705879800.0,0.25207264,0.0025207264
2017-06-12,1226.62,1240.16,1226.62,1237.3,1821244200.0,1.00820442,0.0100820442
2017-06-13,1236.37,1236.37,1216.77,1217.01,1743377200.0,-1.63986099,-0.0163986099
2017-06-14,1216.05,1241.48,1216.05,1241.36,2081693800.0,2.00080525,0.020008052499999998
2017-06-15,1239.99,1240.54,1226.03,1234.74,2129073400.0,-0.53328607,-0.0053328607
2017-06-16,1233.45,1250.36,1233.45,1238.67,2072270200.0,0.31828563,0.0031828563
2017-06-19,1240.31,1257.97,1238.96,1248.14,1974558200.0,0.7645297,0.007645297
2017-06-20,1248.95,1252.94,1240.15,1245.61,1714715800.0,-0.20270162,-0.0020270162
2017-06-21,1240.32,1243.71,1234.2,1242.88,1752002200.0,-0.21916972,-0.0021916972000000003
2017-06-22,1246.48,1254.13,1235.48,1236.18,2051653600.0,-0.53907055,-0.005390705500000001
2017-06-23,1238.54,1251.07,1238.54,1250.33,1690468400.0,1.14465531,0.011446553100000001
2017-06-26,1250.33,1253.85,1246.7,1253.63,1514138800.0,0.26393032,0.0026393032
2017-06-27,1252.64,1268.78,1248.38,1268.68,1739520000.0,1.20051371,0.0120051371
2017-06-28,1270.24,1275.94,1266.22,1273.93,1787527000.0,0.41381593,0.0041381593
2017-06-29,1274.8,1302.96,1274.8,1295.11,2335872200.0,1.66257173,0.0166257173
2017-06-30,1293.91,1295.58,1282.54,1294.04,1963873400.0,-0.08261846,-0.0008261846000000001
2017-07-03,1293.0,1312.93,1293.0,1312.75,2066508600.0,1.44585948,0.0144585948
2017-07-04,1311.18,1311.18,1281.86,1286.17,2233139600.0,-2.02475719,-0.020247571899999997
2017-07-05,1287.59,1301.18,1287.59,1293.94,2153331200.0,0.60411921,0.0060411921
2017-07-06,1290.23,1298.53,1284.65,1297.88,2096063200.0,0.30449634,0.0030449633999999996
2017-07-07,1297.08,1304.29,1290.9,1303.19,1912457000.0,0.40912873,0.0040912872999999995
2017-07-10,1302.49,1310.79,1299.64,1301.52,2276839400.0,-0.12814709,-0.0012814709
2017-07-11,1302.21,1327.04,1302.21,1321.15,2412482600.0,1.50823652,0.015082365200000001
2017-07-12,1320.08,1336.15,1320.08,1325.61,2064396600.0,0.33758468,0.0033758468000000003
2017-07-13,1327.56,1334.74,1319.41,1332.01,2038444800.0,0.4827966,0.004827966
2017-07-14,1331.19,1331.19,1312.09,1321.47,2395487200.0,-0.79128535,-0.0079128535
2017-07-17,1325.02,1346.48,1325.02,1341.15,2219820600.0,1.48925061,0.014892506100000001
2017-07-18,1343.26,1355.56,1341.01,1346.23,2022084000.0,0.37877941,0.0037877940999999997
2017-07-19,1348.64,1365.81,1348.64,1364.02,1977605600.0,1.3214681,0.013214680999999999
2017-07-20,1365.47,1368.52,1353.95,1354.41,2515656800.0,-0.70453512,-0.007045351199999999
2017-07-21,1354.79,1361.76,1345.38,1360.1,2153481000.0,0.42010913,0.0042010913
2017-07-24,1360.43,1360.43,1335.09,1345.26,1985341800.0,-1.09109624,-0.0109109624
2017-07-25,1347.75,1365.09,1347.75,1363.02,2060938400.0,1.32019089,0.013201908899999998
2017-07-26,1366.41,1373.68,1354.46,1357.24,2423503000.0,-0.42405834,-0.0042405834
2017-07-27,1357.14,1367.02,1356.39,1365.56,1979086800.0,0.61300875,0.0061300875
2017-07-28,1367.41,1367.57,1346.53,1353.89,2282143600.0,-0.85459445,-0.0085459445
2017-07-31,1355.9,1387.11,1355.9,1385.33,2431617600.0,2.32219752,0.0232219752
2017-08-01,1384.85,1388.75,1379.41,1379.41,1870133800.0,-0.427335,-0.00427335
2017-08-02,1378.53,1383.11,1373.42,1381.12,2041045600.0,0.12396604,0.0012396604
2017-08-03,1380.71,1387.79,1373.89,1374.57,2164833800.0,-0.47425278,-0.0047425278
2017-08-04,1376.66,1391.65,1376.66,1388.48,2063059800.0,1.01195283,0.0101195283
2017-08-07,1388.7,1420.53,1388.7,1398.28,2905932400.0,0.70580779,0.0070580779
2017-08-08,1398.34,1413.64,1398.08,1404.43,2305125200.0,0.43982607,0.0043982607
2017-08-09,1406.57,1430.19,1406.57,1428.77,2511391200.0,1.73308744,0.0173308744
2017-08-10,1428.57,1430.73,1419.34,1427.58,2294200200.0,-0.08328842,-0.0008328842000000001
2017-08-11,1426.48,1426.48,1391.55,1402.52,2982944000.0,-1.75541826,-0.0175541826
2017-08-14,1403.73,1409.45,1394.34,1396.64,2045796200.0,-0.41924536,-0.0041924536
2017-08-15,1394.8,1397.85,1380.68,1395.04,1859423400.0,-0.11456066,-0.0011456066
2017-08-16,1393.26,1395.39,1385.9,1390.19,1536639000.0,-0.34766028,-0.0034766028
2017-08-17,1395.51,1433.96,1395.51,1428.29,2251287400.0,2.74063258,0.027406325800000002
2017-08-18,1425.72,1442.48,1419.95,1440.99,1682383600.0,0.88917517,0.0088917517
2017-08-21,1443.28,1461.04,1441.21,1455.06,2204162600.0,0.97641205,0.0097641205
2017-08-22,1456.17,1467.78,1444.55,1467.67,1891716400.0,0.86663093,0.008666309300000001
2017-08-23,1466.1,1466.1,1434.03,1448.54,2162401400.0,-1.30342652,-0.013034265199999999
2017-08-24,1449.71,1464.29,1449.71,1458.11,1895713800.0,0.66066522,0.0066066522
2017-08-25,1459.36,1477.92,1459.36,1472.5,1797126600.0,0.98689399,0.0098689399
2017-08-28,1470.49,1470.49,1450.07,1469.44,1920155800.0,-0.20780985,-0.0020780984999999997
2017-08-29,1469.94,1471.93,1447.14,1455.64,1831716600.0,-0.93913328,-0.009391332799999999
2017-08-30,1457.62,1457.62,1443.72,1451.47,1715949400.0,-0.28647193,-0.0028647193
2017-08-31,1449.79,1460.64,1440.97,1458.05,1789386800.0,0.45333352,0.0045333351999999995
2017-09-01,1459.25,1479.43,1459.25,1472.79,1904411000.0,1.01093927,0.010109392699999999
2017-09-04,1475.26,1496.49,1473.41,1473.43,2114669400.0,0.04345494,0.0004345494
2017-09-05,1473.56,1483.85,1470.3,1482.63,1528910000.0,0.62439342,0.0062439342
2017-09-06,1481.86,1485.19,1466.98,1472.84,1868237200.0,-0.66031309,-0.0066031309
2017-09-07,1481.86,1481.86,1458.84,1463.26,1854492200.0,-0.65044404,-0.0065044404
2017-09-08,1465.02,1476.56,1441.53,1447.17,2155737400.0,-1.09959952,-0.010995995199999999
2017-09-11,1445.75,1449.76,1426.88,1447.08,1878465400.0,-0.00621903,-6.21903e-05
2017-09-12,1449.7,1460.03,1445.89,1459.91,1735482800.0,0.88661304,0.0088661304
2017-09-13,1457.74,1463.42,1439.96,1442.8,2015451200.0,-1.17199005,-0.0117199005
2017-09-14,1441.52,1446.8,1423.13,1424.9,2021510000.0,-1.24064319,-0.012406431899999999
2017-09-15,1426.46,1429.01,1406.56,1410.68,1778600000.0,-0.99796477,-0.0099796477
2017-09-18,1403.05,1410.16,1392.5,1403.05,1904050000.0,-0.5408739,-0.005408739
2017-09-19,1402.22,1408.74,1391.12,1391.58,1592830000.0,-0.81750472,-0.0081750472
2017-09-20,1391.23,1404.03,1390.22,1398.29,1585390000.0,0.48218572,0.0048218572
2017-09-21,1398.79,1398.79,1366.03,1366.83,1961950000.0,-2.24989094,-0.0224989094
2017-09-22,1366.21,1369.23,1352.83,1357.15,1891720000.0,-0.70820804,-0.0070820804
2017-09-25,1359.64,1366.21,1346.89,1361.33,1617050000.0,0.30799838,0.0030799838
2017-09-26,1362.24,1373.45,1360.0,1363.33,1463900000.0,0.14691515,0.0014691514999999999
2017-09-27,1360.69,1369.67,1357.82,1366.96,1507640000.0,0.26625982,0.0026625981999999996
2017-09-28,1365.78,1365.78,1328.84,1333.69,2051280000.0,-2.43386785,-0.0243386785
2017-09-29,1335.22,1348.34,1335.14,1347.75,1541560000.0,1.054218,0.010542180000000002
2017-10-09,1358.55,1363.14,1335.8,1342.73,1151360000.0,-0.37247264,-0.0037247264000000004
2017-10-10,1341.95,1344.75,1329.61,1330.48,1506550000.0,-0.91232042,-0.0091232042
2017-10-11,1331.3,1342.03,1327.55,1327.88,1513480000.0,-0.19541819,-0.0019541819
2017-10-12,1328.11,1353.77,1327.03,1346.35,1861490000.0,1.39093894,0.013909389400000001
2017-10-13,1346.2,1374.37,1346.2,1373.53,1861760000.0,2.01879155,0.0201879155
2017-10-16,1375.23,1386.96,1367.93,1384.11,1953570000.0,0.77027804,0.0077027804
2017-10-17,1383.37,1383.37,1365.56,1370.72,1919640000.0,-0.96740866,-0.0096740866
2017-10-18,1370.04,1378.21,1365.55,1366.82,1557090000.0,-0.284522,-0.00284522
2017-10-19,1365.25,1365.25,1343.4,1343.94,1867120000.0,-1.67395853,-0.0167395853
2017-10-20,1343.61,1377.35,1343.61,1375.84,1774140000.0,2.37361787,0.0237361787
2017-10-23,1374.78,1374.78,1352.26,1356.57,2135800000.0,-1.40059891,-0.0140059891
2017-10-24,1357.55,1370.43,1357.55,1360.12,1643170000.0,0.26168941,0.0026168941000000003
2017-10-25,1360.78,1369.84,1351.17,1360.24,1810900000.0,0.00882275,8.82275e-05
2017-10-26,1360.52,1364.23,1353.36,1357.34,1568890000.0,-0.21319767,-0.0021319767
2017-10-27,1357.04,1357.38,1333.77,1337.63,1837150000.0,-1.45210485,-0.0145210485
2017-10-30,1335.01,1345.27,1332.89,1333.74,1474980000.0,-0.29081286,-0.0029081286
2017-10-31,1334.21,1339.13,1327.12,1334.1,1563390000.0,0.02699177,0.0002699177
2017-11-01,1333.72,1351.47,1333.72,1339.93,1572770000.0,0.43699873,0.0043699873
2017-11-02,1341.74,1361.19,1341.74,1357.76,1880010000.0,1.33066653,0.0133066653
2017-11-03,1356.2,1361.14,1351.61,1356.34,1548780000.0,-0.10458402,-0.0010458402
2017-11-06,1357.42,1381.97,1357.42,1380.85,1898190000.0,1.80706902,0.0180706902
2017-11-07,1381.77,1389.17,1375.33,1384.74,1491390000.0,0.28171054,0.0028171054
2017-11-08,1381.58,1384.89,1375.12,1380.6,1569140000.0,-0.29897309,-0.0029897308999999998
2017-11-09,1383.7,1401.57,1376.49,1382.18,2165480000.0,0.114443,0.00114443
2017-11-10,1381.34,1386.3,1378.53,1382.52,1777480000.0,0.02459882,0.0002459882
2017-11-13,1383.57,1390.34,1374.74,1389.26,1908060000.0,0.48751555,0.0048751555000000005
2017-11-14,1388.63,1396.98,1386.85,1393.34,1706520000.0,0.29368153,0.0029368153000000003
2017-11-15,1390.18,1390.18,1358.48,1364.59,2254550000.0,-2.06338726,-0.0206338726
2017-11-16,1366.29,1372.68,1364.94,1367.49,1689460000.0,0.21251805,0.0021251804999999997
2017-11-17,1369.45,1375.03,1365.65,1369.94,1685060000.0,0.17916036,0.0017916035999999999
2017-11-20,1371.65,1387.76,1371.65,1386.25,1816960000.0,1.19056309,0.011905630899999999
2017-11-21,1386.44,1395.67,1386.44,1391.28,1754300000.0,0.36284941,0.0036284941
2017-11-22,1392.72,1405.0,1392.72,1404.08,1786460000.0,0.9200161,0.009200161
2017-11-23,1404.64,1417.41,1404.64,1406.81,1849500000.0,0.19443337,0.0019443337
2017-11-24,1407.19,1419.14,1407.19,1417.89,1411870000.0,0.78759747,0.0078759747
2017-11-27,1418.39,1424.08,1402.42,1403.99,1887790000.0,-0.98032993,-0.0098032993
2017-11-28,1406.05,1407.07,1397.51,1404.53,1535240000.0,0.03846181,0.0003846181
2017-11-29,1403.68,1410.65,1399.47,1408.99,1718420000.0,0.31754395,0.0031754395
2017-11-30,1408.12,1418.37,1407.58,1410.97,2056070000.0,0.14052619,0.0014052619
2017-12-01,1413.46,1422.72,1411.4,1421.24,1792220000.0,0.72786806,0.0072786806
2017-12-04,1423.12,1446.5,1423.12,1441.41,2083020000.0,1.41918325,0.0141918325
2017-12-05,1440.9,1442.94,1424.54,1426.72,1632360000.0,-1.01914098,-0.0101914098
2017-12-06,1425.19,1425.19,1410.15,1413.02,1977890000.0,-0.96024448,-0.0096024448
2017-12-07,1412.81,1412.81,1370.3,1376.99,2161380000.0,-2.54985775,-0.0254985775
2017-12-08,1376.27,1393.99,1371.5,1390.7,1785810000.0,0.99564993,0.0099564993
2017-12-11,1390.88,1404.8,1383.98,1387.4,1973090000.0,-0.23729057,-0.0023729057
2017-12-12,1389.08,1404.43,1388.76,1394.56,1756560000.0,0.51607323,0.005160732300000001
2017-12-13,1394.52,1394.52,1384.75,1389.82,1879560000.0,-0.33989215,-0.0033989215000000002
2017-12-14,1390.49,1394.02,1375.7,1377.46,1819960000.0,-0.8893238,-0.008893238
2017-12-15,1379.45,1390.01,1379.45,1388.64,1439680000.0,0.81163881,0.0081163881
2017-12-18,1392.63,1418.44,1392.63,1415.36,1995670000.0,1.92418481,0.0192418481
2017-12-19,1416.16,1417.23,1403.67,1409.5,1701120000.0,-0.41402894,-0.0041402894
2017-12-20,1409.89,1414.47,1403.84,1409.32,1399930000.0,-0.01277049,-0.0001277049
2017-12-21,1410.66,1414.21,1405.86,1410.3,1830240000.0,0.06953708,0.0006953708
2017-12-22,1411.27,1417.66,1406.9,1417.31,1644650000.0,0.49705736,0.0049705736
2017-12-25,1418.47,1418.47,1398.42,1399.29,1706140000.0,-1.27142262,-0.012714226200000001
2017-12-26,1398.79,1411.97,1396.98,1410.11,1508950000.0,0.77324929,0.0077324928999999995
2017-12-27,1410.81,1411.36,1399.37,1400.47,1480830000.0,-0.68363461,-0.0068363461000000006
2017-12-28,1401.28,1409.29,1397.16,1405.91,1427960000.0,0.38844102,0.0038844102
2017-12-29,1404.75,1413.61,1400.86,1407.05,1620810000.0,0.08108627,0.0008108627
2018-01-02,1409.52,1426.12,1409.49,1422.97,1208750000.0,1.13144522,0.0113144522
2018-01-03,1423.66,1425.48,1416.47,1417.58,1261300000.0,-0.37878522,-0.0037878521999999996
2018-01-04,1418.58,1425.9,1415.09,1425.7,1518650000.0,0.57280718,0.0057280718
2018-01-05,1425.19,1425.19,1412.19,1421.28,1512240000.0,-0.31002315,-0.0031002315000000003
2018-01-08,1419.77,1427.87,1413.03,1427.7,1495860000.0,0.4517055,0.004517055
2018-01-09,1428.01,1431.72,1427.45,1430.53,1231410000.0,0.19822091,0.0019822091
2018-01-10,1429.82,1432.43,1421.82,1426.44,1438980000.0,-0.28590802,-0.0028590802
2018-01-11,1431.5,1431.5,1422.96,1429.46,1257190000.0,0.21171588,0.0021171588
2018-01-12,1428.69,1428.69,1417.24,1420.62,1422620000.0,-0.61841535,-0.0061841535
2018-01-15,1418.67,1422.62,1412.83,1420.11,1322420000.0,-0.03589982,-0.0003589982
2018-01-16,1420.54,1422.01,1402.48,1404.8,1420140000.0,-1.0780855,-0.010780855
2018-01-17,1401.03,1407.77,1397.56,1402.03,1412770000.0,-0.19718109,-0.0019718109
2018-01-18,1402.13,1408.68,1402.13,1405.33,1221840000.0,0.23537299,0.0023537299
2018-01-19,1405.67,1412.05,1398.36,1410.07,1485960000.0,0.33728733,0.0033728733
2018-01-22,1412.21,1416.94,1410.79,1412.81,1342150000.0,0.19431659,0.0019431659
2018-01-23,1413.68,1413.68,1400.69,1408.26,1527890000.0,-0.32205321,-0.0032205321
2018-01-24,1405.27,1409.16,1403.79,1405.2,1303640000.0,-0.21728942,-0.0021728942
2018-01-25,1408.05,1429.97,1408.05,1423.81,1578680000.0,1.32436664,0.0132436664
2018-01-26,1421.5,1421.5,1412.29,1416.22,1278520000.0,-0.53307674,-0.0053307674
2018-01-29,1415.64,1422.34,1412.35,1417.5,1289200000.0,0.09038144,0.0009038143999999999
2018-01-30,1415.91,1417.53,1401.5,1405.81,1286170000.0,-0.82469136,-0.0082469136
2018-01-31,1407.25,1407.25,1395.88,1402.74,1339050000.0,-0.21837944,-0.0021837944
2018-02-01,1402.95,1405.38,1393.91,1395.54,1213010000.0,-0.51328115,-0.0051328115
2018-02-02,1396.93,1407.27,1396.93,1403.66,1202610000.0,0.58185362,0.005818536199999999
2018-02-05,1402.17,1409.46,1396.94,1409.32,1369700000.0,0.40323155,0.0040323155
2018-02-06,1409.49,1409.49,1397.17,1400.68,1453650000.0,-0.61306162,-0.006130616199999999
2018-02-07,1401.67,1409.87,1401.67,1404.44,1191630000.0,0.26844104,0.0026844104
2018-02-08,1402.24,1402.24,1389.73,1395.37,1329870000.0,-0.64580901,-0.0064580901
2018-02-09,1396.16,1398.17,1384.25,1387.88,1367770000.0,-0.53677519,-0.0053677518999999995
2018-02-12,1386.27,1395.19,1384.73,1393.04,1073060000.0,0.37179007,0.0037179007
2018-02-13,1393.01,1399.0,1391.16,1396.74,795130000.0,0.26560616,0.0026560615999999997
2018-02-14,1398.12,1408.92,1398.12,1408.19,765010000.0,0.81976603,0.0081976603
2018-02-22,1415.7,1418.89,1403.88,1410.02,857230000.0,0.12995405,0.0012995404999999998
2018-02-23,1409.59,1430.55,1409.59,1429.91,1318350000.0,1.41061829,0.0141061829
2018-02-26,1430.44,1443.56,1430.44,1439.84,1309420000.0,0.6944493,0.006944493
2018-02-27,1439.78,1439.78,1430.34,1437.6,1149560000.0,-0.15557284,-0.0015557283999999998
2018-02-28,1435.56,1435.56,1427.64,1432.39,1172010000.0,-0.36240957,-0.0036240957
2018-03-01,1432.65,1437.64,1428.19,1435.66,1360530000.0,0.22828978,0.0022828978
2018-03-02,1430.16,1436.28,1427.19,1434.35,1716000000.0,-0.09124723,-0.0009124723
2018-03-05,1433.18,1433.18,1420.09,1420.22,1625300000.0,-0.98511521,-0.0098511521
2018-03-06,1419.52,1426.23,1419.19,1422.04,1513820000.0,0.12814916,0.0012814916
2018-03-07,1425.11,1425.11,1410.85,1411.07,1778990000.0,-0.77142696,-0.0077142696
2018-03-08,1408.02,1409.21,1394.13,1394.13,1702750000.0,-1.20050742,-0.0120050742
2018-03-09,1391.81,1395.6,1369.08,1373.03,2245030000.0,-1.5134887,-0.015134887
2018-03-12,1377.7,1386.72,1369.88,1371.24,2001080000.0,-0.1303686,-0.001303686
2018-03-13,1370.85,1376.9,1368.72,1369.78,1432910000.0,-0.10647297,-0.0010647297
2018-03-14,1373.39,1385.59,1368.56,1381.94,1747150000.0,0.8877338,0.008877338
2018-03-15,1383.22,1383.22,1373.63,1377.79,1580550000.0,-0.30030247,-0.0030030246999999998
2018-03-16,1376.47,1376.47,1368.98,1372.36,1645340000.0,-0.39410941,-0.0039410941
2018-03-19,1372.08,1372.08,1354.18,1356.55,1890420000.0,-1.15203008,-0.011520300800000001
2018-03-20,1356.39,1356.91,1340.68,1352.16,1758990000.0,-0.32361505,-0.0032361505000000003
2018-03-21,1352.21,1357.67,1344.6,1347.69,1655510000.0,-0.33058218,-0.0033058218
2018-03-22,1348.44,1362.55,1348.44,1352.35,1911510000.0,0.34577685,0.0034577685
2018-03-23,1349.37,1349.37,1306.79,1314.59,3318910000.0,-2.79217658,-0.0279217658
2018-03-26,1315.42,1318.61,1306.18,1308.59,2423300000.0,-0.45641607,-0.0045641607
2018-03-27,1308.06,1323.42,1308.06,1317.14,1923440000.0,0.65337501,0.0065337501
2018-03-28,1316.03,1316.03,1299.19,1305.15,2083710000.0,-0.91030566,-0.0091030566
2018-03-29,1306.01,1310.08,1298.23,1309.71,1975550000.0,0.34938513,0.0034938512999999997
2018-03-30,1309.45,1329.0,1309.45,1328.01,2380680000.0,1.39725588,0.0139725588
2018-04-02,1329.88,1346.58,1329.88,1334.81,2293050000.0,0.51204434,0.0051204434
2018-04-03,1335.42,1338.98,1329.61,1333.1,2060600000.0,-0.12810812,-0.0012810812
2018-04-04,1332.73,1338.03,1326.49,1329.53,2175020000.0,-0.26779686,-0.0026779686000000004
2018-04-09,1338.04,1341.61,1328.09,1340.17,2072960000.0,0.80028281,0.0080028281
2018-04-10,1340.7,1350.48,1340.7,1345.33,2316680000.0,0.38502578,0.0038502578
2018-04-11,1348.17,1355.23,1336.96,1339.3,2137740000.0,-0.44821717,-0.0044821717
2018-04-12,1341.27,1341.27,1328.49,1333.51,2196490000.0,-0.43231539,-0.0043231539000000005
2018-04-13,1330.9,1342.03,1328.33,1338.8,2107780000.0,0.39669744,0.0039669744
2018-04-16,1339.6,1339.6,1323.19,1323.66,2153340000.0,-1.13086346,-0.0113086346
2018-04-17,1325.19,1334.17,1319.85,1330.94,2187840000.0,0.54999018,0.0054999018
2018-04-18,1332.63,1346.25,1332.63,1343.39,2310080000.0,0.9354291,0.009354291
2018-04-19,1353.38,1370.73,1353.38,1369.89,2596450000.0,1.9726215,0.019726215000000002
2018-04-20,1365.82,1365.82,1349.01,1350.53,2052900000.0,-1.41325216,-0.014132521600000001
2018-04-23,1351.68,1371.73,1351.68,1368.49,2036650000.0,1.32984828,0.0132984828
2018-04-24,1360.42,1370.87,1360.42,1362.86,1645520000.0,-0.41140235,-0.0041140235
2018-04-25,1364.97,1368.08,1357.82,1363.24,1773670000.0,0.02788254,0.0002788254
2018-04-26,1364.17,1364.17,1355.95,1357.89,1669370000.0,-0.3924474,-0.003924474
2018-04-27,1357.38,1361.71,1348.71,1355.3,1751560000.0,-0.1907371,-0.001907371
2018-05-02,1358.57,1376.93,1358.4,1376.22,1429640000.0,1.54356969,0.0154356969
2018-05-03,1375.59,1380.57,1370.83,1374.75,1502210000.0,-0.10681432,-0.0010681432
2018-05-04,1375.28,1375.6,1369.67,1374.48,1601400000.0,-0.01963993,-0.0001963993
2018-05-07,1372.93,1383.73,1367.93,1379.46,1923550000.0,0.36231884,0.0036231883999999995
2018-05-08,1381.16,1381.16,1374.03,1376.76,1556200000.0,-0.19572876,-0.0019572876
2018-05-09,1373.77,1373.77,1365.16,1366.34,1741120000.0,-0.75684941,-0.0075684941
2018-05-10,1367.51,1376.07,1367.51,1372.94,1460990000.0,0.48304229,0.0048304229
2018-05-11,1377.53,1386.03,1375.36,1383.31,1668260000.0,0.75531342,0.0075531342000000005
2018-05-14,1384.37,1388.98,1382.22,1383.52,1607650000.0,0.01518098,0.0001518098
2018-05-15,1382.55,1390.55,1375.29,1382.35,1814070000.0,-0.0845669,-0.000845669
2018-05-16,1380.73,1388.75,1375.1,1380.23,2101490000.0,-0.15336203,-0.0015336203000000002
2018-05-17,1379.69,1382.55,1375.45,1377.75,1599960000.0,-0.1796802,-0.0017968020000000001
2018-05-18,1379.96,1386.15,1374.41,1379.13,1999290000.0,0.10016331,0.0010016331
2018-05-21,1377.66,1385.11,1375.54,1378.6,2159340000.0,-0.03843002,-0.00038430020000000003
2018-05-22,1380.5,1383.33,1370.47,1371.74,1681890000.0,-0.49760627,-0.0049760627000000005
2018-05-23,1376.16,1376.16,1357.84,1363.34,1914070000.0,-0.61236094,-0.0061236094
2018-05-24,1361.65,1371.26,1361.65,1370.8,1734040000.0,0.54718559,0.0054718559
2018-05-25,1371.23,1376.62,1364.24,1367.67,1789780000.0,-0.22833382,-0.0022833382
2018-05-28,1366.66,1373.43,1365.63,1366.59,1640800000.0,-0.07896642,-0.0007896642
2018-05-29,1365.84,1387.37,1365.84,1384.38,1695540000.0,1.30178034,0.013017803400000002
2018-05-30,1384.05,1384.07,1372.37,1374.6,2130120000.0,-0.70645343,-0.0070645343000000005
2018-05-31,1375.91,1388.46,1375.91,1385.52,1814650000.0,0.79441292,0.0079441292
2018-06-01,1384.31,1397.1,1384.31,1390.29,1991750000.0,0.34427507,0.0034427507000000003
2018-06-04,1390.45,1395.6,1382.65,1384.71,1951240000.0,-0.40135511,-0.0040135511
2018-06-05,1384.86,1386.04,1371.8,1385.9,1852300000.0,0.08593857,0.0008593857000000001
2018-06-06,1385.22,1393.57,1385.22,1389.66,1813750000.0,0.27130385,0.0027130385000000003
2018-06-07,1389.04,1402.06,1389.04,1397.3,1896800000.0,0.54977477,0.0054977477
2018-06-08,1399.6674,1406.6075,1380.5777,1387.7969,2051114000.0,-0.68010449,-0.0068010449
2018-06-11,1389.5544,1401.3601,1380.3199,1391.7167,1689921300.0,0.28244767,0.0028244767
2018-06-12,1390.8267,1405.6229,1382.1766,1399.9046,1642189300.0,0.58833094,0.0058833094
2018-06-13,1398.2242,1406.0363,1379.0413,1387.6822,1839491700.0,-0.87308807,-0.0087308807
2018-06-14,1390.6192,1404.4176,1383.2766,1394.6524,1645818400.0,0.5022908,0.005022908
2018-06-15,1395.255,1403.381,1383.0023,1395.2515,1559119600.0,0.04295694,0.0004295694
2018-06-19,1386.25,1392.69,1347.07,1365.16,2269250000.0,-2.15670795,-0.0215670795
2018-06-20,1365.16,1376.27,1365.16,1374.43,1580710000.0,0.67904128,0.006790412799999999
2018-06-21,1362.12,1379.33,1356.0,1356.32,1554860000.0,-1.31763713,-0.0131763713
2018-06-22,1356.54,1359.33,1349.3,1357.29,1568420000.0,0.07151705,0.0007151705
2018-06-25,1356.64,1367.79,1356.64,1358.52,1563900000.0,0.09062175,0.0009062175
2018-06-26,1358.37,1358.37,1347.45,1355.28,1679370000.0,-0.23849483,-0.0023849483
2018-06-27,1355.28,1366.05,1355.28,1362.31,1560890000.0,0.518712,0.00518712
2018-06-28,1362.31,1376.01,1362.31,1371.58,1827570000.0,0.68046186,0.0068046185999999995
2018-06-29,1371.58,1386.55,1371.58,1385.87,1595600000.0,1.04186413,0.0104186413
2018-07-02,1385.87,1387.08,1374.44,1377.88,1740740000.0,-0.57653315,-0.005765331500000001
2018-07-03,1373.85,1376.45,1370.25,1375.44,1504180000.0,-0.17708364,-0.0017708364
2018-07-04,1375.44,1375.44,1365.71,1365.95,1746590000.0,-0.68996103,-0.0068996103
2018-07-05,1365.95,1365.95,1352.57,1357.53,1942860000.0,-0.61642081,-0.0061642081000000005
2018-07-06,1357.53,1361.29,1346.48,1356.19,2157570000.0,-0.09870868,-0.0009870868
2018-07-09,1356.19,1366.11,1356.19,1365.33,1633790000.0,0.67394687,0.0067394687
2018-07-10,1365.33,1367.12,1360.29,1362.27,1564650000.0,-0.22412164,-0.0022412164
2018-07-11,1361.89,1361.89,1344.32,1355.44,1980130000.0,-0.50136904,-0.0050136904000000005
2018-07-12,1355.44,1367.23,1354.83,1364.9,1916350000.0,0.69792835,0.0069792835
2018-07-13,1364.9,1364.9,1356.12,1356.35,1564710000.0,-0.62641952,-0.0062641952
2018-07-16,1356.35,1361.15,1354.16,1354.77,1417470000.0,-0.11648911,-0.0011648911
2018-07-17,1354.77,1355.53,1346.11,1352.52,1623600000.0,-0.16607985,-0.0016607985
2018-07-18,1352.52,1354.81,1348.31,1351.04,1304090000.0,-0.10942537,-0.0010942537
2018-07-19,1351.04,1366.36,1351.04,1358.52,1757890000.0,0.55364756,0.0055364756
2018-07-20,1358.52,1366.67,1358.52,1365.21,1528480000.0,0.49244766,0.0049244766
2018-07-23,1365.21,1371.61,1363.93,1369.8,1367320000.0,0.33621201,0.0033621201
2018-07-24,1369.8,1374.69,1369.4,1373.09,1437680000.0,0.24018105,0.0024018105
2018-07-25,1373.09,1387.01,1373.09,1384.36,1502650000.0,0.8207765,0.008207765
2018-07-26,1384.36,1386.24,1381.57,1385.59,1344990000.0,0.08884972,0.0008884971999999999
2018-07-27,1385.59,1398.96,1385.59,1398.94,1625880000.0,0.96348848,0.0096348848
2018-07-30,1398.94,1406.4,1398.94,1402.62,1759240000.0,0.26305631,0.0026305631000000003
2018-07-31,1404.22,1411.04,1404.22,1408.34,1473330000.0,0.40780824,0.0040780823999999995
2018-08-01,1408.34,1410.09,1399.82,1400.53,2131780000.0,-0.55455359,-0.005545535900000001
2018-08-02,1399.04,1403.71,1389.62,1403.08,2196530000.0,0.18207393,0.0018207393
2018-08-03,1403.08,1416.39,1403.08,1415.34,2068960000.0,0.87379194,0.0087379194
2018-08-06,1415.34,1435.42,1415.34,1435.12,2639700000.0,1.39754405,0.0139754405
2018-08-07,1435.12,1449.02,1435.12,1447.9,2087760000.0,0.89051787,0.0089051787
2018-08-08,1447.84,1451.98,1436.64,1445.72,2129520000.0,-0.15056288,-0.0015056288
2018-08-09,1444.83,1449.32,1438.66,1447.37,1914150000.0,0.11412998,0.0011412998
2018-08-10,1448.07,1452.36,1435.62,1435.98,2007130000.0,-0.7869446,-0.007869446
2018-08-13,1435.98,1448.73,1435.98,1448.57,1908720000.0,0.87675316,0.0087675316
2018-08-14,1448.57,1451.57,1439.08,1443.01,2041010000.0,-0.38382681,-0.0038382681
2018-08-15,1443.01,1444.53,1434.31,1437.91,1872850000.0,-0.3534279,-0.003534279
2018-08-16,1437.91,1437.91,1408.83,1423.74,3143890000.0,-0.98545806,-0.009854580600000001
2018-08-17,1423.74,1441.15,1423.74,1434.41,2657620000.0,0.74943459,0.0074943459
2018-08-20,1435.77,1448.0,1430.08,1445.6,2435350000.0,0.78011168,0.0078011168
2018-08-21,1445.39,1448.99,1431.79,1445.39,2160540000.0,-0.01452684,-0.0001452684
2018-08-22,1445.17,1458.84,1445.17,1447.0,2427190000.0,0.11138862,0.0011138862
2018-08-23,1448.13,1451.23,1432.38,1433.32,2422480000.0,-0.94540428,-0.0094540428
2018-08-24,1433.32,1444.32,1433.32,1442.45,1972440000.0,0.63698267,0.0063698267
2018-08-27,1442.45,1443.71,1429.98,1431.94,2149890000.0,-0.72862144,-0.007286214399999999
2018-08-28,1431.94,1440.62,1431.94,1438.38,1765660000.0,0.44973951,0.0044973951
2018-08-29,1438.38,1445.02,1429.64,1430.49,2125070000.0,-0.54853377,-0.0054853377000000005
2018-08-30,1430.49,1435.9,1423.54,1432.23,2119140000.0,0.12163664,0.0012163664000000001
2018-08-31,1431.36,1433.63,1424.97,1426.02,2004290000.0,-0.43358958,-0.0043358958
2018-09-03,1425.42,1425.42,1407.3,1415.18,2128300000.0,-0.76015764,-0.0076015764
2018-09-04,1415.77,1418.22,1412.01,1415.49,1809060000.0,0.02190534,0.00021905339999999998
2018-09-05,1413.93,1416.38,1406.64,1411.44,1851530000.0,-0.28612,-0.0028612
2018-09-06,1411.44,1422.77,1411.44,1422.77,1673010000.0,0.80272629,0.0080272629
2018-09-07,1422.77,1429.29,1413.96,1417.71,2160830000.0,-0.35564427,-0.0035564426999999997
2018-09-10,1418.08,1432.61,1418.08,1431.42,1856120000.0,0.9670525,0.009670525
2018-09-11,1431.42,1431.42,1412.24,1413.28,2047280000.0,-1.26727306,-0.0126727306
2018-09-12,1411.04,1417.07,1403.34,1413.68,2183690000.0,0.02830295,0.0002830295
2018-09-13,1413.68,1423.39,1413.68,1422.2,1912940000.0,0.60268236,0.0060268236
2018-09-14,1422.5,1423.11,1416.7,1419.91,1608760000.0,-0.16101814,-0.0016101814
2018-09-17,1419.44,1423.86,1412.59,1417.19,1860120000.0,-0.19156144,-0.0019156144
2018-09-18,1417.7,1424.11,1411.95,1423.86,1781880000.0,0.47064967,0.0047064967
2018-09-19,1427.22,1433.25,1426.34,1429.43,1745580000.0,0.39119015,0.0039119015
2018-09-20,1429.43,1437.8,1429.31,1431.99,1645250000.0,0.17909237,0.0017909237
2018-09-21,1431.99,1439.44,1431.11,1437.21,1517860000.0,0.36452769,0.0036452769
2018-09-25,1442.02,1443.69,1436.38,1438.32,1248120000.0,0.07723297,0.0007723297
2018-09-26,1438.32,1445.14,1437.89,1440.88,1554410000.0,0.17798543,0.0017798543
2018-09-27,1440.88,1443.08,1431.58,1432.81,1317670000.0,-0.5600744,-0.0056007439999999995
2018-09-28,1432.81,1434.03,1419.6,1433.16,1595790000.0,0.02442752,0.00024427520000000003
2018-10-08,1443.3,1451.15,1436.5,1450.27,1161860000.0,1.1938653,0.011938652999999999
2018-10-09,1450.27,1477.29,1450.27,1476.78,2033490000.0,1.82793549,0.0182793549
2018-10-10,1476.78,1487.12,1475.6,1484.18,1844590000.0,0.50109021,0.0050109021
2018-10-11,1484.18,1484.18,1457.51,1464.66,2080850000.0,-1.31520436,-0.013152043600000001
2018-10-12,1464.76,1481.85,1462.72,1479.69,1967860000.0,1.02617672,0.0102617672
2018-10-15,1479.69,1483.28,1473.92,1474.07,1680070000.0,-0.37980928,-0.0037980928
2018-10-16,1474.07,1474.46,1456.23,1461.57,1822850000.0,-0.84799229,-0.008479922899999999
2018-10-17,1461.57,1477.53,1461.57,1477.35,1615990000.0,1.07966091,0.0107966091
2018-10-18,1477.35,1477.35,1454.57,1457.52,2129880000.0,-1.34226825,-0.0134226825
2018-10-19,1457.52,1460.7,1451.44,1452.98,1774930000.0,-0.31148801,-0.0031148801
2018-10-22,1452.98,1468.88,1452.98,1461.56,1826690000.0,0.59051054,0.0059051054
2018-10-23,1461.56,1463.2,1455.37,1457.05,1362460000.0,-0.3085744,-0.003085744
2018-10-24,1456.24,1464.56,1453.45,1464.06,1600780000.0,0.48110909,0.0048110909
2018-10-25,1464.06,1464.06,1446.78,1457.09,1912630000.0,-0.47607338,-0.0047607338
2018-10-26,1457.09,1461.64,1452.59,1456.65,1563890000.0,-0.03019717,-0.00030197169999999997
2018-10-29,1456.65,1460.41,1440.7,1441.35,2040790000.0,-1.05035527,-0.0105035527
2018-10-30,1441.35,1447.41,1439.44,1442.29,1477570000.0,0.06521664,0.0006521664000000001
2018-10-31,1442.29,1442.29,1430.07,1433.02,1694200000.0,-0.64272788,-0.0064272788
2018-11-01,1433.02,1433.02,1412.41,1415.66,1917740000.0,-1.21142761,-0.012114276100000002
2018-11-02,1415.66,1417.81,1398.0,1412.67,2329460000.0,-0.21120891,-0.0021120891
2018-11-05,1412.67,1415.95,1408.25,1415.87,1734000000.0,0.22652141,0.0022652141000000002
2018-11-06,1415.87,1419.37,1407.47,1409.62,1817050000.0,-0.44142471,-0.0044142471
2018-11-07,1409.62,1409.62,1397.13,1401.91,1805090000.0,-0.54695592,-0.005469559200000001
2018-11-08,1401.91,1406.53,1390.27,1405.33,2026940000.0,0.24395289,0.0024395289
2018-11-09,1404.58,1404.58,1396.1,1396.41,1690430000.0,-0.63472636,-0.006347263600000001
2018-11-12,1396.41,1396.41,1380.54,1385.44,2089680000.0,-0.7855859,-0.007855859
2018-11-13,1385.44,1385.44,1378.0,1379.7,1477590000.0,-0.41430881,-0.0041430881
2018-11-14,1379.7,1379.7,1365.21,1375.63,1959680000.0,-0.29499166,-0.0029499165999999997
2018-11-15,1375.63,1381.13,1370.35,1380.9,1551490000.0,0.3830972,0.003830972
2018-11-16,1380.9,1391.37,1380.9,1389.46,1923540000.0,0.61988558,0.006198855800000001
2018-11-19,1389.46,1389.98,1381.11,1382.94,1765980000.0,-0.46924705,-0.0046924705
2018-11-20,1382.94,1382.94,1365.13,1366.05,1788830000.0,-1.22131112,-0.0122131112
2018-11-21,1366.05,1366.05,1331.18,1357.44,2502200000.0,-0.6302844,-0.006302843999999999
2018-11-22,1357.44,1357.44,1347.95,1350.45,1812380000.0,-0.51493989,-0.005149398899999999
2018-11-23,1350.45,1350.45,1326.21,1326.44,2073130000.0,-1.77792588,-0.0177792588
2018-11-26,1324.78,1324.78,1300.47,1307.29,2442640000.0,-1.443714,-0.01443714
2018-11-27,1307.29,1313.58,1294.41,1298.09,2194230000.0,-0.70374592,-0.0070374592
2018-11-28,1298.09,1318.18,1298.09,1314.74,1939370000.0,1.28265375,0.012826537499999999
2018-11-29,1314.74,1320.63,1305.84,1311.37,1872210000.0,-0.25632444,-0.0025632444
2018-11-30,1311.37,1319.38,1311.27,1317.23,1828980000.0,0.44686092,0.0044686092
2018-12-03,1317.23,1358.43,1317.23,1338.21,2679320000.0,1.59273627,0.0159273627
2018-12-04,1337.64,1348.64,1333.72,1346.4,2323860000.0,0.61201157,0.0061201156999999996
2018-12-05,1347.54,1353.89,1338.43,1353.7,2440080000.0,0.54218657,0.0054218657
2018-12-06,1353.7,1353.7,1341.85,1342.95,2103750000.0,-0.79411982,-0.007941198200000001
2018-12-07,1342.95,1355.18,1338.36,1352.76,2423770000.0,0.7304814,0.007304814
2018-12-10,1352.76,1354.71,1341.88,1345.68,2205050000.0,-0.52337443,-0.005233744299999999
2018-12-11,1345.68,1345.68,1333.29,1338.34,1833130000.0,-0.54544914,-0.0054544914
2018-12-12,1338.34,1350.43,1338.34,1341.3,1837480000.0,0.22116951,0.0022116951
2018-12-13,1341.3,1355.65,1341.3,1353.41,2007230000.0,0.90285544,0.0090285544
2018-12-14,1353.41,1357.9,1349.38,1354.46,1885110000.0,0.07758181,0.0007758181
2018-12-17,1353.93,1360.45,1353.93,1358.49,1638140000.0,0.29753555,0.0029753555
2018-12-18,1357.47,1358.46,1346.25,1351.83,1675330000.0,-0.4902502,-0.004902502
2018-12-19,1351.83,1351.83,1337.21,1342.33,1813810000.0,-0.70275109,-0.007027510900000001
2018-12-20,1342.33,1349.91,1338.06,1347.55,1853980000.0,0.38887606,0.0038887606000000004
2018-12-21,1347.55,1348.65,1337.27,1344.45,1899650000.0,-0.23004712,-0.0023004711999999997
2018-12-24,1344.45,1344.45,1330.0,1333.86,1734490000.0,-0.7876827,-0.007876827
2018-12-25,1333.86,1333.86,1298.56,1307.47,1917720000.0,-1.9784685,-0.019784685
2018-12-26,1307.47,1315.58,1307.47,1312.09,1342520000.0,0.35335419,0.0035335419
2018-12-27,1312.09,1338.67,1312.09,1323.05,1980360000.0,0.83530855,0.008353085500000001
2018-12-28,1323.05,1325.51,1319.75,1325.01,1648760000.0,0.14814255,0.0014814255000000001
2019-01-02,1323.16,1326.84,1313.45,1314.45,1027220000.0,-0.79697512,-0.0079697512
2019-01-03,1312.56,1333.34,1312.56,1333.19,1730230000.0,1.42569135,0.0142569135
2019-01-04,1333.19,1351.83,1333.19,1351.42,2006250000.0,1.367397,0.01367397
2019-01-07,1351.42,1360.23,1351.42,1358.59,1696680000.0,0.53055305,0.0053055305
2019-01-08,1358.59,1358.76,1351.04,1355.02,1570400000.0,-0.26277243,-0.0026277243000000002
2019-01-09,1355.02,1369.37,1355.02,1361.24,1642060000.0,0.45903381,0.0045903381
2019-01-10,1361.24,1366.16,1358.55,1359.48,1643490000.0,-0.12929388,-0.0012929388
2019-01-11,1359.48,1365.93,1356.53,1365.79,1668220000.0,0.46414806,0.0046414806
2019-01-14,1365.79,1367.81,1356.65,1361.78,1694220000.0,-0.29360297,-0.0029360297000000004
2019-01-15,1361.78,1363.29,1355.82,1361.41,1581270000.0,-0.02717032,-0.0002717032
2019-01-16,1361.41,1370.46,1360.78,1368.82,1733960000.0,0.54428864,0.0054428864
2019-01-17,1368.82,1371.57,1367.02,1369.15,1447340000.0,0.02410836,0.0002410836
2019-01-18,1367.31,1389.03,1367.31,1388.56,1962160000.0,1.4176679,0.014176679000000001
2019-01-21,1388.56,1400.68,1388.56,1395.78,2245730000.0,0.51996313,0.0051996313
2019-01-22,1395.78,1401.2,1384.29,1384.84,2021270000.0,-0.78379114,-0.007837911400000001
2019-01-23,1385.99,1389.51,1380.92,1388.43,1637510000.0,0.25923572,0.0025923572
2019-01-24,1388.43,1390.98,1382.33,1387.55,1756990000.0,-0.06338094,-0.0006338094
2019-01-25,1387.55,1399.45,1387.55,1392.06,1784410000.0,0.32503333,0.0032503333
2019-01-28,1392.06,1409.38,1391.39,1393.71,1858400000.0,0.11852937,0.0011852937
2019-01-29,1393.71,1395.8,1386.09,1391.78,1741390000.0,-0.13847931,-0.0013847930999999999
2019-01-30,1391.78,1411.44,1391.78,1401.86,1999550000.0,0.7242524,0.007242524
2019-01-31,1401.86,1416.6,1401.86,1415.34,1691860000.0,0.96157962,0.0096157962
2019-02-01,1415.34,1428.51,1415.34,1428.06,1601720000.0,0.89872398,0.0089872398
2019-02-11,1432.88,1442.74,1432.66,1434.57,1206230000.0,0.4558632,0.004558632
2019-02-12,1434.57,1440.38,1431.3,1433.05,1790860000.0,-0.10595509,-0.0010595509000000001
2019-02-13,1433.05,1433.05,1418.9,1423.48,1982740000.0,-0.66780643,-0.0066780643
2019-02-14,1423.48,1429.33,1422.26,1428.6,1784000000.0,0.35968191,0.0035968191
2019-02-15,1428.6,1428.6,1414.19,1416.73,2158810000.0,-0.83088338,-0.0083088338
2019-02-18,1419.3,1439.47,1419.3,1432.54,2158520000.0,1.11595011,0.0111595011
2019-02-19,1433.65,1442.73,1433.65,1442.4,1711740000.0,0.68828794,0.006882879400000001
2019-02-20,1442.4,1443.48,1433.21,1441.77,2104810000.0,-0.0436772,-0.000436772
2019-02-21,1441.77,1451.22,1439.74,1442.19,1970550000.0,0.02913086,0.00029130860000000004
2019-02-22,1442.19,1452.01,1440.39,1451.99,1810140000.0,0.67952212,0.0067952212
2019-02-25,1451.99,1459.47,1441.32,1441.5,2104610000.0,-0.72245677,-0.0072245677
2019-02-26,1441.5,1441.5,1427.59,1435.26,2195760000.0,-0.43288241,-0.0043288241
2019-02-27,1435.26,1440.56,1428.81,1430.87,1735700000.0,-0.30586793,-0.0030586793
2019-02-28,1430.87,1438.49,1430.87,1437.06,1658210000.0,0.43260394,0.0043260394
2019-03-01,1437.06,1460.86,1437.06,1460.76,2240190000.0,1.64920045,0.0164920045
2019-03-04,1460.76,1460.76,1443.84,1444.69,2539560000.0,-1.10011227,-0.0110011227
2019-03-05,1444.69,1444.69,1434.97,1440.28,1999920000.0,-0.3052558,-0.0030525580000000004
2019-03-06,1440.28,1443.67,1435.06,1437.39,2135820000.0,-0.20065543,-0.0020065543
2019-03-07,1437.39,1442.33,1434.6,1438.92,2183790000.0,0.10644293,0.0010644293
2019-03-08,1438.92,1438.92,1425.09,1425.74,2084330000.0,-0.91596475,-0.0091596475
2019-03-11,1425.74,1426.1,1419.28,1420.91,1899890000.0,-0.33877145,-0.0033877144999999997
2019-03-12,1420.91,1434.53,1420.91,1433.36,1936840000.0,0.87619906,0.0087619906
2019-03-13,1433.36,1437.27,1427.36,1428.12,1721070000.0,-0.36557459,-0.0036557458999999996
2019-03-14,1428.12,1438.49,1428.12,1434.07,2153100000.0,0.41663166,0.0041663166
2019-03-15,1434.07,1434.07,1420.4,1426.8,2270360000.0,-0.50694875,-0.0050694875
2019-03-18,1426.8,1430.44,1422.33,1423.71,2025710000.0,-0.21656854,-0.0021656854000000002
2019-03-19,1423.71,1430.95,1422.93,1427.85,1696070000.0,0.29078956,0.0029078956
2019-03-20,1427.85,1427.85,1417.66,1422.4,1958890000.0,-0.38169275,-0.0038169275
2019-03-21,1422.4,1432.41,1422.4,1428.43,1694220000.0,0.42393138,0.0042393138
2019-03-22,1428.43,1428.43,1420.39,1426.95,1737020000.0,-0.10361026,-0.0010361025999999999
2019-03-25,1426.95,1426.95,1409.78,1409.82,1826030000.0,-1.20046252,-0.0120046252
2019-03-26,1409.82,1417.15,1409.82,1412.42,1473970000.0,0.18442071,0.0018442070999999999
2019-03-27,1412.42,1418.78,1411.05,1412.63,1533400000.0,0.0148681,0.000148681
2019-03-28,1412.63,1412.63,1403.13,1403.86,2059200000.0,-0.62082782,-0.0062082782
2019-03-29,1403.69,1420.49,1403.23,1414.95,2264920000.0,0.78996481,0.0078996481
2019-04-01,1414.95,1432.93,1414.95,1432.31,1811380000.0,1.22689848,0.0122689848
2019-04-02,1432.31,1439.67,1431.41,1437.42,2054960000.0,0.35676634,0.0035676634
2019-04-03,1437.42,1453.57,1437.42,1449.89,2190180000.0,0.86752654,0.0086752654
2019-04-04,1449.89,1451.06,1445.25,1450.92,1957840000.0,0.07103987,0.0007103987
2019-04-08,1453.82,1473.51,1453.82,1470.57,2071270000.0,1.35431313,0.0135431313
2019-04-09,1470.57,1477.72,1464.5,1468.93,2145840000.0,-0.11152138,-0.0011152138
2019-04-10,1468.93,1472.48,1464.19,1469.83,1989800000.0,0.06126909,0.0006126909
2019-04-11,1469.83,1474.27,1463.97,1471.43,2036950000.0,0.10885613,0.0010885613
2019-04-12,1471.43,1471.43,1459.83,1468.24,2531690000.0,-0.21679591,-0.0021679591
2019-04-15,1468.24,1474.75,1468.24,1470.75,2465770000.0,0.17095298,0.0017095298
2019-04-16,1470.67,1471.0,1460.08,1461.43,2186260000.0,-0.63369029,-0.0063369029
2019-04-17,1461.43,1463.53,1458.83,1458.83,1953570000.0,-0.17790794,-0.0017790794
2019-04-18,1458.83,1458.83,1440.94,1441.22,2445730000.0,-1.20713174,-0.012071317399999998
2019-04-19,1441.22,1449.98,1441.22,1449.42,1984170000.0,0.56896241,0.0056896241
2019-04-22,1449.42,1464.3,1449.42,1455.13,2372290000.0,0.39395068,0.0039395068
2019-04-23,1455.13,1460.63,1455.13,1457.7,1617190000.0,0.17661652,0.0017661652
2019-04-24,1457.7,1457.7,1447.82,1449.9,1946410000.0,-0.53508952,-0.0053508952
2019-04-25,1449.9,1459.79,1449.25,1450.77,1980210000.0,0.06000414,0.0006000414
2019-04-26,1450.77,1452.22,1440.45,1444.12,2118720000.0,-0.45837728,-0.0045837728
2019-04-29,1444.12,1446.89,1441.28,1446.52,1611860000.0,0.16619118,0.0016619118
2019-04-30,1446.52,1455.24,1446.52,1454.9,1737470000.0,0.57932141,0.0057932141
2019-05-06,1434.39,1441.85,1430.64,1440.54,1479520000.0,-0.98700942,-0.0098700942
2019-05-07,1440.54,1461.31,1440.54,1457.38,1857630000.0,1.16900607,0.0116900607
2019-05-08,1457.38,1457.38,1447.54,1450.84,1748640000.0,-0.4487505,-0.004487505
2019-05-09,1450.84,1451.0,1445.53,1449.69,2238210000.0,-0.07926443,-0.0007926443
2019-05-10,1449.69,1457.72,1449.69,1455.32,2265970000.0,0.38835889,0.0038835889
2019-05-13,1455.32,1456.63,1447.34,1449.99,2001890000.0,-0.36624248,-0.0036624248
2019-05-14,1449.99,1449.99,1434.23,1435.41,2628790000.0,-1.00552418,-0.010055241800000001
2019-05-15,1435.41,1451.98,1435.41,1451.87,1763470000.0,1.1467107,0.011467107
2019-05-16,1451.87,1470.9,1451.87,1468.9,2349910000.0,1.17297003,0.011729700300000001
2019-05-17,1468.9,1478.96,1468.9,1474.8,2249140000.0,0.40166111,0.0040166111
2019-05-20,1474.8,1478.97,1473.34,1477.17,2151420000.0,0.16069976,0.0016069976
2019-05-21,1477.17,1494.87,1474.22,1494.37,2401040000.0,1.16438866,0.0116438866
2019-05-22,1494.37,1494.37,1475.94,1482.5,2914060000.0,-0.79431466,-0.0079431466
2019-05-23,1482.5,1482.5,1467.64,1468.54,2332430000.0,-0.94165261,-0.0094165261
2019-05-24,1468.54,1472.23,1459.81,1472.23,2317540000.0,0.25126997,0.0025126997
2019-05-27,1472.23,1482.22,1471.45,1474.0,2628860000.0,0.12022578,0.0012022578
2019-05-28,1474.0,1482.17,1472.25,1477.63,2051940000.0,0.24626866,0.0024626866
2019-05-29,1477.63,1480.08,1470.16,1479.57,2307820000.0,0.13129132,0.0013129131999999998
2019-05-30,1479.57,1480.08,1465.63,1467.87,2368740000.0,-0.79077029,-0.0079077029
2019-05-31,1467.87,1470.6,1454.27,1454.27,1949230000.0,-0.92651257,-0.0092651257
2019-06-03,1454.27,1454.27,1430.44,1432.28,2720360000.0,-1.51209885,-0.015120988500000002
2019-06-04,1432.28,1439.89,1428.52,1439.53,2684170000.0,0.50618594,0.005061859399999999
2019-06-05,1439.53,1443.99,1436.16,1438.69,2180120000.0,-0.05835238,-0.0005835238
2019-06-06,1438.69,1438.69,1410.82,1429.12,3128830000.0,-0.66518847,-0.0066518847
2019-06-10,1427.04,1439.33,1426.61,1437.5,1041950000.0,0.58637483,0.0058637483
2019-06-11,1437.5,1458.54,1437.5,1458.17,2520520000.0,1.43791304,0.0143791304
2019-06-12,1458.17,1458.17,1441.1,1442.14,2444400000.0,-1.09932312,-0.0109932312
2019-06-13,1442.14,1458.67,1440.11,1458.67,2755650000.0,1.14621327,0.0114621327
2019-06-14,1458.67,1462.6,1449.15,1451.85,2363170000.0,-0.46754921,-0.0046754921
2019-06-17,1451.85,1451.85,1442.19,1442.74,2267440000.0,-0.62747529,-0.0062747529000000005
2019-06-18,1442.74,1443.5,1434.8,1442.53,2123960000.0,-0.01455564,-0.0001455564
2019-06-19,1442.53,1460.45,1442.53,1453.83,2971750000.0,0.78334593,0.0078334593
2019-06-20,1453.83,1468.97,1453.83,1467.35,2605360000.0,0.92995742,0.0092995742
2019-06-21,1467.35,1472.06,1462.52,1468.86,2748690000.0,0.1029066,0.001029066
2019-06-24,1468.86,1477.4,1468.55,1474.93,2682540000.0,0.41324565,0.0041324565
2019-06-25,1474.93,1478.4656,1474.93,1478.4656,2481960000.0,0.23971307,0.0023971307
2019-06-26,1478.47,1481.24,1473.19,1479.29,2062790000.0,0.05576051,0.0005576051
2019-06-27,1479.29,1496.72,1479.29,1483.65,3129750000.0,0.29473599,0.0029473599
2019-06-28,1483.65,1494.63,1483.62,1485.46,2732060000.0,0.12199643,0.0012199643000000001
2019-07-01,1485.46,1502.15,1485.46,1500.25,3006580000.0,0.99565118,0.0099565118
2019-07-02,1500.25,1500.28,1488.44,1498.41,2279070000.0,-0.12264623,-0.0012264622999999999
2019-07-03,1498.41,1498.41,1484.62,1490.59,3290680000.0,-0.52188653,-0.005218865299999999
2019-07-04,1490.59,1500.52,1481.75,1487.44,3477510000.0,-0.21132572,-0.0021132572
2019-07-05,1487.44,1490.8,1475.33,1480.91,2975480000.0,-0.4390093,-0.004390093
2019-07-08,1480.91,1492.75,1480.91,1490.38,2850950000.0,0.63947168,0.0063947168
2019-07-09,1490.38,1499.62,1485.78,1485.78,3097020000.0,-0.30864612,-0.0030864612
2019-07-10,1485.78,1490.0,1482.04,1489.11,2646610000.0,0.2241247,0.002241247
2019-07-11,1489.11,1500.08,1489.11,1496.24,2804940000.0,0.47880949,0.0047880949
2019-07-12,1496.24,1496.52,1489.73,1491.69,2438430000.0,-0.3040956,-0.003040956
2019-07-15,1491.69,1506.69,1491.19,1506.49,2553600000.0,0.99216325,0.009921632500000001
2019-07-16,1506.49,1506.49,1506.2,1506.47,2376580000.0,-0.00132759,-1.32759e-05
2019-07-17,1506.47,1506.8,1498.64,1505.42,2535430000.0,-0.06969936,-0.0006969936
2019-07-18,1505.42,1509.75,1503.4,1504.41,2082940000.0,-0.06709091,-0.0006709091000000001
2019-07-19,1504.41,1514.18,1498.32,1513.8,2798110000.0,0.62416496,0.0062416495999999995
2019-07-22,1513.8,1514.3,1493.49,1493.49,3292230000.0,-1.34165676,-0.0134165676
2019-07-23,1493.49,1497.82,1489.7,1489.82,2314990000.0,-0.24573315,-0.0024573315000000003
2019-07-24,1489.82,1489.82,1477.69,1483.3,2844260000.0,-0.43763676,-0.0043763676
2019-07-25,1483.3,1487.56,1483.07,1485.92,2398380000.0,0.17663318,0.0017663318
2019-07-26,1485.92,1491.85,1483.99,1490.86,2053280000.0,0.33245397,0.0033245397
2019-07-29,1490.86,1491.04,1484.79,1485.71,1685930000.0,-0.3454382,-0.0034543819999999998
2019-07-30,1485.71,1500.14,1485.71,1494.32,1832080000.0,0.5795209,0.005795209
2019-07-31,1494.32,1500.12,1493.46,1493.66,2294900000.0,-0.04416725,-0.0004416725
2019-08-01,1493.66,1493.66,1480.5,1480.58,2246770000.0,-0.8757013,-0.008757013000000001
2019-08-02,1480.58,1480.58,1459.19,1471.06,3141810000.0,-0.64299126,-0.0064299126
2019-08-05,1471.06,1471.13,1459.87,1461.19,2773220000.0,-0.67094476,-0.0067094476000000005
2019-08-06,1461.19,1469.15,1459.89,1463.2,2707260000.0,0.13755911,0.0013755911
2019-08-07,1462.08,1467.27,1451.31,1453.55,2691260000.0,-0.6595134,-0.006595134
2019-08-08,1453.55,1466.62,1453.55,1458.65,3135630000.0,0.35086512,0.0035086512
2019-08-09,1458.65,1464.35,1441.11,1450.58,2674610000.0,-0.55325129,-0.0055325129
2019-08-12,1450.58,1458.97,1442.63,1457.49,3066640000.0,0.47636118,0.0047636118
2019-08-13,1457.49,1462.0,1453.21,1458.09,2690900000.0,0.04116666,0.0004116666
2019-08-14,1458.09,1461.84,1456.98,1457.51,3520850000.0,-0.03977807,-0.0003977807
2019-08-15,1457.51,1460.34,1452.13,1456.2,2308970000.0,-0.08987931,-0.0008987931000000001
2019-08-16,1456.2,1458.47,1450.87,1453.58,2346460000.0,-0.17992034,-0.0017992034000000002
2019-08-19,1453.58,1461.24,1451.64,1457.55,2040430000.0,0.27311878,0.0027311878
2019-08-20,1457.55,1458.34,1452.55,1453.73,1991440000.0,-0.26208363,-0.0026208363
2019-08-21,1453.73,1453.73,1444.69,1444.69,2127120000.0,-0.62184862,-0.0062184862
2019-08-22,1444.69,1449.07,1437.39,1447.89,2447920000.0,0.22150081,0.0022150081
2019-08-23,1447.89,1453.91,1441.37,1452.81,2305320000.0,0.33980482,0.0033980482
2019-08-26,1452.81,1452.81,1443.89,1444.45,2950620000.0,-0.57543657,-0.005754365700000001
2019-08-27,1444.45,1446.18,1437.98,1439.13,2515200000.0,-0.36830628,-0.0036830628
2019-08-28,1439.13,1448.66,1439.13,1448.66,2600420000.0,0.66220564,0.0066220564
2019-08-29,1448.66,1452.24,1443.39,1444.87,2539580000.0,-0.26162108,-0.0026162108
2019-08-30,1444.87,1461.51,1444.82,1461.12,2739340000.0,1.12466866,0.0112466866
2019-09-02,1461.12,1473.98,1461.12,1471.87,2487450000.0,0.73573697,0.0073573697000000006
2019-09-03,1471.87,1479.62,1471.87,1477.9,2407240000.0,0.40968292,0.0040968292
2019-09-04,1477.9,1488.19,1477.8,1486.78,2861300000.0,0.60085256,0.0060085256
2019-09-05,1486.78,1500.31,1485.16,1485.76,3253090000.0,-0.06860464,-0.0006860464
2019-09-06,1485.76,1488.82,1472.65,1472.98,3032200000.0,-0.86016584,-0.0086016584
2019-09-09,1472.98,1492.05,1472.31,1492.0,3195130000.0,1.29125989,0.0129125989
2019-09-10,1492.0,1494.36,1486.22,1489.62,2342090000.0,-0.15951743,-0.0015951742999999999
2019-09-11,1489.62,1494.65,1486.67,1492.33,2150370000.0,0.18192559,0.0018192559
2019-09-12,1492.33,1499.79,1489.14,1499.34,1913850000.0,0.46973525,0.0046973525
2019-09-16,1517.69,1517.94,1508.84,1509.5,1906790000.0,0.67763149,0.0067763149
2019-09-17,1509.5,1520.74,1507.89,1513.61,2773030000.0,0.27227559,0.0027227559
2019-09-18,1513.61,1513.61,1499.15,1500.77,2650590000.0,-0.84830306,-0.0084830306
2019-09-19,1500.77,1500.96,1484.09,1484.72,2349330000.0,-1.06945102,-0.0106945102
2019-09-20,1484.72,1484.72,1476.98,1479.4,2171170000.0,-0.35831672,-0.0035831671999999996
2019-09-23,1479.4,1493.85,1479.4,1492.54,2542510000.0,0.88819792,0.008881979199999999
2019-09-24,1492.54,1496.52,1477.3,1478.05,2531790000.0,-0.97082825,-0.0097082825
2019-09-25,1478.05,1480.82,1476.91,1479.46,2109020000.0,0.09539596,0.0009539596
2019-09-26,1479.46,1483.97,1470.35,1475.58,2341810000.0,-0.26225785,-0.0026225785
2019-09-27,1475.58,1475.58,1462.64,1465.41,2151920000.0,-0.68922051,-0.0068922051
2019-09-30,1465.41,1478.29,1465.41,1470.27,1790120000.0,0.3316478,0.003316478
2019-10-08,1463.0,1474.16,1461.93,1469.43,1424210000.0,-0.05713236,-0.0005713236
2019-10-09,1469.43,1478.98,1469.43,1470.71,2185750000.0,0.08710861,0.0008710861
2019-10-10,1470.71,1476.24,1469.08,1475.74,2195670000.0,0.34201168,0.0034201168
2019-10-11,1476.65,1482.71,1471.17,1473.01,1566940000.0,-0.18499194,-0.0018499194
2019-10-14,1473.01,1484.96,1470.27,1470.63,2553520000.0,-0.16157392,-0.0016157392
2019-10-15,1470.63,1470.63,1458.86,1464.63,2240150000.0,-0.40798841,-0.0040798841
2019-10-16,1464.63,1466.59,1448.7,1450.27,2422700000.0,-0.9804524,-0.009804524
2019-10-17,1450.27,1450.48,1442.29,1446.92,2238290000.0,-0.23099147,-0.0023099147
2019-10-18,1446.92,1450.84,1438.03,1450.09,2471110000.0,0.21908606,0.0021908606
2019-10-21,1450.09,1452.33,1442.29,1449.21,2514890000.0,-0.06068589,-0.0006068589
2019-10-22,1448.95,1451.64,1443.73,1449.92,2206900000.0,0.04899221,0.0004899221
2019-10-23,1449.92,1459.78,1449.92,1455.98,2393680000.0,0.41795409,0.0041795409
2019-10-24,1455.98,1464.68,1455.92,1464.35,2203860000.0,0.57487053,0.0057487053
2019-10-25,1464.35,1469.14,1461.86,1468.24,2393720000.0,0.26564687,0.0026564686999999997
2019-10-28,1468.24,1473.03,1459.66,1462.59,2502690000.0,-0.38481447,-0.0038481447
2019-10-29,1462.59,1466.84,1458.32,1462.99,2086990000.0,0.02734874,0.0002734874
2019-10-30,1462.99,1467.08,1459.41,1466.37,2275460000.0,0.2310337,0.002310337
