,open,high,low,close,volume,pct_chg,ret
2007-01-04,0.0,0.0,0.0,99.9655,0.0,0.10304158,0.0010304157999999999
2007-01-05,0.0,0.0,0.0,100.0636,0.0,0.09813386,0.0009813386
2007-01-08,0.0,0.0,0.0,100.0121,0.0,-0.05146727,-0.0005146727
2007-01-09,0.0,0.0,0.0,99.4775,0.0,-0.53453532,-0.005345353200000001
2007-01-10,0.0,0.0,0.0,99.5135,0.0,0.03618909,0.0003618909
2007-01-11,0.0,0.0,0.0,99.6124,0.0,0.0993835,0.000993835
2007-01-12,0.0,0.0,0.0,99.5333,0.0,-0.07940778,-0.0007940778
2007-01-15,0.0,0.0,0.0,99.5422,0.0,0.00894173,8.94173e-05
2007-01-16,0.0,0.0,0.0,99.6322,0.0,0.09041391,0.0009041391
2007-01-17,0.0,0.0,0.0,99.6256,0.0,-0.00662436,-6.62436e-05
2007-01-18,0.0,0.0,0.0,99.6128,0.0,-0.0128481,-0.000128481
2007-01-19,0.0,0.0,0.0,99.6111,0.0,-0.00170661,-1.70661e-05
2007-01-22,0.0,0.0,0.0,99.7808,0.0,0.17036254,0.0017036254
2007-01-23,0.0,0.0,0.0,99.6307,0.0,-0.15042974,-0.0015042974
2007-01-24,0.0,0.0,0.0,99.7458,0.0,0.11552664,0.0011552664
2007-01-25,0.0,0.0,0.0,99.6522,0.0,-0.09383854,-0.0009383853999999999
2007-01-26,0.0,0.0,0.0,99.6807,0.0,0.02859947,0.0002859947
2007-01-29,0.0,0.0,0.0,99.7993,0.0,0.1189799,0.001189799
2007-01-30,0.0,0.0,0.0,99.5906,0.0,-0.2091197,-0.002091197
2007-01-31,0.0,0.0,0.0,99.5703,0.0,-0.02038345,-0.00020383450000000002
2007-02-01,0.0,0.0,0.0,99.3865,0.0,-0.1845932,-0.0018459320000000002
2007-02-02,0.0,0.0,0.0,99.2807,0.0,-0.10645309,-0.0010645309
2007-02-05,0.0,0.0,0.0,99.4941,0.0,0.21494611,0.0021494611
2007-02-06,0.0,0.0,0.0,99.4372,0.0,-0.05718932,-0.0005718932
2007-02-07,0.0,0.0,0.0,99.4572,0.0,0.0201132,0.00020113200000000003
2007-02-08,0.0,0.0,0.0,99.4685,0.0,0.01136167,0.00011361670000000001
2007-02-09,0.0,0.0,0.0,99.374,0.0,-0.09500495,-0.0009500495000000001
2007-02-12,0.0,0.0,0.0,99.3154,0.0,-0.05896915,-0.0005896915
2007-02-13,0.0,0.0,0.0,99.3677,0.0,0.05266051,0.0005266051
2007-02-14,0.0,0.0,0.0,99.398,0.0,0.03049281,0.00030492809999999997
2007-02-15,0.0,0.0,0.0,99.3663,0.0,-0.03189199,-0.0003189199
2007-02-16,0.0,0.0,0.0,99.729,0.0,0.36501309,0.0036501309
2007-02-26,0.0,0.0,0.0,99.8366,0.0,0.12767114,0.0012767114
2007-02-27,0.0,0.0,0.0,99.7606,0.0,-0.07612439,-0.0007612439
2007-02-28,0.0,0.0,0.0,99.6712,0.0,-0.08961454,-0.0008961454
2007-03-01,0.0,0.0,0.0,99.8269,0.0,0.15621363,0.0015621362999999999
2007-03-02,0.0,0.0,0.0,99.7827,0.0,-0.04427664,-0.0004427664
2007-03-05,0.0,0.0,0.0,99.8055,0.0,0.02284965,0.0002284965
2007-03-06,0.0,0.0,0.0,99.9209,0.0,0.11562489,0.0011562489
2007-03-07,0.0,0.0,0.0,99.9287,0.0,0.00780617,7.80617e-05
2007-03-08,0.0,0.0,0.0,99.9407,0.0,0.01200856,0.0001200856
2007-03-09,0.0,0.0,0.0,99.9176,0.0,-0.02311371,-0.0002311371
2007-03-12,0.0,0.0,0.0,100.1036,0.0,0.18615339,0.0018615339
2007-03-13,0.0,0.0,0.0,100.0959,0.0,-0.00769203,-7.69203e-05
2007-03-14,0.0,0.0,0.0,100.0979,0.0,0.00199808,1.99808e-05
2007-03-15,0.0,0.0,0.0,100.0942,0.0,-0.00369638,-3.69638e-05
2007-03-16,0.0,0.0,0.0,100.1116,0.0,0.01738362,0.00017383619999999998
2007-03-19,0.0,0.0,0.0,100.0518,0.0,-0.05973334,-0.0005973334
2007-03-20,0.0,0.0,0.0,100.0273,0.0,-0.02448732,-0.0002448732
2007-03-21,0.0,0.0,0.0,100.1728,0.0,0.14546029,0.0014546029
2007-03-22,0.0,0.0,0.0,100.1294,0.0,-0.04332513,-0.00043325130000000005
2007-03-23,0.0,0.0,0.0,100.0596,0.0,-0.0697098,-0.000697098
2007-03-26,0.0,0.0,0.0,100.0795,0.0,0.01988815,0.0001988815
2007-03-27,0.0,0.0,0.0,100.0619,0.0,-0.01758602,-0.0001758602
2007-03-28,0.0,0.0,0.0,100.1683,0.0,0.10633418,0.0010633418
2007-03-29,0.0,0.0,0.0,100.1925,0.0,0.02415934,0.00024159340000000002
2007-03-30,0.0,0.0,0.0,100.2097,0.0,0.01716695,0.0001716695
2007-04-02,0.0,0.0,0.0,100.2452,0.0,0.03542571,0.0003542571
2007-04-03,0.0,0.0,0.0,100.3168,0.0,0.07142487,0.0007142487
2007-04-04,0.0,0.0,0.0,100.2292,0.0,-0.08732336,-0.0008732336
2007-04-05,0.0,0.0,0.0,100.2461,0.0,0.01686135,0.0001686135
2007-04-06,0.0,0.0,0.0,100.228,0.0,-0.01805557,-0.0001805557
2007-04-09,0.0,0.0,0.0,100.0982,0.0,-0.12950473,-0.0012950473000000002
2007-04-10,0.0,0.0,0.0,100.0173,0.0,-0.08082063,-0.0008082063
2007-04-11,0.0,0.0,0.0,99.975,0.0,-0.04229268,-0.0004229268
2007-04-12,0.0,0.0,0.0,99.9339,0.0,-0.04111028,-0.0004111028
2007-04-13,0.0,0.0,0.0,99.9564,0.0,0.02251488,0.00022514880000000002
2007-04-16,0.0,0.0,0.0,100.025,0.0,0.06862992,0.0006862992
2007-04-17,0.0,0.0,0.0,99.9467,0.0,-0.07828043,-0.0007828043
2007-04-18,0.0,0.0,0.0,99.9618,0.0,0.01510805,0.0001510805
2007-04-19,0.0,0.0,0.0,99.9563,0.0,-0.0055021,-5.5021e-05
2007-04-20,0.0,0.0,0.0,99.8829,0.0,-0.07343209,-0.0007343209000000001
2007-04-23,0.0,0.0,0.0,99.888,0.0,0.00510598,5.10598e-05
2007-04-24,0.0,0.0,0.0,99.9085,0.0,0.02052299,0.0002052299
2007-04-25,0.0,0.0,0.0,99.8677,0.0,-0.04083737,-0.0004083737
2007-04-26,0.0,0.0,0.0,99.8598,0.0,-0.00791047,-7.910469999999999e-05
2007-04-27,0.0,0.0,0.0,99.8119,0.0,-0.04796725,-0.0004796725
2007-04-30,0.0,0.0,0.0,100.0318,0.0,0.04330498,0.0004330498
2007-05-08,0.0,0.0,0.0,100.0569,0.0,0.02509202,0.0002509202
2007-05-09,0.0,0.0,0.0,99.4876,0.0,-0.56897625,-0.0056897625
2007-05-10,0.0,0.0,0.0,99.4033,0.0,-0.08473418,-0.0008473418000000001
2007-05-11,0.0,0.0,0.0,99.3601,0.0,-0.04345932,-0.0004345932
2007-05-14,0.0,0.0,0.0,99.3548,0.0,-0.00533413,-5.3341300000000004e-05
2007-05-15,0.0,0.0,0.0,99.2861,0.0,-0.06914613,-0.0006914613
2007-05-16,0.0,0.0,0.0,99.293,0.0,0.00694961,6.949610000000001e-05
2007-05-17,0.0,0.0,0.0,99.2134,0.0,-0.08016678,-0.0008016678000000001
2007-05-18,0.0,0.0,0.0,99.1594,0.0,-0.05442813,-0.0005442813
2007-05-21,0.0,0.0,0.0,98.7917,0.0,-0.37081709,-0.0037081709
2007-05-22,0.0,0.0,0.0,98.6738,0.0,-0.11934201,-0.0011934201
2007-05-23,0.0,0.0,0.0,98.6153,0.0,-0.05928625,-0.0005928624999999999
2007-05-24,0.0,0.0,0.0,98.5663,0.0,-0.04968803,-0.0004968803
2007-05-25,0.0,0.0,0.0,98.597,0.0,0.03114655,0.0003114655
2007-05-28,0.0,0.0,0.0,98.6018,0.0,0.0048683,4.8683e-05
2007-05-29,0.0,0.0,0.0,98.7292,0.0,0.12920657,0.0012920657
2007-05-30,0.0,0.0,0.0,98.7336,0.0,0.00445663,4.4566299999999994e-05
2007-05-31,0.0,0.0,0.0,99.0567,0.0,0.32724422,0.0032724421999999996
2007-06-01,0.0,0.0,0.0,98.9811,0.0,-0.07631993,-0.0007631993
2007-06-04,0.0,0.0,0.0,98.9617,0.0,-0.0195997,-0.000195997
2007-06-05,0.0,0.0,0.0,98.4664,0.0,-0.50049666,-0.005004966600000001
2007-06-06,0.0,0.0,0.0,98.475,0.0,0.00873394,8.733940000000001e-05
2007-06-07,0.0,0.0,0.0,98.2604,0.0,-0.21792333,-0.0021792333
2007-06-08,0.0,0.0,0.0,98.4058,0.0,0.14797416,0.0014797416
2007-06-11,0.0,0.0,0.0,98.2701,0.0,-0.13789838,-0.0013789838
2007-06-12,0.0,0.0,0.0,98.199,0.0,-0.07235161,-0.0007235160999999999
2007-06-13,0.0,0.0,0.0,98.0809,0.0,-0.12026599,-0.0012026599000000001
2007-06-14,0.0,0.0,0.0,97.9526,0.0,-0.13081038,-0.0013081038
2007-06-15,0.0,0.0,0.0,97.8141,0.0,-0.14139492,-0.0014139492000000001
2007-06-18,0.0,0.0,0.0,97.7065,0.0,-0.11000459,-0.0011000458999999999
2007-06-19,0.0,0.0,0.0,97.3532,0.0,-0.36159314,-0.0036159314
2007-06-20,0.0,0.0,0.0,97.2931,0.0,-0.06173397,-0.0006173397
2007-06-21,0.0,0.0,0.0,97.145,0.0,-0.15222046,-0.0015222046
2007-06-22,0.0,0.0,0.0,97.2295,0.0,0.08698338,0.0008698338
2007-06-25,0.0,0.0,0.0,97.2355,0.0,0.00617097,6.17097e-05
2007-06-26,0.0,0.0,0.0,96.968,0.0,-0.27510529,-0.0027510529000000002
2007-06-27,0.0,0.0,0.0,96.7897,0.0,-0.18387509,-0.0018387509
2007-06-28,0.0,0.0,0.0,96.583,0.0,-0.21355578,-0.0021355578
2007-06-29,0.0,0.0,0.0,96.5318,0.0,-0.0530114,-0.000530114
2007-07-02,0.0,0.0,0.0,96.4706,0.0,-0.0633988,-0.000633988
2007-07-03,0.0,0.0,0.0,96.4628,0.0,-0.00808536,-8.08536e-05
2007-07-04,0.0,0.0,0.0,96.4766,0.0,0.01430603,0.0001430603
2007-07-05,0.0,0.0,0.0,96.4658,0.0,-0.01119442,-0.0001119442
2007-07-06,0.0,0.0,0.0,96.3812,0.0,-0.08769947,-0.0008769947
2007-07-09,0.0,0.0,0.0,96.3541,0.0,-0.02811752,-0.0002811752
2007-07-10,0.0,0.0,0.0,97.942,0.0,1.64798384,0.0164798384
2007-07-11,0.0,0.0,0.0,97.8456,0.0,-0.0984256,-0.000984256
2007-07-12,0.0,0.0,0.0,97.9306,0.0,0.08687156,0.0008687156
2007-07-13,0.0,0.0,0.0,97.9145,0.0,-0.01644021,-0.0001644021
2007-07-16,0.0,0.0,0.0,97.8839,0.0,-0.03125176,-0.00031251760000000005
2007-07-17,0.0,0.0,0.0,97.8195,0.0,-0.06579223,-0.0006579222999999999
2007-07-18,0.0,0.0,0.0,97.8802,0.0,0.06205307,0.0006205307
2007-07-19,0.0,0.0,0.0,97.8975,0.0,0.01767467,0.0001767467
2007-07-20,0.0,0.0,0.0,97.5923,0.0,-0.31175464,-0.0031175464000000003
2007-07-23,0.0,0.0,0.0,97.5742,0.0,-0.01854655,-0.00018546549999999998
2007-07-24,0.0,0.0,0.0,97.5606,0.0,-0.01393811,-0.0001393811
2007-07-25,0.0,0.0,0.0,97.63,0.0,0.07113527,0.0007113527
2007-07-26,0.0,0.0,0.0,97.925,0.0,0.30216122,0.0030216122
2007-07-27,0.0,0.0,0.0,97.1197,0.0,-0.82236405,-0.0082236405
2007-07-30,0.0,0.0,0.0,97.0137,0.0,-0.10914366,-0.0010914366
2007-07-31,0.0,0.0,0.0,96.8951,0.0,-0.12225077,-0.0012225076999999999
2007-08-01,0.0,0.0,0.0,96.9918,0.0,0.09979865,0.0009979865
2007-08-02,0.0,0.0,0.0,96.8809,0.0,-0.11433956,-0.0011433956000000002
2007-08-03,0.0,0.0,0.0,96.8164,0.0,-0.06657659,-0.0006657659
2007-08-06,0.0,0.0,0.0,96.8382,0.0,0.02251685,0.00022516850000000002
2007-08-07,0.0,0.0,0.0,96.7046,0.0,-0.13796209,-0.0013796209000000001
2007-08-08,0.0,0.0,0.0,96.716,0.0,0.01178848,0.0001178848
2007-08-09,0.0,0.0,0.0,96.7328,0.0,0.01737045,0.00017370449999999998
2007-08-10,0.0,0.0,0.0,96.7358,0.0,0.00310133,3.10133e-05
2007-08-13,0.0,0.0,0.0,96.7165,0.0,-0.01995125,-0.0001995125
2007-08-14,0.0,0.0,0.0,96.7118,0.0,-0.00485956,-4.85956e-05
2007-08-15,0.0,0.0,0.0,96.6476,0.0,-0.0663828,-0.0006638280000000001
2007-08-16,0.0,0.0,0.0,96.6635,0.0,0.01645152,0.00016451520000000002
2007-08-17,0.0,0.0,0.0,96.6716,0.0,0.00837958,8.37958e-05
2007-08-20,0.0,0.0,0.0,96.5859,0.0,-0.08865065,-0.0008865065
2007-08-21,0.0,0.0,0.0,96.5978,0.0,0.01232064,0.0001232064
2007-08-22,0.0,0.0,0.0,96.6959,0.0,0.10155511,0.0010155511
2007-08-23,0.0,0.0,0.0,96.7016,0.0,0.00589477,5.89477e-05
2007-08-24,0.0,0.0,0.0,96.7511,0.0,0.0511884,0.000511884
2007-08-27,0.0,0.0,0.0,96.7703,0.0,0.01984474,0.0001984474
2007-08-28,0.0,0.0,0.0,96.9073,0.0,0.14157236,0.0014157236
2007-08-29,0.0,0.0,0.0,96.871,0.0,-0.03745848,-0.0003745848
2007-08-30,0.0,0.0,0.0,96.8617,0.0,-0.0096004,-9.6004e-05
2007-08-31,0.0,0.0,0.0,96.8823,0.0,0.02126744,0.0002126744
2007-09-03,0.0,0.0,0.0,96.9441,0.0,0.06378874,0.0006378874
2007-09-04,0.0,0.0,0.0,96.9566,0.0,0.01289403,0.00012894030000000002
2007-09-05,0.0,0.0,0.0,96.9124,0.0,-0.04558741,-0.0004558741
2007-09-06,0.0,0.0,0.0,96.8605,0.0,-0.05355352,-0.0005355352
2007-09-07,0.0,0.0,0.0,96.817,0.0,-0.04490995,-0.00044909949999999996
2007-09-10,0.0,0.0,0.0,96.8627,0.0,0.04720245,0.0004720245
2007-09-11,0.0,0.0,0.0,96.9407,0.0,0.08052635,0.0008052634999999999
2007-09-12,0.0,0.0,0.0,96.8639,0.0,-0.07922369,-0.0007922369
2007-09-13,0.0,0.0,0.0,96.9567,0.0,0.09580453,0.0009580453
2007-09-14,0.0,0.0,0.0,95.8518,0.0,-1.13958086,-0.0113958086
2007-09-17,0.0,0.0,0.0,95.655,0.0,-0.20531696,-0.0020531696
2007-09-18,0.0,0.0,0.0,95.5508,0.0,-0.10893315,-0.0010893315
2007-09-19,0.0,0.0,0.0,95.6003,0.0,0.0518049,0.000518049
2007-09-20,0.0,0.0,0.0,95.4475,0.0,-0.15983213,-0.0015983212999999999
2007-09-21,0.0,0.0,0.0,95.527,0.0,0.08329186,0.0008329186
2007-09-24,0.0,0.0,0.0,95.4227,0.0,-0.10918379,-0.0010918379
2007-09-25,0.0,0.0,0.0,95.2606,0.0,-0.16987572,-0.0016987572
2007-09-26,0.0,0.0,0.0,95.1116,0.0,-0.15641304,-0.0015641304
2007-09-27,0.0,0.0,0.0,95.1777,0.0,0.06949731,0.0006949731
2007-09-28,0.0,0.0,0.0,95.4522,0.0,0.28840789,0.0028840789
2007-10-08,0.0,0.0,0.0,95.8841,0.0,0.46605539,0.0046605539
2007-10-09,0.0,0.0,0.0,95.9413,0.0,0.05965535,0.0005965535000000001
2007-10-10,0.0,0.0,0.0,95.7453,0.0,-0.20429158,-0.0020429158
2007-10-11,0.0,0.0,0.0,96.2733,0.0,0.5514631,0.005514631
2007-10-12,0.0,0.0,0.0,95.8121,0.0,-0.47905286,-0.0047905286
2007-10-15,0.0,0.0,0.0,95.7748,0.0,-0.03893036,-0.00038930359999999996
2007-10-16,0.0,0.0,0.0,95.8982,0.0,0.12884391,0.0012884391
2007-10-17,0.0,0.0,0.0,95.6331,0.0,-0.27643897,-0.0027643897
2007-10-18,0.0,0.0,0.0,95.6678,0.0,0.03628451,0.00036284509999999997
2007-10-19,0.0,0.0,0.0,95.539,0.0,-0.13463255,-0.0013463255
2007-10-22,0.0,0.0,0.0,95.3815,0.0,-0.16485414,-0.0016485414
2007-10-23,0.0,0.0,0.0,95.1965,0.0,-0.19395795,-0.0019395794999999998
2007-10-24,0.0,0.0,0.0,95.3256,0.0,0.13561423,0.0013561423
2007-10-25,0.0,0.0,0.0,95.4014,0.0,0.07951694,0.0007951693999999999
2007-10-26,0.0,0.0,0.0,95.4665,0.0,0.06823799,0.0006823799
2007-10-29,0.0,0.0,0.0,95.6074,0.0,0.14759104,0.0014759104000000001
2007-10-30,0.0,0.0,0.0,95.5791,0.0,-0.02960022,-0.0002960022
2007-10-31,0.0,0.0,0.0,95.5988,0.0,0.0206112,0.000206112
2007-11-01,0.0,0.0,0.0,95.5508,0.0,-0.05020984,-0.0005020984
2007-11-02,0.0,0.0,0.0,95.4431,0.0,-0.11271491,-0.0011271491
2007-11-05,0.0,0.0,0.0,95.2482,0.0,-0.20420544,-0.0020420544
2007-11-06,0.0,0.0,0.0,95.4294,0.0,0.19023982,0.0019023982
2007-11-07,0.0,0.0,0.0,95.2354,0.0,-0.20329165,-0.0020329165
2007-11-08,0.0,0.0,0.0,94.7627,0.0,-0.49634905,-0.0049634905
2007-11-09,0.0,0.0,0.0,94.7121,0.0,-0.05339654,-0.0005339654
2007-11-12,0.0,0.0,0.0,94.9535,0.0,0.25487768,0.0025487768
2007-11-13,0.0,0.0,0.0,94.8207,0.0,-0.13985793,-0.0013985793
2007-11-14,0.0,0.0,0.0,94.7796,0.0,-0.04334497,-0.00043344969999999994
2007-11-15,0.0,0.0,0.0,94.7758,0.0,-0.0040093,-4.0093000000000004e-05
2007-11-16,0.0,0.0,0.0,94.4491,0.0,-0.34470825,-0.0034470825
2007-11-19,0.0,0.0,0.0,94.6616,0.0,0.22498891,0.0022498890999999997
2007-11-20,0.0,0.0,0.0,94.3733,0.0,-0.30455855,-0.0030455854999999997
2007-11-21,0.0,0.0,0.0,94.5721,0.0,0.2106528,0.002106528
2007-11-22,0.0,0.0,0.0,94.1766,0.0,-0.41819945,-0.004181994499999999
2007-11-23,0.0,0.0,0.0,94.3012,0.0,0.13230463,0.0013230463000000001
2007-11-26,0.0,0.0,0.0,94.2827,0.0,-0.01961799,-0.00019617989999999997
2007-11-27,0.0,0.0,0.0,94.7033,0.0,0.44610517,0.0044610516999999995
2007-11-28,0.0,0.0,0.0,94.5104,0.0,-0.20368878,-0.0020368878
2007-11-29,0.0,0.0,0.0,94.4008,0.0,-0.11596607,-0.0011596607
2007-11-30,0.0,0.0,0.0,94.543,0.0,0.15063432,0.0015063432
2007-12-03,0.0,0.0,0.0,94.4778,0.0,-0.06896333,-0.0006896333
2007-12-04,0.0,0.0,0.0,94.5623,0.0,0.089439,0.00089439
2007-12-05,0.0,0.0,0.0,94.7968,0.0,0.24798466,0.0024798466
2007-12-06,0.0,0.0,0.0,94.8838,0.0,0.09177525,0.0009177525
2007-12-07,0.0,0.0,0.0,94.5982,0.0,-0.30099975,-0.0030099975
2007-12-10,0.0,0.0,0.0,94.5282,0.0,-0.07399718,-0.0007399717999999999
2007-12-11,0.0,0.0,0.0,94.764,0.0,0.24944937,0.0024944937
2007-12-12,0.0,0.0,0.0,94.578,0.0,-0.19627707,-0.0019627706999999998
2007-12-13,0.0,0.0,0.0,94.6103,0.0,0.03415171,0.00034151710000000004
2007-12-14,0.0,0.0,0.0,94.6153,0.0,0.00528484,5.28484e-05
2007-12-17,0.0,0.0,0.0,94.5192,0.0,-0.1015692,-0.001015692
2007-12-18,0.0,0.0,0.0,94.5425,0.0,0.02465108,0.00024651079999999997
2007-12-19,0.0,0.0,0.0,94.6544,0.0,0.11835947,0.0011835946999999999
2007-12-20,0.0,0.0,0.0,94.7223,0.0,0.07173465,0.0007173465
2007-12-21,0.0,0.0,0.0,94.2959,0.0,-0.45015799,-0.0045015799
2007-12-24,0.0,0.0,0.0,94.7796,0.0,0.51295974,0.0051295974
2007-12-25,0.0,0.0,0.0,94.8487,0.0,0.07290598,0.0007290598
2007-12-26,0.0,0.0,0.0,94.7837,0.0,-0.0685302,-0.000685302
2007-12-27,0.0,0.0,0.0,94.6675,0.0,-0.12259492,-0.0012259492
2007-12-28,0.0,0.0,0.0,94.7338,0.0,0.07003459,0.0007003459
2008-01-02,0.0,0.0,0.0,94.7613,0.0,0.0540597,0.000540597
2008-01-03,0.0,0.0,0.0,94.5487,0.0,-0.22435319,-0.0022435319
2008-01-04,0.0,0.0,0.0,94.5766,0.0,0.0295086,0.000295086
2008-01-07,0.0,0.0,0.0,94.6903,0.0,0.12022001,0.0012022001
2008-01-08,0.0,0.0,0.0,94.6825,0.0,-0.00823738,-8.237380000000001e-05
2008-01-09,0.0,0.0,0.0,94.5713,0.0,-0.11744515,-0.0011744515
2008-01-10,0.0,0.0,0.0,94.6154,0.0,0.04663148,0.0004663148
2008-01-11,0.0,0.0,0.0,94.4281,0.0,-0.19795932,-0.0019795932
2008-01-14,0.0,0.0,0.0,94.4391,0.0,0.01164907,0.00011649069999999999
2008-01-15,0.0,0.0,0.0,94.373,0.0,-0.0699922,-0.0006999220000000001
2008-01-16,0.0,0.0,0.0,94.4995,0.0,0.13404258,0.0013404258
2008-01-17,0.0,0.0,0.0,94.3798,0.0,-0.12666734,-0.0012666734
2008-01-18,0.0,0.0,0.0,94.4567,0.0,0.0814793,0.0008147930000000001
2008-01-21,0.0,0.0,0.0,94.119,0.0,-0.35751831,-0.0035751831
2008-01-22,0.0,0.0,0.0,94.401,0.0,0.29962069,0.0029962069000000003
2008-01-23,0.0,0.0,0.0,94.4985,0.0,0.1032828,0.001032828
2008-01-24,0.0,0.0,0.0,94.6968,0.0,0.2098446,0.002098446
2008-01-25,0.0,0.0,0.0,94.8345,0.0,0.14541146,0.0014541145999999998
2008-01-28,0.0,0.0,0.0,95.0244,0.0,0.20024358,0.0020024358
2008-01-29,0.0,0.0,0.0,95.011,0.0,-0.01410164,-0.0001410164
2008-01-30,0.0,0.0,0.0,95.0605,0.0,0.05209923,0.0005209923000000001
2008-01-31,0.0,0.0,0.0,95.2611,0.0,0.21102351,0.0021102351
2008-02-01,0.0,0.0,0.0,95.5031,0.0,0.25403864,0.0025403863999999996
2008-02-04,0.0,0.0,0.0,95.5223,0.0,0.00900394,9.00394e-05
2008-02-05,0.0,0.0,0.0,95.5876,0.0,0.068361,0.0006836100000000001
2008-02-13,0.0,0.0,0.0,95.8119,0.0,0.23465387,0.0023465387
2008-02-14,0.0,0.0,0.0,95.8156,0.0,0.00386173,3.86173e-05
2008-02-15,0.0,0.0,0.0,95.9939,0.0,0.18608661,0.0018608661000000001
2008-02-18,0.0,0.0,0.0,95.7945,0.0,-0.20772153,-0.0020772153
2008-02-19,0.0,0.0,0.0,95.8093,0.0,0.01544974,0.0001544974
2008-02-20,0.0,0.0,0.0,95.9491,0.0,0.14591485,0.0014591485000000001
2008-02-21,0.0,0.0,0.0,95.8579,0.0,-0.0950504,-0.0009505039999999999
2008-02-22,0.0,0.0,0.0,95.7563,0.0,-0.10599022,-0.0010599022
2008-02-25,0.0,0.0,0.0,96.0086,0.0,0.26348136,0.0026348136
2008-02-26,0.0,0.0,0.0,96.0791,0.0,0.07343092,0.0007343092
2008-02-27,0.0,0.0,0.0,96.0169,0.0,-0.06473832,-0.0006473832
2008-02-28,0.0,0.0,0.0,96.0903,0.0,0.07644488,0.0007644488000000001
2008-02-29,0.0,0.0,0.0,95.9895,0.0,-0.10490133,-0.0010490133
2008-03-03,0.0,0.0,0.0,95.9544,0.0,-0.0365665,-0.00036566500000000004
2008-03-04,0.0,0.0,0.0,95.9429,0.0,-0.01198486,-0.0001198486
2008-03-05,0.0,0.0,0.0,96.017,0.0,0.07723344,0.0007723344
2008-03-06,0.0,0.0,0.0,96.0637,0.0,0.04863722,0.0004863722
2008-03-07,0.0,0.0,0.0,95.9682,0.0,-0.0994132,-0.000994132
2008-03-10,0.0,0.0,0.0,95.9894,0.0,0.02209065,0.0002209065
2008-03-11,0.0,0.0,0.0,95.9924,0.0,0.00312535,3.12535e-05
2008-03-12,0.0,0.0,0.0,96.0833,0.0,0.094695,0.00094695
2008-03-13,0.0,0.0,0.0,96.1233,0.0,0.04163054,0.0004163054
2008-03-14,0.0,0.0,0.0,96.0595,0.0,-0.06637309,-0.0006637308999999999
2008-03-17,0.0,0.0,0.0,96.1196,0.0,0.06256539,0.0006256539
2008-03-18,0.0,0.0,0.0,96.1194,0.0,-0.00020807,-2.0807000000000003e-06
2008-03-19,0.0,0.0,0.0,96.2439,0.0,0.1295264,0.0012952640000000002
2008-03-20,0.0,0.0,0.0,96.3133,0.0,0.07210847,0.0007210846999999999
2008-03-21,0.0,0.0,0.0,96.3454,0.0,0.03332873,0.00033328730000000003
2008-03-24,0.0,0.0,0.0,96.4063,0.0,0.06321008,0.0006321008
2008-03-25,0.0,0.0,0.0,96.5478,0.0,0.14677464,0.0014677464000000002
2008-03-26,0.0,0.0,0.0,96.6809,0.0,0.13785917,0.0013785917
2008-03-27,0.0,0.0,0.0,96.7499,0.0,0.0713688,0.000713688
2008-03-28,0.0,0.0,0.0,96.6738,0.0,-0.07865641,-0.0007865640999999999
2008-03-31,0.0,0.0,0.0,96.8061,0.0,0.13685197,0.0013685197
2008-04-01,0.0,0.0,0.0,96.7767,0.0,-0.03036999,-0.0003036999
2008-04-02,0.0,0.0,0.0,96.7669,0.0,-0.0101264,-0.00010126400000000001
2008-04-03,0.0,0.0,0.0,96.7474,0.0,-0.02015152,-0.0002015152
2008-04-07,0.0,0.0,0.0,96.7577,0.0,0.01064628,0.00010646279999999999
2008-04-08,0.0,0.0,0.0,96.7641,0.0,0.00661446,6.61446e-05
2008-04-09,0.0,0.0,0.0,96.8167,0.0,0.054359,0.0005435899999999999
2008-04-10,0.0,0.0,0.0,96.8381,0.0,0.02210362,0.00022103620000000002
2008-04-11,0.0,0.0,0.0,96.8526,0.0,0.01497345,0.00014973449999999998
2008-04-14,0.0,0.0,0.0,96.8978,0.0,0.04666886,0.0004666886
2008-04-15,0.0,0.0,0.0,96.9346,0.0,0.03797816,0.0003797816
2008-04-16,0.0,0.0,0.0,96.9714,0.0,0.03796374,0.0003796374
2008-04-17,0.0,0.0,0.0,97.0189,0.0,0.04898351,0.0004898351
2008-04-18,0.0,0.0,0.0,97.0857,0.0,0.06885256,0.0006885255999999999
2008-04-21,0.0,0.0,0.0,97.2498,0.0,0.16902592,0.0016902592
2008-04-22,0.0,0.0,0.0,97.2987,0.0,0.05028288,0.0005028288
2008-04-23,0.0,0.0,0.0,97.287,0.0,-0.01202483,-0.0001202483
2008-04-24,0.0,0.0,0.0,97.1637,0.0,-0.12673841,-0.0012673841
2008-04-25,0.0,0.0,0.0,97.2352,0.0,0.07358715,0.0007358715000000001
2008-04-28,0.0,0.0,0.0,97.1819,0.0,-0.05481554,-0.0005481554000000001
2008-04-29,0.0,0.0,0.0,97.1174,0.0,-0.06637038,-0.0006637038
2008-04-30,0.0,0.0,0.0,97.1201,0.0,0.00278014,2.78014e-05
2008-05-05,0.0,0.0,0.0,97.2069,0.0,0.03251855,0.0003251855
2008-05-06,0.0,0.0,0.0,97.248,0.0,0.04228095,0.00042280949999999996
2008-05-07,0.0,0.0,0.0,96.9878,0.0,-0.26756334,-0.0026756334
2008-05-08,0.0,0.0,0.0,97.1025,0.0,0.1182623,0.001182623
2008-05-09,0.0,0.0,0.0,97.2323,0.0,0.13367318,0.0013367318000000001
2008-05-12,0.0,0.0,0.0,97.1912,0.0,-0.0422699,-0.000422699
2008-05-13,0.0,0.0,0.0,97.1141,0.0,-0.07932817,-0.0007932817000000001
2008-05-14,0.0,0.0,0.0,97.1246,0.0,0.01081202,0.0001081202
2008-05-15,0.0,0.0,0.0,97.1675,0.0,0.04417007,0.00044170069999999997
2008-05-16,0.0,0.0,0.0,97.1696,0.0,0.00216122,2.1612200000000003e-05
2008-05-19,0.0,0.0,0.0,97.1688,0.0,-0.0008233,-8.233e-06
2008-05-20,0.0,0.0,0.0,97.1479,0.0,-0.02150896,-0.0002150896
2008-05-21,0.0,0.0,0.0,97.1363,0.0,-0.01194056,-0.00011940559999999999
2008-05-22,0.0,0.0,0.0,97.1372,0.0,0.00092653,9.2653e-06
2008-05-23,0.0,0.0,0.0,97.1387,0.0,0.00154421,1.54421e-05
2008-05-26,0.0,0.0,0.0,97.1962,0.0,0.05919371,0.0005919371
2008-05-27,0.0,0.0,0.0,97.2094,0.0,0.01358078,0.0001358078
2008-05-28,0.0,0.0,0.0,97.2314,0.0,0.02263156,0.00022631559999999998
2008-05-29,0.0,0.0,0.0,97.2596,0.0,0.02900298,0.0002900298
2008-05-30,0.0,0.0,0.0,97.3004,0.0,0.04194959,0.0004194959
2008-06-02,0.0,0.0,0.0,97.4134,0.0,0.11613519,0.0011613519
2008-06-03,0.0,0.0,0.0,97.4241,0.0,0.01098412,0.0001098412
2008-06-04,0.0,0.0,0.0,97.397,0.0,-0.02781653,-0.00027816529999999997
2008-06-05,0.0,0.0,0.0,97.4353,0.0,0.03932359,0.0003932359
2008-06-06,0.0,0.0,0.0,97.4559,0.0,0.02114223,0.0002114223
2008-06-10,0.0,0.0,0.0,97.2432,0.0,-0.21825256,-0.0021825256
2008-06-11,0.0,0.0,0.0,97.0587,0.0,-0.18973049,-0.0018973049
2008-06-12,0.0,0.0,0.0,97.0817,0.0,0.023697,0.00023697
2008-06-13,0.0,0.0,0.0,97.0497,0.0,-0.03296193,-0.0003296193
2008-06-16,0.0,0.0,0.0,97.1312,0.0,0.08397759,0.0008397759
2008-06-17,0.0,0.0,0.0,97.1324,0.0,0.00123544,1.23544e-05
2008-06-18,0.0,0.0,0.0,97.1116,0.0,-0.02141407,-0.0002141407
2008-06-19,0.0,0.0,0.0,97.1587,0.0,0.0485009,0.000485009
2008-06-20,0.0,0.0,0.0,96.9889,0.0,-0.17476562,-0.0017476562
2008-06-23,0.0,0.0,0.0,97.013,0.0,0.0248482,0.000248482
2008-06-24,0.0,0.0,0.0,97.0415,0.0,0.02937751,0.0002937751
2008-06-25,0.0,0.0,0.0,97.0969,0.0,0.05708898,0.0005708897999999999
2008-06-26,0.0,0.0,0.0,97.062,0.0,-0.03594348,-0.0003594348
2008-06-27,0.0,0.0,0.0,96.8821,0.0,-0.18534545,-0.0018534545
2008-06-30,0.0,0.0,0.0,97.0609,0.0,0.18455422,0.0018455422
2008-07-01,0.0,0.0,0.0,97.0326,0.0,-0.02915695,-0.0002915695
2008-07-02,0.0,0.0,0.0,97.0242,0.0,-0.00865688,-8.65688e-05
2008-07-03,0.0,0.0,0.0,97.0274,0.0,0.00329815,3.29815e-05
2008-07-04,0.0,0.0,0.0,96.9467,0.0,-0.08317238,-0.0008317238000000001
2008-07-07,0.0,0.0,0.0,96.8343,0.0,-0.11594,-0.0011594
2008-07-08,0.0,0.0,0.0,96.8694,0.0,0.03624749,0.0003624749
2008-07-09,0.0,0.0,0.0,96.9393,0.0,0.07215901,0.0007215901
2008-07-10,0.0,0.0,0.0,97.034,0.0,0.09769,0.0009769
2008-07-11,0.0,0.0,0.0,97.0687,0.0,0.03576066,0.0003576066
2008-07-14,0.0,0.0,0.0,97.1403,0.0,0.07376219,0.0007376219
2008-07-15,0.0,0.0,0.0,97.169,0.0,0.0295449,0.000295449
2008-07-16,0.0,0.0,0.0,97.2275,0.0,0.06020439,0.0006020439
2008-07-17,0.0,0.0,0.0,97.2586,0.0,0.03198684,0.00031986840000000004
2008-07-18,0.0,0.0,0.0,97.3346,0.0,0.07814219,0.0007814219
2008-07-21,0.0,0.0,0.0,97.4593,0.0,0.12811477,0.0012811476999999999
2008-07-22,0.0,0.0,0.0,97.4852,0.0,0.0265752,0.000265752
2008-07-23,0.0,0.0,0.0,97.4735,0.0,-0.01200182,-0.0001200182
2008-07-24,0.0,0.0,0.0,97.3821,0.0,-0.09376908,-0.0009376908000000001
2008-07-25,0.0,0.0,0.0,97.2371,0.0,-0.148898,-0.00148898
2008-07-28,0.0,0.0,0.0,97.1576,0.0,-0.08175892,-0.0008175892
2008-07-29,0.0,0.0,0.0,97.203,0.0,0.0467282,0.00046728199999999996
2008-07-30,0.0,0.0,0.0,97.0169,0.0,-0.191455,-0.0019145499999999999
2008-07-31,0.0,0.0,0.0,96.7236,0.0,-0.30231846,-0.0030231846
2008-08-01,0.0,0.0,0.0,96.6037,0.0,-0.12396147,-0.0012396147
2008-08-04,0.0,0.0,0.0,96.5878,0.0,-0.016459,-0.00016459000000000002
2008-08-05,0.0,0.0,0.0,96.5906,0.0,0.00289892,2.89892e-05
2008-08-06,0.0,0.0,0.0,96.6004,0.0,0.01014591,0.0001014591
2008-08-07,0.0,0.0,0.0,96.4837,0.0,-0.12080695,-0.0012080695
2008-08-08,0.0,0.0,0.0,96.5498,0.0,0.06850898,0.0006850898
2008-08-11,0.0,0.0,0.0,96.454,0.0,-0.09922341,-0.0009922341
2008-08-12,0.0,0.0,0.0,96.5564,0.0,0.1061646,0.001061646
2008-08-13,0.0,0.0,0.0,96.715,0.0,0.16425633,0.0016425633
2008-08-14,0.0,0.0,0.0,96.7018,0.0,-0.01364835,-0.0001364835
2008-08-15,0.0,0.0,0.0,96.8394,0.0,0.14229311,0.0014229311
2008-08-18,0.0,0.0,0.0,96.9972,0.0,0.1629502,0.001629502
2008-08-19,0.0,0.0,0.0,97.1377,0.0,0.14484954,0.0014484954
2008-08-20,0.0,0.0,0.0,97.2333,0.0,0.09841699,0.0009841698999999999
2008-08-21,0.0,0.0,0.0,97.3682,0.0,0.13873848,0.0013873848
2008-08-22,0.0,0.0,0.0,97.4453,0.0,0.07918396,0.0007918396
2008-08-25,0.0,0.0,0.0,97.5586,0.0,0.11627036,0.0011627036
2008-08-26,0.0,0.0,0.0,97.6416,0.0,0.08507707,0.0008507707000000001
2008-08-27,0.0,0.0,0.0,97.6672,0.0,0.02621833,0.00026218330000000003
2008-08-28,0.0,0.0,0.0,97.6594,0.0,-0.0079863,-7.9863e-05
2008-08-29,0.0,0.0,0.0,97.6672,0.0,0.00798694,7.986939999999999e-05
2008-09-01,0.0,0.0,0.0,97.7592,0.0,0.09419744,0.0009419744
2008-09-02,0.0,0.0,0.0,97.8833,0.0,0.12694457,0.0012694457000000001
2008-09-03,0.0,0.0,0.0,97.9486,0.0,0.06671209,0.0006671209
2008-09-04,0.0,0.0,0.0,98.0041,0.0,0.05666237,0.0005666237
2008-09-05,0.0,0.0,0.0,97.9334,0.0,-0.07213984,-0.0007213984
2008-09-08,0.0,0.0,0.0,97.9135,0.0,-0.02031993,-0.0002031993
2008-09-09,0.0,0.0,0.0,97.9867,0.0,0.07475986,0.0007475986
2008-09-10,0.0,0.0,0.0,98.2049,0.0,0.22268328,0.0022268328
2008-09-11,0.0,0.0,0.0,98.3691,0.0,0.16720143,0.0016720143000000002
2008-09-12,0.0,0.0,0.0,98.7255,0.0,0.3623089,0.003623089
2008-09-16,0.0,0.0,0.0,99.4217,0.0,0.70518762,0.0070518762
2008-09-17,0.0,0.0,0.0,99.7916,0.0,0.37205157,0.0037205157
2008-09-18,0.0,0.0,0.0,99.6437,0.0,-0.14820887,-0.0014820887
2008-09-19,0.0,0.0,0.0,99.4619,0.0,-0.18245007,-0.0018245007
2008-09-22,0.0,0.0,0.0,99.866,0.0,0.40628623,0.0040628623
2008-09-23,0.0,0.0,0.0,100.3103,0.0,0.44489616,0.0044489616
2008-09-24,0.0,0.0,0.0,100.7066,0.0,0.39507409,0.0039507409
2008-09-25,0.0,0.0,0.0,101.0931,0.0,0.38378815,0.0038378814999999998
2008-09-26,0.0,0.0,0.0,100.9868,0.0,-0.1051506,-0.001051506
2008-10-06,0.0,0.0,0.0,101.3027,0.0,0.30983327,0.0030983327
2008-10-07,0.0,0.0,0.0,101.7581,0.0,0.44954379,0.0044954379
2008-10-08,0.0,0.0,0.0,102.8526,0.0,1.07559005,0.0107559005
2008-10-09,0.0,0.0,0.0,103.5184,0.0,0.64733415,0.0064733415
2008-10-10,0.0,0.0,0.0,103.7289,0.0,0.20334549,0.0020334549
2008-10-13,0.0,0.0,0.0,103.5267,0.0,-0.19493121,-0.0019493121
2008-10-14,0.0,0.0,0.0,103.3557,0.0,-0.16517478,-0.0016517478
2008-10-15,0.0,0.0,0.0,103.9535,0.0,0.57839094,0.0057839094
2008-10-16,0.0,0.0,0.0,104.3092,0.0,0.34217222,0.0034217222000000004
2008-10-17,0.0,0.0,0.0,104.5892,0.0,0.2684327,0.0026843270000000002
2008-10-20,0.0,0.0,0.0,104.9219,0.0,0.31810168,0.0031810168
2008-10-21,0.0,0.0,0.0,105.0492,0.0,0.12132834,0.0012132834
2008-10-22,0.0,0.0,0.0,105.1056,0.0,0.05368913,0.0005368913000000001
2008-10-23,0.0,0.0,0.0,104.8665,0.0,-0.2274855,-0.002274855
2008-10-24,0.0,0.0,0.0,104.8748,0.0,0.00791483,7.914829999999999e-05
2008-10-27,0.0,0.0,0.0,104.6103,0.0,-0.25220549,-0.0025220548999999996
2008-10-28,0.0,0.0,0.0,104.617,0.0,0.00640472,6.40472e-05
2008-10-29,0.0,0.0,0.0,104.6922,0.0,0.07188124,0.0007188124
2008-10-30,0.0,0.0,0.0,104.8766,0.0,0.17613538,0.0017613538
2008-10-31,0.0,0.0,0.0,104.9473,0.0,0.06741256,0.0006741256
2008-11-03,0.0,0.0,0.0,104.9502,0.0,0.00276329,2.7632899999999998e-05
2008-11-04,0.0,0.0,0.0,104.8074,0.0,-0.13606453,-0.0013606452999999998
2008-11-05,0.0,0.0,0.0,104.7867,0.0,-0.01975051,-0.00019750509999999998
2008-11-06,0.0,0.0,0.0,105.0043,0.0,0.20765994,0.0020765994
2008-11-07,0.0,0.0,0.0,105.1702,0.0,0.15799353,0.0015799352999999999
2008-11-10,0.0,0.0,0.0,105.5688,0.0,0.3790047,0.0037900470000000004
2008-11-11,0.0,0.0,0.0,105.5494,0.0,-0.01837664,-0.0001837664
2008-11-12,0.0,0.0,0.0,105.7944,0.0,0.2321188,0.002321188
2008-11-13,0.0,0.0,0.0,106.0706,0.0,0.26107242,0.0026107242
2008-11-14,0.0,0.0,0.0,105.6799,0.0,-0.36833958,-0.0036833958
2008-11-17,0.0,0.0,0.0,105.572,0.0,-0.10210078,-0.0010210078
2008-11-18,0.0,0.0,0.0,105.7249,0.0,0.14483007,0.0014483007
2008-11-19,0.0,0.0,0.0,105.3623,0.0,-0.34296556,-0.0034296556
2008-11-20,0.0,0.0,0.0,105.5263,0.0,0.1556534,0.001556534
2008-11-21,0.0,0.0,0.0,105.6319,0.0,0.10006984,0.0010006983999999999
2008-11-24,0.0,0.0,0.0,105.6142,0.0,-0.0167563,-0.000167563
2008-11-25,0.0,0.0,0.0,105.4725,0.0,-0.13416756,-0.0013416755999999998
2008-11-26,0.0,0.0,0.0,105.7237,0.0,0.23816635,0.0023816635
2008-11-27,0.0,0.0,0.0,106.5892,0.0,0.81864331,0.0081864331
2008-11-28,0.0,0.0,0.0,106.572,0.0,-0.01613672,-0.0001613672
2008-12-01,0.0,0.0,0.0,106.4364,0.0,-0.12723792,-0.0012723792
2008-12-02,0.0,0.0,0.0,106.4537,0.0,0.01625384,0.0001625384
2008-12-03,0.0,0.0,0.0,106.7039,0.0,0.23503176,0.0023503176
2008-12-04,0.0,0.0,0.0,106.732,0.0,0.02633456,0.0002633456
2008-12-05,0.0,0.0,0.0,107.0008,0.0,0.25184574,0.0025184573999999997
2008-12-08,0.0,0.0,0.0,106.9883,0.0,-0.01168216,-0.0001168216
2008-12-09,0.0,0.0,0.0,106.661,0.0,-0.3059213,-0.003059213
2008-12-10,0.0,0.0,0.0,106.9699,0.0,0.28960914,0.0028960914
2008-12-11,0.0,0.0,0.0,107.0924,0.0,0.1145182,0.001145182
2008-12-12,0.0,0.0,0.0,107.1411,0.0,0.04547475,0.00045474750000000004
2008-12-15,0.0,0.0,0.0,107.2874,0.0,0.13654891,0.0013654891
2008-12-16,0.0,0.0,0.0,107.3439,0.0,0.05266229,0.0005266229
2008-12-17,0.0,0.0,0.0,107.9202,0.0,0.53687261,0.0053687260999999995
2008-12-18,0.0,0.0,0.0,108.0905,0.0,0.15780178,0.0015780178
2008-12-19,0.0,0.0,0.0,108.3427,0.0,0.233323,0.00233323
2008-12-22,0.0,0.0,0.0,108.3056,0.0,-0.03424319,-0.0003424319
2008-12-23,0.0,0.0,0.0,108.343,0.0,0.03453192,0.00034531920000000003
2008-12-24,0.0,0.0,0.0,108.3939,0.0,0.04698042,0.0004698042
2008-12-25,0.0,0.0,0.0,108.2511,0.0,-0.13174173,-0.0013174173
2008-12-26,0.0,0.0,0.0,108.335,0.0,0.07750499,0.0007750499
2008-12-29,0.0,0.0,0.0,108.375,0.0,0.03692251,0.00036922509999999997
2008-12-30,0.0,0.0,0.0,108.3274,0.0,-0.04392157,-0.0004392157
2008-12-31,0.0,0.0,0.0,108.3564,0.0,0.0267707,0.000267707
2009-01-05,0.0,0.0,0.0,108.4807,0.0,-0.01714297,-0.0001714297
2009-01-06,0.0,0.0,0.0,108.5037,0.0,0.02120193,0.0002120193
2009-01-07,0.0,0.0,0.0,108.5681,0.0,0.05935281,0.0005935281
2009-01-08,0.0,0.0,0.0,108.6952,0.0,0.11706938,0.0011706938
2009-01-09,0.0,0.0,0.0,108.8376,0.0,0.13100854,0.0013100854
2009-01-12,0.0,0.0,0.0,108.9317,0.0,0.08645909,0.0008645909
2009-01-13,0.0,0.0,0.0,108.8732,0.0,-0.05370338,-0.0005370338
2009-01-14,0.0,0.0,0.0,108.3698,0.0,-0.46237274,-0.0046237274
2009-01-15,0.0,0.0,0.0,107.8634,0.0,-0.46728886,-0.004672888599999999
2009-01-16,0.0,0.0,0.0,107.7157,0.0,-0.13693245,-0.0013693245
2009-01-19,0.0,0.0,0.0,107.5544,0.0,-0.14974604,-0.0014974604
2009-01-20,0.0,0.0,0.0,107.1728,0.0,-0.3547972,-0.003547972
2009-01-21,0.0,0.0,0.0,107.1077,0.0,-0.06074302,-0.0006074302
2009-01-22,0.0,0.0,0.0,107.417,0.0,0.28877476,0.0028877476
2009-01-23,0.0,0.0,0.0,107.5769,0.0,0.14885912,0.0014885912000000001
2009-02-02,0.0,0.0,0.0,107.4504,0.0,-0.16835205,-0.0016835205
2009-02-03,0.0,0.0,0.0,107.2042,0.0,-0.22912897,-0.0022912897
2009-02-04,0.0,0.0,0.0,106.7282,0.0,-0.44401245,-0.0044401245
2009-02-05,0.0,0.0,0.0,106.7624,0.0,0.03204401,0.0003204401
2009-02-06,0.0,0.0,0.0,106.8712,0.0,0.10190854,0.0010190854
2009-02-09,0.0,0.0,0.0,106.913,0.0,0.0391125,0.00039112500000000003
2009-02-10,0.0,0.0,0.0,106.8066,0.0,-0.09952017,-0.0009952017
2009-02-11,0.0,0.0,0.0,106.7474,0.0,-0.05542729,-0.0005542729
2009-02-12,0.0,0.0,0.0,107.1801,0.0,0.40534945,0.0040534945
2009-02-13,0.0,0.0,0.0,107.2401,0.0,0.05598054,0.0005598054
2009-02-16,0.0,0.0,0.0,107.3286,0.0,0.0825251,0.000825251
2009-02-17,0.0,0.0,0.0,107.2284,0.0,-0.09335815,-0.0009335815
2009-02-18,0.0,0.0,0.0,107.2507,0.0,0.02079673,0.0002079673
2009-02-19,0.0,0.0,0.0,107.3755,0.0,0.11636288,0.0011636288
2009-02-20,0.0,0.0,0.0,107.4444,0.0,0.06416734,0.0006416734000000001
2009-02-23,0.0,0.0,0.0,107.4633,0.0,0.01759049,0.0001759049
2009-02-24,0.0,0.0,0.0,107.3794,0.0,-0.07807317,-0.0007807317
2009-02-25,0.0,0.0,0.0,107.5744,0.0,0.18159908,0.0018159908
2009-02-26,0.0,0.0,0.0,107.6737,0.0,0.09230821,0.0009230821
2009-02-27,0.0,0.0,0.0,108.0147,0.0,0.31669758,0.0031669757999999997
2009-03-02,0.0,0.0,0.0,108.004,0.0,-0.00990606,-9.906059999999999e-05
2009-03-03,0.0,0.0,0.0,108.054,0.0,0.04629458,0.00046294580000000004
2009-03-04,0.0,0.0,0.0,108.0917,0.0,0.03488996,0.0003488996
2009-03-05,0.0,0.0,0.0,108.1682,0.0,0.07077324,0.0007077324
2009-03-06,0.0,0.0,0.0,108.2011,0.0,0.03041559,0.0003041559
2009-03-09,0.0,0.0,0.0,108.1621,0.0,-0.036044,-0.00036044
2009-03-10,0.0,0.0,0.0,108.2242,0.0,0.05741383,0.0005741383
2009-03-11,0.0,0.0,0.0,108.1094,0.0,-0.10607609,-0.0010607608999999999
2009-03-12,0.0,0.0,0.0,108.2679,0.0,0.14661075,0.0014661075
2009-03-13,0.0,0.0,0.0,108.3116,0.0,0.04036284,0.0004036284
2009-03-16,0.0,0.0,0.0,108.4087,0.0,0.08964875,0.0008964875
2009-03-17,0.0,0.0,0.0,108.3973,0.0,-0.01051576,-0.00010515760000000001
2009-03-18,0.0,0.0,0.0,108.2553,0.0,-0.13099957,-0.0013099957
2009-03-19,0.0,0.0,0.0,108.4193,0.0,0.15149374,0.0015149374
2009-03-20,0.0,0.0,0.0,108.4289,0.0,0.00885451,8.85451e-05
2009-03-23,0.0,0.0,0.0,108.5214,0.0,0.08530936,0.0008530936
2009-03-24,0.0,0.0,0.0,108.4613,0.0,-0.05538078,-0.0005538078
2009-03-25,0.0,0.0,0.0,108.3243,0.0,-0.12631233,-0.0012631233
2009-03-26,0.0,0.0,0.0,108.3837,0.0,0.05483534,0.0005483534
2009-03-27,0.0,0.0,0.0,108.3527,0.0,-0.02860209,-0.0002860209
2009-03-30,0.0,0.0,0.0,108.3303,0.0,-0.02067323,-0.00020673230000000002
2009-03-31,0.0,0.0,0.0,108.2868,0.0,-0.04015497,-0.0004015497
2009-04-01,0.0,0.0,0.0,108.1753,0.0,-0.10296731,-0.0010296731
2009-04-02,0.0,0.0,0.0,108.2204,0.0,0.04169159,0.0004169159
2009-04-03,0.0,0.0,0.0,108.0601,0.0,-0.14812364,-0.0014812364
2009-04-07,0.0,0.0,0.0,107.9189,0.0,-0.13066803,-0.0013066802999999998
2009-04-08,0.0,0.0,0.0,107.6435,0.0,-0.25519163,-0.0025519163
2009-04-09,0.0,0.0,0.0,107.5954,0.0,-0.04468454,-0.0004468454
2009-04-10,0.0,0.0,0.0,107.5346,0.0,-0.05650799,-0.0005650799
2009-04-13,0.0,0.0,0.0,107.4756,0.0,-0.05486606,-0.0005486606000000001
2009-04-14,0.0,0.0,0.0,107.3902,0.0,-0.0794599,-0.000794599
2009-04-15,0.0,0.0,0.0,107.4479,0.0,0.0537293,0.000537293
2009-04-16,0.0,0.0,0.0,107.4991,0.0,0.047651,0.00047651
2009-04-17,0.0,0.0,0.0,107.7058,0.0,0.19228068,0.0019228068
2009-04-20,0.0,0.0,0.0,107.8786,0.0,0.16043704,0.0016043704
2009-04-21,0.0,0.0,0.0,107.7383,0.0,-0.1300536,-0.001300536
2009-04-22,0.0,0.0,0.0,107.6939,0.0,-0.04121097,-0.0004121097
2009-04-23,0.0,0.0,0.0,107.4234,0.0,-0.25117486,-0.0025117486
2009-04-24,0.0,0.0,0.0,107.3431,0.0,-0.07475094,-0.0007475094000000001
2009-04-27,0.0,0.0,0.0,107.4033,0.0,0.05608185,0.0005608185
2009-04-28,0.0,0.0,0.0,107.4431,0.0,0.03705659,0.0003705659
2009-04-29,0.0,0.0,0.0,107.5957,0.0,0.14202866,0.0014202866
2009-04-30,0.0,0.0,0.0,107.5806,0.0,-0.01403402,-0.0001403402
2009-05-04,0.0,0.0,0.0,107.5879,0.0,0.00678561,6.78561e-05
2009-05-05,0.0,0.0,0.0,107.6439,0.0,0.05205046,0.0005205046
2009-05-06,0.0,0.0,0.0,107.5821,0.0,-0.05741152,-0.0005741152
2009-05-07,0.0,0.0,0.0,107.5779,0.0,-0.003904,-3.904e-05
2009-05-08,0.0,0.0,0.0,107.7376,0.0,0.14845056,0.0014845056
2009-05-11,0.0,0.0,0.0,107.7748,0.0,0.03452834,0.00034528339999999997
2009-05-12,0.0,0.0,0.0,107.8283,0.0,0.04964055,0.0004964055
2009-05-13,0.0,0.0,0.0,107.8068,0.0,-0.01993911,-0.0001993911
2009-05-14,0.0,0.0,0.0,107.8237,0.0,0.01567619,0.0001567619
2009-05-15,0.0,0.0,0.0,107.9196,0.0,0.08894149,0.0008894149
2009-05-18,0.0,0.0,0.0,108.0263,0.0,0.0988699,0.000988699
2009-05-19,0.0,0.0,0.0,108.2326,0.0,0.19097201,0.0019097201
2009-05-20,0.0,0.0,0.0,108.4541,0.0,0.20465183,0.0020465183
2009-05-21,0.0,0.0,0.0,108.6577,0.0,0.18772919,0.0018772919
2009-05-22,0.0,0.0,0.0,108.7918,0.0,0.12341509,0.0012341509000000001
2009-05-25,0.0,0.0,0.0,108.7922,0.0,0.00036767,3.6767e-06
2009-05-26,0.0,0.0,0.0,108.7932,0.0,0.00091918,9.1918e-06
2009-05-27,0.0,0.0,0.0,108.8269,0.0,0.0309762,0.000309762
2009-06-01,0.0,0.0,0.0,108.9603,0.0,-0.02449833,-0.0002449833
2009-06-02,0.0,0.0,0.0,108.9602,0.0,-9.178e-05,-9.178e-07
2009-06-03,0.0,0.0,0.0,109.0186,0.0,0.05359755,0.0005359755
2009-06-04,0.0,0.0,0.0,108.919,0.0,-0.09136056,-0.0009136055999999999
2009-06-05,0.0,0.0,0.0,108.8968,0.0,-0.02038212,-0.0002038212
2009-06-08,0.0,0.0,0.0,108.9526,0.0,0.05124118,0.0005124118
2009-06-09,0.0,0.0,0.0,108.9571,0.0,0.00413024,4.1302400000000006e-05
2009-06-10,0.0,0.0,0.0,108.8942,0.0,-0.05772914,-0.0005772914
2009-06-11,0.0,0.0,0.0,108.9143,0.0,0.01845828,0.0001845828
2009-06-12,0.0,0.0,0.0,108.9565,0.0,0.03874606,0.0003874606
2009-06-15,0.0,0.0,0.0,109.0014,0.0,0.04120911,0.0004120911
2009-06-16,0.0,0.0,0.0,109.0332,0.0,0.02917394,0.0002917394
2009-06-17,0.0,0.0,0.0,109.0727,0.0,0.0362275,0.000362275
2009-06-18,0.0,0.0,0.0,109.0247,0.0,-0.04400735,-0.0004400735
2009-06-19,0.0,0.0,0.0,109.037,0.0,0.01128185,0.0001128185
2009-06-22,0.0,0.0,0.0,109.0473,0.0,0.00944633,9.446329999999999e-05
2009-06-23,0.0,0.0,0.0,109.0392,0.0,-0.00742797,-7.427969999999999e-05
2009-06-24,0.0,0.0,0.0,108.982,0.0,-0.0524582,-0.000524582
2009-06-25,0.0,0.0,0.0,108.9551,0.0,-0.02468298,-0.0002468298
2009-06-26,0.0,0.0,0.0,108.9865,0.0,0.02881921,0.00028819210000000003
2009-06-29,0.0,0.0,0.0,109.1204,0.0,0.12285925,0.0012285925
2009-06-30,0.0,0.0,0.0,109.1563,0.0,0.03289944,0.0003289944
2009-07-01,0.0,0.0,0.0,108.9934,0.0,-0.14923555,-0.0014923554999999999
2009-07-02,0.0,0.0,0.0,109.0546,0.0,0.05615019,0.0005615019
2009-07-03,0.0,0.0,0.0,109.1158,0.0,0.05611868,0.0005611867999999999
2009-07-06,0.0,0.0,0.0,109.15,0.0,0.03134285,0.0003134285
2009-07-07,0.0,0.0,0.0,109.0523,0.0,-0.08950985,-0.0008950985
2009-07-08,0.0,0.0,0.0,109.1472,0.0,0.08702247,0.0008702247000000001
2009-07-09,0.0,0.0,0.0,109.158,0.0,0.00989489,9.89489e-05
2009-07-10,0.0,0.0,0.0,108.926,0.0,-0.21253596,-0.0021253596
2009-07-13,0.0,0.0,0.0,108.9727,0.0,0.04287314,0.0004287314
2009-07-14,0.0,0.0,0.0,108.9565,0.0,-0.01486611,-0.0001486611
2009-07-15,0.0,0.0,0.0,108.7549,0.0,-0.18502797,-0.0018502797
2009-07-16,0.0,0.0,0.0,108.4359,0.0,-0.29332012,-0.0029332012000000004
2009-07-17,0.0,0.0,0.0,108.3463,0.0,-0.08262946,-0.0008262946
2009-07-20,0.0,0.0,0.0,108.3978,0.0,0.04753277,0.0004753277
2009-07-21,0.0,0.0,0.0,108.4768,0.0,0.07287971,0.0007287971
2009-07-22,0.0,0.0,0.0,108.4748,0.0,-0.00184371,-1.84371e-05
2009-07-23,0.0,0.0,0.0,108.4498,0.0,-0.02304683,-0.0002304683
2009-07-24,0.0,0.0,0.0,108.5239,0.0,0.06832654,0.0006832654000000001
2009-07-27,0.0,0.0,0.0,108.5047,0.0,-0.01769196,-0.0001769196
2009-07-28,0.0,0.0,0.0,108.4765,0.0,-0.02598966,-0.0002598966
2009-07-29,0.0,0.0,0.0,108.5383,0.0,0.05697086,0.0005697086
2009-07-30,0.0,0.0,0.0,108.5117,0.0,-0.02450748,-0.0002450748
2009-07-31,0.0,0.0,0.0,108.4484,0.0,-0.05833472,-0.0005833472
2009-08-03,0.0,0.0,0.0,108.3722,0.0,-0.07026383,-0.0007026383
2009-08-04,0.0,0.0,0.0,108.3403,0.0,-0.02943559,-0.00029435590000000003
2009-08-05,0.0,0.0,0.0,108.3149,0.0,-0.02344465,-0.0002344465
2009-08-06,0.0,0.0,0.0,108.3807,0.0,0.0607488,0.000607488
2009-08-07,0.0,0.0,0.0,108.3097,0.0,-0.06550982,-0.0006550982
2009-08-10,0.0,0.0,0.0,108.2785,0.0,-0.02880628,-0.0002880628
2009-08-11,0.0,0.0,0.0,108.2175,0.0,-0.05633621,-0.0005633621
2009-08-12,0.0,0.0,0.0,108.2154,0.0,-0.00194054,-1.94054e-05
2009-08-13,0.0,0.0,0.0,108.3212,0.0,0.09776797,0.0009776797
2009-08-14,0.0,0.0,0.0,108.2251,0.0,-0.08871763,-0.0008871763
2009-08-17,0.0,0.0,0.0,108.2833,0.0,0.0537768,0.000537768
2009-08-18,0.0,0.0,0.0,108.3126,0.0,0.02705865,0.0002705865
2009-08-19,0.0,0.0,0.0,108.2329,0.0,-0.07358331,-0.0007358331
2009-08-20,0.0,0.0,0.0,108.2501,0.0,0.01589166,0.00015891659999999998
2009-08-21,0.0,0.0,0.0,108.2707,0.0,0.01903001,0.0001903001
2009-08-24,0.0,0.0,0.0,108.2832,0.0,0.01154514,0.0001154514
2009-08-25,0.0,0.0,0.0,108.2832,0.0,0.0,0.0
2009-08-26,0.0,0.0,0.0,108.2187,0.0,-0.05956603,-0.0005956603
2009-08-27,0.0,0.0,0.0,108.2362,0.0,0.01617096,0.00016170960000000002
2009-08-28,0.0,0.0,0.0,108.2302,0.0,-0.00554343,-5.5434300000000006e-05
2009-08-31,0.0,0.0,0.0,108.3206,0.0,0.08352567,0.0008352567
2009-09-01,0.0,0.0,0.0,108.2204,0.0,-0.09250318,-0.0009250318
2009-09-02,0.0,0.0,0.0,108.211,0.0,-0.00868598,-8.685979999999999e-05
2009-09-03,0.0,0.0,0.0,108.2121,0.0,0.00101653,1.01653e-05
2009-09-04,0.0,0.0,0.0,107.9643,0.0,-0.22899472,-0.0022899472
2009-09-07,0.0,0.0,0.0,107.7717,0.0,-0.1783923,-0.001783923
2009-09-08,0.0,0.0,0.0,107.8498,0.0,0.072468,0.00072468
2009-09-09,0.0,0.0,0.0,107.893,0.0,0.04005571,0.0004005571
2009-09-10,0.0,0.0,0.0,107.9555,0.0,0.05792776,0.0005792776
2009-09-11,0.0,0.0,0.0,107.9428,0.0,-0.01176411,-0.0001176411
2009-09-14,0.0,0.0,0.0,108.0008,0.0,0.05373216,0.0005373216
2009-09-15,0.0,0.0,0.0,107.953,0.0,-0.04425893,-0.0004425893
2009-09-16,0.0,0.0,0.0,107.9418,0.0,-0.01037489,-0.00010374889999999999
2009-09-17,0.0,0.0,0.0,107.8104,0.0,-0.12173227,-0.0012173227
2009-09-18,0.0,0.0,0.0,107.6762,0.0,-0.12447779,-0.0012447779
2009-09-21,0.0,0.0,0.0,107.5439,0.0,-0.12286838,-0.0012286838
2009-09-22,0.0,0.0,0.0,107.4533,0.0,-0.08424467,-0.0008424467
2009-09-23,0.0,0.0,0.0,107.2505,0.0,-0.18873315,-0.0018873314999999999
2009-09-24,0.0,0.0,0.0,107.1426,0.0,-0.10060559,-0.0010060559
2009-09-25,0.0,0.0,0.0,107.0828,0.0,-0.05581347,-0.0005581347
2009-09-28,0.0,0.0,0.0,107.0143,0.0,0.02402125,0.00024021250000000002
2009-09-29,0.0,0.0,0.0,107.0429,0.0,0.0267254,0.00026725399999999997
2009-09-30,0.0,0.0,0.0,107.0493,0.0,0.00597891,5.978909999999999e-05
2009-10-09,0.0,0.0,0.0,106.969,0.0,-0.07501217,-0.0007501217
2009-10-12,0.0,0.0,0.0,106.6183,0.0,-0.14310989,-0.0014310988999999999
2009-10-13,0.0,0.0,0.0,106.4076,0.0,-0.19762086,-0.0019762086
2009-10-14,0.0,0.0,0.0,106.2104,0.0,-0.18532511,-0.0018532510999999998
2009-10-15,0.0,0.0,0.0,106.1942,0.0,-0.01525274,-0.0001525274
2009-10-16,0.0,0.0,0.0,106.1968,0.0,0.00244834,2.4483399999999997e-05
2009-10-19,0.0,0.0,0.0,106.3213,0.0,0.11723517,0.0011723517
2009-10-20,0.0,0.0,0.0,106.3647,0.0,0.04081967,0.0004081967
2009-10-21,0.0,0.0,0.0,106.4148,0.0,0.04710209,0.0004710209
2009-10-22,0.0,0.0,0.0,106.4039,0.0,-0.01024294,-0.0001024294
2009-10-23,0.0,0.0,0.0,106.5199,0.0,0.10901856,0.0010901856
2009-10-26,0.0,0.0,0.0,106.5213,0.0,0.00131431,1.31431e-05
2009-10-27,0.0,0.0,0.0,106.6238,0.0,0.09622489,0.0009622489
2009-10-28,0.0,0.0,0.0,106.5641,0.0,-0.05599125,-0.0005599125
2009-10-29,0.0,0.0,0.0,106.6914,0.0,0.11945862,0.0011945862
2009-10-30,0.0,0.0,0.0,106.7173,0.0,0.02427562,0.00024275620000000002
2009-11-02,0.0,0.0,0.0,106.8016,0.0,0.07899375,0.0007899375000000001
2009-11-03,0.0,0.0,0.0,106.8335,0.0,0.02986847,0.00029868470000000004
2009-11-04,0.0,0.0,0.0,106.8335,0.0,0.0,0.0
2009-11-05,0.0,0.0,0.0,106.9014,0.0,0.06355684,0.0006355684
2009-11-06,0.0,0.0,0.0,106.9913,0.0,0.08409619,0.0008409619
2009-11-09,0.0,0.0,0.0,107.0535,0.0,0.05813557,0.0005813557
2009-11-10,0.0,0.0,0.0,107.0537,0.0,0.00018682,1.8682e-06
2009-11-11,0.0,0.0,0.0,107.0346,0.0,-0.01784151,-0.00017841510000000003
2009-11-12,0.0,0.0,0.0,107.144,0.0,0.10220994,0.0010220994
2009-11-13,0.0,0.0,0.0,107.1942,0.0,0.04685283,0.0004685283
2009-11-16,0.0,0.0,0.0,107.1597,0.0,-0.03218458,-0.00032184579999999997
2009-11-17,0.0,0.0,0.0,107.1748,0.0,0.01409112,0.0001409112
2009-11-18,0.0,0.0,0.0,107.0726,0.0,-0.09535824,-0.0009535823999999999
2009-11-19,0.0,0.0,0.0,107.1548,0.0,0.07677034,0.0007677034
2009-11-20,0.0,0.0,0.0,107.3378,0.0,0.17078096,0.0017078096
2009-11-23,0.0,0.0,0.0,107.3987,0.0,0.05673677,0.0005673677
2009-11-24,0.0,0.0,0.0,107.4068,0.0,0.00754199,7.54199e-05
2009-11-25,0.0,0.0,0.0,107.4355,0.0,0.02672084,0.0002672084
2009-11-26,0.0,0.0,0.0,107.4612,0.0,0.02392133,0.00023921330000000002
2009-11-27,0.0,0.0,0.0,107.5038,0.0,0.03964222,0.00039642219999999997
2009-11-30,0.0,0.0,0.0,107.5251,0.0,0.01981325,0.00019813250000000001
2009-12-01,0.0,0.0,0.0,107.4432,0.0,-0.07616826,-0.0007616826000000001
2009-12-02,0.0,0.0,0.0,107.4678,0.0,0.02289582,0.0002289582
2009-12-03,0.0,0.0,0.0,107.5763,0.0,0.10096047,0.0010096047
2009-12-04,0.0,0.0,0.0,107.5975,0.0,0.01970694,0.0001970694
2009-12-07,0.0,0.0,0.0,107.6148,0.0,0.01607844,0.0001607844
2009-12-08,0.0,0.0,0.0,107.4746,0.0,-0.13027948,-0.0013027948
2009-12-09,0.0,0.0,0.0,107.6265,0.0,0.14133572,0.0014133572
2009-12-10,0.0,0.0,0.0,107.6042,0.0,-0.0207198,-0.000207198
2009-12-11,0.0,0.0,0.0,107.6165,0.0,0.01143078,0.0001143078
2009-12-14,0.0,0.0,0.0,107.6924,0.0,0.07052822,0.0007052822000000001
2009-12-15,0.0,0.0,0.0,107.5802,0.0,-0.10418562,-0.0010418562000000001
2009-12-16,0.0,0.0,0.0,107.6354,0.0,0.05131056,0.0005131056
2009-12-17,0.0,0.0,0.0,107.7947,0.0,0.14799964,0.0014799963999999998
2009-12-18,0.0,0.0,0.0,107.8351,0.0,0.03747865,0.0003747865
2009-12-21,0.0,0.0,0.0,107.8666,0.0,0.02921127,0.0002921127
2009-12-22,0.0,0.0,0.0,107.9123,0.0,0.04236715,0.0004236715
2009-12-23,0.0,0.0,0.0,108.0204,0.0,0.10017394,0.0010017394
2009-12-24,0.0,0.0,0.0,108.036,0.0,0.01444172,0.0001444172
2009-12-25,0.0,0.0,0.0,108.2149,0.0,0.16559295,0.0016559295
2009-12-28,0.0,0.0,0.0,108.3689,0.0,0.14230942,0.0014230941999999998
2009-12-29,0.0,0.0,0.0,108.4161,0.0,0.04355493,0.00043554929999999997
2009-12-30,0.0,0.0,0.0,108.6301,0.0,0.19738766,0.0019738766
2009-12-31,0.0,0.0,0.0,108.72,0.0,0.08275791,0.0008275791000000001
2010-01-04,0.0,0.0,0.0,108.7251,0.0,0.00469095,4.69095e-05
2010-01-05,0.0,0.0,0.0,108.7795,0.0,0.05003444,0.0005003444
2010-01-06,0.0,0.0,0.0,108.787,0.0,0.00689468,6.89468e-05
2010-01-07,0.0,0.0,0.0,108.8175,0.0,0.02803644,0.0002803644
2010-01-08,0.0,0.0,0.0,108.8039,0.0,-0.01249799,-0.0001249799
2010-01-11,0.0,0.0,0.0,108.8211,0.0,0.01580826,0.00015808260000000002
2010-01-12,0.0,0.0,0.0,108.7241,0.0,-0.08913713,-0.0008913713
2010-01-13,0.0,0.0,0.0,108.7135,0.0,-0.00974945,-9.749449999999999e-05
2010-01-14,0.0,0.0,0.0,108.9128,0.0,0.1833259,0.001833259
2010-01-15,0.0,0.0,0.0,109.0468,0.0,0.12303421,0.0012303421
2010-01-18,0.0,0.0,0.0,109.1262,0.0,0.07281277,0.0007281277
2010-01-19,0.0,0.0,0.0,109.0782,0.0,-0.04398577,-0.0004398577
2010-01-20,0.0,0.0,0.0,109.2973,0.0,0.20086507,0.0020086507
2010-01-21,0.0,0.0,0.0,109.5874,0.0,0.26542284,0.0026542284
2010-01-22,0.0,0.0,0.0,109.7946,0.0,0.18907283,0.0018907283
2010-01-25,0.0,0.0,0.0,109.866,0.0,0.06503052,0.0006503052
2010-01-26,0.0,0.0,0.0,109.9055,0.0,0.03595289,0.0003595289
2010-01-27,0.0,0.0,0.0,109.9633,0.0,0.05259063,0.0005259063
2010-01-28,0.0,0.0,0.0,109.9871,0.0,0.02164358,0.00021643579999999999
2010-01-29,0.0,0.0,0.0,109.9965,0.0,0.00854646,8.546460000000001e-05
2010-02-01,0.0,0.0,0.0,110.0697,0.0,0.06654757,0.0006654757
2010-02-02,0.0,0.0,0.0,110.1083,0.0,0.03506869,0.0003506869
2010-02-03,0.0,0.0,0.0,110.1303,0.0,0.01998033,0.00019980330000000002
2010-02-04,0.0,0.0,0.0,110.0675,0.0,-0.05702336,-0.0005702336000000001
2010-02-05,0.0,0.0,0.0,110.0709,0.0,0.00308901,3.0890100000000004e-05
2010-02-08,0.0,0.0,0.0,110.2096,0.0,0.12600969,0.0012600969000000001
2010-02-09,0.0,0.0,0.0,110.2961,0.0,0.07848681,0.0007848681
2010-02-10,0.0,0.0,0.0,110.2765,0.0,-0.01777035,-0.0001777035
2010-02-11,0.0,0.0,0.0,110.2794,0.0,0.00262975,2.62975e-05
2010-02-12,0.0,0.0,0.0,110.292,0.0,0.01142552,0.0001142552
2010-02-22,0.0,0.0,0.0,110.3988,0.0,0.03343545,0.0003343545
2010-02-23,0.0,0.0,0.0,110.3667,0.0,-0.0290764,-0.000290764
2010-02-24,0.0,0.0,0.0,110.3852,0.0,0.0167623,0.00016762300000000002
2010-02-25,0.0,0.0,0.0,110.5006,0.0,0.104543,0.00104543
2010-02-26,0.0,0.0,0.0,110.8709,0.0,0.3351113,0.003351113
2010-03-01,0.0,0.0,0.0,110.9034,0.0,0.02931337,0.00029313369999999997
2010-03-02,0.0,0.0,0.0,111.0175,0.0,0.10288233,0.0010288233
2010-03-03,0.0,0.0,0.0,111.3331,0.0,0.28427951,0.0028427951
2010-03-04,0.0,0.0,0.0,111.4393,0.0,0.09538942,0.0009538942
2010-03-05,0.0,0.0,0.0,111.7321,0.0,0.26274393,0.0026274393
2010-03-08,0.0,0.0,0.0,111.8992,0.0,0.14955416,0.0014955416
2010-03-09,0.0,0.0,0.0,111.844,0.0,-0.04933011,-0.0004933011000000001
2010-03-10,0.0,0.0,0.0,112.0435,0.0,0.17837345,0.0017837344999999999
2010-03-11,0.0,0.0,0.0,112.2414,0.0,0.17662783,0.0017662783000000001
2010-03-12,0.0,0.0,0.0,112.3076,0.0,0.05898002,0.0005898002
2010-03-15,0.0,0.0,0.0,112.4032,0.0,0.08512336,0.0008512336
2010-03-16,0.0,0.0,0.0,112.3824,0.0,-0.01850481,-0.0001850481
2010-03-17,0.0,0.0,0.0,112.3892,0.0,0.00605077,6.05077e-05
2010-03-18,0.0,0.0,0.0,112.4337,0.0,0.03959455,0.0003959455
2010-03-19,0.0,0.0,0.0,112.4797,0.0,0.040913,0.00040912999999999995
2010-03-22,0.0,0.0,0.0,112.4174,0.0,-0.05538777,-0.0005538777000000001
2010-03-23,0.0,0.0,0.0,112.462,0.0,0.03967357,0.00039673569999999997
2010-03-24,0.0,0.0,0.0,112.5116,0.0,0.04410379,0.00044103789999999995
2010-03-25,0.0,0.0,0.0,112.5524,0.0,0.03626293,0.0003626293
2010-03-26,0.0,0.0,0.0,112.5862,0.0,0.03003046,0.0003003046
2010-03-29,0.0,0.0,0.0,112.6208,0.0,0.03073201,0.0003073201
2010-03-30,0.0,0.0,0.0,112.7268,0.0,0.09412116,0.0009412115999999999
2010-03-31,0.0,0.0,0.0,112.7389,0.0,0.01073392,0.0001073392
2010-04-01,0.0,0.0,0.0,112.6734,0.0,-0.05809885,-0.0005809885
2010-04-02,0.0,0.0,0.0,112.6845,0.0,0.00985148,9.851479999999999e-05
2010-04-06,0.0,0.0,0.0,112.6763,0.0,-0.00727695,-7.27695e-05
2010-04-07,0.0,0.0,0.0,112.5302,0.0,-0.12966347,-0.0012966347
2010-04-08,0.0,0.0,0.0,112.5372,0.0,0.00622055,6.22055e-05
2010-04-09,0.0,0.0,0.0,112.5447,0.0,0.00666446,6.66446e-05
2010-04-12,0.0,0.0,0.0,112.6325,0.0,0.07801345,0.0007801345
2010-04-13,0.0,0.0,0.0,112.6359,0.0,0.00301867,3.0186700000000004e-05
2010-04-14,0.0,0.0,0.0,112.6644,0.0,0.02530277,0.0002530277
2010-04-15,0.0,0.0,0.0,112.6766,0.0,0.01082862,0.0001082862
2010-04-16,0.0,0.0,0.0,112.7068,0.0,0.02680237,0.0002680237
2010-04-19,0.0,0.0,0.0,112.7919,0.0,0.07550565,0.0007550564999999999
2010-04-20,0.0,0.0,0.0,112.8814,0.0,0.07934967,0.0007934967
2010-04-21,0.0,0.0,0.0,112.9762,0.0,0.08398195,0.0008398195
2010-04-22,0.0,0.0,0.0,113.0529,0.0,0.06789041,0.0006789041
2010-04-23,0.0,0.0,0.0,113.2994,0.0,0.21803952,0.0021803952
2010-04-26,0.0,0.0,0.0,113.2838,0.0,-0.01376883,-0.00013768829999999998
2010-04-27,0.0,0.0,0.0,113.3393,0.0,0.048992,0.00048992
2010-04-28,0.0,0.0,0.0,113.4656,0.0,0.11143531,0.0011143531
2010-04-29,0.0,0.0,0.0,113.5119,0.0,0.04080532,0.0004080532
2010-04-30,0.0,0.0,0.0,113.5313,0.0,0.01709072,0.0001709072
2010-05-04,0.0,0.0,0.0,113.4948,0.0,-0.03214972,-0.0003214972
2010-05-05,0.0,0.0,0.0,113.4798,0.0,-0.01321646,-0.0001321646
2010-05-06,0.0,0.0,0.0,113.6257,0.0,0.12856914,0.0012856914
2010-05-07,0.0,0.0,0.0,113.7667,0.0,0.12409164,0.0012409164
2010-05-10,0.0,0.0,0.0,113.8451,0.0,0.06891296,0.0006891295999999999
2010-05-11,0.0,0.0,0.0,113.82,0.0,-0.0220475,-0.000220475
2010-05-12,0.0,0.0,0.0,113.8817,0.0,0.0542084,0.000542084
2010-05-13,0.0,0.0,0.0,113.9437,0.0,0.05444246,0.0005444245999999999
2010-05-14,0.0,0.0,0.0,114.0465,0.0,0.09021999,0.0009021999
2010-05-17,0.0,0.0,0.0,114.169,0.0,0.10741233,0.0010741233
2010-05-18,0.0,0.0,0.0,114.3583,0.0,0.16580683,0.0016580682999999998
2010-05-19,0.0,0.0,0.0,114.5294,0.0,0.14961747,0.0014961747
2010-05-20,0.0,0.0,0.0,114.6339,0.0,0.09124295,0.0009124295
2010-05-21,0.0,0.0,0.0,114.5631,0.0,-0.06176183,-0.0006176183
2010-05-24,0.0,0.0,0.0,114.5064,0.0,-0.04949238,-0.0004949238
2010-05-25,0.0,0.0,0.0,114.542,0.0,0.03108997,0.00031089970000000003
2010-05-26,0.0,0.0,0.0,114.5073,0.0,-0.03029456,-0.00030294560000000004
2010-05-27,0.0,0.0,0.0,114.5179,0.0,0.00925705,9.25705e-05
2010-05-28,0.0,0.0,0.0,114.5028,0.0,-0.01318571,-0.0001318571
2010-05-31,0.0,0.0,0.0,114.4881,0.0,-0.01283811,-0.0001283811
2010-06-01,0.0,0.0,0.0,114.4874,0.0,-0.00061142,-6.1142e-06
2010-06-02,0.0,0.0,0.0,114.5171,0.0,0.02594172,0.00025941720000000003
2010-06-03,0.0,0.0,0.0,114.6912,0.0,0.1520297,0.0015202969999999999
2010-06-04,0.0,0.0,0.0,114.8319,0.0,0.12267724,0.0012267724
2010-06-07,0.0,0.0,0.0,114.9764,0.0,0.12583611,0.0012583611
2010-06-08,0.0,0.0,0.0,114.9956,0.0,0.01669908,0.00016699080000000003
2010-06-09,0.0,0.0,0.0,115.0347,0.0,0.0340013,0.00034001299999999996
2010-06-10,0.0,0.0,0.0,115.0704,0.0,0.03103411,0.0003103411
2010-06-11,0.0,0.0,0.0,114.8955,0.0,-0.15199391,-0.0015199391000000001
2010-06-17,0.0,0.0,0.0,115.1593,0.0,0.10109263,0.0010109263
2010-06-18,0.0,0.0,0.0,114.9315,0.0,-0.19781294,-0.0019781294
2010-06-21,0.0,0.0,0.0,114.9061,0.0,-0.02210012,-0.0002210012
2010-06-22,0.0,0.0,0.0,115.0071,0.0,0.08789786,0.0008789786
2010-06-23,0.0,0.0,0.0,115.0011,0.0,-0.00521707,-5.21707e-05
2010-06-24,0.0,0.0,0.0,114.9767,0.0,-0.02121719,-0.0002121719
2010-06-25,0.0,0.0,0.0,114.8252,0.0,-0.13176583,-0.0013176583
2010-06-28,0.0,0.0,0.0,114.906,0.0,0.07036783,0.0007036783000000001
2010-06-29,0.0,0.0,0.0,115.005,0.0,0.08615738,0.0008615738000000001
2010-06-30,0.0,0.0,0.0,115.1536,0.0,0.12921177,0.0012921177
2010-07-01,0.0,0.0,0.0,115.1937,0.0,0.03482305,0.0003482305
2010-07-02,0.0,0.0,0.0,115.3405,0.0,0.12743752,0.0012743752
2010-07-05,0.0,0.0,0.0,115.4046,0.0,0.05557458,0.0005557458
2010-07-06,0.0,0.0,0.0,115.5361,0.0,0.11394693,0.0011394693
2010-07-07,0.0,0.0,0.0,115.5718,0.0,0.03089943,0.0003089943
2010-07-08,0.0,0.0,0.0,115.5789,0.0,0.00614337,6.14337e-05
2010-07-09,0.0,0.0,0.0,115.6138,0.0,0.03019582,0.0003019582
2010-07-12,0.0,0.0,0.0,115.7384,0.0,0.1077726,0.001077726
2010-07-13,0.0,0.0,0.0,116.003,0.0,0.22861902,0.0022861902
2010-07-14,0.0,0.0,0.0,116.2855,0.0,0.24352818,0.0024352818
2010-07-15,0.0,0.0,0.0,116.5278,0.0,0.20836648,0.0020836648
2010-07-16,0.0,0.0,0.0,116.7587,0.0,0.19815014,0.0019815014000000002
2010-07-19,0.0,0.0,0.0,116.8558,0.0,0.08316297,0.0008316297
2010-07-20,0.0,0.0,0.0,116.9701,0.0,0.09781286,0.0009781286
2010-07-21,0.0,0.0,0.0,116.9465,0.0,-0.0201761,-0.00020176099999999998
2010-07-22,0.0,0.0,0.0,117.0124,0.0,0.05635055,0.0005635055
2010-07-23,0.0,0.0,0.0,117.0459,0.0,0.02862944,0.0002862944
2010-07-26,0.0,0.0,0.0,117.1428,0.0,0.08278803,0.0008278803
2010-07-27,0.0,0.0,0.0,117.0014,0.0,-0.12070738,-0.0012070738
2010-07-28,0.0,0.0,0.0,116.831,0.0,-0.14563928,-0.0014563928000000002
2010-07-29,0.0,0.0,0.0,116.9529,0.0,0.10433875,0.0010433875
2010-07-30,0.0,0.0,0.0,116.9441,0.0,-0.0075244,-7.5244e-05
2010-08-02,0.0,0.0,0.0,117.0158,0.0,0.06131134,0.0006131134
2010-08-03,0.0,0.0,0.0,117.0067,0.0,-0.00777673,-7.77673e-05
2010-08-04,0.0,0.0,0.0,116.9743,0.0,-0.02769072,-0.00027690719999999997
2010-08-05,0.0,0.0,0.0,117.0819,0.0,0.09198602,0.0009198602000000001
2010-08-06,0.0,0.0,0.0,117.0649,0.0,-0.01451975,-0.0001451975
2010-08-09,0.0,0.0,0.0,117.148,0.0,0.07098626,0.0007098626
2010-08-10,0.0,0.0,0.0,117.1864,0.0,0.03277905,0.00032779049999999996
2010-08-11,0.0,0.0,0.0,117.2412,0.0,0.04676311,0.00046763109999999996
2010-08-12,0.0,0.0,0.0,117.4492,0.0,0.17741204,0.0017741203999999998
2010-08-13,0.0,0.0,0.0,117.571,0.0,0.10370441,0.0010370441
2010-08-16,0.0,0.0,0.0,117.6346,0.0,0.05409497,0.0005409497
2010-08-17,0.0,0.0,0.0,117.6557,0.0,0.0179369,0.000179369
2010-08-18,0.0,0.0,0.0,117.6417,0.0,-0.01189913,-0.00011899130000000001
2010-08-19,0.0,0.0,0.0,117.7732,0.0,0.11178009,0.0011178009
2010-08-20,0.0,0.0,0.0,117.8816,0.0,0.09204131,0.0009204131000000001
2010-08-23,0.0,0.0,0.0,117.9827,0.0,0.08576402,0.0008576402
2010-08-24,0.0,0.0,0.0,118.0238,0.0,0.03483562,0.0003483562
2010-08-25,0.0,0.0,0.0,118.0513,0.0,0.02330039,0.0002330039
2010-08-26,0.0,0.0,0.0,117.9837,0.0,-0.05726324,-0.0005726324
2010-08-27,0.0,0.0,0.0,117.944,0.0,-0.03364872,-0.0003364872
2010-08-30,0.0,0.0,0.0,118.0378,0.0,0.07952927,0.0007952927
2010-08-31,0.0,0.0,0.0,117.925,0.0,-0.09556261,-0.0009556261
2010-09-01,0.0,0.0,0.0,117.9643,0.0,0.03332627,0.0003332627
2010-09-02,0.0,0.0,0.0,117.9914,0.0,0.02297305,0.0002297305
2010-09-03,0.0,0.0,0.0,117.9815,0.0,-0.00839044,-8.39044e-05
2010-09-06,0.0,0.0,0.0,118.0714,0.0,0.07619839,0.0007619839
2010-09-07,0.0,0.0,0.0,117.8987,0.0,-0.14626743,-0.0014626743
2010-09-08,0.0,0.0,0.0,117.8247,0.0,-0.06276575,-0.0006276575
2010-09-09,0.0,0.0,0.0,117.7119,0.0,-0.09573544,-0.0009573544
2010-09-10,0.0,0.0,0.0,117.6061,0.0,-0.08988046,-0.0008988046
2010-09-13,0.0,0.0,0.0,117.4301,0.0,-0.1496521,-0.001496521
2010-09-14,0.0,0.0,0.0,117.3472,0.0,-0.07059519,-0.0007059519
2010-09-15,0.0,0.0,0.0,117.3407,0.0,-0.00553912,-5.53912e-05
2010-09-16,0.0,0.0,0.0,117.2505,0.0,-0.07687017,-0.0007687017
2010-09-17,0.0,0.0,0.0,117.2829,0.0,0.02763314,0.0002763314
2010-09-20,0.0,0.0,0.0,117.2482,0.0,-0.00426428,-4.26428e-05
2010-09-21,0.0,0.0,0.0,117.1984,0.0,-0.042474,-0.00042474
2010-09-27,0.0,0.0,0.0,117.1344,0.0,-0.06603431,-0.0006603431
2010-09-28,0.0,0.0,0.0,117.1522,0.0,0.01519622,0.0001519622
2010-09-29,0.0,0.0,0.0,117.1867,0.0,0.02944887,0.0002944887
2010-09-30,0.0,0.0,0.0,117.2009,0.0,0.01211742,0.0001211742
2010-10-08,0.0,0.0,0.0,117.2667,0.0,0.05614291,0.0005614290999999999
2010-10-11,0.0,0.0,0.0,117.195,0.0,-0.01953627,-0.00019536270000000003
2010-10-12,0.0,0.0,0.0,117.237,0.0,0.03583771,0.00035837710000000004
2010-10-13,0.0,0.0,0.0,117.2077,0.0,-0.02499211,-0.0002499211
2010-10-14,0.0,0.0,0.0,117.0664,0.0,-0.12055522,-0.0012055522
2010-10-15,0.0,0.0,0.0,116.958,0.0,-0.09259702,-0.0009259702
2010-10-18,0.0,0.0,0.0,116.9936,0.0,0.03043828,0.0003043828
2010-10-19,0.0,0.0,0.0,116.9756,0.0,-0.01538546,-0.0001538546
2010-10-20,0.0,0.0,0.0,116.0585,0.0,-0.78400966,-0.0078400966
2010-10-21,0.0,0.0,0.0,115.6891,0.0,-0.31828776,-0.0031828776
2010-10-22,0.0,0.0,0.0,115.7702,0.0,0.07010168,0.0007010168
2010-10-25,0.0,0.0,0.0,115.8153,0.0,0.03895648,0.0003895648
2010-10-26,0.0,0.0,0.0,115.6528,0.0,-0.14030961,-0.0014030961
2010-10-27,0.0,0.0,0.0,115.5405,0.0,-0.09710098,-0.0009710098000000001
2010-10-28,0.0,0.0,0.0,115.4946,0.0,-0.03972633,-0.00039726329999999996
2010-10-29,0.0,0.0,0.0,115.4598,0.0,-0.03013128,-0.0003013128
2010-11-01,0.0,0.0,0.0,115.5053,0.0,0.03940766,0.0003940766
2010-11-02,0.0,0.0,0.0,115.3538,0.0,-0.13116281,-0.0013116280999999998
2010-11-03,0.0,0.0,0.0,115.0259,0.0,-0.28425592,-0.0028425591999999998
2010-11-04,0.0,0.0,0.0,114.815,0.0,-0.18335001,-0.0018335001
2010-11-05,0.0,0.0,0.0,114.7355,0.0,-0.06924182,-0.0006924181999999999
2010-11-08,0.0,0.0,0.0,114.5739,0.0,-0.14084568,-0.0014084568
2010-11-09,0.0,0.0,0.0,114.5109,0.0,-0.05498635,-0.0005498635
2010-11-10,0.0,0.0,0.0,114.1812,0.0,-0.28792019,-0.0028792019000000004
2010-11-11,0.0,0.0,0.0,113.7527,0.0,-0.37528069,-0.0037528069
2010-11-12,0.0,0.0,0.0,113.6075,0.0,-0.12764532,-0.0012764532000000002
2010-11-15,0.0,0.0,0.0,113.6424,0.0,0.0307198,0.000307198
2010-11-16,0.0,0.0,0.0,113.6699,0.0,0.02419871,0.0002419871
2010-11-17,0.0,0.0,0.0,113.658,0.0,-0.01046891,-0.0001046891
2010-11-18,0.0,0.0,0.0,113.6832,0.0,0.02217178,0.0002217178
2010-11-19,0.0,0.0,0.0,113.5709,0.0,-0.09878329,-0.0009878329
2010-11-22,0.0,0.0,0.0,113.2024,0.0,-0.32446692,-0.0032446692
2010-11-23,0.0,0.0,0.0,113.1094,0.0,-0.08215374,-0.0008215374
2010-11-24,0.0,0.0,0.0,112.9334,0.0,-0.15560157,-0.0015560157
2010-11-25,0.0,0.0,0.0,112.8402,0.0,-0.08252652,-0.0008252652
2010-11-26,0.0,0.0,0.0,112.7208,0.0,-0.10581335,-0.0010581335
2010-11-29,0.0,0.0,0.0,112.7972,0.0,0.06777809,0.0006777809
2010-11-30,0.0,0.0,0.0,112.6705,0.0,-0.11232548,-0.0011232548
2010-12-01,0.0,0.0,0.0,112.7729,0.0,0.09088448,0.0009088448000000001
2010-12-02,0.0,0.0,0.0,112.7755,0.0,0.00230552,2.3055200000000002e-05
2010-12-03,0.0,0.0,0.0,112.7382,0.0,-0.03307456,-0.0003307456
2010-12-06,0.0,0.0,0.0,112.8612,0.0,0.10910233,0.0010910232999999999
2010-12-07,0.0,0.0,0.0,112.9946,0.0,0.11819828,0.0011819828
2010-12-08,0.0,0.0,0.0,113.0192,0.0,0.02177095,0.00021770950000000002
2010-12-09,0.0,0.0,0.0,112.9044,0.0,-0.10157566,-0.0010157566
2010-12-10,0.0,0.0,0.0,112.9839,0.0,0.07041355,0.0007041355
2010-12-13,0.0,0.0,0.0,112.9593,0.0,-0.02177301,-0.0002177301
2010-12-14,0.0,0.0,0.0,112.9774,0.0,0.01602347,0.0001602347
2010-12-15,0.0,0.0,0.0,113.1557,0.0,0.15781917,0.0015781917
2010-12-16,0.0,0.0,0.0,113.1781,0.0,0.01979573,0.0001979573
2010-12-17,0.0,0.0,0.0,113.2701,0.0,0.08128781,0.0008128781
2010-12-20,0.0,0.0,0.0,113.2607,0.0,-0.00829875,-8.29875e-05
2010-12-21,0.0,0.0,0.0,113.4218,0.0,0.14223822,0.0014223821999999999
2010-12-22,0.0,0.0,0.0,113.467,0.0,0.03985125,0.00039851249999999996
2010-12-23,0.0,0.0,0.0,113.4738,0.0,0.00599293,5.9929299999999996e-05
2010-12-24,0.0,0.0,0.0,113.4862,0.0,0.01092763,0.00010927630000000001
2010-12-27,0.0,0.0,0.0,113.2943,0.0,-0.16909545,-0.0016909545000000001
2010-12-28,0.0,0.0,0.0,113.2977,0.0,0.00300103,3.00103e-05
2010-12-29,0.0,0.0,0.0,113.3243,0.0,0.02347797,0.0002347797
2010-12-30,0.0,0.0,0.0,113.4102,0.0,0.07580016,0.0007580016000000001
2010-12-31,0.0,0.0,0.0,113.5594,0.0,0.13155783,0.0013155782999999999
2011-01-04,0.0,0.0,0.0,113.8292,0.0,0.23758491,0.0023758491000000002
2011-01-05,0.0,0.0,0.0,114.1172,0.0,0.25301065,0.0025301065
2011-01-06,0.0,0.0,0.0,114.2351,0.0,0.10331484,0.0010331484000000001
2011-01-07,0.0,0.0,0.0,114.3673,0.0,0.11572625,0.0011572625
2011-01-10,0.0,0.0,0.0,114.4935,0.0,0.11034623,0.0011034623
2011-01-11,0.0,0.0,0.0,114.5394,0.0,0.04008961,0.00040089609999999996
2011-01-12,0.0,0.0,0.0,114.5061,0.0,-0.02907297,-0.0002907297
2011-01-13,0.0,0.0,0.0,114.3442,0.0,-0.14138985,-0.0014138985000000002
2011-01-14,0.0,0.0,0.0,114.2138,0.0,-0.11404164,-0.0011404164
2011-01-17,0.0,0.0,0.0,114.1024,0.0,-0.09753637,-0.0009753637
2011-01-18,0.0,0.0,0.0,113.9104,0.0,-0.1682699,-0.001682699
2011-01-19,0.0,0.0,0.0,113.7472,0.0,-0.1432705,-0.001432705
2011-01-20,0.0,0.0,0.0,113.6093,0.0,-0.12123375,-0.0012123375
2011-01-21,0.0,0.0,0.0,113.6603,0.0,0.04489069,0.0004489069
2011-01-24,0.0,0.0,0.0,113.6996,0.0,0.03457672,0.0003457672
2011-01-25,0.0,0.0,0.0,113.6791,0.0,-0.01802997,-0.0001802997
2011-01-26,0.0,0.0,0.0,113.555,0.0,-0.10916694,-0.0010916694000000001
2011-01-27,0.0,0.0,0.0,113.568,0.0,0.0114482,0.000114482
2011-01-28,0.0,0.0,0.0,113.4752,0.0,-0.08171316,-0.0008171316000000001
2011-01-31,0.0,0.0,0.0,113.4864,0.0,-0.00678449,-6.784489999999999e-05
2011-02-01,0.0,0.0,0.0,113.5959,0.0,0.09648733,0.0009648733
2011-02-09,0.0,0.0,0.0,113.3142,0.0,-0.2479843,-0.002479843
2011-02-10,0.0,0.0,0.0,113.0983,0.0,-0.19053217,-0.0019053217
2011-02-11,0.0,0.0,0.0,113.1117,0.0,0.0118481,0.000118481
2011-02-14,0.0,0.0,0.0,113.0682,0.0,0.03972632,0.00039726320000000004
2011-02-15,0.0,0.0,0.0,112.9487,0.0,-0.10568843,-0.0010568843
2011-02-16,0.0,0.0,0.0,112.8182,0.0,-0.11553918,-0.0011553918
2011-02-17,0.0,0.0,0.0,112.8345,0.0,0.01444802,0.0001444802
2011-02-18,0.0,0.0,0.0,112.9005,0.0,0.05849275,0.0005849275
2011-02-21,0.0,0.0,0.0,112.7188,0.0,-0.16093817,-0.0016093816999999998
2011-02-22,0.0,0.0,0.0,112.709,0.0,-0.0086942,-8.6942e-05
2011-02-23,0.0,0.0,0.0,112.7267,0.0,0.01570416,0.0001570416
2011-02-24,0.0,0.0,0.0,112.898,0.0,0.15196045,0.0015196044999999999
2011-02-25,0.0,0.0,0.0,112.8111,0.0,-0.07697213,-0.0007697213
2011-02-28,0.0,0.0,0.0,112.9092,0.0,0.08695953,0.0008695952999999999
2011-03-01,0.0,0.0,0.0,112.9774,0.0,0.06040252,0.0006040252
2011-03-02,0.0,0.0,0.0,112.9771,0.0,-0.00026554,-2.6554e-06
2011-03-03,0.0,0.0,0.0,113.0521,0.0,0.06638513,0.0006638513
2011-03-04,0.0,0.0,0.0,113.0488,0.0,-0.00291901,-2.91901e-05
2011-03-07,0.0,0.0,0.0,113.1556,0.0,0.09447248,0.0009447247999999999
2011-03-08,0.0,0.0,0.0,113.1708,0.0,0.01343283,0.00013432829999999999
2011-03-09,0.0,0.0,0.0,113.239,0.0,0.06026289,0.0006026289
2011-03-10,0.0,0.0,0.0,113.1778,0.0,-0.05404498,-0.0005404498
2011-03-11,0.0,0.0,0.0,113.1675,0.0,-0.00910072,-9.100719999999999e-05
2011-03-14,0.0,0.0,0.0,113.242,0.0,0.06583162,0.0006583161999999999
2011-03-15,0.0,0.0,0.0,113.2497,0.0,0.0067996,6.7996e-05
2011-03-16,0.0,0.0,0.0,113.2758,0.0,0.02304642,0.0002304642
2011-03-17,0.0,0.0,0.0,113.3839,0.0,0.0954308,0.000954308
2011-03-18,0.0,0.0,0.0,113.518,0.0,0.11827076,0.0011827076
2011-03-21,0.0,0.0,0.0,113.5463,0.0,0.02492997,0.0002492997
2011-03-22,0.0,0.0,0.0,113.5445,0.0,-0.00158526,-1.58526e-05
2011-03-23,0.0,0.0,0.0,113.6055,0.0,0.05372343,0.0005372343
2011-03-24,0.0,0.0,0.0,113.547,0.0,-0.05149399,-0.0005149399
2011-03-25,0.0,0.0,0.0,113.491,0.0,-0.04931878,-0.0004931878
2011-03-28,0.0,0.0,0.0,113.5125,0.0,0.01894423,0.0001894423
2011-03-29,0.0,0.0,0.0,113.502,0.0,-0.00925008,-9.250080000000001e-05
2011-03-30,0.0,0.0,0.0,113.4988,0.0,-0.00281933,-2.81933e-05
2011-03-31,0.0,0.0,0.0,113.4716,0.0,-0.02396501,-0.00023965009999999998
2011-04-01,0.0,0.0,0.0,113.4641,0.0,-0.00660958,-6.60958e-05
2011-04-06,0.0,0.0,0.0,113.5259,0.0,0.03604001,0.00036040009999999996
2011-04-07,0.0,0.0,0.0,113.6243,0.0,0.08667626,0.0008667626000000001
2011-04-08,0.0,0.0,0.0,113.7065,0.0,0.07234368,0.0007234367999999999
2011-04-11,0.0,0.0,0.0,113.7712,0.0,0.05690088,0.0005690088
2011-04-12,0.0,0.0,0.0,113.9684,0.0,0.17333033,0.0017333033
2011-04-13,0.0,0.0,0.0,114.184,0.0,0.18917525,0.0018917525
2011-04-14,0.0,0.0,0.0,114.3017,0.0,0.10307924,0.0010307924000000001
2011-04-15,0.0,0.0,0.0,114.47,0.0,0.1472419,0.001472419
2011-04-18,0.0,0.0,0.0,114.611,0.0,0.12317638,0.0012317638
2011-04-19,0.0,0.0,0.0,114.7355,0.0,0.10862832,0.0010862832
2011-04-20,0.0,0.0,0.0,114.6746,0.0,-0.0530786,-0.000530786
2011-04-21,0.0,0.0,0.0,114.5866,0.0,-0.07673888,-0.0007673888
2011-04-22,0.0,0.0,0.0,114.6941,0.0,0.09381551,0.0009381551
2011-04-25,0.0,0.0,0.0,114.6904,0.0,-0.00322597,-3.22597e-05
2011-04-26,0.0,0.0,0.0,114.61,0.0,-0.07010177,-0.0007010177
2011-04-27,0.0,0.0,0.0,114.6816,0.0,0.06247273,0.0006247272999999999
2011-04-28,0.0,0.0,0.0,114.6281,0.0,-0.0466509,-0.00046650900000000004
2011-04-29,0.0,0.0,0.0,114.7478,0.0,0.10442466,0.0010442466
2011-05-03,0.0,0.0,0.0,114.7021,0.0,-0.03982647,-0.00039826470000000003
2011-05-04,0.0,0.0,0.0,114.8826,0.0,0.15736416,0.0015736416
2011-05-05,0.0,0.0,0.0,114.946,0.0,0.05518677,0.0005518677000000001
2011-05-06,0.0,0.0,0.0,115.1576,0.0,0.18408644,0.0018408644
2011-05-09,0.0,0.0,0.0,115.2636,0.0,0.09204777,0.0009204777
2011-05-10,0.0,0.0,0.0,115.4262,0.0,0.14106795,0.0014106795
2011-05-11,0.0,0.0,0.0,115.4834,0.0,0.04955547,0.0004955547
2011-05-12,0.0,0.0,0.0,115.5851,0.0,0.0880646,0.0008806460000000001
2011-05-13,0.0,0.0,0.0,115.4745,0.0,-0.09568707,-0.0009568707
2011-05-16,0.0,0.0,0.0,115.5111,0.0,0.03169531,0.00031695309999999995
2011-05-17,0.0,0.0,0.0,115.4206,0.0,-0.07834745,-0.0007834745
2011-05-18,0.0,0.0,0.0,115.4683,0.0,0.04132711,0.00041327110000000003
2011-05-19,0.0,0.0,0.0,115.3748,0.0,-0.08097461,-0.0008097461
2011-05-20,0.0,0.0,0.0,115.4813,0.0,0.09230785,0.0009230785
2011-05-23,0.0,0.0,0.0,115.2996,0.0,-0.15734149,-0.0015734149
2011-05-24,0.0,0.0,0.0,115.2448,0.0,-0.04752835,-0.00047528349999999996
2011-05-25,0.0,0.0,0.0,115.375,0.0,0.1129769,0.001129769
2011-05-26,0.0,0.0,0.0,115.5415,0.0,0.14431203,0.0014431203
2011-05-27,0.0,0.0,0.0,115.6631,0.0,0.10524357,0.0010524357
2011-05-30,0.0,0.0,0.0,115.6113,0.0,-0.04478524,-0.00044785239999999997
2011-05-31,0.0,0.0,0.0,115.6331,0.0,0.01885629,0.0001885629
2011-06-01,0.0,0.0,0.0,115.5612,0.0,-0.06217943,-0.0006217943
2011-06-02,0.0,0.0,0.0,115.5669,0.0,0.00493245,4.93245e-05
2011-06-03,0.0,0.0,0.0,115.5205,0.0,-0.0401499,-0.00040149900000000004
2011-06-07,0.0,0.0,0.0,115.5145,0.0,-0.00519388,-5.19388e-05
2011-06-08,0.0,0.0,0.0,115.536,0.0,0.01861238,0.0001861238
2011-06-09,0.0,0.0,0.0,115.4956,0.0,-0.03496746,-0.0003496746
2011-06-10,0.0,0.0,0.0,115.4752,0.0,-0.01766301,-0.0001766301
2011-06-13,0.0,0.0,0.0,115.4138,0.0,-0.05317159,-0.0005317159
2011-06-14,0.0,0.0,0.0,115.2344,0.0,-0.15544068,-0.0015544068
2011-06-15,0.0,0.0,0.0,115.0544,0.0,-0.15620336,-0.0015620336000000002
2011-06-16,0.0,0.0,0.0,114.967,0.0,-0.07596407,-0.0007596406999999999
2011-06-17,0.0,0.0,0.0,114.9692,0.0,0.00191359,1.91359e-05
2011-06-20,0.0,0.0,0.0,115.0405,0.0,0.06201661,0.0006201661
2011-06-21,0.0,0.0,0.0,115.1645,0.0,0.10778813,0.0010778813
2011-06-22,0.0,0.0,0.0,115.1272,0.0,-0.03238845,-0.0003238845
2011-06-23,0.0,0.0,0.0,115.0679,0.0,-0.05150824,-0.0005150824
2011-06-24,0.0,0.0,0.0,115.1377,0.0,0.06065984,0.0006065984
2011-06-27,0.0,0.0,0.0,115.1854,0.0,0.04142865,0.0004142865
2011-06-28,0.0,0.0,0.0,115.2789,0.0,0.08117348,0.0008117348000000001
2011-06-29,0.0,0.0,0.0,115.3321,0.0,0.04614895,0.0004614895
2011-06-30,0.0,0.0,0.0,115.1925,0.0,-0.12104176,-0.0012104176
2011-07-01,0.0,0.0,0.0,115.2811,0.0,0.07691473,0.0007691473
2011-07-04,0.0,0.0,0.0,115.3195,0.0,0.03330988,0.0003330988
2011-07-05,0.0,0.0,0.0,115.359,0.0,0.03425266,0.0003425266
2011-07-06,0.0,0.0,0.0,115.368,0.0,0.00780173,7.80173e-05
2011-07-07,0.0,0.0,0.0,115.1284,0.0,-0.20768324,-0.0020768324
2011-07-08,0.0,0.0,0.0,115.2095,0.0,0.07044309,0.0007044309
2011-07-11,0.0,0.0,0.0,115.2413,0.0,0.02760189,0.0002760189
2011-07-12,0.0,0.0,0.0,115.2572,0.0,0.01379714,0.0001379714
2011-07-13,0.0,0.0,0.0,115.1656,0.0,-0.07947443,-0.0007947443
2011-07-14,0.0,0.0,0.0,115.0529,0.0,-0.09785908,-0.0009785908
2011-07-15,0.0,0.0,0.0,114.9261,0.0,-0.11021017,-0.0011021016999999999
2011-07-18,0.0,0.0,0.0,114.9765,0.0,0.04385427,0.0004385427
2011-07-19,0.0,0.0,0.0,114.8898,0.0,-0.07540671,-0.0007540671
2011-07-20,0.0,0.0,0.0,114.6573,0.0,-0.20236783,-0.0020236782999999998
2011-07-21,0.0,0.0,0.0,114.3832,0.0,-0.23906023,-0.0023906023
2011-07-22,0.0,0.0,0.0,114.2629,0.0,-0.10517279,-0.0010517279
2011-07-25,0.0,0.0,0.0,114.2181,0.0,-0.03920783,-0.0003920783
2011-07-26,0.0,0.0,0.0,114.1975,0.0,-0.01803567,-0.0001803567
2011-07-27,0.0,0.0,0.0,114.2254,0.0,0.02443136,0.0002443136
2011-07-28,0.0,0.0,0.0,114.1848,0.0,-0.03554376,-0.0003554376
2011-07-29,0.0,0.0,0.0,114.1577,0.0,-0.02373346,-0.0002373346
2011-08-01,0.0,0.0,0.0,114.1058,0.0,-0.04546342,-0.0004546342
2011-08-02,0.0,0.0,0.0,113.9536,0.0,-0.13338498,-0.0013338497999999999
2011-08-03,0.0,0.0,0.0,113.7805,0.0,-0.15190393,-0.0015190393
2011-08-04,0.0,0.0,0.0,113.8068,0.0,0.02311468,0.00023114679999999997
2011-08-05,0.0,0.0,0.0,113.9755,0.0,0.14823367,0.0014823367000000001
2011-08-08,0.0,0.0,0.0,114.0344,0.0,0.05167777,0.0005167777
2011-08-09,0.0,0.0,0.0,113.9705,0.0,-0.05603572,-0.0005603572
2011-08-10,0.0,0.0,0.0,113.9314,0.0,-0.03430712,-0.00034307120000000004
2011-08-11,0.0,0.0,0.0,114.0392,0.0,0.09461834,0.0009461834
2011-08-12,0.0,0.0,0.0,113.982,0.0,-0.05015819,-0.0005015819
2011-08-15,0.0,0.0,0.0,114.0888,0.0,0.09369901,0.0009369901
2011-08-16,0.0,0.0,0.0,114.1996,0.0,0.09711733,0.0009711733
2011-08-17,0.0,0.0,0.0,114.2541,0.0,0.04772346,0.00047723460000000003
2011-08-18,0.0,0.0,0.0,114.2175,0.0,-0.03203386,-0.00032033859999999997
2011-08-19,0.0,0.0,0.0,114.3785,0.0,0.14095913,0.0014095912999999999
2011-08-22,0.0,0.0,0.0,114.415,0.0,0.03191159,0.00031911589999999995
2011-08-23,0.0,0.0,0.0,114.4378,0.0,0.01992746,0.0001992746
2011-08-24,0.0,0.0,0.0,114.3673,0.0,-0.06160552,-0.0006160552
2011-08-25,0.0,0.0,0.0,114.2671,0.0,-0.08761246,-0.0008761246
2011-08-26,0.0,0.0,0.0,114.1421,0.0,-0.10939282,-0.0010939282
2011-08-29,0.0,0.0,0.0,113.6438,0.0,-0.43656109,-0.0043656109
2011-08-30,0.0,0.0,0.0,113.3406,0.0,-0.26679854,-0.0026679853999999996
2011-08-31,0.0,0.0,0.0,113.3471,0.0,0.00573493,5.73493e-05
2011-09-01,0.0,0.0,0.0,113.4044,0.0,0.05055268,0.0005055268
2011-09-02,0.0,0.0,0.0,113.4471,0.0,0.03765286,0.00037652860000000004
2011-09-05,0.0,0.0,0.0,113.5786,0.0,0.11591306,0.0011591306
2011-09-06,0.0,0.0,0.0,113.4797,0.0,-0.08707626,-0.0008707626000000001
2011-09-07,0.0,0.0,0.0,113.1952,0.0,-0.25070563,-0.0025070563000000002
2011-09-08,0.0,0.0,0.0,113.0498,0.0,-0.12845068,-0.0012845068000000002
2011-09-09,0.0,0.0,0.0,113.0762,0.0,0.02335254,0.00023352540000000003
2011-09-13,0.0,0.0,0.0,113.0921,0.0,0.01406131,0.0001406131
2011-09-14,0.0,0.0,0.0,113.0736,0.0,-0.01635835,-0.0001635835
2011-09-15,0.0,0.0,0.0,113.0226,0.0,-0.04510337,-0.00045103369999999996
2011-09-16,0.0,0.0,0.0,113.033,0.0,0.0092017,9.2017e-05
2011-09-19,0.0,0.0,0.0,113.0612,0.0,0.02494847,0.0002494847
2011-09-20,0.0,0.0,0.0,113.0629,0.0,0.00150361,1.50361e-05
2011-09-21,0.0,0.0,0.0,113.0296,0.0,-0.02945263,-0.0002945263
2011-09-22,0.0,0.0,0.0,113.0253,0.0,-0.00380431,-3.80431e-05
2011-09-23,0.0,0.0,0.0,113.0907,0.0,0.05786315,0.0005786315
2011-09-26,0.0,0.0,0.0,113.1063,0.0,0.01379424,0.0001379424
2011-09-27,0.0,0.0,0.0,113.1271,0.0,0.01838978,0.0001838978
2011-09-28,0.0,0.0,0.0,113.1524,0.0,0.02236423,0.0002236423
2011-09-29,0.0,0.0,0.0,113.1952,0.0,0.03782509,0.0003782509
2011-09-30,0.0,0.0,0.0,113.2083,0.0,0.01157293,0.00011572930000000001
2011-10-10,0.0,0.0,0.0,113.4934,0.0,0.08712937,0.0008712937
2011-10-11,0.0,0.0,0.0,113.5211,0.0,0.02440671,0.00024406710000000003
2011-10-12,0.0,0.0,0.0,113.52,0.0,-0.00096898,-9.6898e-06
2011-10-13,0.0,0.0,0.0,113.5795,0.0,0.05241367,0.0005241367
2011-10-14,0.0,0.0,0.0,113.6812,0.0,0.08954081,0.0008954081
2011-10-17,0.0,0.0,0.0,113.9975,0.0,0.27823422,0.0027823421999999998
2011-10-18,0.0,0.0,0.0,114.4217,0.0,0.37211342,0.0037211341999999997
2011-10-19,0.0,0.0,0.0,115.374,0.0,0.8322722,0.008322722
2011-10-20,0.0,0.0,0.0,115.9796,0.0,0.52490162,0.0052490162
2011-10-21,0.0,0.0,0.0,116.041,0.0,0.05294034,0.0005294034
2011-10-24,0.0,0.0,0.0,115.9325,0.0,-0.09350143,-0.0009350143
2011-10-25,0.0,0.0,0.0,115.7822,0.0,-0.12964441,-0.0012964441
2011-10-26,0.0,0.0,0.0,115.7682,0.0,-0.01209167,-0.0001209167
2011-10-27,0.0,0.0,0.0,115.7351,0.0,-0.02859162,-0.0002859162
2011-10-28,0.0,0.0,0.0,115.6807,0.0,-0.04700389,-0.00047003889999999997
2011-10-31,0.0,0.0,0.0,115.8277,0.0,0.12707392,0.0012707392
2011-11-01,0.0,0.0,0.0,115.9794,0.0,0.1309704,0.0013097039999999999
2011-11-02,0.0,0.0,0.0,116.1873,0.0,0.17925597,0.0017925596999999998
2011-11-03,0.0,0.0,0.0,116.2748,0.0,0.07530944,0.0007530944000000001
2011-11-04,0.0,0.0,0.0,116.3926,0.0,0.10131172,0.0010131171999999999
2011-11-07,0.0,0.0,0.0,116.5839,0.0,0.16435753,0.0016435753
2011-11-08,0.0,0.0,0.0,116.8241,0.0,0.20603188,0.0020603188
2011-11-09,0.0,0.0,0.0,116.9831,0.0,0.13610205,0.0013610205
2011-11-10,0.0,0.0,0.0,117.4929,0.0,0.43578944,0.0043578943999999994
2011-11-11,0.0,0.0,0.0,117.9759,0.0,0.41108867,0.0041108867
2011-11-14,0.0,0.0,0.0,117.9975,0.0,0.01830882,0.0001830882
2011-11-15,0.0,0.0,0.0,117.87,0.0,-0.10805314,-0.0010805314000000002
2011-11-16,0.0,0.0,0.0,117.8442,0.0,-0.02188852,-0.0002188852
2011-11-17,0.0,0.0,0.0,117.5761,0.0,-0.22750377,-0.0022750377
2011-11-18,0.0,0.0,0.0,117.6336,0.0,0.0489045,0.000489045
2011-11-21,0.0,0.0,0.0,117.4001,0.0,-0.19849771,-0.0019849770999999998
2011-11-22,0.0,0.0,0.0,117.3429,0.0,-0.04872228,-0.0004872228
2011-11-23,0.0,0.0,0.0,117.3998,0.0,0.04849036,0.00048490360000000006
2011-11-24,0.0,0.0,0.0,117.4892,0.0,0.07615004,0.0007615004
2011-11-25,0.0,0.0,0.0,117.3997,0.0,-0.07617721,-0.0007617721
2011-11-28,0.0,0.0,0.0,117.4091,0.0,0.00800683,8.00683e-05
2011-11-29,0.0,0.0,0.0,117.2133,0.0,-0.16676731,-0.0016676731
2011-11-30,0.0,0.0,0.0,117.2067,0.0,-0.00563076,-5.63076e-05
2011-12-01,0.0,0.0,0.0,118.1849,0.0,0.83459393,0.0083459393
2011-12-02,0.0,0.0,0.0,118.4177,0.0,0.19697948,0.0019697948000000002
2011-12-05,0.0,0.0,0.0,118.4837,0.0,0.05573491,0.0005573491
2011-12-06,0.0,0.0,0.0,118.3966,0.0,-0.07351222,-0.0007351222
2011-12-07,0.0,0.0,0.0,118.3829,0.0,-0.01157128,-0.0001157128
2011-12-08,0.0,0.0,0.0,118.4504,0.0,0.05701837,0.0005701837
2011-12-09,0.0,0.0,0.0,118.3994,0.0,-0.043056,-0.00043055999999999997
2011-12-12,0.0,0.0,0.0,118.3779,0.0,-0.01815888,-0.0001815888
2011-12-13,0.0,0.0,0.0,118.3006,0.0,-0.06529935,-0.0006529935000000001
2011-12-14,0.0,0.0,0.0,118.288,0.0,-0.01065083,-0.0001065083
2011-12-15,0.0,0.0,0.0,118.2921,0.0,0.00346612,3.46612e-05
2011-12-16,0.0,0.0,0.0,118.3817,0.0,0.0757447,0.000757447
2011-12-19,0.0,0.0,0.0,118.5039,0.0,0.10322541,0.0010322541
2011-12-20,0.0,0.0,0.0,118.524,0.0,0.01696147,0.0001696147
2011-12-21,0.0,0.0,0.0,118.4964,0.0,-0.02328642,-0.00023286419999999999
2011-12-22,0.0,0.0,0.0,118.5423,0.0,0.03873535,0.0003873535
2011-12-23,0.0,0.0,0.0,118.5273,0.0,-0.01265371,-0.0001265371
2011-12-26,0.0,0.0,0.0,118.6115,0.0,0.07103849,0.0007103849
2011-12-27,0.0,0.0,0.0,118.6393,0.0,0.02343786,0.00023437860000000003
2011-12-28,0.0,0.0,0.0,118.6997,0.0,0.05091062,0.0005091062
2011-12-29,0.0,0.0,0.0,118.7641,0.0,0.05425456,0.0005425456
2011-12-30,0.0,0.0,0.0,118.8609,0.0,0.08150611,0.0008150611000000001
2012-01-04,0.0,0.0,0.0,118.9666,0.0,0.07250985,0.0007250985
2012-01-05,0.0,0.0,0.0,119.1978,0.0,0.19434026,0.0019434025999999999
2012-01-06,0.0,0.0,0.0,119.5808,0.0,0.32131466,0.0032131466
2012-01-09,0.0,0.0,0.0,119.8618,0.0,0.23498756,0.0023498756
2012-01-10,0.0,0.0,0.0,120.2414,0.0,0.31669806,0.0031669806
2012-01-11,0.0,0.0,0.0,120.4337,0.0,0.15992828,0.0015992828
2012-01-12,0.0,0.0,0.0,120.6505,0.0,0.18001606,0.0018001606
2012-01-13,0.0,0.0,0.0,120.5659,0.0,-0.07011989,-0.0007011989000000001
2012-01-16,0.0,0.0,0.0,120.6154,0.0,0.04105638,0.0004105638
2012-01-17,0.0,0.0,0.0,120.5682,0.0,-0.03913265,-0.00039132649999999995
2012-01-18,0.0,0.0,0.0,120.5506,0.0,-0.01459755,-0.00014597550000000002
2012-01-19,0.0,0.0,0.0,120.6464,0.0,0.0794687,0.0007946870000000001
2012-01-20,0.0,0.0,0.0,120.6589,0.0,0.01036086,0.00010360859999999999
2012-01-30,0.0,0.0,0.0,121.0157,0.0,0.16918947,0.0016918947
2012-01-31,0.0,0.0,0.0,121.0857,0.0,0.05784373,0.0005784373
2012-02-01,0.0,0.0,0.0,121.1092,0.0,0.01940774,0.0001940774
2012-02-02,0.0,0.0,0.0,121.1098,0.0,0.00049542,4.9542e-06
2012-02-03,0.0,0.0,0.0,121.1116,0.0,0.00148625,1.4862499999999999e-05
2012-02-06,0.0,0.0,0.0,121.0756,0.0,-0.02972465,-0.0002972465
2012-02-07,0.0,0.0,0.0,120.9622,0.0,-0.09366049,-0.0009366049
2012-02-08,0.0,0.0,0.0,120.8846,0.0,-0.06415227,-0.0006415227
2012-02-09,0.0,0.0,0.0,120.6738,0.0,-0.17438119,-0.0017438119
2012-02-10,0.0,0.0,0.0,120.7631,0.0,0.07400115,0.0007400115
2012-02-13,0.0,0.0,0.0,120.9179,0.0,0.12818485,0.0012818484999999999
2012-02-14,0.0,0.0,0.0,120.9527,0.0,0.02877986,0.0002877986
2012-02-15,0.0,0.0,0.0,120.7952,0.0,-0.13021619,-0.0013021619000000001
2012-02-16,0.0,0.0,0.0,120.6786,0.0,-0.09652701,-0.0009652701
2012-02-17,0.0,0.0,0.0,120.5223,0.0,-0.12951758,-0.0012951758
2012-02-20,0.0,0.0,0.0,120.8637,0.0,0.28326708,0.0028326708
2012-02-21,0.0,0.0,0.0,120.8391,0.0,-0.02035351,-0.00020353509999999998
2012-02-22,0.0,0.0,0.0,120.8539,0.0,0.01224769,0.0001224769
2012-02-23,0.0,0.0,0.0,120.9077,0.0,0.04451656,0.00044516559999999996
2012-02-24,0.0,0.0,0.0,120.9813,0.0,0.06087288,0.0006087288
2012-02-27,0.0,0.0,0.0,120.9764,0.0,-0.00405021,-4.05021e-05
2012-02-28,0.0,0.0,0.0,120.885,0.0,-0.07555193,-0.0007555193000000001
2012-02-29,0.0,0.0,0.0,120.6579,0.0,-0.1878645,-0.001878645
2012-03-01,0.0,0.0,0.0,120.7495,0.0,0.07591712,0.0007591712000000001
2012-03-02,0.0,0.0,0.0,120.7511,0.0,0.00132506,1.3250600000000002e-05
2012-03-05,0.0,0.0,0.0,120.6913,0.0,-0.04952336,-0.0004952336000000001
2012-03-06,0.0,0.0,0.0,120.7151,0.0,0.01971973,0.00019719730000000002
2012-03-07,0.0,0.0,0.0,120.7772,0.0,0.05144344,0.0005144344
2012-03-08,0.0,0.0,0.0,120.9265,0.0,0.12361605,0.0012361605
2012-03-09,0.0,0.0,0.0,120.894,0.0,-0.02687583,-0.0002687583
2012-03-12,0.0,0.0,0.0,120.9342,0.0,0.03325227,0.0003325227
2012-03-13,0.0,0.0,0.0,121.0142,0.0,0.06615168,0.0006615168000000001
2012-03-14,0.0,0.0,0.0,121.0033,0.0,-0.00900721,-9.00721e-05
2012-03-15,0.0,0.0,0.0,120.9907,0.0,-0.01041294,-0.0001041294
2012-03-16,0.0,0.0,0.0,121.0611,0.0,0.05818629,0.0005818629
2012-03-19,0.0,0.0,0.0,121.0191,0.0,-0.03469323,-0.0003469323
2012-03-20,0.0,0.0,0.0,120.9733,0.0,-0.03784527,-0.0003784527
2012-03-21,0.0,0.0,0.0,120.9972,0.0,0.01975643,0.00019756429999999997
2012-03-22,0.0,0.0,0.0,120.9667,0.0,-0.02520719,-0.0002520719
2012-03-23,0.0,0.0,0.0,121.0246,0.0,0.04786441,0.00047864410000000005
2012-03-26,0.0,0.0,0.0,121.0933,0.0,0.05676532,0.0005676532000000001
2012-03-27,0.0,0.0,0.0,121.1504,0.0,0.04715372,0.0004715372
2012-03-28,0.0,0.0,0.0,121.2226,0.0,0.05959535,0.0005959534999999999
2012-03-29,0.0,0.0,0.0,121.2887,0.0,0.05452779,0.0005452779
2012-03-30,0.0,0.0,0.0,121.3357,0.0,0.03875052,0.00038750519999999997
2012-04-05,0.0,0.0,0.0,121.4513,0.0,0.03698322,0.00036983219999999997
2012-04-06,0.0,0.0,0.0,121.5418,0.0,0.07451546,0.0007451546
2012-04-09,0.0,0.0,0.0,121.5548,0.0,0.01069591,0.0001069591
2012-04-10,0.0,0.0,0.0,121.5722,0.0,0.01431453,0.0001431453
2012-04-11,0.0,0.0,0.0,121.6423,0.0,0.05766121,0.0005766120999999999
2012-04-12,0.0,0.0,0.0,121.7712,0.0,0.10596643,0.0010596643
2012-04-13,0.0,0.0,0.0,121.8195,0.0,0.03966455,0.0003966455
2012-04-16,0.0,0.0,0.0,121.8645,0.0,0.0369399,0.00036939899999999996
2012-04-17,0.0,0.0,0.0,121.897,0.0,0.02666896,0.0002666896
2012-04-18,0.0,0.0,0.0,121.994,0.0,0.07957538,0.0007957538
2012-04-19,0.0,0.0,0.0,122.1256,0.0,0.10787416,0.0010787416
2012-04-20,0.0,0.0,0.0,122.1988,0.0,0.05993829,0.0005993829
2012-04-23,0.0,0.0,0.0,122.2824,0.0,0.06841311,0.0006841311
2012-04-24,0.0,0.0,0.0,122.364,0.0,0.06673078,0.0006673078000000001
2012-04-25,0.0,0.0,0.0,122.4113,0.0,0.03865516,0.0003865516
2012-04-26,0.0,0.0,0.0,122.4622,0.0,0.04158113,0.00041581130000000003
2012-04-27,0.0,0.0,0.0,122.4936,0.0,0.02564057,0.0002564057
2012-05-02,0.0,0.0,0.0,122.6847,0.0,0.08892464,0.0008892464
2012-05-03,0.0,0.0,0.0,122.77,0.0,0.06952782,0.0006952782000000001
2012-05-04,0.0,0.0,0.0,122.8507,0.0,0.06573267,0.0006573267000000001
2012-05-07,0.0,0.0,0.0,122.9398,0.0,0.07252706,0.0007252706000000001
2012-05-08,0.0,0.0,0.0,122.9413,0.0,0.00122011,1.2201099999999999e-05
2012-05-09,0.0,0.0,0.0,122.9708,0.0,0.02399519,0.0002399519
2012-05-10,0.0,0.0,0.0,123.0368,0.0,0.05367128,0.0005367128
2012-05-11,0.0,0.0,0.0,123.2815,0.0,0.19888359,0.0019888359
2012-05-14,0.0,0.0,0.0,123.6617,0.0,0.30839988,0.0030839988
2012-05-15,0.0,0.0,0.0,123.8836,0.0,0.17944117,0.0017944117000000001
2012-05-16,0.0,0.0,0.0,124.0822,0.0,0.16031178,0.0016031177999999999
2012-05-17,0.0,0.0,0.0,124.0608,0.0,-0.01724663,-0.0001724663
2012-05-18,0.0,0.0,0.0,124.1666,0.0,0.08528077,0.0008528077
2012-05-21,0.0,0.0,0.0,124.321,0.0,0.12434906,0.0012434906
2012-05-22,0.0,0.0,0.0,124.3798,0.0,0.04729692,0.0004729692
2012-05-23,0.0,0.0,0.0,124.4195,0.0,0.03191837,0.00031918370000000003
2012-05-24,0.0,0.0,0.0,124.8064,0.0,0.31096412,0.0031096412000000003
2012-05-25,0.0,0.0,0.0,125.3275,0.0,0.41752667,0.0041752667
2012-05-28,0.0,0.0,0.0,125.5461,0.0,0.17442301,0.0017442300999999999
2012-05-29,0.0,0.0,0.0,125.5558,0.0,0.00772625,7.72625e-05
2012-05-30,0.0,0.0,0.0,125.5594,0.0,0.00286725,2.86725e-05
2012-05-31,0.0,0.0,0.0,125.7117,0.0,0.12129717,0.0012129717
2012-06-01,0.0,0.0,0.0,125.8133,0.0,0.08081984,0.0008081984
2012-06-04,0.0,0.0,0.0,125.9217,0.0,0.08615941,0.0008615941000000001
2012-06-05,0.0,0.0,0.0,126.0141,0.0,0.07337893,0.0007337893
2012-06-06,0.0,0.0,0.0,126.1242,0.0,0.08737118,0.0008737118
2012-06-07,0.0,0.0,0.0,126.1425,0.0,0.01450951,0.00014509509999999999
2012-06-08,0.0,0.0,0.0,126.8844,0.0,0.58814436,0.0058814436
2012-06-11,0.0,0.0,0.0,126.9067,0.0,0.01757505,0.00017575049999999997
2012-06-12,0.0,0.0,0.0,127.0322,0.0,0.09889155,0.0009889154999999999
2012-06-13,0.0,0.0,0.0,127.0646,0.0,0.02550534,0.0002550534
2012-06-14,0.0,0.0,0.0,127.1349,0.0,0.05532619,0.0005532619
2012-06-15,0.0,0.0,0.0,127.2028,0.0,0.05340784,0.0005340784
2012-06-18,0.0,0.0,0.0,127.1269,0.0,-0.0596685,-0.000596685
2012-06-19,0.0,0.0,0.0,126.9919,0.0,-0.1061931,-0.001061931
2012-06-20,0.0,0.0,0.0,126.8268,0.0,-0.13000829,-0.0013000829
2012-06-21,0.0,0.0,0.0,126.8482,0.0,0.01687341,0.00016873409999999998
2012-06-25,0.0,0.0,0.0,126.8883,0.0,0.03161259,0.00031612590000000004
2012-06-26,0.0,0.0,0.0,126.9325,0.0,0.03483379,0.00034833790000000003
2012-06-27,0.0,0.0,0.0,126.9335,0.0,0.00078782,7.8782e-06
2012-06-28,0.0,0.0,0.0,126.933,0.0,-0.00039391,-3.9391e-06
2012-06-29,0.0,0.0,0.0,127.0052,0.0,0.0568804,0.000568804
2012-07-02,0.0,0.0,0.0,127.0535,0.0,0.03802994,0.0003802994
2012-07-03,0.0,0.0,0.0,127.0972,0.0,0.03439496,0.0003439496
2012-07-04,0.0,0.0,0.0,127.1465,0.0,0.03878921,0.00038789209999999996
2012-07-05,0.0,0.0,0.0,127.2086,0.0,0.0488413,0.0004884129999999999
2012-07-06,0.0,0.0,0.0,127.5556,0.0,0.2727803,0.0027278029999999996
2012-07-09,0.0,0.0,0.0,127.6873,0.0,0.10324909,0.0010324909
2012-07-10,0.0,0.0,0.0,127.7027,0.0,0.01206071,0.0001206071
2012-07-11,0.0,0.0,0.0,127.7135,0.0,0.00845714,8.45714e-05
2012-07-12,0.0,0.0,0.0,127.7262,0.0,0.00994413,9.94413e-05
2012-07-13,0.0,0.0,0.0,127.8234,0.0,0.07610028,0.0007610028
2012-07-16,0.0,0.0,0.0,127.9493,0.0,0.09849527,0.0009849527
2012-07-17,0.0,0.0,0.0,127.8534,0.0,-0.07495156,-0.0007495156
2012-07-18,0.0,0.0,0.0,127.8531,0.0,-0.00023464,-2.3464e-06
2012-07-19,0.0,0.0,0.0,127.9256,0.0,0.0567057,0.0005670569999999999
2012-07-20,0.0,0.0,0.0,127.8954,0.0,-0.02360747,-0.00023607469999999998
2012-07-23,0.0,0.0,0.0,127.9958,0.0,0.07850165,0.0007850165000000001
2012-07-24,0.0,0.0,0.0,127.9618,0.0,-0.02656337,-0.0002656337
2012-07-25,0.0,0.0,0.0,127.8763,0.0,-0.06681682,-0.0006681682
2012-07-26,0.0,0.0,0.0,127.7585,0.0,-0.09212028,-0.0009212028
2012-07-27,0.0,0.0,0.0,127.793,0.0,0.02700407,0.0002700407
2012-07-30,0.0,0.0,0.0,127.706,0.0,-0.06807885,-0.0006807884999999999
2012-07-31,0.0,0.0,0.0,127.6698,0.0,-0.02834636,-0.0002834636
2012-08-01,0.0,0.0,0.0,127.5788,0.0,-0.07127762,-0.0007127762
2012-08-02,0.0,0.0,0.0,127.5288,0.0,-0.03919146,-0.0003919146
2012-08-03,0.0,0.0,0.0,127.5052,0.0,-0.01850562,-0.0001850562
2012-08-06,0.0,0.0,0.0,127.3914,0.0,-0.08925126,-0.0008925126
2012-08-07,0.0,0.0,0.0,127.2272,0.0,-0.1288941,-0.001288941
2012-08-08,0.0,0.0,0.0,127.1778,0.0,-0.03882818,-0.0003882818
2012-08-09,0.0,0.0,0.0,127.0623,0.0,-0.09081774,-0.0009081774
2012-08-10,0.0,0.0,0.0,126.9689,0.0,-0.07350725,-0.0007350725
2012-08-13,0.0,0.0,0.0,127.0423,0.0,0.05780943,0.0005780943
2012-08-14,0.0,0.0,0.0,127.0371,0.0,-0.00409312,-4.09312e-05
2012-08-15,0.0,0.0,0.0,127.1408,0.0,0.0816297,0.000816297
2012-08-16,0.0,0.0,0.0,127.1377,0.0,-0.00243824,-2.43824e-05
2012-08-17,0.0,0.0,0.0,127.0914,0.0,-0.03641721,-0.0003641721
2012-08-20,0.0,0.0,0.0,126.9715,0.0,-0.09434155,-0.0009434154999999999
2012-08-21,0.0,0.0,0.0,126.8222,0.0,-0.11758544,-0.0011758544
2012-08-22,0.0,0.0,0.0,126.6764,0.0,-0.1149641,-0.001149641
2012-08-23,0.0,0.0,0.0,126.6927,0.0,0.01286743,0.0001286743
2012-08-24,0.0,0.0,0.0,126.672,0.0,-0.01633875,-0.00016338749999999998
2012-08-27,0.0,0.0,0.0,126.6506,0.0,-0.01689403,-0.0001689403
2012-08-28,0.0,0.0,0.0,126.5894,0.0,-0.04832192,-0.00048321919999999997
2012-08-29,0.0,0.0,0.0,126.5921,0.0,0.00213288,2.13288e-05
2012-08-30,0.0,0.0,0.0,126.5821,0.0,-0.00789939,-7.899389999999999e-05
2012-08-31,0.0,0.0,0.0,126.5952,0.0,0.01034901,0.00010349010000000001
2012-09-03,0.0,0.0,0.0,126.6645,0.0,0.05474141,0.0005474141
2012-09-04,0.0,0.0,0.0,126.7737,0.0,0.086212,0.00086212
2012-09-05,0.0,0.0,0.0,126.738,0.0,-0.02816041,-0.0002816041
2012-09-06,0.0,0.0,0.0,126.7697,0.0,0.02501223,0.0002501223
2012-09-07,0.0,0.0,0.0,126.7249,0.0,-0.03533968,-0.00035339679999999996
2012-09-10,0.0,0.0,0.0,126.6645,0.0,-0.0476623,-0.00047662299999999997
2012-09-11,0.0,0.0,0.0,126.5769,0.0,-0.06915908,-0.0006915908
2012-09-12,0.0,0.0,0.0,126.4606,0.0,-0.0918809,-0.000918809
2012-09-13,0.0,0.0,0.0,126.427,0.0,-0.02656954,-0.0002656954
2012-09-14,0.0,0.0,0.0,126.2928,0.0,-0.10614821,-0.0010614821000000001
2012-09-17,0.0,0.0,0.0,126.2394,0.0,-0.0422827,-0.00042282699999999997
2012-09-18,0.0,0.0,0.0,126.1354,0.0,-0.08238315,-0.0008238315
2012-09-19,0.0,0.0,0.0,126.1798,0.0,0.03520027,0.0003520027
2012-09-20,0.0,0.0,0.0,126.1235,0.0,-0.04461887,-0.0004461887
2012-09-21,0.0,0.0,0.0,126.1269,0.0,0.00269577,2.69577e-05
2012-09-24,0.0,0.0,0.0,126.1997,0.0,0.05771965,0.0005771964999999999
2012-09-25,0.0,0.0,0.0,126.3615,0.0,0.1282095,0.001282095
2012-09-26,0.0,0.0,0.0,126.534,0.0,0.1365131,0.001365131
2012-09-27,0.0,0.0,0.0,126.592,0.0,0.04583748,0.0004583748
2012-09-28,0.0,0.0,0.0,126.7412,0.0,0.11785895,0.0011785895
2012-10-08,0.0,0.0,0.0,126.8515,0.0,0.04795304,0.0004795304
2012-10-09,0.0,0.0,0.0,126.7957,0.0,-0.04398844,-0.00043988439999999995
2012-10-10,0.0,0.0,0.0,126.9474,0.0,0.11964128,0.0011964128
2012-10-11,0.0,0.0,0.0,127.0964,0.0,0.11737145,0.0011737145
2012-10-12,0.0,0.0,0.0,127.2811,0.0,0.14532276,0.0014532275999999998
2012-10-15,0.0,0.0,0.0,127.4628,0.0,0.14275489,0.0014275489
2012-10-16,0.0,0.0,0.0,127.6011,0.0,0.10850225,0.0010850225
2012-10-17,0.0,0.0,0.0,127.6389,0.0,0.02962357,0.00029623569999999997
2012-10-18,0.0,0.0,0.0,127.7039,0.0,0.05092491,0.0005092491
2012-10-19,0.0,0.0,0.0,127.585,0.0,-0.09310601,-0.0009310601000000001
2012-10-22,0.0,0.0,0.0,127.5258,0.0,-0.04640044,-0.0004640044
2012-10-23,0.0,0.0,0.0,127.5781,0.0,0.04101131,0.0004101131
2012-10-24,0.0,0.0,0.0,127.6206,0.0,0.03331293,0.0003331293
2012-10-25,0.0,0.0,0.0,127.6068,0.0,-0.0108133,-0.000108133
2012-10-26,0.0,0.0,0.0,127.5827,0.0,-0.01888614,-0.0001888614
2012-10-29,0.0,0.0,0.0,127.5557,0.0,-0.02116274,-0.00021162739999999999
2012-10-30,0.0,0.0,0.0,127.6246,0.0,0.05401562,0.0005401562
2012-10-31,0.0,0.0,0.0,127.6778,0.0,0.04168475,0.0004168475
2012-11-01,0.0,0.0,0.0,127.7142,0.0,0.02850926,0.0002850926
2012-11-02,0.0,0.0,0.0,127.6486,0.0,-0.05136469,-0.0005136469
2012-11-05,0.0,0.0,0.0,127.6862,0.0,0.02945587,0.00029455869999999996
2012-11-06,0.0,0.0,0.0,127.7761,0.0,0.07040698,0.0007040697999999999
2012-11-07,0.0,0.0,0.0,127.817,0.0,0.03200912,0.0003200912
2012-11-08,0.0,0.0,0.0,127.8813,0.0,0.0503063,0.000503063
2012-11-09,0.0,0.0,0.0,127.987,0.0,0.08265477,0.0008265477
2012-11-12,0.0,0.0,0.0,128.1182,0.0,0.10251041,0.0010251041
2012-11-13,0.0,0.0,0.0,128.1827,0.0,0.05034414,0.0005034414
2012-11-14,0.0,0.0,0.0,128.2265,0.0,0.03416998,0.00034169980000000005
2012-11-15,0.0,0.0,0.0,128.2372,0.0,0.00834461,8.344610000000001e-05
2012-11-16,0.0,0.0,0.0,128.2556,0.0,0.01434841,0.00014348410000000002
2012-11-19,0.0,0.0,0.0,128.3565,0.0,0.07867103,0.0007867103
2012-11-20,0.0,0.0,0.0,128.4287,0.0,0.05624959,0.0005624959
2012-11-21,0.0,0.0,0.0,128.4851,0.0,0.04391542,0.0004391542
2012-11-22,0.0,0.0,0.0,128.5025,0.0,0.01354243,0.0001354243
2012-11-23,0.0,0.0,0.0,128.5111,0.0,0.00669248,6.69248e-05
2012-11-26,0.0,0.0,0.0,128.6014,0.0,0.0702663,0.0007026630000000001
2012-11-27,0.0,0.0,0.0,128.6188,0.0,0.01353018,0.0001353018
2012-11-28,0.0,0.0,0.0,128.6027,0.0,-0.01251761,-0.0001251761
2012-11-29,0.0,0.0,0.0,128.5833,0.0,-0.01508522,-0.0001508522
2012-11-30,0.0,0.0,0.0,128.5899,0.0,0.00513286,5.13286e-05
2012-12-03,0.0,0.0,0.0,128.61,0.0,0.01563109,0.0001563109
2012-12-04,0.0,0.0,0.0,128.6358,0.0,0.02006065,0.0002006065
2012-12-05,0.0,0.0,0.0,128.6388,0.0,0.00233217,2.33217e-05
2012-12-06,0.0,0.0,0.0,128.6452,0.0,0.00497517,4.97517e-05
2012-12-07,0.0,0.0,0.0,128.6301,0.0,-0.01173771,-0.0001173771
2012-12-10,0.0,0.0,0.0,128.6775,0.0,0.03684985,0.00036849850000000004
2012-12-11,0.0,0.0,0.0,128.645,0.0,-0.02525694,-0.0002525694
2012-12-12,0.0,0.0,0.0,128.6329,0.0,-0.00940573,-9.405729999999999e-05
2012-12-13,0.0,0.0,0.0,128.6387,0.0,0.00450896,4.50896e-05
2012-12-14,0.0,0.0,0.0,128.7034,0.0,0.05029591,0.0005029591
2012-12-17,0.0,0.0,0.0,128.7847,0.0,0.06316849,0.0006316849
2012-12-18,0.0,0.0,0.0,128.824,0.0,0.03051605,0.0003051605
2012-12-19,0.0,0.0,0.0,128.8346,0.0,0.00822828,8.22828e-05
2012-12-20,0.0,0.0,0.0,128.8027,0.0,-0.02476043,-0.0002476043
2012-12-21,0.0,0.0,0.0,128.8218,0.0,0.01482888,0.0001482888
2012-12-24,0.0,0.0,0.0,128.8593,0.0,0.02910998,0.0002910998
2012-12-25,0.0,0.0,0.0,128.877,0.0,0.01373591,0.00013735910000000002
2012-12-26,0.0,0.0,0.0,128.8597,0.0,-0.01342365,-0.00013423650000000001
2012-12-27,0.0,0.0,0.0,128.8643,0.0,0.00356977,3.56977e-05
2012-12-28,0.0,0.0,0.0,128.9244,0.0,0.04663821,0.0004663821
2012-12-31,0.0,0.0,0.0,129.0047,0.0,0.06228456,0.0006228456
2013-01-04,0.0,0.0,0.0,128.9836,0.0,-0.01635599,-0.0001635599
2013-01-07,0.0,0.0,0.0,129.1867,0.0,0.03763413,0.00037634130000000003
2013-01-08,0.0,0.0,0.0,129.2025,0.0,0.01223036,0.0001223036
2013-01-09,0.0,0.0,0.0,129.3169,0.0,0.08854318,0.0008854318
2013-01-10,0.0,0.0,0.0,129.3948,0.0,0.06023961,0.0006023961
2013-01-11,0.0,0.0,0.0,129.4008,0.0,0.00463697,4.63697e-05
2013-01-14,0.0,0.0,0.0,129.4598,0.0,0.04559477,0.00045594769999999997
2013-01-15,0.0,0.0,0.0,129.5143,0.0,0.04209801,0.0004209801
2013-01-16,0.0,0.0,0.0,129.5751,0.0,0.04694462,0.0004694462
2013-01-17,0.0,0.0,0.0,129.6013,0.0,0.02021993,0.00020219930000000001
2013-01-18,0.0,0.0,0.0,129.718,0.0,0.09004539,0.0009004539
2013-01-21,0.0,0.0,0.0,129.8755,0.0,0.12141723,0.0012141723
2013-01-22,0.0,0.0,0.0,129.9302,0.0,0.04211726,0.0004211726
2013-01-23,0.0,0.0,0.0,130.1788,0.0,0.1913335,0.001913335
2013-01-24,0.0,0.0,0.0,130.2792,0.0,0.07712469,0.0007712468999999999
2013-01-25,0.0,0.0,0.0,130.3579,0.0,0.06040872,0.0006040872
2013-01-28,0.0,0.0,0.0,130.3977,0.0,0.03053133,0.0003053133
2013-01-29,0.0,0.0,0.0,130.4269,0.0,0.02239303,0.0002239303
2013-01-30,0.0,0.0,0.0,130.4589,0.0,0.02453482,0.0002453482
2013-01-31,0.0,0.0,0.0,130.5055,0.0,0.03572006,0.0003572006
2013-02-01,0.0,0.0,0.0,130.4298,0.0,-0.05800522,-0.0005800522
2013-02-04,0.0,0.0,0.0,130.5478,0.0,0.09047012,0.0009047012
2013-02-05,0.0,0.0,0.0,130.5236,0.0,-0.01853727,-0.00018537270000000002
2013-02-06,0.0,0.0,0.0,130.6602,0.0,0.1046554,0.0010465539999999999
2013-02-07,0.0,0.0,0.0,130.6965,0.0,0.02778199,0.0002778199
2013-02-08,0.0,0.0,0.0,130.7175,0.0,0.01606776,0.0001606776
2013-02-18,0.0,0.0,0.0,131.0499,0.0,0.03175371,0.0003175371
2013-02-19,0.0,0.0,0.0,131.1892,0.0,0.10629539,0.0010629539
2013-02-20,0.0,0.0,0.0,131.2897,0.0,0.07660692,0.0007660691999999999
2013-02-21,0.0,0.0,0.0,131.5424,0.0,0.19247511,0.0019247511
2013-02-22,0.0,0.0,0.0,131.7524,0.0,0.15964434,0.0015964434
2013-02-25,0.0,0.0,0.0,131.915,0.0,0.12341331,0.0012341331
2013-02-26,0.0,0.0,0.0,131.8091,0.0,-0.08027897,-0.0008027897000000001
2013-02-27,0.0,0.0,0.0,131.8567,0.0,0.03611283,0.0003611283
2013-02-28,0.0,0.0,0.0,131.9379,0.0,0.06158201,0.0006158201
2013-03-01,0.0,0.0,0.0,132.0117,0.0,0.05593541,0.0005593541
2013-03-04,0.0,0.0,0.0,132.0549,0.0,0.03272437,0.00032724370000000003
2013-03-05,0.0,0.0,0.0,132.1451,0.0,0.06830492,0.0006830492000000001
2013-03-06,0.0,0.0,0.0,132.1836,0.0,0.02913464,0.00029134639999999997
2013-03-07,0.0,0.0,0.0,132.19,0.0,0.00484175,4.8417499999999995e-05
2013-03-08,0.0,0.0,0.0,132.2179,0.0,0.02110598,0.0002110598
2013-03-11,0.0,0.0,0.0,132.3019,0.0,0.06353149,0.0006353149
2013-03-12,0.0,0.0,0.0,132.3484,0.0,0.03514689,0.0003514689
2013-03-13,0.0,0.0,0.0,132.3244,0.0,-0.01813396,-0.00018133960000000002
2013-03-14,0.0,0.0,0.0,132.2563,0.0,-0.05146443,-0.0005146443
2013-03-15,0.0,0.0,0.0,132.2443,0.0,-0.00907329,-9.073289999999999e-05
2013-03-18,0.0,0.0,0.0,132.2856,0.0,0.03123008,0.0003123008
2013-03-19,0.0,0.0,0.0,132.1985,0.0,-0.06584239,-0.0006584239
2013-03-20,0.0,0.0,0.0,132.2155,0.0,0.01285945,0.0001285945
2013-03-21,0.0,0.0,0.0,132.2311,0.0,0.01179892,0.0001179892
2013-03-22,0.0,0.0,0.0,132.2706,0.0,0.02987194,0.0002987194
2013-03-25,0.0,0.0,0.0,132.3089,0.0,0.02895579,0.0002895579
2013-03-26,0.0,0.0,0.0,132.2438,0.0,-0.04920304,-0.0004920304
2013-03-27,0.0,0.0,0.0,132.2817,0.0,0.02865919,0.00028659190000000003
2013-03-28,0.0,0.0,0.0,132.4465,0.0,0.12458261,0.0012458261
2013-03-29,0.0,0.0,0.0,132.5068,0.0,0.04552782,0.00045527819999999995
2013-04-01,0.0,0.0,0.0,132.6905,0.0,0.13863439,0.0013863439
2013-04-02,0.0,0.0,0.0,132.9413,0.0,0.18901127,0.0018901127
2013-04-03,0.0,0.0,0.0,133.0511,0.0,0.08259284,0.0008259284
2013-04-08,0.0,0.0,0.0,133.327,0.0,0.0687505,0.000687505
2013-04-09,0.0,0.0,0.0,133.4785,0.0,0.1136304,0.001136304
2013-04-10,0.0,0.0,0.0,133.6019,0.0,0.09244935,0.0009244935
2013-04-11,0.0,0.0,0.0,133.5958,0.0,-0.0045658,-4.5658e-05
2013-04-12,0.0,0.0,0.0,133.6605,0.0,0.04842967,0.0004842967
2013-04-15,0.0,0.0,0.0,133.8391,0.0,0.13362212,0.0013362212000000001
2013-04-16,0.0,0.0,0.0,133.9828,0.0,0.10736773,0.0010736773
2013-04-17,0.0,0.0,0.0,134.0615,0.0,0.05873888,0.0005873888
2013-04-18,0.0,0.0,0.0,133.9381,0.0,-0.09204731,-0.0009204730999999999
2013-04-19,0.0,0.0,0.0,133.6534,0.0,-0.21256088,-0.0021256088
2013-04-22,0.0,0.0,0.0,133.195,0.0,-0.34297668,-0.0034297667999999997
2013-04-23,0.0,0.0,0.0,133.1646,0.0,-0.02282368,-0.0002282368
2013-04-24,0.0,0.0,0.0,133.1729,0.0,0.00623289,6.23289e-05
2013-04-25,0.0,0.0,0.0,133.2373,0.0,0.04835819,0.0004835819
2013-04-26,0.0,0.0,0.0,133.4043,0.0,0.12534028,0.0012534028
2013-05-02,0.0,0.0,0.0,133.6563,0.0,0.14370863,0.0014370863
2013-05-03,0.0,0.0,0.0,133.7149,0.0,0.0438438,0.00043843800000000003
2013-05-06,0.0,0.0,0.0,133.7688,0.0,0.04030964,0.0004030964
2013-05-07,0.0,0.0,0.0,133.887,0.0,0.08836141,0.0008836141
2013-05-08,0.0,0.0,0.0,133.8461,0.0,-0.03054815,-0.0003054815
2013-05-09,0.0,0.0,0.0,133.9426,0.0,0.07209773,0.0007209773
2013-05-10,0.0,0.0,0.0,134.1181,0.0,0.13102628,0.0013102628
2013-05-13,0.0,0.0,0.0,134.3075,0.0,0.14121882,0.0014121882
2013-05-14,0.0,0.0,0.0,134.4132,0.0,0.0787,0.000787
2013-05-15,0.0,0.0,0.0,134.4934,0.0,0.05966676,0.0005966676
2013-05-16,0.0,0.0,0.0,134.5219,0.0,0.02119063,0.00021190629999999998
2013-05-17,0.0,0.0,0.0,134.5303,0.0,0.00624434,6.24434e-05
2013-05-20,0.0,0.0,0.0,134.5957,0.0,0.04861358,0.0004861358
2013-05-21,0.0,0.0,0.0,134.57,0.0,-0.01909422,-0.00019094219999999998
2013-05-22,0.0,0.0,0.0,134.5759,0.0,0.00438434,4.3843399999999994e-05
2013-05-23,0.0,0.0,0.0,134.7526,0.0,0.13130137,0.0013130137
2013-05-24,0.0,0.0,0.0,134.8588,0.0,0.0788111,0.000788111
2013-05-27,0.0,0.0,0.0,135.0069,0.0,0.10981857,0.0010981857
2013-05-28,0.0,0.0,0.0,135.0829,0.0,0.05629342,0.0005629341999999999
2013-05-29,0.0,0.0,0.0,135.1481,0.0,0.04826666,0.0004826666
2013-05-30,0.0,0.0,0.0,135.2177,0.0,0.05149906,0.0005149906
2013-05-31,0.0,0.0,0.0,135.2419,0.0,0.01789707,0.0001789707
2013-06-03,0.0,0.0,0.0,135.3307,0.0,0.06566012,0.0006566012
2013-06-04,0.0,0.0,0.0,135.3298,0.0,-0.00066504,-6.6504e-06
2013-06-05,0.0,0.0,0.0,135.3273,0.0,-0.00184734,-1.8473400000000002e-05
2013-06-06,0.0,0.0,0.0,135.275,0.0,-0.03864704,-0.0003864704
2013-06-07,0.0,0.0,0.0,135.1907,0.0,-0.0623175,-0.000623175
2013-06-13,0.0,0.0,0.0,135.2389,0.0,0.02144813,0.0002144813
2013-06-14,0.0,0.0,0.0,135.1451,0.0,-0.06935874,-0.0006935874
2013-06-17,0.0,0.0,0.0,135.1054,0.0,-0.02937583,-0.00029375829999999997
2013-06-18,0.0,0.0,0.0,135.0732,0.0,-0.02383324,-0.00023833239999999998
2013-06-19,0.0,0.0,0.0,134.8984,0.0,-0.12941131,-0.0012941131
2013-06-20,0.0,0.0,0.0,134.2533,0.0,-0.47821175,-0.0047821174999999995
2013-06-21,0.0,0.0,0.0,134.1324,0.0,-0.09005365,-0.0009005365
2013-06-24,0.0,0.0,0.0,133.9944,0.0,-0.10288342,-0.0010288342
2013-06-25,0.0,0.0,0.0,134.0056,0.0,0.00835856,8.35856e-05
2013-06-26,0.0,0.0,0.0,134.5241,0.0,0.38692413,0.0038692413
2013-06-27,0.0,0.0,0.0,134.7472,0.0,0.16584389,0.0016584389
2013-06-28,0.0,0.0,0.0,135.0552,0.0,0.22857618,0.0022857617999999997
2013-07-01,0.0,0.0,0.0,135.1746,0.0,0.0884083,0.0008840829999999999
2013-07-02,0.0,0.0,0.0,135.3744,0.0,0.14780883,0.0014780883000000001
2013-07-03,0.0,0.0,0.0,135.5498,0.0,0.12956659,0.0012956659000000002
2013-07-04,0.0,0.0,0.0,135.696,0.0,0.10785704,0.0010785704
2013-07-05,0.0,0.0,0.0,135.7353,0.0,0.0289618,0.000289618
2013-07-08,0.0,0.0,0.0,135.838,0.0,0.07566197,0.0007566197
2013-07-09,0.0,0.0,0.0,135.8647,0.0,0.01965577,0.0001965577
2013-07-10,0.0,0.0,0.0,135.8388,0.0,-0.01906308,-0.00019063079999999998
2013-07-11,0.0,0.0,0.0,135.7414,0.0,-0.07170264,-0.0007170264
2013-07-12,0.0,0.0,0.0,135.5796,0.0,-0.11919724,-0.0011919724
2013-07-15,0.0,0.0,0.0,135.5458,0.0,-0.02493,-0.0002493
2013-07-16,0.0,0.0,0.0,135.4997,0.0,-0.03401064,-0.00034010640000000004
2013-07-17,0.0,0.0,0.0,135.4557,0.0,-0.0324724,-0.000324724
2013-07-18,0.0,0.0,0.0,135.3025,0.0,-0.11309971,-0.0011309971000000002
2013-07-19,0.0,0.0,0.0,135.1657,0.0,-0.10110678,-0.0010110677999999999
2013-07-22,0.0,0.0,0.0,134.8692,0.0,-0.21936039,-0.0021936039
2013-07-23,0.0,0.0,0.0,134.5878,0.0,-0.2086466,-0.002086466
2013-07-24,0.0,0.0,0.0,134.3746,0.0,-0.1584096,-0.0015840960000000001
2013-07-25,0.0,0.0,0.0,134.4049,0.0,0.0225489,0.000225489
2013-07-26,0.0,0.0,0.0,134.5403,0.0,0.10074037,0.0010074037
2013-07-29,0.0,0.0,0.0,134.5063,0.0,-0.02527124,-0.0002527124
2013-07-30,0.0,0.0,0.0,134.5851,0.0,0.05858462,0.0005858462
2013-07-31,0.0,0.0,0.0,134.5941,0.0,0.00668722,6.687219999999999e-05
2013-08-01,0.0,0.0,0.0,134.7692,0.0,0.13009486,0.0013009486000000001
2013-08-02,0.0,0.0,0.0,134.9195,0.0,0.111524,0.00111524
2013-08-05,0.0,0.0,0.0,134.9382,0.0,0.01386012,0.0001386012
2013-08-06,0.0,0.0,0.0,134.8727,0.0,-0.04854074,-0.0004854074
2013-08-07,0.0,0.0,0.0,134.842,0.0,-0.0227622,-0.000227622
2013-08-08,0.0,0.0,0.0,134.6563,0.0,-0.13771674,-0.0013771674
2013-08-09,0.0,0.0,0.0,134.5351,0.0,-0.09000693,-0.0009000693
2013-08-12,0.0,0.0,0.0,134.5117,0.0,-0.01739323,-0.00017393229999999998
2013-08-13,0.0,0.0,0.0,134.2796,0.0,-0.17255005,-0.0017255005000000002
2013-08-14,0.0,0.0,0.0,134.0932,0.0,-0.13881483,-0.0013881483
2013-08-15,0.0,0.0,0.0,133.8155,0.0,-0.20709477,-0.0020709477000000003
2013-08-16,0.0,0.0,0.0,133.8076,0.0,-0.00590365,-5.9036499999999996e-05
2013-08-19,0.0,0.0,0.0,133.7762,0.0,-0.02346653,-0.0002346653
2013-08-20,0.0,0.0,0.0,133.5446,0.0,-0.17312497,-0.0017312496999999998
2013-08-21,0.0,0.0,0.0,133.5799,0.0,0.02643312,0.0002643312
2013-08-22,0.0,0.0,0.0,133.6144,0.0,0.02582724,0.0002582724
2013-08-23,0.0,0.0,0.0,133.7317,0.0,0.08778994,0.0008778993999999999
2013-08-26,0.0,0.0,0.0,133.8306,0.0,0.07395404,0.0007395404
2013-08-27,0.0,0.0,0.0,133.9225,0.0,0.0686689,0.0006866890000000001
2013-08-28,0.0,0.0,0.0,133.9952,0.0,0.05428513,0.0005428513
2013-08-29,0.0,0.0,0.0,133.9784,0.0,-0.01253776,-0.0001253776
2013-08-30,0.0,0.0,0.0,134.0138,0.0,0.02642217,0.0002642217
2013-09-02,0.0,0.0,0.0,134.0644,0.0,0.03775731,0.0003775731
2013-09-03,0.0,0.0,0.0,134.0837,0.0,0.01439607,0.0001439607
2013-09-04,0.0,0.0,0.0,134.0759,0.0,-0.00581726,-5.8172600000000006e-05
2013-09-05,0.0,0.0,0.0,134.0854,0.0,0.00708554,7.08554e-05
2013-09-06,0.0,0.0,0.0,134.1764,0.0,0.0678672,0.0006786720000000001
2013-09-09,0.0,0.0,0.0,134.2263,0.0,0.03718985,0.0003718985
2013-09-10,0.0,0.0,0.0,134.2651,0.0,0.02890641,0.0002890641
2013-09-11,0.0,0.0,0.0,134.1664,0.0,-0.07351128,-0.0007351128
2013-09-12,0.0,0.0,0.0,134.1425,0.0,-0.0178137,-0.00017813699999999998
2013-09-13,0.0,0.0,0.0,134.0608,0.0,-0.06090538,-0.0006090538
2013-09-16,0.0,0.0,0.0,134.0618,0.0,0.00074593,7.4593e-06
2013-09-17,0.0,0.0,0.0,134.0899,0.0,0.02096048,0.0002096048
2013-09-18,0.0,0.0,0.0,134.1306,0.0,0.03035277,0.0003035277
2013-09-23,0.0,0.0,0.0,134.3101,0.0,0.0241291,0.000241291
2013-09-24,0.0,0.0,0.0,134.2733,0.0,-0.02739928,-0.00027399280000000003
2013-09-25,0.0,0.0,0.0,134.2894,0.0,0.01199047,0.00011990469999999999
2013-09-26,0.0,0.0,0.0,134.3355,0.0,0.03432885,0.00034328850000000003
2013-09-27,0.0,0.0,0.0,134.3978,0.0,0.04637642,0.00046376420000000004
2013-09-30,0.0,0.0,0.0,134.4576,0.0,0.03526518,0.0003526518
2013-10-08,0.0,0.0,0.0,134.6693,0.0,0.1574474,0.001574474
2013-10-09,0.0,0.0,0.0,134.7014,0.0,0.02383617,0.0002383617
2013-10-10,0.0,0.0,0.0,134.7139,0.0,0.00927978,9.27978e-05
2013-10-11,0.0,0.0,0.0,134.7684,0.0,0.04045611,0.00040456110000000004
2013-10-14,0.0,0.0,0.0,134.8946,0.0,0.08651264,0.0008651264
2013-10-15,0.0,0.0,0.0,134.8996,0.0,0.0037066,3.7066e-05
2013-10-16,0.0,0.0,0.0,134.8487,0.0,-0.03773176,-0.00037731760000000005
2013-10-17,0.0,0.0,0.0,134.7916,0.0,-0.04234375,-0.0004234375
2013-10-18,0.0,0.0,0.0,134.8006,0.0,0.00667697,6.67697e-05
2013-10-21,0.0,0.0,0.0,134.8523,0.0,0.03835295,0.0003835295
2013-10-22,0.0,0.0,0.0,134.8103,0.0,-0.03114519,-0.0003114519
2013-10-23,0.0,0.0,0.0,134.6736,0.0,-0.10140175,-0.0010140175
2013-10-24,0.0,0.0,0.0,134.4238,0.0,-0.1854855,-0.0018548549999999999
2013-10-25,0.0,0.0,0.0,134.1756,0.0,-0.18463992,-0.0018463992000000002
2013-10-28,0.0,0.0,0.0,134.1337,0.0,-0.03122773,-0.0003122773
2013-10-29,0.0,0.0,0.0,134.0612,0.0,-0.05405055,-0.0005405055
2013-10-30,0.0,0.0,0.0,133.9349,0.0,-0.0942107,-0.000942107
2013-10-31,0.0,0.0,0.0,133.8751,0.0,-0.04464856,-0.0004464856
2013-11-01,0.0,0.0,0.0,133.9662,0.0,0.0680485,0.000680485
2013-11-04,0.0,0.0,0.0,134.0145,0.0,0.03605387,0.0003605387
2013-11-05,0.0,0.0,0.0,134.002,0.0,-0.00932735,-9.32735e-05
2013-11-06,0.0,0.0,0.0,133.8893,0.0,-0.08410322,-0.0008410322000000001
2013-11-07,0.0,0.0,0.0,133.8443,0.0,-0.03360986,-0.0003360986
2013-11-08,0.0,0.0,0.0,133.7252,0.0,-0.08898399,-0.0008898399
2013-11-11,0.0,0.0,0.0,133.4426,0.0,-0.2113289,-0.002113289
2013-11-12,0.0,0.0,0.0,133.3575,0.0,-0.06377274,-0.0006377274
2013-11-13,0.0,0.0,0.0,133.1193,0.0,-0.17861763,-0.0017861763
2013-11-14,0.0,0.0,0.0,132.8251,0.0,-0.22100477,-0.0022100477
2013-11-15,0.0,0.0,0.0,132.5055,0.0,-0.24061717,-0.0024061716999999997
2013-11-18,0.0,0.0,0.0,132.4444,0.0,-0.04611129,-0.0004611129
2013-11-19,0.0,0.0,0.0,132.1563,0.0,-0.21752524,-0.0021752524
2013-11-20,0.0,0.0,0.0,131.85,0.0,-0.23177102,-0.0023177102
2013-11-21,0.0,0.0,0.0,131.7845,0.0,-0.04967766,-0.0004967766
2013-11-22,0.0,0.0,0.0,131.8039,0.0,0.014721,0.00014721
2013-11-25,0.0,0.0,0.0,131.8307,0.0,0.02033324,0.0002033324
2013-11-26,0.0,0.0,0.0,131.7367,0.0,-0.07130357,-0.0007130357
2013-11-27,0.0,0.0,0.0,131.5807,0.0,-0.11841803,-0.0011841802999999998
2013-11-28,0.0,0.0,0.0,131.5579,0.0,-0.01732777,-0.0001732777
2013-11-29,0.0,0.0,0.0,131.8012,0.0,0.18493758,0.0018493758
2013-12-02,0.0,0.0,0.0,131.9211,0.0,0.09097034,0.0009097034
2013-12-03,0.0,0.0,0.0,131.9283,0.0,0.00545781,5.45781e-05
2013-12-04,0.0,0.0,0.0,131.9737,0.0,0.03441263,0.0003441263
2013-12-05,0.0,0.0,0.0,132.0205,0.0,0.03546161,0.00035461609999999996
2013-12-06,0.0,0.0,0.0,132.0253,0.0,0.0036358,3.6358e-05
2013-12-09,0.0,0.0,0.0,132.0742,0.0,0.03703836,0.0003703836
2013-12-10,0.0,0.0,0.0,131.9638,0.0,-0.08358938,-0.0008358938
2013-12-11,0.0,0.0,0.0,131.9216,0.0,-0.03197847,-0.0003197847
2013-12-12,0.0,0.0,0.0,131.9242,0.0,0.00197087,1.97087e-05
2013-12-13,0.0,0.0,0.0,131.9777,0.0,0.04055359,0.0004055359
2013-12-16,0.0,0.0,0.0,131.9958,0.0,0.01371444,0.0001371444
2013-12-17,0.0,0.0,0.0,131.9347,0.0,-0.04628935,-0.0004628935
2013-12-18,0.0,0.0,0.0,131.8565,0.0,-0.05927175,-0.0005927174999999999
2013-12-19,0.0,0.0,0.0,131.6961,0.0,-0.1216474,-0.001216474
2013-12-20,0.0,0.0,0.0,131.5186,0.0,-0.13478,-0.0013478000000000001
2013-12-23,0.0,0.0,0.0,131.5022,0.0,-0.01246972,-0.0001246972
2013-12-24,0.0,0.0,0.0,131.497,0.0,-0.00395431,-3.95431e-05
2013-12-25,0.0,0.0,0.0,131.5159,0.0,0.01437295,0.0001437295
2013-12-26,0.0,0.0,0.0,131.5172,0.0,0.00098847,9.8847e-06
2013-12-27,0.0,0.0,0.0,131.4767,0.0,-0.03079445,-0.0003079445
2013-12-30,0.0,0.0,0.0,131.5201,0.0,0.03300965,0.0003300965
2013-12-31,0.0,0.0,0.0,131.5221,0.0,0.00152068,1.52068e-05
2014-01-02,0.0,0.0,0.0,131.526,0.0,0.00296528,2.96528e-05
2014-01-03,0.0,0.0,0.0,131.4504,0.0,-0.05747913,-0.0005747913000000001
2014-01-06,0.0,0.0,0.0,131.3997,0.0,-0.03856968,-0.00038569680000000004
2014-01-07,0.0,0.0,0.0,131.3345,0.0,-0.0496196,-0.000496196
2014-01-08,0.0,0.0,0.0,131.3333,0.0,-0.0009137,-9.137e-06
2014-01-09,0.0,0.0,0.0,131.3975,0.0,0.04888326,0.0004888326
2014-01-10,0.0,0.0,0.0,131.4072,0.0,0.00738218,7.38218e-05
2014-01-13,0.0,0.0,0.0,131.5225,0.0,0.08774253,0.0008774253
2014-01-14,0.0,0.0,0.0,131.4378,0.0,-0.06439963,-0.0006439963
2014-01-15,0.0,0.0,0.0,131.4679,0.0,0.02290057,0.00022900569999999997
2014-01-16,0.0,0.0,0.0,131.5043,0.0,0.02768737,0.0002768737
2014-01-17,0.0,0.0,0.0,131.5302,0.0,0.01969517,0.00019695170000000003
2014-01-20,0.0,0.0,0.0,131.5425,0.0,0.00935146,9.35146e-05
2014-01-21,0.0,0.0,0.0,131.6829,0.0,0.10673357,0.0010673357
2014-01-22,0.0,0.0,0.0,131.7557,0.0,0.05528432,0.0005528432
2014-01-23,0.0,0.0,0.0,131.8679,0.0,0.08515761,0.0008515761
2014-01-24,0.0,0.0,0.0,131.8755,0.0,0.00576334,5.7633399999999996e-05
2014-01-27,0.0,0.0,0.0,131.9565,0.0,0.04814509,0.0004814509
2014-01-28,0.0,0.0,0.0,131.9634,0.0,0.005229,5.229e-05
2014-01-29,0.0,0.0,0.0,131.978,0.0,0.01106367,0.0001106367
2014-01-30,0.0,0.0,0.0,132.0229,0.0,0.03402082,0.0003402082
2014-02-07,0.0,0.0,0.0,132.2687,0.0,0.18617982,0.0018617981999999999
2014-02-10,0.0,0.0,0.0,132.4605,0.0,0.07698782,0.0007698782
2014-02-11,0.0,0.0,0.0,132.5224,0.0,0.04673091,0.0004673091
2014-02-12,0.0,0.0,0.0,132.6504,0.0,0.09658744,0.0009658744
2014-02-13,0.0,0.0,0.0,132.9643,0.0,0.23663705,0.0023663704999999998
2014-02-14,0.0,0.0,0.0,133.3063,0.0,0.2572119,0.002572119
2014-02-17,0.0,0.0,0.0,133.4663,0.0,0.12002433,0.0012002433
2014-02-18,0.0,0.0,0.0,133.5435,0.0,0.05784232,0.0005784232000000001
2014-02-19,0.0,0.0,0.0,133.6992,0.0,0.11659122,0.0011659122
2014-02-20,0.0,0.0,0.0,133.9582,0.0,0.19371844,0.0019371844
2014-02-21,0.0,0.0,0.0,134.3528,0.0,0.2945695,0.002945695
2014-02-24,0.0,0.0,0.0,134.7803,0.0,0.3181921,0.003181921
2014-02-25,0.0,0.0,0.0,135.0865,0.0,0.22718454,0.0022718454
2014-02-26,0.0,0.0,0.0,135.3907,0.0,0.22518905,0.0022518905
2014-02-27,0.0,0.0,0.0,135.6178,0.0,0.16773678,0.0016773678
2014-02-28,0.0,0.0,0.0,135.714,0.0,0.07093464,0.0007093463999999999
2014-03-03,0.0,0.0,0.0,135.814,0.0,0.07368437,0.0007368437
2014-03-04,0.0,0.0,0.0,135.6167,0.0,-0.14527221,-0.0014527221
2014-03-05,0.0,0.0,0.0,135.3558,0.0,-0.19238044,-0.0019238044000000002
2014-03-06,0.0,0.0,0.0,135.1965,0.0,-0.11768982,-0.0011768982
2014-03-07,0.0,0.0,0.0,135.1804,0.0,-0.01190859,-0.0001190859
2014-03-10,0.0,0.0,0.0,135.2975,0.0,0.08662498,0.0008662498000000001
2014-03-11,0.0,0.0,0.0,135.3699,0.0,0.05351171,0.0005351170999999999
2014-03-12,0.0,0.0,0.0,135.4615,0.0,0.06766645,0.0006766645000000001
2014-03-13,0.0,0.0,0.0,135.5274,0.0,0.04864851,0.00048648509999999997
2014-03-14,0.0,0.0,0.0,135.6355,0.0,0.07976247,0.0007976247000000001
2014-03-17,0.0,0.0,0.0,135.781,0.0,0.1072728,0.001072728
2014-03-18,0.0,0.0,0.0,135.7592,0.0,-0.01605527,-0.0001605527
2014-03-19,0.0,0.0,0.0,135.6267,0.0,-0.09759928,-0.0009759928
2014-03-20,0.0,0.0,0.0,135.6104,0.0,-0.01201828,-0.0001201828
2014-03-21,0.0,0.0,0.0,135.7646,0.0,0.11370809,0.0011370809
2014-03-24,0.0,0.0,0.0,135.8146,0.0,0.03682845,0.0003682845
2014-03-25,0.0,0.0,0.0,135.7248,0.0,-0.06611955,-0.0006611955
2014-03-26,0.0,0.0,0.0,135.7554,0.0,0.02254562,0.00022545619999999998
2014-03-27,0.0,0.0,0.0,135.7826,0.0,0.02003604,0.00020036040000000001
2014-03-28,0.0,0.0,0.0,135.7717,0.0,-0.00802754,-8.02754e-05
2014-03-31,0.0,0.0,0.0,135.8371,0.0,0.0481691,0.000481691
2014-04-01,0.0,0.0,0.0,135.9279,0.0,0.06684477,0.0006684477
2014-04-02,0.0,0.0,0.0,135.8699,0.0,-0.04266968,-0.0004266968
2014-04-03,0.0,0.0,0.0,135.8883,0.0,0.01354237,0.0001354237
2014-04-04,0.0,0.0,0.0,135.9594,0.0,0.05232239,0.0005232239
2014-04-08,0.0,0.0,0.0,136.189,0.0,0.16887394,0.0016887394
2014-04-09,0.0,0.0,0.0,136.2004,0.0,0.00837072,8.37072e-05
2014-04-10,0.0,0.0,0.0,136.258,0.0,0.04229062,0.00042290620000000003
2014-04-11,0.0,0.0,0.0,136.3994,0.0,0.10377372,0.0010377372
2014-04-14,0.0,0.0,0.0,136.6175,0.0,0.15989806,0.0015989806
2014-04-15,0.0,0.0,0.0,136.7636,0.0,0.10694091,0.0010694091
2014-04-16,0.0,0.0,0.0,136.9719,0.0,0.15230661,0.0015230661
2014-04-17,0.0,0.0,0.0,137.2168,0.0,0.1787958,0.001787958
2014-04-18,0.0,0.0,0.0,137.2991,0.0,0.05997808,0.0005997808
2014-04-21,0.0,0.0,0.0,137.4498,0.0,0.10976037,0.0010976037
2014-04-22,0.0,0.0,0.0,137.5543,0.0,0.07602776,0.0007602776
2014-04-23,0.0,0.0,0.0,137.6151,0.0,0.04420073,0.0004420073
2014-04-24,0.0,0.0,0.0,137.7126,0.0,0.07084978,0.0007084978
2014-04-25,0.0,0.0,0.0,137.7247,0.0,0.00878641,8.786409999999999e-05
2014-04-28,0.0,0.0,0.0,137.8082,0.0,0.0606282,0.000606282
2014-04-29,0.0,0.0,0.0,137.8374,0.0,0.02118887,0.0002118887
2014-04-30,0.0,0.0,0.0,137.9701,0.0,0.09627285,0.0009627284999999999
2014-05-05,0.0,0.0,0.0,138.2705,0.0,0.0903394,0.000903394
2014-05-06,0.0,0.0,0.0,138.5169,0.0,0.17820142,0.0017820142
2014-05-07,0.0,0.0,0.0,138.6964,0.0,0.12958708,0.0012958708
2014-05-08,0.0,0.0,0.0,138.9966,0.0,0.21644397,0.0021644397
2014-05-09,0.0,0.0,0.0,139.3896,0.0,0.28274073,0.0028274072999999998
2014-05-12,0.0,0.0,0.0,139.5706,0.0,0.12985187,0.0012985187
2014-05-13,0.0,0.0,0.0,139.6772,0.0,0.07637712,0.0007637712000000001
2014-05-14,0.0,0.0,0.0,139.6206,0.0,-0.040522,-0.00040522
2014-05-15,0.0,0.0,0.0,139.6449,0.0,0.01740431,0.00017404309999999998
2014-05-16,0.0,0.0,0.0,139.6831,0.0,0.0273551,0.000273551
2014-05-19,0.0,0.0,0.0,139.7364,0.0,0.0381578,0.000381578
2014-05-20,0.0,0.0,0.0,139.7034,0.0,-0.02361589,-0.0002361589
2014-05-21,0.0,0.0,0.0,139.7541,0.0,0.03629117,0.00036291169999999996
2014-05-22,0.0,0.0,0.0,139.7869,0.0,0.02346979,0.0002346979
2014-05-23,0.0,0.0,0.0,139.8664,0.0,0.05687228,0.0005687228
2014-05-26,0.0,0.0,0.0,139.9455,0.0,0.05655397,0.0005655397
2014-05-27,0.0,0.0,0.0,139.9677,0.0,0.01586332,0.0001586332
2014-05-28,0.0,0.0,0.0,139.9944,0.0,0.01907583,0.00019075829999999999
2014-05-29,0.0,0.0,0.0,140.1229,0.0,0.09178939,0.0009178939
2014-05-30,0.0,0.0,0.0,140.2754,0.0,0.10883303,0.0010883302999999999
2014-06-03,0.0,0.0,0.0,140.6584,0.0,0.27303433,0.0027303432999999998
2014-06-04,0.0,0.0,0.0,140.7288,0.0,0.05005033,0.0005005033
2014-06-05,0.0,0.0,0.0,140.8662,0.0,0.0976346,0.000976346
2014-06-06,0.0,0.0,0.0,140.9479,0.0,0.0579983,0.0005799830000000001
2014-06-09,0.0,0.0,0.0,141.0353,0.0,0.06200873,0.0006200873
2014-06-10,0.0,0.0,0.0,141.1895,0.0,0.10933433,0.0010933433
2014-06-11,0.0,0.0,0.0,141.3305,0.0,0.09986578,0.0009986578
2014-06-12,0.0,0.0,0.0,141.3969,0.0,0.04698207,0.0004698207
2014-06-13,0.0,0.0,0.0,141.4414,0.0,0.03147169,0.00031471689999999997
2014-06-16,0.0,0.0,0.0,141.5734,0.0,0.09332487,0.0009332487
2014-06-17,0.0,0.0,0.0,141.5438,0.0,-0.02090788,-0.0002090788
2014-06-18,0.0,0.0,0.0,141.5552,0.0,0.00805404,8.05404e-05
2014-06-19,0.0,0.0,0.0,141.5605,0.0,0.00374412,3.74412e-05
2014-06-20,0.0,0.0,0.0,141.6572,0.0,0.06831002,0.0006831002
2014-06-23,0.0,0.0,0.0,141.7592,0.0,0.07200481,0.0007200481000000001
2014-06-24,0.0,0.0,0.0,141.8392,0.0,0.05643373,0.0005643373
2014-06-25,0.0,0.0,0.0,141.8287,0.0,-0.00740275,-7.40275e-05
2014-06-26,0.0,0.0,0.0,141.9207,0.0,0.06486698,0.0006486698
2014-06-27,0.0,0.0,0.0,142.0171,0.0,0.06792526,0.0006792526
2014-06-30,0.0,0.0,0.0,142.1015,0.0,0.05942946,0.0005942946000000001
2014-07-01,0.0,0.0,0.0,142.0386,0.0,-0.04426414,-0.0004426414
2014-07-02,0.0,0.0,0.0,141.9917,0.0,-0.03301919,-0.00033019189999999995
2014-07-03,0.0,0.0,0.0,142.0431,0.0,0.0361993,0.00036199299999999996
2014-07-04,0.0,0.0,0.0,141.894,0.0,-0.10496814,-0.0010496814
2014-07-07,0.0,0.0,0.0,142.0175,0.0,0.0870368,0.0008703679999999999
2014-07-08,0.0,0.0,0.0,142.0218,0.0,0.0030278,3.0278e-05
2014-07-09,0.0,0.0,0.0,142.01,0.0,-0.00830858,-8.30858e-05
2014-07-10,0.0,0.0,0.0,142.1259,0.0,0.08161397,0.0008161396999999999
2014-07-11,0.0,0.0,0.0,142.1785,0.0,0.03700944,0.0003700944
2014-07-14,0.0,0.0,0.0,142.2675,0.0,0.06259737,0.0006259737
2014-07-15,0.0,0.0,0.0,142.3313,0.0,0.0448451,0.000448451
2014-07-16,0.0,0.0,0.0,142.2715,0.0,-0.04201465,-0.0004201465
2014-07-17,0.0,0.0,0.0,142.1253,0.0,-0.10276127,-0.0010276127
2014-07-18,0.0,0.0,0.0,142.0424,0.0,-0.05832881,-0.0005832881
2014-07-21,0.0,0.0,0.0,142.069,0.0,0.0187268,0.00018726799999999998
2014-07-22,0.0,0.0,0.0,142.114,0.0,0.03167475,0.0003167475
2014-07-23,0.0,0.0,0.0,142.1177,0.0,0.00260354,2.60354e-05
2014-07-24,0.0,0.0,0.0,142.2247,0.0,0.07528971,0.0007528970999999999
2014-07-25,0.0,0.0,0.0,142.2698,0.0,0.03171039,0.0003171039
2014-07-28,0.0,0.0,0.0,142.4188,0.0,0.10473059,0.0010473059
2014-07-29,0.0,0.0,0.0,142.4986,0.0,0.05603193,0.0005603193
2014-07-30,0.0,0.0,0.0,142.617,0.0,0.08308854,0.0008308854
2014-07-31,0.0,0.0,0.0,142.7256,0.0,0.076148,0.0007614799999999999
2014-08-01,0.0,0.0,0.0,142.7341,0.0,0.00595548,5.95548e-05
2014-08-04,0.0,0.0,0.0,142.8428,0.0,0.07615559,0.0007615559
2014-08-05,0.0,0.0,0.0,142.9048,0.0,0.04340436,0.00043404360000000005
2014-08-06,0.0,0.0,0.0,143.0013,0.0,0.06752747,0.0006752747
2014-08-07,0.0,0.0,0.0,143.0478,0.0,0.03251719,0.0003251719
2014-08-08,0.0,0.0,0.0,143.1121,0.0,0.04495001,0.0004495001
2014-08-11,0.0,0.0,0.0,143.2449,0.0,0.09279439,0.0009279439000000001
2014-08-12,0.0,0.0,0.0,143.2753,0.0,0.0212224,0.00021222399999999998
2014-08-13,0.0,0.0,0.0,143.3397,0.0,0.04494843,0.0004494843
2014-08-14,0.0,0.0,0.0,143.5495,0.0,0.14636559,0.0014636559
2014-08-15,0.0,0.0,0.0,143.7472,0.0,0.13772253,0.0013772253
2014-08-18,0.0,0.0,0.0,143.8555,0.0,0.0753406,0.000753406
2014-08-19,0.0,0.0,0.0,143.9581,0.0,0.07132157,0.0007132157
2014-08-20,0.0,0.0,0.0,143.9846,0.0,0.01840813,0.00018408130000000002
2014-08-21,0.0,0.0,0.0,144.0664,0.0,0.05681163,0.0005681163
2014-08-22,0.0,0.0,0.0,144.1862,0.0,0.0831561,0.000831561
2014-08-25,0.0,0.0,0.0,144.3924,0.0,0.14300953,0.0014300953
2014-08-26,0.0,0.0,0.0,144.4591,0.0,0.04619357,0.00046193570000000004
2014-08-27,0.0,0.0,0.0,144.567,0.0,0.07469242,0.0007469242
2014-08-28,0.0,0.0,0.0,144.7156,0.0,0.10278971,0.0010278971
2014-08-29,0.0,0.0,0.0,144.7458,0.0,0.02086852,0.00020868520000000003
2014-09-01,0.0,0.0,0.0,144.8252,0.0,0.05485479,0.0005485479
2014-09-02,0.0,0.0,0.0,144.8545,0.0,0.02023129,0.0002023129
2014-09-03,0.0,0.0,0.0,144.9165,0.0,0.04280157,0.0004280157
2014-09-04,0.0,0.0,0.0,144.9462,0.0,0.02049456,0.00020494559999999998
2014-09-05,0.0,0.0,0.0,144.9953,0.0,0.03387464,0.0003387464
2014-09-09,0.0,0.0,0.0,145.1206,0.0,0.08641659,0.0008641659
2014-09-10,0.0,0.0,0.0,145.1957,0.0,0.05175006,0.0005175006
2014-09-11,0.0,0.0,0.0,145.2046,0.0,0.00612966,6.12966e-05
2014-09-12,0.0,0.0,0.0,145.2723,0.0,0.04662387,0.00046623869999999997
2014-09-15,0.0,0.0,0.0,145.4239,0.0,0.10435575,0.0010435575
2014-09-16,0.0,0.0,0.0,145.3724,0.0,-0.03541371,-0.0003541371
2014-09-17,0.0,0.0,0.0,145.4912,0.0,0.08172115,0.0008172115
2014-09-18,0.0,0.0,0.0,145.6358,0.0,0.09938745,0.0009938745
2014-09-19,0.0,0.0,0.0,145.9106,0.0,0.18868987,0.0018868987000000002
2014-09-22,0.0,0.0,0.0,145.9188,0.0,0.00561988,5.61988e-05
2014-09-23,0.0,0.0,0.0,145.9641,0.0,0.03104466,0.0003104466
2014-09-24,0.0,0.0,0.0,146.0604,0.0,0.06597513,0.0006597513000000001
2014-09-25,0.0,0.0,0.0,146.1068,0.0,0.03176768,0.0003176768
2014-09-26,0.0,0.0,0.0,146.1367,0.0,0.02046448,0.0002046448
2014-09-29,0.0,0.0,0.0,146.2618,0.0,0.0550686,0.000550686
2014-09-30,0.0,0.0,0.0,146.2849,0.0,0.0157936,0.00015793600000000001
2014-10-08,0.0,0.0,0.0,146.4848,0.0,0.13665115,0.0013665115
2014-10-09,0.0,0.0,0.0,146.501,0.0,0.01105917,0.00011059170000000001
2014-10-10,0.0,0.0,0.0,146.6045,0.0,0.07064798,0.0007064798
2014-10-13,0.0,0.0,0.0,146.7439,0.0,0.06150544,0.0006150544
2014-10-14,0.0,0.0,0.0,146.9624,0.0,0.14889886,0.0014889885999999999
2014-10-15,0.0,0.0,0.0,147.2538,0.0,0.19828201,0.0019828201
2014-10-16,0.0,0.0,0.0,147.4394,0.0,0.12604089,0.0012604088999999998
2014-10-17,0.0,0.0,0.0,147.9022,0.0,0.31389167,0.0031389167
2014-10-20,0.0,0.0,0.0,148.5124,0.0,0.41256993,0.0041256993
2014-10-21,0.0,0.0,0.0,148.8869,0.0,0.2521675,0.0025216749999999997
2014-10-22,0.0,0.0,0.0,148.9978,0.0,0.07448607,0.0007448607
2014-10-23,0.0,0.0,0.0,149.2062,0.0,0.13986784,0.0013986784
2014-10-24,0.0,0.0,0.0,149.3349,0.0,0.08625647,0.0008625647
2014-10-27,0.0,0.0,0.0,149.4103,0.0,0.05049054,0.0005049054
2014-10-28,0.0,0.0,0.0,149.642,0.0,0.15507632,0.0015507632
2014-10-29,0.0,0.0,0.0,149.9565,0.0,0.21016827,0.0021016827
2014-10-30,0.0,0.0,0.0,150.0783,0.0,0.08122355,0.0008122355000000001
2014-10-31,0.0,0.0,0.0,150.2769,0.0,0.13233092,0.0013233092
2014-11-03,0.0,0.0,0.0,150.6837,0.0,0.27070029,0.0027070029
2014-11-04,0.0,0.0,0.0,151.1727,0.0,0.32452083,0.0032452083
2014-11-05,0.0,0.0,0.0,151.4941,0.0,0.21260452,0.0021260452
2014-11-06,0.0,0.0,0.0,151.8847,0.0,0.25783182,0.0025783182
2014-11-07,0.0,0.0,0.0,152.1566,0.0,0.17901737,0.0017901737000000002
2014-11-10,0.0,0.0,0.0,152.6824,0.0,0.34556503,0.0034556503
2014-11-11,0.0,0.0,0.0,152.9288,0.0,0.16138075,0.0016138074999999998
2014-11-12,0.0,0.0,0.0,153.0065,0.0,0.05080796,0.0005080796
2014-11-13,0.0,0.0,0.0,153.0358,0.0,0.01914951,0.0001914951
2014-11-14,0.0,0.0,0.0,152.8932,0.0,-0.09318081,-0.0009318081
2014-11-17,0.0,0.0,0.0,152.9485,0.0,0.03616904,0.0003616904
2014-11-18,0.0,0.0,0.0,152.7163,0.0,-0.15181581,-0.0015181581
2014-11-19,0.0,0.0,0.0,152.5592,0.0,-0.10287049,-0.0010287049
2014-11-20,0.0,0.0,0.0,152.1806,0.0,-0.24816596,-0.0024816596
2014-11-21,0.0,0.0,0.0,151.8191,0.0,-0.2375467,-0.002375467
2014-11-24,0.0,0.0,0.0,152.6549,0.0,0.55052362,0.0055052362
2014-11-25,0.0,0.0,0.0,152.7108,0.0,0.03661854,0.00036618539999999997
2014-11-26,0.0,0.0,0.0,152.6255,0.0,-0.05585722,-0.0005585722
2014-11-27,0.0,0.0,0.0,152.5985,0.0,-0.01769036,-0.0001769036
2014-11-28,0.0,0.0,0.0,152.627,0.0,0.01867646,0.00018676459999999998
2014-12-01,0.0,0.0,0.0,152.7274,0.0,0.06578128,0.0006578128
2014-12-02,0.0,0.0,0.0,152.6273,0.0,-0.06554161,-0.0006554161
2014-12-03,0.0,0.0,0.0,152.0434,0.0,-0.3825659,-0.0038256590000000004
2014-12-04,0.0,0.0,0.0,151.5234,0.0,-0.34200761,-0.0034200761000000002
2014-12-05,0.0,0.0,0.0,150.9963,0.0,-0.34786706,-0.0034786706
2014-12-08,0.0,0.0,0.0,150.4291,0.0,-0.37563834,-0.0037563834
2014-12-09,0.0,0.0,0.0,148.3908,0.0,-1.35499049,-0.0135499049
2014-12-10,0.0,0.0,0.0,148.1352,0.0,-0.17224788,-0.0017224788
2014-12-11,0.0,0.0,0.0,148.3758,0.0,0.1624192,0.0016241920000000002
2014-12-12,0.0,0.0,0.0,148.3402,0.0,-0.02399313,-0.00023993130000000002
2014-12-15,0.0,0.0,0.0,148.4525,0.0,0.07570436,0.0007570436
2014-12-16,0.0,0.0,0.0,148.0978,0.0,-0.23893164,-0.0023893164
2014-12-17,0.0,0.0,0.0,148.0367,0.0,-0.04125652,-0.0004125652
2014-12-18,0.0,0.0,0.0,147.9663,0.0,-0.04755578,-0.0004755578
2014-12-19,0.0,0.0,0.0,147.9689,0.0,0.00175716,1.75716e-05
2014-12-22,0.0,0.0,0.0,148.1064,0.0,0.09292493,0.0009292493
2014-12-23,0.0,0.0,0.0,148.1637,0.0,0.0386884,0.000386884
2014-12-24,0.0,0.0,0.0,148.3906,0.0,0.15314142,0.0015314142
2014-12-25,0.0,0.0,0.0,148.6278,0.0,0.1598484,0.001598484
2014-12-26,0.0,0.0,0.0,148.8657,0.0,0.16006427,0.0016006427
2014-12-29,0.0,0.0,0.0,149.0618,0.0,0.13172947,0.0013172947
2014-12-30,0.0,0.0,0.0,149.1841,0.0,0.08204651,0.0008204651000000001
2014-12-31,0.0,0.0,0.0,149.2671,0.0,0.05563596,0.0005563596
2015-01-05,0.0,0.0,0.0,149.4589,0.0,0.05978459,0.0005978458999999999
2015-01-06,0.0,0.0,0.0,149.6625,0.0,0.13622474,0.0013622474000000002
2015-01-07,0.0,0.0,0.0,149.7513,0.0,0.0593335,0.000593335
2015-01-08,0.0,0.0,0.0,149.8789,0.0,0.08520794,0.0008520794
2015-01-09,0.0,0.0,0.0,150.0199,0.0,0.09407595,0.0009407595000000001
2015-01-12,0.0,0.0,0.0,150.0457,0.0,0.01719772,0.00017197719999999998
2015-01-13,0.0,0.0,0.0,150.1936,0.0,0.09856997,0.0009856997
2015-01-14,0.0,0.0,0.0,150.6228,0.0,0.28576451,0.0028576451000000003
2015-01-15,0.0,0.0,0.0,150.687,0.0,0.04262303,0.0004262303
2015-01-16,0.0,0.0,0.0,150.8281,0.0,0.09363781,0.0009363781
2015-01-19,0.0,0.0,0.0,151.0426,0.0,0.14221488,0.0014221487999999999
2015-01-20,0.0,0.0,0.0,151.0975,0.0,0.03634736,0.0003634736
2015-01-21,0.0,0.0,0.0,151.2592,0.0,0.10701699,0.0010701699
2015-01-22,0.0,0.0,0.0,151.3025,0.0,0.02862636,0.0002862636
2015-01-23,0.0,0.0,0.0,151.3809,0.0,0.05181672,0.0005181672
2015-01-26,0.0,0.0,0.0,151.4597,0.0,0.05205412,0.0005205412
2015-01-27,0.0,0.0,0.0,151.4172,0.0,-0.02806027,-0.0002806027
2015-01-28,0.0,0.0,0.0,151.362,0.0,-0.03645557,-0.0003645557
2015-01-29,0.0,0.0,0.0,151.3517,0.0,-0.00680488,-6.80488e-05
2015-01-30,0.0,0.0,0.0,151.3904,0.0,0.02556958,0.0002556958
2015-02-02,0.0,0.0,0.0,151.3668,0.0,-0.01558884,-0.0001558884
2015-02-03,0.0,0.0,0.0,151.331,0.0,-0.02365116,-0.0002365116
2015-02-04,0.0,0.0,0.0,151.2911,0.0,-0.02636605,-0.0002636605
2015-02-05,0.0,0.0,0.0,151.4554,0.0,0.10859859,0.0010859859
2015-02-06,0.0,0.0,0.0,151.5394,0.0,0.05546187,0.0005546187
2015-02-09,0.0,0.0,0.0,151.7547,0.0,0.14207526,0.0014207526000000002
2015-02-10,0.0,0.0,0.0,151.8148,0.0,0.03960339,0.00039603390000000004
2015-02-11,0.0,0.0,0.0,152.0225,0.0,0.13681143,0.0013681143
2015-02-12,0.0,0.0,0.0,152.2236,0.0,0.13228305,0.0013228305
2015-02-13,0.0,0.0,0.0,152.3349,0.0,0.07311613,0.0007311613
2015-02-16,0.0,0.0,0.0,152.5405,0.0,0.1011902,0.0010119019999999999
2015-02-17,0.0,0.0,0.0,152.6603,0.0,0.07853652,0.0007853652
2015-02-25,0.0,0.0,0.0,152.9651,0.0,0.19965898,0.0019965898000000003
2015-02-26,0.0,0.0,0.0,153.0265,0.0,0.04013988,0.0004013988
2015-02-27,0.0,0.0,0.0,153.0783,0.0,0.03385035,0.0003385035
2015-03-02,0.0,0.0,0.0,153.1778,0.0,0.05179672,0.0005179672
2015-03-03,0.0,0.0,0.0,153.0129,0.0,-0.10765268,-0.0010765268
2015-03-04,0.0,0.0,0.0,153.0105,0.0,-0.0015685,-1.5685e-05
2015-03-05,0.0,0.0,0.0,152.9813,0.0,-0.01908366,-0.0001908366
2015-03-06,0.0,0.0,0.0,152.8554,0.0,-0.08229764,-0.0008229764
2015-03-09,0.0,0.0,0.0,152.9193,0.0,0.04180421,0.0004180421
2015-03-10,0.0,0.0,0.0,152.8209,0.0,-0.06434767,-0.0006434766999999999
2015-03-11,0.0,0.0,0.0,153.0176,0.0,0.12871276,0.0012871276
2015-03-12,0.0,0.0,0.0,153.1284,0.0,0.07240997,0.0007240997
2015-03-13,0.0,0.0,0.0,153.1257,0.0,-0.00176323,-1.76323e-05
2015-03-16,0.0,0.0,0.0,153.2078,0.0,0.05361608,0.0005361608
2015-03-17,0.0,0.0,0.0,153.1572,0.0,-0.03302704,-0.0003302704
2015-03-18,0.0,0.0,0.0,153.0389,0.0,-0.0772409,-0.000772409
2015-03-19,0.0,0.0,0.0,153.0903,0.0,0.03358623,0.0003358623
2015-03-20,0.0,0.0,0.0,153.1432,0.0,0.03455477,0.0003455477
2015-03-23,0.0,0.0,0.0,153.2581,0.0,0.07502782,0.0007502781999999999
2015-03-24,0.0,0.0,0.0,153.0856,0.0,-0.11255523,-0.0011255523
2015-03-25,0.0,0.0,0.0,152.9418,0.0,-0.09393437,-0.0009393437000000001
2015-03-26,0.0,0.0,0.0,152.5621,0.0,-0.24826437,-0.0024826437000000003
2015-03-27,0.0,0.0,0.0,152.3362,0.0,-0.14807085,-0.0014807085
2015-03-30,0.0,0.0,0.0,152.1909,0.0,-0.09538114,-0.0009538114000000001
2015-03-31,0.0,0.0,0.0,151.8126,0.0,-0.2485694,-0.002485694
2015-04-01,0.0,0.0,0.0,152.0315,0.0,0.14419093,0.0014419093
2015-04-02,0.0,0.0,0.0,152.2427,0.0,0.13891858,0.0013891858
2015-04-03,0.0,0.0,0.0,152.285,0.0,0.02778458,0.0002778458
2015-04-07,0.0,0.0,0.0,152.3672,0.0,0.05397774,0.0005397774
2015-04-08,0.0,0.0,0.0,152.3059,0.0,-0.04023176,-0.0004023176
2015-04-09,0.0,0.0,0.0,152.3785,0.0,0.04766723,0.00047667229999999997
2015-04-10,0.0,0.0,0.0,152.4799,0.0,0.06654482,0.0006654482000000001
2015-04-13,0.0,0.0,0.0,152.6727,0.0,0.1264429,0.001264429
2015-04-14,0.0,0.0,0.0,152.8382,0.0,0.10840183,0.0010840183
2015-04-15,0.0,0.0,0.0,153.1666,0.0,0.21486775,0.0021486775
2015-04-16,0.0,0.0,0.0,153.3118,0.0,0.09479874,0.0009479874000000001
2015-04-17,0.0,0.0,0.0,153.3285,0.0,0.01089283,0.00010892829999999999
2015-04-20,0.0,0.0,0.0,154.0204,0.0,0.45125335,0.0045125335
2015-04-21,0.0,0.0,0.0,154.3731,0.0,0.22899564,0.0022899564
2015-04-22,0.0,0.0,0.0,154.3654,0.0,-0.00498792,-4.98792e-05
2015-04-23,0.0,0.0,0.0,154.3512,0.0,-0.00919895,-9.19895e-05
2015-04-24,0.0,0.0,0.0,154.2324,0.0,-0.07696733,-0.0007696733
2015-04-27,0.0,0.0,0.0,154.3347,0.0,0.06632848,0.0006632847999999999
2015-04-28,0.0,0.0,0.0,154.5361,0.0,0.1304956,0.001304956
2015-04-29,0.0,0.0,0.0,154.5951,0.0,0.03817878,0.0003817878
2015-04-30,0.0,0.0,0.0,154.7067,0.0,0.07218858,0.0007218858000000001
2015-05-04,0.0,0.0,0.0,154.8545,0.0,0.09553562,0.0009553562
2015-05-05,0.0,0.0,0.0,154.87,0.0,0.0100094,0.000100094
2015-05-06,0.0,0.0,0.0,154.91,0.0,0.02582811,0.0002582811
2015-05-07,0.0,0.0,0.0,155.1303,0.0,0.14221161,0.0014221160999999998
2015-05-08,0.0,0.0,0.0,155.3404,0.0,0.13543453,0.0013543453
2015-05-11,0.0,0.0,0.0,155.4924,0.0,0.09784963,0.0009784963
2015-05-12,0.0,0.0,0.0,155.6818,0.0,0.1218066,0.001218066
2015-05-13,0.0,0.0,0.0,155.9883,0.0,0.19687594,0.0019687594
2015-05-14,0.0,0.0,0.0,156.5219,0.0,0.34207694,0.0034207694
2015-05-15,0.0,0.0,0.0,156.6821,0.0,0.10234989,0.0010234989
2015-05-18,0.0,0.0,0.0,156.9628,0.0,0.17915256,0.0017915256
2015-05-19,0.0,0.0,0.0,156.8544,0.0,-0.06906095,-0.0006906095
2015-05-20,0.0,0.0,0.0,156.8625,0.0,0.00516402,5.16402e-05
2015-05-21,0.0,0.0,0.0,156.9476,0.0,0.05425133,0.0005425133
2015-05-22,0.0,0.0,0.0,156.9161,0.0,-0.02007039,-0.0002007039
2015-05-25,0.0,0.0,0.0,156.9696,0.0,0.03409465,0.00034094649999999997
2015-05-26,0.0,0.0,0.0,156.9048,0.0,-0.04128188,-0.0004128188
2015-05-27,0.0,0.0,0.0,156.7755,0.0,-0.08240666,-0.0008240666
2015-05-28,0.0,0.0,0.0,156.6561,0.0,-0.07615986,-0.0007615985999999999
2015-05-29,0.0,0.0,0.0,156.4647,0.0,-0.12217845,-0.0012217845
2015-06-01,0.0,0.0,0.0,156.3929,0.0,-0.04588894,-0.0004588894
2015-06-02,0.0,0.0,0.0,156.4959,0.0,0.06585977,0.0006585976999999999
2015-06-03,0.0,0.0,0.0,156.6111,0.0,0.07361215,0.0007361215
2015-06-04,0.0,0.0,0.0,156.7409,0.0,0.08288046,0.0008288046
2015-06-05,0.0,0.0,0.0,156.7553,0.0,0.00918714,9.18714e-05
2015-06-08,0.0,0.0,0.0,156.8912,0.0,0.08669563,0.0008669563
2015-06-09,0.0,0.0,0.0,156.9454,0.0,0.03454623,0.0003454623
2015-06-10,0.0,0.0,0.0,156.9549,0.0,0.00605306,6.05306e-05
2015-06-11,0.0,0.0,0.0,156.96,0.0,0.00324934,3.2493399999999996e-05
2015-06-12,0.0,0.0,0.0,156.9466,0.0,-0.00853721,-8.53721e-05
2015-06-15,0.0,0.0,0.0,156.9379,0.0,-0.00554329,-5.54329e-05
2015-06-16,0.0,0.0,0.0,156.9409,0.0,0.00191158,1.91158e-05
2015-06-17,0.0,0.0,0.0,156.9847,0.0,0.02790859,0.0002790859
2015-06-18,0.0,0.0,0.0,157.0056,0.0,0.0133134,0.000133134
2015-06-19,0.0,0.0,0.0,156.9922,0.0,-0.00853473,-8.53473e-05
2015-06-23,0.0,0.0,0.0,157.0536,0.0,0.03911022,0.0003911022
2015-06-24,0.0,0.0,0.0,157.035,0.0,-0.01184309,-0.00011843090000000001
2015-06-25,0.0,0.0,0.0,157.0367,0.0,0.00108256,1.08256e-05
2015-06-26,0.0,0.0,0.0,156.9967,0.0,-0.02547175,-0.0002547175
2015-06-29,0.0,0.0,0.0,157.0657,0.0,0.04394997,0.00043949969999999996
2015-06-30,0.0,0.0,0.0,157.0356,0.0,-0.01916395,-0.0001916395
2015-07-01,0.0,0.0,0.0,157.0346,0.0,-0.0006368,-6.368e-06
2015-07-02,0.0,0.0,0.0,157.0351,0.0,0.0003184,3.184e-06
2015-07-03,0.0,0.0,0.0,157.0448,0.0,0.00617696,6.17696e-05
2015-07-06,0.0,0.0,0.0,157.4845,0.0,0.2799838,0.0027998380000000002
2015-07-07,0.0,0.0,0.0,158.1525,0.0,0.42416873,0.0042416873
2015-07-08,0.0,0.0,0.0,158.3597,0.0,0.13101279,0.0013101279
2015-07-09,0.0,0.0,0.0,158.2291,0.0,-0.08247048,-0.0008247047999999999
2015-07-10,0.0,0.0,0.0,158.3405,0.0,0.07040424,0.0007040424
2015-07-13,0.0,0.0,0.0,158.341,0.0,0.00031578,3.1578e-06
2015-07-14,0.0,0.0,0.0,158.4114,0.0,0.04446101,0.00044461010000000005
2015-07-15,0.0,0.0,0.0,158.444,0.0,0.02057933,0.0002057933
2015-07-16,0.0,0.0,0.0,158.4531,0.0,0.00574335,5.7433500000000005e-05
2015-07-17,0.0,0.0,0.0,158.5029,0.0,0.03142886,0.0003142886
2015-07-20,0.0,0.0,0.0,158.6491,0.0,0.09223806,0.0009223806
2015-07-21,0.0,0.0,0.0,158.7311,0.0,0.05168639,0.0005168639
2015-07-22,0.0,0.0,0.0,158.8802,0.0,0.09393244,0.0009393244000000001
2015-07-23,0.0,0.0,0.0,159.034,0.0,0.0968025,0.000968025
2015-07-24,0.0,0.0,0.0,159.2589,0.0,0.1414163,0.001414163
2015-07-27,0.0,0.0,0.0,159.3393,0.0,0.05048383,0.0005048383
2015-07-28,0.0,0.0,0.0,159.524,0.0,0.11591616,0.0011591616000000001
2015-07-29,0.0,0.0,0.0,159.6823,0.0,0.09923272,0.0009923272
2015-07-30,0.0,0.0,0.0,159.7008,0.0,0.0115855,0.00011585500000000001
2015-07-31,0.0,0.0,0.0,159.7991,0.0,0.0615526,0.000615526
2015-08-03,0.0,0.0,0.0,159.9158,0.0,0.0730292,0.000730292
2015-08-04,0.0,0.0,0.0,159.9349,0.0,0.01194379,0.0001194379
2015-08-05,0.0,0.0,0.0,160.0758,0.0,0.08809835,0.0008809835000000001
2015-08-06,0.0,0.0,0.0,160.218,0.0,0.08883292,0.0008883291999999999
2015-08-07,0.0,0.0,0.0,160.4204,0.0,0.12632788,0.0012632788000000001
2015-08-10,0.0,0.0,0.0,160.6141,0.0,0.12074524,0.0012074524
2015-08-11,0.0,0.0,0.0,160.3789,0.0,-0.14643795,-0.0014643795000000002
2015-08-12,0.0,0.0,0.0,160.3982,0.0,0.012034,0.00012033999999999999
2015-08-13,0.0,0.0,0.0,160.347,0.0,-0.03192056,-0.0003192056
2015-08-14,0.0,0.0,0.0,160.3493,0.0,0.00143439,1.43439e-05
2015-08-17,0.0,0.0,0.0,160.4861,0.0,0.08531375,0.0008531375
2015-08-18,0.0,0.0,0.0,160.4731,0.0,-0.00810039,-8.10039e-05
2015-08-19,0.0,0.0,0.0,160.53,0.0,0.03545766,0.00035457660000000004
2015-08-20,0.0,0.0,0.0,160.531,0.0,0.00062294,6.2294e-06
2015-08-21,0.0,0.0,0.0,160.6038,0.0,0.0453495,0.000453495
2015-08-24,0.0,0.0,0.0,160.7428,0.0,0.08654839,0.0008654839
2015-08-25,0.0,0.0,0.0,160.8355,0.0,0.05766977,0.0005766977000000001
2015-08-26,0.0,0.0,0.0,160.8606,0.0,0.01560601,0.0001560601
2015-08-27,0.0,0.0,0.0,160.8284,0.0,-0.02001733,-0.0002001733
2015-08-28,0.0,0.0,0.0,160.9102,0.0,0.05086166,0.0005086166
2015-08-31,0.0,0.0,0.0,161.0599,0.0,0.09303326,0.0009303326000000001
2015-09-01,0.0,0.0,0.0,161.128,0.0,0.04228241,0.0004228241
2015-09-02,0.0,0.0,0.0,161.2398,0.0,0.06938583,0.0006938583
2015-09-07,0.0,0.0,0.0,161.2827,0.0,-0.06506072,-0.0006506072000000001
2015-09-08,0.0,0.0,0.0,161.3668,0.0,0.05214446,0.0005214446
2015-09-09,0.0,0.0,0.0,161.3007,0.0,-0.04096258,-0.0004096258
2015-09-10,0.0,0.0,0.0,161.2253,0.0,-0.04674499,-0.0004674499
2015-09-11,0.0,0.0,0.0,161.2855,0.0,0.03733905,0.0003733905
2015-09-14,0.0,0.0,0.0,161.375,0.0,0.05549166,0.0005549166
2015-09-15,0.0,0.0,0.0,161.4459,0.0,0.04393493,0.00043934929999999995
2015-09-16,0.0,0.0,0.0,161.587,0.0,0.0873977,0.000873977
2015-09-17,0.0,0.0,0.0,161.7263,0.0,0.08620743,0.0008620743
2015-09-18,0.0,0.0,0.0,161.8205,0.0,0.05824656,0.0005824656
2015-09-21,0.0,0.0,0.0,161.8964,0.0,0.04690382,0.0004690382
2015-09-22,0.0,0.0,0.0,161.9225,0.0,0.01612142,0.0001612142
2015-09-23,0.0,0.0,0.0,161.9517,0.0,0.01803332,0.00018033319999999998
2015-09-24,0.0,0.0,0.0,162.0222,0.0,0.0435315,0.00043531500000000003
2015-09-25,0.0,0.0,0.0,162.0574,0.0,0.02172542,0.0002172542
2015-09-28,0.0,0.0,0.0,162.1878,0.0,0.08046532,0.0008046532000000001
2015-09-29,0.0,0.0,0.0,162.3226,0.0,0.08311353,0.0008311353000000001
2015-09-30,0.0,0.0,0.0,162.3652,0.0,0.02624404,0.0002624404
2015-10-08,0.0,0.0,0.0,162.6176,0.0,0.15545203,0.0015545202999999999
2015-10-09,0.0,0.0,0.0,162.7306,0.0,0.06948817,0.0006948817
2015-10-12,0.0,0.0,0.0,162.9255,0.0,0.05490183,0.0005490183
2015-10-13,0.0,0.0,0.0,163.1475,0.0,0.1362586,0.001362586
2015-10-14,0.0,0.0,0.0,163.5014,0.0,0.21692027,0.0021692027
2015-10-15,0.0,0.0,0.0,163.5172,0.0,0.00966353,9.66353e-05
2015-10-16,0.0,0.0,0.0,163.581,0.0,0.0390173,0.00039017299999999995
2015-10-19,0.0,0.0,0.0,163.7101,0.0,0.07892115,0.0007892114999999999
2015-10-20,0.0,0.0,0.0,163.9353,0.0,0.13756024,0.0013756024
2015-10-21,0.0,0.0,0.0,164.154,0.0,0.13340629,0.0013340629
2015-10-22,0.0,0.0,0.0,164.1929,0.0,0.02369726,0.00023697260000000002
2015-10-23,0.0,0.0,0.0,164.3844,0.0,0.11663111,0.0011663111
2015-10-26,0.0,0.0,0.0,164.777,0.0,0.23883045,0.0023883045
2015-10-27,0.0,0.0,0.0,164.9809,0.0,0.123743,0.00123743
2015-10-28,0.0,0.0,0.0,165.3507,0.0,0.22414716,0.0022414716000000003
2015-10-29,0.0,0.0,0.0,165.5344,0.0,0.1110972,0.001110972
2015-10-30,0.0,0.0,0.0,165.5634,0.0,0.01751902,0.0001751902
2015-11-02,0.0,0.0,0.0,165.6626,0.0,0.05991662,0.0005991662
2015-11-03,0.0,0.0,0.0,165.6682,0.0,0.00338036,3.3803599999999996e-05
2015-11-04,0.0,0.0,0.0,165.6135,0.0,-0.0330178,-0.000330178
2015-11-05,0.0,0.0,0.0,165.5843,0.0,-0.01763141,-0.0001763141
2015-11-06,0.0,0.0,0.0,165.615,0.0,0.01854041,0.0001854041
2015-11-09,0.0,0.0,0.0,165.1583,0.0,-0.27576005,-0.0027576005
2015-11-10,0.0,0.0,0.0,164.7433,0.0,-0.25127408,-0.0025127408
2015-11-11,0.0,0.0,0.0,164.7433,0.0,0.0,0.0
2015-11-12,0.0,0.0,0.0,164.7344,0.0,-0.00540234,-5.40234e-05
2015-11-13,0.0,0.0,0.0,164.8685,0.0,0.08140376,0.0008140376000000001
2015-11-16,0.0,0.0,0.0,164.8824,0.0,0.00843096,8.43096e-05
2015-11-17,0.0,0.0,0.0,164.9562,0.0,0.04475917,0.0004475917
2015-11-18,0.0,0.0,0.0,164.9314,0.0,-0.01503429,-0.00015034290000000001
2015-11-19,0.0,0.0,0.0,164.8278,0.0,-0.06281399,-0.0006281399
2015-11-20,0.0,0.0,0.0,164.854,0.0,0.01589538,0.0001589538
2015-11-23,0.0,0.0,0.0,164.8522,0.0,-0.00109188,-1.09188e-05
2015-11-24,0.0,0.0,0.0,164.9653,0.0,0.06860691,0.0006860690999999999
2015-11-25,0.0,0.0,0.0,165.0458,0.0,0.04879814,0.0004879814
2015-11-26,0.0,0.0,0.0,165.0996,0.0,0.03259701,0.0003259701
2015-11-27,0.0,0.0,0.0,165.1908,0.0,0.05523938,0.0005523937999999999
2015-11-30,0.0,0.0,0.0,165.3674,0.0,0.10690668,0.0010690668
2015-12-01,0.0,0.0,0.0,165.5014,0.0,0.08103169,0.0008103169
2015-12-02,0.0,0.0,0.0,165.6425,0.0,0.08525608,0.0008525608
2015-12-03,0.0,0.0,0.0,165.8616,0.0,0.13227282,0.0013227282
2015-12-04,0.0,0.0,0.0,166.2429,0.0,0.22989046,0.0022989046
2015-12-07,0.0,0.0,0.0,166.5121,0.0,0.16193173,0.0016193173
2015-12-08,0.0,0.0,0.0,166.6653,0.0,0.09200533,0.0009200533
2015-12-09,0.0,0.0,0.0,166.7962,0.0,0.07854064,0.0007854063999999999
2015-12-10,0.0,0.0,0.0,166.8642,0.0,0.04076831,0.0004076831
2015-12-11,0.0,0.0,0.0,166.9566,0.0,0.05537437,0.0005537437
2015-12-14,0.0,0.0,0.0,167.0527,0.0,0.05755987,0.0005755987
2015-12-15,0.0,0.0,0.0,167.0653,0.0,0.00754253,7.54253e-05
2015-12-16,0.0,0.0,0.0,167.1634,0.0,0.05871955,0.0005871955
2015-12-17,0.0,0.0,0.0,167.2554,0.0,0.05503597,0.0005503597
2015-12-18,0.0,0.0,0.0,167.349,0.0,0.05596232,0.0005596232
2015-12-21,0.0,0.0,0.0,167.6638,0.0,0.18810988,0.0018810988000000002
2015-12-22,0.0,0.0,0.0,168.0394,0.0,0.22401973,0.0022401973
2015-12-23,0.0,0.0,0.0,168.189,0.0,0.08902674,0.0008902674
2015-12-24,0.0,0.0,0.0,168.354,0.0,0.09810392,0.0009810392
2015-12-25,0.0,0.0,0.0,168.4672,0.0,0.06723927,0.0006723927000000001
2015-12-28,0.0,0.0,0.0,168.5909,0.0,0.07342676,0.0007342675999999999
2015-12-29,0.0,0.0,0.0,168.699,0.0,0.06411971,0.0006411971
2015-12-30,0.0,0.0,0.0,168.7987,0.0,0.05909934,0.0005909934
2015-12-31,0.0,0.0,0.0,168.7868,0.0,-0.00704982,-7.04982e-05
2016-01-04,0.0,0.0,0.0,168.8456,0.0,0.03483685,0.0003483685
2016-01-05,0.0,0.0,0.0,168.9153,0.0,0.04128032,0.0004128032
2016-01-06,0.0,0.0,0.0,168.9398,0.0,0.01450431,0.0001450431
2016-01-07,0.0,0.0,0.0,169.0505,0.0,0.0655263,0.000655263
2016-01-08,0.0,0.0,0.0,169.2498,0.0,0.11789377,0.0011789377
2016-01-11,0.0,0.0,0.0,169.331,0.0,0.04797642,0.0004797642
2016-01-12,0.0,0.0,0.0,169.6143,0.0,0.16730545,0.0016730545
2016-01-13,0.0,0.0,0.0,169.8326,0.0,0.12870377,0.0012870377
2016-01-14,0.0,0.0,0.0,169.9999,0.0,0.09850877,0.0009850877
2016-01-15,0.0,0.0,0.0,170.073,0.0,0.04300003,0.00043000030000000004
2016-01-18,0.0,0.0,0.0,170.1843,0.0,0.06544249,0.0006544249000000001
2016-01-19,0.0,0.0,0.0,170.1307,0.0,-0.03149527,-0.0003149527
2016-01-20,0.0,0.0,0.0,170.1488,0.0,0.01063888,0.0001063888
2016-01-21,0.0,0.0,0.0,170.0325,0.0,-0.06835194,-0.0006835194
2016-01-22,0.0,0.0,0.0,170.1804,0.0,0.08698337,0.0008698337
2016-01-25,0.0,0.0,0.0,170.0777,0.0,-0.06034773,-0.0006034773
2016-01-26,0.0,0.0,0.0,169.9108,0.0,-0.09813162,-0.0009813162
2016-01-27,0.0,0.0,0.0,169.719,0.0,-0.11288276,-0.0011288276
2016-01-28,0.0,0.0,0.0,169.6427,0.0,-0.04495666,-0.0004495666
2016-01-29,0.0,0.0,0.0,169.7825,0.0,0.0824085,0.000824085
2016-02-01,0.0,0.0,0.0,169.9432,0.0,0.09465051,0.0009465051
2016-02-02,0.0,0.0,0.0,169.9154,0.0,-0.01635841,-0.0001635841
2016-02-03,0.0,0.0,0.0,169.7495,0.0,-0.09763682,-0.0009763682
2016-02-04,0.0,0.0,0.0,169.8474,0.0,0.05767322,0.0005767322
2016-02-05,0.0,0.0,0.0,169.8931,0.0,0.02690651,0.0002690651
2016-02-15,0.0,0.0,0.0,170.2748,0.0,0.03583728,0.0003583728
2016-02-16,0.0,0.0,0.0,170.2993,0.0,0.01438851,0.0001438851
2016-02-17,0.0,0.0,0.0,170.2779,0.0,-0.01256611,-0.0001256611
2016-02-18,0.0,0.0,0.0,170.3888,0.0,0.06512883,0.0006512883
2016-02-19,0.0,0.0,0.0,170.5683,0.0,0.1053473,0.001053473
2016-02-22,0.0,0.0,0.0,170.625,0.0,0.03324182,0.0003324182
2016-02-23,0.0,0.0,0.0,170.7066,0.0,0.04782418,0.0004782418
2016-02-24,0.0,0.0,0.0,170.7674,0.0,0.03561667,0.0003561667
2016-02-25,0.0,0.0,0.0,170.7834,0.0,0.00936947,9.36947e-05
2016-02-26,0.0,0.0,0.0,170.7611,0.0,-0.01305748,-0.0001305748
2016-02-29,0.0,0.0,0.0,170.8984,0.0,0.08040473,0.0008040472999999999
2016-03-01,0.0,0.0,0.0,170.9386,0.0,0.02352275,0.0002352275
2016-03-02,0.0,0.0,0.0,170.9596,0.0,0.01228511,0.0001228511
2016-03-03,0.0,0.0,0.0,171.0285,0.0,0.04030192,0.00040301919999999997
2016-03-04,0.0,0.0,0.0,171.0708,0.0,0.02473272,0.0002473272
2016-03-07,0.0,0.0,0.0,171.2473,0.0,0.10317366,0.0010317366
2016-03-08,0.0,0.0,0.0,171.4204,0.0,0.10108189,0.0010108189
2016-03-09,0.0,0.0,0.0,171.5998,0.0,0.10465499,0.0010465499
2016-03-10,0.0,0.0,0.0,171.7802,0.0,0.10512833,0.0010512833
2016-03-11,0.0,0.0,0.0,171.8407,0.0,0.03521943,0.0003521943
2016-03-14,0.0,0.0,0.0,171.9944,0.0,0.0894433,0.000894433
2016-03-15,0.0,0.0,0.0,171.9936,0.0,-0.00046513,-4.6513e-06
2016-03-16,0.0,0.0,0.0,172.055,0.0,0.035699,0.00035699
2016-03-17,0.0,0.0,0.0,172.2093,0.0,0.08968063,0.0008968063
2016-03-18,0.0,0.0,0.0,172.2711,0.0,0.03588656,0.0003588656
2016-03-21,0.0,0.0,0.0,172.3263,0.0,0.03204252,0.00032042519999999996
2016-03-22,0.0,0.0,0.0,172.3529,0.0,0.01543583,0.0001543583
2016-03-23,0.0,0.0,0.0,172.4488,0.0,0.05564165,0.0005564165
2016-03-24,0.0,0.0,0.0,172.488,0.0,0.02273138,0.00022731379999999999
2016-03-25,0.0,0.0,0.0,172.5322,0.0,0.02562497,0.00025624970000000003
2016-03-28,0.0,0.0,0.0,172.5033,0.0,-0.0167505,-0.000167505
2016-03-29,0.0,0.0,0.0,172.4476,0.0,-0.03228924,-0.00032289239999999994
2016-03-30,0.0,0.0,0.0,172.4365,0.0,-0.00643674,-6.43674e-05
2016-03-31,0.0,0.0,0.0,172.4903,0.0,0.03119989,0.0003119989
2016-04-01,0.0,0.0,0.0,172.5226,0.0,0.01872569,0.0001872569
2016-04-05,0.0,0.0,0.0,172.6117,0.0,0.05164541,0.0005164541
2016-04-06,0.0,0.0,0.0,172.5632,0.0,-0.02809775,-0.0002809775
2016-04-07,0.0,0.0,0.0,172.5889,0.0,0.01489309,0.0001489309
2016-04-08,0.0,0.0,0.0,172.506,0.0,-0.04803322,-0.0004803322
2016-04-11,0.0,0.0,0.0,172.4675,0.0,-0.02231806,-0.0002231806
2016-04-12,0.0,0.0,0.0,172.1782,0.0,-0.16774175,-0.0016774175
2016-04-13,0.0,0.0,0.0,171.9378,0.0,-0.13962279,-0.0013962279
2016-04-14,0.0,0.0,0.0,171.4718,0.0,-0.27102824,-0.0027102823999999998
2016-04-15,0.0,0.0,0.0,171.3504,0.0,-0.07079881,-0.0007079881
2016-04-18,0.0,0.0,0.0,171.4434,0.0,0.05427475,0.0005427475
2016-04-19,0.0,0.0,0.0,171.3554,0.0,-0.05132889,-0.0005132889000000001
2016-04-20,0.0,0.0,0.0,171.1838,0.0,-0.10014274,-0.0010014274
2016-04-21,0.0,0.0,0.0,170.847,0.0,-0.19674759,-0.0019674759
2016-04-22,0.0,0.0,0.0,170.3851,0.0,-0.27035886,-0.0027035885999999996
2016-04-25,0.0,0.0,0.0,169.6429,0.0,-0.43560147,-0.0043560147
2016-04-26,0.0,0.0,0.0,169.4079,0.0,-0.13852628,-0.0013852628
2016-04-27,0.0,0.0,0.0,169.6702,0.0,0.15483339,0.0015483339
2016-04-28,0.0,0.0,0.0,169.8405,0.0,0.10037119,0.0010037118999999999
2016-04-29,0.0,0.0,0.0,169.9314,0.0,0.0535208,0.000535208
2016-05-03,0.0,0.0,0.0,170.1034,0.0,0.10121731,0.0010121731000000001
2016-05-04,0.0,0.0,0.0,170.186,0.0,0.0485587,0.00048558700000000005
2016-05-05,0.0,0.0,0.0,170.3572,0.0,0.10059582,0.0010059582
2016-05-06,0.0,0.0,0.0,170.4073,0.0,0.0294088,0.00029408799999999997
2016-05-09,0.0,0.0,0.0,170.6476,0.0,0.14101509,0.0014101509
2016-05-10,0.0,0.0,0.0,170.8538,0.0,0.12083381,0.0012083381
2016-05-11,0.0,0.0,0.0,170.9466,0.0,0.05431544,0.0005431544
2016-05-12,0.0,0.0,0.0,171.0603,0.0,0.066512,0.0006651200000000001
2016-05-13,0.0,0.0,0.0,171.1606,0.0,0.05863429,0.0005863429
2016-05-16,0.0,0.0,0.0,171.2563,0.0,0.0559124,0.000559124
2016-05-17,0.0,0.0,0.0,171.3553,0.0,0.05780809,0.0005780809
2016-05-18,0.0,0.0,0.0,171.3825,0.0,0.01587345,0.0001587345
2016-05-19,0.0,0.0,0.0,171.3754,0.0,-0.00414278,-4.1427800000000003e-05
2016-05-20,0.0,0.0,0.0,171.3201,0.0,-0.03226834,-0.0003226834
2016-05-23,0.0,0.0,0.0,171.4272,0.0,0.06251456,0.0006251456
2016-05-24,0.0,0.0,0.0,171.4144,0.0,-0.00746673,-7.46673e-05
2016-05-25,0.0,0.0,0.0,171.5036,0.0,0.05203764,0.0005203764
2016-05-26,0.0,0.0,0.0,171.4864,0.0,-0.01002894,-0.0001002894
2016-05-27,0.0,0.0,0.0,171.5208,0.0,0.0200599,0.00020059899999999998
2016-05-30,0.0,0.0,0.0,171.6213,0.0,0.05859348,0.0005859348
2016-05-31,0.0,0.0,0.0,171.5199,0.0,-0.05908358,-0.0005908358
2016-06-01,0.0,0.0,0.0,171.4528,0.0,-0.03912083,-0.00039120830000000003
2016-06-02,0.0,0.0,0.0,171.4329,0.0,-0.01160669,-0.00011606689999999999
2016-06-03,0.0,0.0,0.0,171.4263,0.0,-0.0038499,-3.8499e-05
2016-06-06,0.0,0.0,0.0,171.529,0.0,0.05990913,0.0005990912999999999
2016-06-07,0.0,0.0,0.0,171.5566,0.0,0.01609057,0.00016090569999999997
2016-06-08,0.0,0.0,0.0,171.5856,0.0,0.01690404,0.0001690404
2016-06-13,0.0,0.0,0.0,171.706,0.0,0.0369955,0.000369955
2016-06-14,0.0,0.0,0.0,171.8541,0.0,0.08625208,0.0008625207999999999
2016-06-15,0.0,0.0,0.0,171.9533,0.0,0.05772338,0.0005772338
2016-06-16,0.0,0.0,0.0,172.02,0.0,0.0387896,0.000387896
2016-06-17,0.0,0.0,0.0,172.1887,0.0,0.09806999,0.0009806999
2016-06-20,0.0,0.0,0.0,172.3028,0.0,0.06626451,0.0006626450999999999
2016-06-21,0.0,0.0,0.0,172.2985,0.0,-0.00249561,-2.49561e-05
2016-06-22,0.0,0.0,0.0,172.4397,0.0,0.0819508,0.000819508
2016-06-23,0.0,0.0,0.0,172.5091,0.0,0.04024595,0.00040245950000000004
2016-06-24,0.0,0.0,0.0,172.696,0.0,0.10834211,0.0010834211
2016-06-27,0.0,0.0,0.0,173.0106,0.0,0.18216982,0.0018216982000000001
2016-06-28,0.0,0.0,0.0,173.1359,0.0,0.07242331,0.0007242331
2016-06-29,0.0,0.0,0.0,173.0618,0.0,-0.04279875,-0.0004279875
2016-06-30,0.0,0.0,0.0,173.2578,0.0,0.11325434,0.0011325433999999999
2016-07-01,0.0,0.0,0.0,173.4598,0.0,0.11658927,0.0011658927
2016-07-04,0.0,0.0,0.0,173.7141,0.0,0.14660457,0.0014660456999999998
2016-07-05,0.0,0.0,0.0,173.791,0.0,0.04426814,0.00044268139999999997
2016-07-06,0.0,0.0,0.0,173.9193,0.0,0.07382431,0.0007382431
2016-07-07,0.0,0.0,0.0,174.1759,0.0,0.14753969,0.0014753969
2016-07-08,0.0,0.0,0.0,174.346,0.0,0.09765989,0.0009765989
2016-07-11,0.0,0.0,0.0,174.5775,0.0,0.13278194,0.0013278194
2016-07-12,0.0,0.0,0.0,174.6347,0.0,0.03276482,0.0003276482
2016-07-13,0.0,0.0,0.0,174.6644,0.0,0.01700693,0.0001700693
2016-07-14,0.0,0.0,0.0,174.6998,0.0,0.02026744,0.00020267440000000002
2016-07-15,0.0,0.0,0.0,174.7934,0.0,0.05357762,0.0005357762
2016-07-18,0.0,0.0,0.0,175.0078,0.0,0.12265909,0.0012265909
2016-07-19,0.0,0.0,0.0,175.1723,0.0,0.09399581,0.0009399581
2016-07-20,0.0,0.0,0.0,175.3464,0.0,0.09938786,0.0009938786
2016-07-21,0.0,0.0,0.0,175.6137,0.0,0.15244111,0.0015244110999999999
2016-07-22,0.0,0.0,0.0,175.6633,0.0,0.02824381,0.0002824381
2016-07-25,0.0,0.0,0.0,175.6911,0.0,0.01582573,0.0001582573
2016-07-26,0.0,0.0,0.0,175.7832,0.0,0.05242155,0.0005242154999999999
2016-07-27,0.0,0.0,0.0,175.896,0.0,0.06416995,0.0006416995000000001
2016-07-28,0.0,0.0,0.0,176.0367,0.0,0.07999045,0.0007999045
2016-07-29,0.0,0.0,0.0,176.1151,0.0,0.04453617,0.0004453617
2016-08-01,0.0,0.0,0.0,176.2813,0.0,0.0943701,0.000943701
2016-08-02,0.0,0.0,0.0,176.4015,0.0,0.06818647,0.0006818647
2016-08-03,0.0,0.0,0.0,176.4875,0.0,0.04875242,0.0004875242
2016-08-04,0.0,0.0,0.0,176.6072,0.0,0.0678235,0.0006782349999999999
2016-08-05,0.0,0.0,0.0,176.7901,0.0,0.10356316,0.0010356316
2016-08-08,0.0,0.0,0.0,177.0442,0.0,0.14372977,0.0014372977000000002
2016-08-09,0.0,0.0,0.0,177.1771,0.0,0.075066,0.0007506599999999999
2016-08-10,0.0,0.0,0.0,177.3875,0.0,0.11875124,0.0011875123999999999
2016-08-11,0.0,0.0,0.0,177.4208,0.0,0.01877246,0.00018772460000000002
2016-08-12,0.0,0.0,0.0,177.6265,0.0,0.11593906,0.0011593906
2016-08-15,0.0,0.0,0.0,177.849,0.0,0.12526284,0.0012526284
2016-08-16,0.0,0.0,0.0,177.8596,0.0,0.00596011,5.96011e-05
2016-08-17,0.0,0.0,0.0,177.8796,0.0,0.01124482,0.0001124482
2016-08-18,0.0,0.0,0.0,177.8625,0.0,-0.00961324,-9.613240000000001e-05
2016-08-19,0.0,0.0,0.0,177.8963,0.0,0.01900344,0.0001900344
2016-08-22,0.0,0.0,0.0,177.9465,0.0,0.02821869,0.0002821869
2016-08-23,0.0,0.0,0.0,177.9624,0.0,0.00893527,8.93527e-05
2016-08-24,0.0,0.0,0.0,177.8708,0.0,-0.05147155,-0.0005147155
2016-08-25,0.0,0.0,0.0,177.8993,0.0,0.01602287,0.00016022870000000002
2016-08-26,0.0,0.0,0.0,177.9424,0.0,0.02422719,0.0002422719
2016-08-29,0.0,0.0,0.0,178.0324,0.0,0.05057816,0.0005057816
2016-08-30,0.0,0.0,0.0,177.9113,0.0,-0.06802133,-0.0006802133
2016-08-31,0.0,0.0,0.0,177.9866,0.0,0.04232446,0.0004232446
2016-09-01,0.0,0.0,0.0,177.9984,0.0,0.00662971,6.62971e-05
2016-09-02,0.0,0.0,0.0,178.0093,0.0,0.00612365,6.12365e-05
2016-09-05,0.0,0.0,0.0,178.0713,0.0,0.03482964,0.00034829640000000003
2016-09-06,0.0,0.0,0.0,178.044,0.0,-0.01533094,-0.0001533094
2016-09-07,0.0,0.0,0.0,178.0602,0.0,0.00909887,9.09887e-05
2016-09-08,0.0,0.0,0.0,178.0977,0.0,0.02106029,0.00021060289999999998
2016-09-09,0.0,0.0,0.0,178.217,0.0,0.06698571,0.0006698571000000001
2016-09-12,0.0,0.0,0.0,178.3314,0.0,0.06419141,0.0006419141000000001
2016-09-13,0.0,0.0,0.0,178.2951,0.0,-0.02035536,-0.0002035536
2016-09-14,0.0,0.0,0.0,178.424,0.0,0.07229587,0.0007229587
2016-09-19,0.0,0.0,0.0,178.5855,0.0,0.03276815,0.00032768150000000003
2016-09-20,0.0,0.0,0.0,178.6203,0.0,0.01948646,0.0001948646
2016-09-21,0.0,0.0,0.0,178.5822,0.0,-0.02133016,-0.0002133016
2016-09-22,0.0,0.0,0.0,178.6948,0.0,0.0630522,0.000630522
2016-09-23,0.0,0.0,0.0,178.7755,0.0,0.0451608,0.000451608
2016-09-26,0.0,0.0,0.0,178.8769,0.0,0.05671918,0.0005671918
2016-09-27,0.0,0.0,0.0,178.9028,0.0,0.01447923,0.0001447923
2016-09-28,0.0,0.0,0.0,178.9387,0.0,0.02006676,0.00020066759999999998
2016-09-29,0.0,0.0,0.0,178.9238,0.0,-0.00832687,-8.32687e-05
2016-09-30,0.0,0.0,0.0,178.9809,0.0,0.03191303,0.00031913030000000004
2016-10-10,0.0,0.0,0.0,179.3954,0.0,0.08368416,0.0008368415999999999
2016-10-11,0.0,0.0,0.0,179.4659,0.0,0.03929867,0.00039298670000000003
2016-10-12,0.0,0.0,0.0,179.4782,0.0,0.00685367,6.85367e-05
2016-10-13,0.0,0.0,0.0,179.6319,0.0,0.08563714,0.0008563714
2016-10-14,0.0,0.0,0.0,179.7524,0.0,0.06708163,0.0006708163000000001
2016-10-17,0.0,0.0,0.0,179.8171,0.0,0.03599396,0.00035993959999999997
2016-10-18,0.0,0.0,0.0,179.8613,0.0,0.02458053,0.0002458053
2016-10-19,0.0,0.0,0.0,179.8757,0.0,0.00800617,8.00617e-05
2016-10-20,0.0,0.0,0.0,180.0097,0.0,0.07449589,0.0007449589
2016-10-21,0.0,0.0,0.0,180.1351,0.0,0.06966291,0.0006966291
2016-10-24,0.0,0.0,0.0,180.2469,0.0,0.06206453,0.0006206453
2016-10-25,0.0,0.0,0.0,180.2165,0.0,-0.01686575,-0.0001686575
2016-10-26,0.0,0.0,0.0,180.1029,0.0,-0.06303529,-0.0006303528999999999
2016-10-27,0.0,0.0,0.0,179.9607,0.0,-0.07895486,-0.0007895486
2016-10-28,0.0,0.0,0.0,179.9651,0.0,0.00244498,2.4449799999999998e-05
2016-10-31,0.0,0.0,0.0,179.9096,0.0,-0.03083931,-0.0003083931
2016-11-01,0.0,0.0,0.0,179.8453,0.0,-0.03574017,-0.0003574017
2016-11-02,0.0,0.0,0.0,179.908,0.0,0.0348633,0.000348633
2016-11-03,0.0,0.0,0.0,179.955,0.0,0.02612446,0.0002612446
2016-11-04,0.0,0.0,0.0,180.0252,0.0,0.03900975,0.0003900975
2016-11-07,0.0,0.0,0.0,180.0605,0.0,0.01960837,0.0001960837
2016-11-08,0.0,0.0,0.0,179.98,0.0,-0.0447072,-0.000447072
2016-11-09,0.0,0.0,0.0,180.0178,0.0,0.02100233,0.00021002329999999999
2016-11-10,0.0,0.0,0.0,179.9325,0.0,-0.0473842,-0.00047384200000000003
2016-11-11,0.0,0.0,0.0,179.7342,0.0,-0.11020799,-0.0011020799
2016-11-14,0.0,0.0,0.0,179.5749,0.0,-0.08863088,-0.0008863088
2016-11-15,0.0,0.0,0.0,179.3462,0.0,-0.12735633,-0.0012735632999999998
2016-11-16,0.0,0.0,0.0,179.2889,0.0,-0.03194938,-0.0003194938
2016-11-17,0.0,0.0,0.0,179.0752,0.0,-0.1191931,-0.001191931
2016-11-18,0.0,0.0,0.0,178.9371,0.0,-0.07711844,-0.0007711844
2016-11-21,0.0,0.0,0.0,178.902,0.0,-0.01961583,-0.0001961583
2016-11-22,0.0,0.0,0.0,178.9243,0.0,0.01246492,0.00012464920000000002
2016-11-23,0.0,0.0,0.0,178.9062,0.0,-0.01011601,-0.0001011601
2016-11-24,0.0,0.0,0.0,178.8663,0.0,-0.02230219,-0.0002230219
2016-11-25,0.0,0.0,0.0,178.7781,0.0,-0.04931057,-0.0004931057
2016-11-28,0.0,0.0,0.0,178.743,0.0,-0.01963328,-0.0001963328
2016-11-29,0.0,0.0,0.0,178.467,0.0,-0.15441164,-0.0015441163999999998
2016-11-30,0.0,0.0,0.0,177.6917,0.0,-0.43442205,-0.0043442205
2016-12-01,0.0,0.0,0.0,176.914,0.0,-0.43766816,-0.0043766816
2016-12-02,0.0,0.0,0.0,176.5337,0.0,-0.2149632,-0.002149632
2016-12-05,0.0,0.0,0.0,176.3702,0.0,-0.09261688,-0.0009261688
2016-12-06,0.0,0.0,0.0,175.6052,0.0,-0.43374674,-0.0043374674
2016-12-07,0.0,0.0,0.0,175.5645,0.0,-0.02317699,-0.0002317699
2016-12-08,0.0,0.0,0.0,175.742,0.0,0.10110244,0.0010110244
2016-12-09,0.0,0.0,0.0,175.7181,0.0,-0.01359948,-0.00013599480000000001
2016-12-12,0.0,0.0,0.0,175.506,0.0,-0.1207047,-0.001207047
2016-12-13,0.0,0.0,0.0,174.8228,0.0,-0.38927444,-0.0038927444
2016-12-14,0.0,0.0,0.0,174.0798,0.0,-0.42500177,-0.0042500177
2016-12-15,0.0,0.0,0.0,172.7365,0.0,-0.7716576,-0.007716576
2016-12-16,0.0,0.0,0.0,172.2554,0.0,-0.2785167,-0.002785167
2016-12-19,0.0,0.0,0.0,171.805,0.0,-0.26147221,-0.0026147221
2016-12-20,0.0,0.0,0.0,171.0356,0.0,-0.4478333,-0.004478333
2016-12-21,0.0,0.0,0.0,171.1882,0.0,0.08922119,0.0008922119
2016-12-22,0.0,0.0,0.0,171.6482,0.0,0.26871011,0.0026871011
2016-12-23,0.0,0.0,0.0,172.3189,0.0,0.39074106,0.003907410599999999
2016-12-26,0.0,0.0,0.0,172.5218,0.0,0.11774681,0.0011774681
2016-12-27,0.0,0.0,0.0,172.7789,0.0,0.14902465,0.0014902465000000001
2016-12-28,0.0,0.0,0.0,172.8672,0.0,0.05110578,0.0005110578
2016-12-29,0.0,0.0,0.0,173.1668,0.0,0.17331223,0.0017331223
2016-12-30,0.0,0.0,0.0,173.4683,0.0,0.17410959,0.0017410959
2017-01-03,0.0,0.0,0.0,173.8247,0.0,0.19038078,0.0019038078
2017-01-04,0.0,0.0,0.0,174.0258,0.0,0.11569127,0.0011569127
2017-01-05,0.0,0.0,0.0,174.0695,0.0,0.02511122,0.0002511122
2017-01-06,0.0,0.0,0.0,174.0708,0.0,0.00074683,7.4683e-06
2017-01-09,0.0,0.0,0.0,174.2218,0.0,0.08674631,0.0008674630999999999
2017-01-10,0.0,0.0,0.0,174.3252,0.0,0.05934963,0.0005934963
2017-01-11,0.0,0.0,0.0,174.4396,0.0,0.06562448,0.0006562448
2017-01-12,0.0,0.0,0.0,174.5308,0.0,0.05228171,0.0005228171
2017-01-13,0.0,0.0,0.0,174.621,0.0,0.05168142,0.0005168142
2017-01-16,0.0,0.0,0.0,174.6352,0.0,0.0081319,8.1319e-05
2017-01-17,0.0,0.0,0.0,174.2868,0.0,-0.19950159,-0.0019950159
2017-01-18,0.0,0.0,0.0,174.0039,0.0,-0.16231866,-0.0016231866
2017-01-19,0.0,0.0,0.0,173.7986,0.0,-0.11798586,-0.0011798586
2017-01-20,0.0,0.0,0.0,173.9212,0.0,0.07054142,0.0007054142
2017-01-23,0.0,0.0,0.0,174.1089,0.0,0.01418854,0.0001418854
2017-01-24,0.0,0.0,0.0,174.1102,0.0,0.00074666,7.4666e-06
2017-01-25,0.0,0.0,0.0,173.7863,0.0,-0.18603161,-0.0018603161
2017-01-26,0.0,0.0,0.0,173.8165,0.0,0.01737766,0.00017377659999999999
2017-02-03,0.0,0.0,0.0,173.5459,0.0,-0.15568142,-0.0015568142
2017-02-06,0.0,0.0,0.0,172.9947,0.0,-0.22631441,-0.0022631441
2017-02-07,0.0,0.0,0.0,172.3648,0.0,-0.3641152,-0.0036411520000000004
2017-02-08,0.0,0.0,0.0,172.0796,0.0,-0.16546302,-0.0016546301999999999
2017-02-09,0.0,0.0,0.0,172.3063,0.0,0.13174136,0.0013174136000000001
2017-02-10,0.0,0.0,0.0,172.3542,0.0,0.02779933,0.00027799330000000003
2017-02-13,0.0,0.0,0.0,172.4191,0.0,0.03765502,0.0003765502
2017-02-14,0.0,0.0,0.0,172.4468,0.0,0.01606551,0.0001606551
2017-02-15,0.0,0.0,0.0,172.4209,0.0,-0.01501912,-0.0001501912
2017-02-16,0.0,0.0,0.0,172.4804,0.0,0.03450858,0.00034508579999999997
2017-02-17,0.0,0.0,0.0,172.6048,0.0,0.07212414,0.0007212414
2017-02-20,0.0,0.0,0.0,172.7341,0.0,0.07491101,0.0007491101
2017-02-21,0.0,0.0,0.0,172.8271,0.0,0.05383998,0.0005383998
2017-02-22,0.0,0.0,0.0,172.8865,0.0,0.03436961,0.00034369610000000003
2017-02-23,0.0,0.0,0.0,173.0263,0.0,0.0808623,0.000808623
2017-02-24,0.0,0.0,0.0,173.2393,0.0,0.12310267,0.0012310266999999999
2017-02-27,0.0,0.0,0.0,173.2753,0.0,0.0207805,0.000207805
2017-02-28,0.0,0.0,0.0,173.2369,0.0,-0.02216127,-0.00022161270000000001
2017-03-01,0.0,0.0,0.0,173.1118,0.0,-0.07221325,-0.0007221325000000001
2017-03-02,0.0,0.0,0.0,173.0654,0.0,-0.02680349,-0.0002680349
2017-03-03,0.0,0.0,0.0,172.9602,0.0,-0.06078627,-0.0006078627
2017-03-06,0.0,0.0,0.0,172.9023,0.0,-0.03347591,-0.0003347591
2017-03-07,0.0,0.0,0.0,172.7501,0.0,-0.08802659,-0.0008802659000000001
2017-03-08,0.0,0.0,0.0,172.6479,0.0,-0.0591606,-0.0005916060000000001
2017-03-09,0.0,0.0,0.0,172.5049,0.0,-0.08282754,-0.0008282754000000001
2017-03-10,0.0,0.0,0.0,172.3047,0.0,-0.11605467,-0.0011605467
2017-03-13,0.0,0.0,0.0,172.1724,0.0,-0.07678258,-0.0007678258
2017-03-14,0.0,0.0,0.0,172.109,0.0,-0.03682356,-0.0003682356
2017-03-15,0.0,0.0,0.0,172.3022,0.0,0.11225444,0.0011225444
2017-03-16,0.0,0.0,0.0,172.5434,0.0,0.1399866,0.0013998659999999998
2017-03-17,0.0,0.0,0.0,172.5723,0.0,0.01674941,0.0001674941
2017-03-20,0.0,0.0,0.0,172.6351,0.0,0.03639054,0.0003639054
2017-03-21,0.0,0.0,0.0,172.548,0.0,-0.05045324,-0.0005045324000000001
2017-03-22,0.0,0.0,0.0,172.6688,0.0,0.0700095,0.000700095
2017-03-23,0.0,0.0,0.0,172.7456,0.0,0.04447821,0.0004447821
2017-03-24,0.0,0.0,0.0,172.9444,0.0,0.11508253,0.0011508253
2017-03-27,0.0,0.0,0.0,173.1749,0.0,0.13327983,0.0013327983
2017-03-28,0.0,0.0,0.0,173.3947,0.0,0.12692371,0.0012692371
2017-03-29,0.0,0.0,0.0,173.426,0.0,0.0180513,0.00018051299999999998
2017-03-30,0.0,0.0,0.0,173.3806,0.0,-0.02617831,-0.0002617831
2017-03-31,0.0,0.0,0.0,173.426,0.0,0.02618517,0.00026185170000000003
2017-04-05,0.0,0.0,0.0,173.6494,0.0,0.10249516,0.0010249516
2017-04-06,0.0,0.0,0.0,173.6188,0.0,-0.01762171,-0.00017621709999999998
2017-04-07,0.0,0.0,0.0,173.7149,0.0,0.05535115,0.0005535115
2017-04-10,0.0,0.0,0.0,173.8342,0.0,0.06867574,0.0006867574
2017-04-11,0.0,0.0,0.0,173.8551,0.0,0.01202295,0.0001202295
2017-04-12,0.0,0.0,0.0,173.9188,0.0,0.03663971,0.0003663971
2017-04-13,0.0,0.0,0.0,173.9227,0.0,0.00224243,2.24243e-05
2017-04-14,0.0,0.0,0.0,173.8474,0.0,-0.0432951,-0.00043295100000000005
2017-04-17,0.0,0.0,0.0,173.5876,0.0,-0.14944141,-0.0014944141
2017-04-18,0.0,0.0,0.0,173.3875,0.0,-0.11527321,-0.0011527321
2017-04-19,0.0,0.0,0.0,173.2407,0.0,-0.08466585,-0.0008466585
2017-04-20,0.0,0.0,0.0,172.9884,0.0,-0.14563552,-0.0014563552
2017-04-21,0.0,0.0,0.0,172.6875,0.0,-0.1739423,-0.001739423
2017-04-24,0.0,0.0,0.0,172.3933,0.0,-0.17036554,-0.0017036554
2017-04-25,0.0,0.0,0.0,172.161,0.0,-0.13475002,-0.0013475002
2017-04-26,0.0,0.0,0.0,172.2277,0.0,0.0387428,0.000387428
2017-04-27,0.0,0.0,0.0,172.3546,0.0,0.07368153,0.0007368152999999999
2017-04-28,0.0,0.0,0.0,172.4053,0.0,0.0294161,0.00029416100000000003
2017-05-02,0.0,0.0,0.0,172.4223,0.0,0.00986049,9.86049e-05
2017-05-03,0.0,0.0,0.0,172.1661,0.0,-0.14858867,-0.0014858867
2017-05-04,0.0,0.0,0.0,172.0576,0.0,-0.06302054,-0.0006302054
2017-05-05,0.0,0.0,0.0,172.004,0.0,-0.03115236,-0.0003115236
2017-05-08,0.0,0.0,0.0,171.7718,0.0,-0.13499686,-0.0013499686
2017-05-09,0.0,0.0,0.0,171.5124,0.0,-0.15101431,-0.0015101431
2017-05-10,0.0,0.0,0.0,171.0401,0.0,-0.27537368,-0.0027537368
2017-05-11,0.0,0.0,0.0,170.8726,0.0,-0.09793025,-0.0009793025
2017-05-12,0.0,0.0,0.0,170.7636,0.0,-0.06379022,-0.0006379021999999999
2017-05-15,0.0,0.0,0.0,170.8513,0.0,0.05135755,0.0005135755
2017-05-16,0.0,0.0,0.0,170.7407,0.0,-0.06473466,-0.0006473466
2017-05-17,0.0,0.0,0.0,170.667,0.0,-0.04316487,-0.0004316487
2017-05-18,0.0,0.0,0.0,170.5675,0.0,-0.05830067,-0.0005830067
2017-05-19,0.0,0.0,0.0,170.3913,0.0,-0.10330221,-0.0010330221
2017-05-22,0.0,0.0,0.0,170.3447,0.0,-0.02734881,-0.0002734881
2017-05-23,0.0,0.0,0.0,170.2288,0.0,-0.06803851,-0.0006803851
2017-05-24,0.0,0.0,0.0,170.1674,0.0,-0.0360691,-0.000360691
2017-05-25,0.0,0.0,0.0,170.2275,0.0,0.03531816,0.00035318160000000003
2017-05-26,0.0,0.0,0.0,170.1612,0.0,-0.03894788,-0.00038947879999999996
2017-05-31,0.0,0.0,0.0,170.3425,0.0,0.07796261,0.0007796261
2017-06-01,0.0,0.0,0.0,170.3517,0.0,0.00540088,5.4008800000000004e-05
2017-06-02,0.0,0.0,0.0,170.4442,0.0,0.05429943,0.0005429943
2017-06-05,0.0,0.0,0.0,170.4188,0.0,-0.01490224,-0.0001490224
2017-06-06,0.0,0.0,0.0,170.4128,0.0,-0.00352074,-3.52074e-05
2017-06-07,0.0,0.0,0.0,170.4118,0.0,-0.00058681,-5.8681e-06
2017-06-08,0.0,0.0,0.0,170.487,0.0,0.0441284,0.00044128399999999996
2017-06-09,0.0,0.0,0.0,170.4905,0.0,0.00205294,2.05294e-05
2017-06-12,0.0,0.0,0.0,170.7351,0.0,0.1434684,0.0014346839999999999
2017-06-13,0.0,0.0,0.0,170.98,0.0,0.14343858,0.0014343858
2017-06-14,0.0,0.0,0.0,171.2165,0.0,0.13832027,0.0013832026999999998
2017-06-15,0.0,0.0,0.0,171.4425,0.0,0.13199662,0.0013199662000000002
2017-06-16,0.0,0.0,0.0,171.6237,0.0,0.10569141,0.0010569141
2017-06-19,0.0,0.0,0.0,172.1149,0.0,0.28620756,0.0028620756
2017-06-20,0.0,0.0,0.0,172.4936,0.0,0.22002744,0.0022002744
2017-06-21,0.0,0.0,0.0,172.8816,0.0,0.22493588,0.0022493588
2017-06-22,0.0,0.0,0.0,172.9154,0.0,0.01955095,0.00019550950000000002
2017-06-23,0.0,0.0,0.0,173.0034,0.0,0.05089194,0.0005089194
2017-06-26,0.0,0.0,0.0,173.2447,0.0,0.13947703,0.0013947703
2017-06-27,0.0,0.0,0.0,173.5023,0.0,0.14869142,0.0014869141999999998
2017-06-28,0.0,0.0,0.0,173.7541,0.0,0.14512776,0.0014512776
2017-06-29,0.0,0.0,0.0,173.9434,0.0,0.10894707,0.0010894707
2017-06-30,0.0,0.0,0.0,174.0216,0.0,0.04495715,0.0004495715
2017-07-03,0.0,0.0,0.0,174.1853,0.0,0.09406878,0.0009406878
2017-07-04,0.0,0.0,0.0,174.2464,0.0,0.03507759,0.0003507759
2017-07-05,0.0,0.0,0.0,174.3091,0.0,0.03598353,0.0003598353
2017-07-06,0.0,0.0,0.0,174.4347,0.0,0.07205591,0.0007205591
2017-07-07,0.0,0.0,0.0,174.4995,0.0,0.03714857,0.0003714857
2017-07-10,0.0,0.0,0.0,174.6447,0.0,0.08320941,0.0008320940999999999
2017-07-11,0.0,0.0,0.0,174.7694,0.0,0.07140211,0.0007140211
2017-07-12,0.0,0.0,0.0,174.8118,0.0,0.02426054,0.0002426054
2017-07-13,0.0,0.0,0.0,174.8771,0.0,0.03735446,0.0003735446
2017-07-14,0.0,0.0,0.0,175.0191,0.0,0.08119988,0.0008119988
2017-07-17,0.0,0.0,0.0,175.2638,0.0,0.13981331,0.0013981331
2017-07-18,0.0,0.0,0.0,175.1947,0.0,-0.03942628,-0.0003942628
2017-07-19,0.0,0.0,0.0,175.243,0.0,0.02756933,0.00027569329999999997
2017-07-20,0.0,0.0,0.0,175.2527,0.0,0.00553517,5.53517e-05
2017-07-21,0.0,0.0,0.0,175.2759,0.0,0.01323803,0.0001323803
2017-07-24,0.0,0.0,0.0,175.437,0.0,0.09191224,0.0009191224000000001
2017-07-25,0.0,0.0,0.0,175.5336,0.0,0.0550625,0.000550625
2017-07-26,0.0,0.0,0.0,175.5799,0.0,0.02637672,0.0002637672
2017-07-27,0.0,0.0,0.0,175.6053,0.0,0.01446635,0.0001446635
2017-07-28,0.0,0.0,0.0,175.6254,0.0,0.01144612,0.0001144612
2017-07-31,0.0,0.0,0.0,175.7846,0.0,0.09064748,0.0009064748
2017-08-01,0.0,0.0,0.0,175.6916,0.0,-0.05290566,-0.0005290566
2017-08-02,0.0,0.0,0.0,175.5767,0.0,-0.06539869,-0.0006539868999999999
2017-08-03,0.0,0.0,0.0,175.5485,0.0,-0.01606136,-0.0001606136
2017-08-04,0.0,0.0,0.0,175.6402,0.0,0.05223628,0.0005223628
2017-08-07,0.0,0.0,0.0,175.6031,0.0,-0.02112273,-0.0002112273
2017-08-08,0.0,0.0,0.0,175.5002,0.0,-0.05859805,-0.0005859805
2017-08-09,0.0,0.0,0.0,175.4625,0.0,-0.02148146,-0.0002148146
2017-08-10,0.0,0.0,0.0,175.4431,0.0,-0.01105649,-0.0001105649
2017-08-11,0.0,0.0,0.0,175.5194,0.0,0.04348988,0.0004348988
2017-08-14,0.0,0.0,0.0,175.5844,0.0,0.03703294,0.0003703294
2017-08-15,0.0,0.0,0.0,175.6518,0.0,0.0383861,0.000383861
2017-08-16,0.0,0.0,0.0,175.709,0.0,0.03256443,0.0003256443
2017-08-17,0.0,0.0,0.0,175.6619,0.0,-0.02680568,-0.00026805679999999997
2017-08-18,0.0,0.0,0.0,175.7092,0.0,0.02692673,0.0002692673
2017-08-21,0.0,0.0,0.0,175.6623,0.0,-0.02669183,-0.0002669183
2017-08-22,0.0,0.0,0.0,175.6664,0.0,0.00233402,2.33402e-05
2017-08-23,0.0,0.0,0.0,175.642,0.0,-0.01388996,-0.0001388996
2017-08-24,0.0,0.0,0.0,175.6206,0.0,-0.01218387,-0.00012183869999999999
2017-08-25,0.0,0.0,0.0,175.6089,0.0,-0.00666209,-6.66209e-05
2017-08-28,0.0,0.0,0.0,175.6574,0.0,0.02761819,0.0002761819
2017-08-29,0.0,0.0,0.0,175.5917,0.0,-0.03740235,-0.00037402350000000003
2017-08-30,0.0,0.0,0.0,175.5729,0.0,-0.01070666,-0.0001070666
2017-08-31,0.0,0.0,0.0,175.3974,0.0,-0.09995848,-0.0009995848
2017-09-01,0.0,0.0,0.0,175.565,0.0,0.09555444,0.0009555444
2017-09-04,0.0,0.0,0.0,175.6089,0.0,0.02500498,0.0002500498
2017-09-05,0.0,0.0,0.0,175.6301,0.0,0.01207228,0.00012072279999999999
2017-09-06,0.0,0.0,0.0,175.6286,0.0,-0.00085407,-8.5407e-06
2017-09-07,0.0,0.0,0.0,175.6982,0.0,0.03962908,0.0003962908
2017-09-08,0.0,0.0,0.0,175.8679,0.0,0.09658608,0.0009658608000000001
2017-09-11,0.0,0.0,0.0,176.0186,0.0,0.08568932,0.0008568932
2017-09-12,0.0,0.0,0.0,176.075,0.0,0.03204207,0.0003204207
2017-09-13,0.0,0.0,0.0,176.1812,0.0,0.06031521,0.0006031521000000001
2017-09-14,0.0,0.0,0.0,176.1809,0.0,-0.00017028,-1.7028e-06
2017-09-15,0.0,0.0,0.0,176.2746,0.0,0.05318397,0.0005318397
2017-09-18,0.0,0.0,0.0,176.3448,0.0,0.03982423,0.00039824230000000003
2017-09-19,0.0,0.0,0.0,176.3545,0.0,0.00550059,5.5005899999999995e-05
2017-09-20,0.0,0.0,0.0,176.4363,0.0,0.04638385,0.00046383849999999995
2017-09-21,0.0,0.0,0.0,176.4927,0.0,0.03196621,0.0003196621
2017-09-22,0.0,0.0,0.0,176.5963,0.0,0.05869931,0.0005869931
2017-09-25,0.0,0.0,0.0,176.678,0.0,0.04626371,0.0004626371
2017-09-26,0.0,0.0,0.0,176.7624,0.0,0.04777052,0.0004777052
2017-09-27,0.0,0.0,0.0,176.7143,0.0,-0.02721167,-0.0002721167
2017-09-28,0.0,0.0,0.0,176.6907,0.0,-0.01335489,-0.0001335489
2017-09-29,0.0,0.0,0.0,176.7473,0.0,0.03203338,0.0003203338
2017-10-09,0.0,0.0,0.0,177.0508,0.0,0.12888602,0.0012888601999999998
2017-10-10,0.0,0.0,0.0,177.0247,0.0,-0.01474153,-0.0001474153
2017-10-11,0.0,0.0,0.0,177.0943,0.0,0.03931655,0.00039316549999999996
2017-10-12,0.0,0.0,0.0,177.1067,0.0,0.00700192,7.00192e-05
2017-10-13,0.0,0.0,0.0,177.0873,0.0,-0.01095385,-0.00010953849999999999
2017-10-16,0.0,0.0,0.0,177.0935,0.0,0.0035011,3.5011e-05
2017-10-17,0.0,0.0,0.0,176.9848,0.0,-0.06138001,-0.0006138001
2017-10-18,0.0,0.0,0.0,177.0235,0.0,0.02186628,0.00021866279999999998
2017-10-19,0.0,0.0,0.0,177.1171,0.0,0.05287434,0.0005287434
2017-10-20,0.0,0.0,0.0,177.2122,0.0,0.05369329,0.0005369328999999999
2017-10-23,0.0,0.0,0.0,177.3281,0.0,0.06540182,0.0006540182
2017-10-24,0.0,0.0,0.0,177.2543,0.0,-0.04161777,-0.00041617769999999996
2017-10-25,0.0,0.0,0.0,177.2747,0.0,0.01150889,0.0001150889
2017-10-26,0.0,0.0,0.0,177.2873,0.0,0.00710761,7.10761e-05
2017-10-27,0.0,0.0,0.0,177.1918,0.0,-0.05386737,-0.0005386737
2017-10-30,0.0,0.0,0.0,176.8864,0.0,-0.17235561,-0.0017235560999999998
2017-10-31,0.0,0.0,0.0,176.6871,0.0,-0.11267118,-0.0011267118
2017-11-01,0.0,0.0,0.0,176.6987,0.0,0.00656528,6.56528e-05
2017-11-02,0.0,0.0,0.0,176.7396,0.0,0.02314675,0.00023146750000000002
2017-11-03,0.0,0.0,0.0,176.7225,0.0,-0.00967525,-9.675249999999999e-05
2017-11-06,0.0,0.0,0.0,176.6699,0.0,-0.02976418,-0.0002976418
2017-11-07,0.0,0.0,0.0,176.6151,0.0,-0.0310183,-0.000310183
2017-11-08,0.0,0.0,0.0,176.6097,0.0,-0.0030575,-3.0575e-05
2017-11-09,0.0,0.0,0.0,176.5458,0.0,-0.03618148,-0.0003618148
2017-11-10,0.0,0.0,0.0,176.506,0.0,-0.02254373,-0.0002254373
2017-11-13,0.0,0.0,0.0,176.346,0.0,-0.09064848,-0.0009064848
2017-11-14,0.0,0.0,0.0,176.1133,0.0,-0.13195649,-0.0013195649000000002
2017-11-15,0.0,0.0,0.0,175.9612,0.0,-0.08636486,-0.0008636486
2017-11-16,0.0,0.0,0.0,175.9508,0.0,-0.00591039,-5.9103899999999995e-05
2017-11-17,0.0,0.0,0.0,175.8985,0.0,-0.02972422,-0.0002972422
2017-11-20,0.0,0.0,0.0,175.8741,0.0,-0.01387164,-0.0001387164
2017-11-21,0.0,0.0,0.0,175.7341,0.0,-0.0796024,-0.000796024
2017-11-22,0.0,0.0,0.0,175.2975,0.0,-0.24844353,-0.0024844353
2017-11-23,0.0,0.0,0.0,175.0129,0.0,-0.16235257,-0.0016235257
2017-11-24,0.0,0.0,0.0,174.7955,0.0,-0.12421941,-0.0012421941
2017-11-27,0.0,0.0,0.0,174.7453,0.0,-0.02871927,-0.0002871927
2017-11-28,0.0,0.0,0.0,174.6681,0.0,-0.04417858,-0.00044178580000000004
2017-11-29,0.0,0.0,0.0,174.5792,0.0,-0.05089653,-0.0005089653
2017-11-30,0.0,0.0,0.0,174.6439,0.0,0.03706054,0.0003706054
2017-12-01,0.0,0.0,0.0,174.712,0.0,0.03899363,0.0003899363
2017-12-04,0.0,0.0,0.0,174.9269,0.0,0.12300243,0.0012300243
2017-12-05,0.0,0.0,0.0,175.0107,0.0,0.04790573,0.0004790573
2017-12-06,0.0,0.0,0.0,175.0381,0.0,0.01565619,0.0001565619
2017-12-07,0.0,0.0,0.0,175.1098,0.0,0.04096251,0.00040962510000000003
2017-12-08,0.0,0.0,0.0,175.1885,0.0,0.04494323,0.0004494323
2017-12-11,0.0,0.0,0.0,175.2755,0.0,0.04966079,0.0004966079
2017-12-12,0.0,0.0,0.0,175.2379,0.0,-0.02145194,-0.00021451939999999998
2017-12-13,0.0,0.0,0.0,175.2053,0.0,-0.01860328,-0.00018603279999999999
2017-12-14,0.0,0.0,0.0,175.2004,0.0,-0.00279672,-2.79672e-05
2017-12-15,0.0,0.0,0.0,175.2236,0.0,0.01324198,0.0001324198
2017-12-18,0.0,0.0,0.0,175.2828,0.0,0.0337854,0.000337854
2017-12-19,0.0,0.0,0.0,175.2702,0.0,-0.00718838,-7.18838e-05
2017-12-20,0.0,0.0,0.0,175.3209,0.0,0.02892677,0.00028926770000000003
2017-12-21,0.0,0.0,0.0,175.2612,0.0,-0.03405184,-0.0003405184
2017-12-22,0.0,0.0,0.0,175.238,0.0,-0.01323739,-0.0001323739
2017-12-25,0.0,0.0,0.0,175.2631,0.0,0.01432338,0.0001432338
2017-12-26,0.0,0.0,0.0,175.2366,0.0,-0.01512013,-0.0001512013
2017-12-27,0.0,0.0,0.0,175.1424,0.0,-0.05375589,-0.0005375589
2017-12-28,0.0,0.0,0.0,175.1232,0.0,-0.01096251,-0.0001096251
2017-12-29,0.0,0.0,0.0,175.1531,0.0,0.01707369,0.00017073689999999998
2018-01-02,0.0,0.0,0.0,175.2518,0.0,0.0201465,0.000201465
2018-01-03,0.0,0.0,0.0,175.2407,0.0,-0.00633374,-6.33374e-05
2018-01-04,0.0,0.0,0.0,175.2902,0.0,0.02824686,0.0002824686
2018-01-05,0.0,0.0,0.0,175.3965,0.0,0.06064229,0.0006064229
2018-01-08,0.0,0.0,0.0,175.5037,0.0,0.06111867,0.0006111867
2018-01-09,0.0,0.0,0.0,175.6766,0.0,0.09851644,0.0009851643999999999
2018-01-10,0.0,0.0,0.0,175.6703,0.0,-0.00358613,-3.58613e-05
2018-01-11,0.0,0.0,0.0,175.5932,0.0,-0.04388904,-0.00043889039999999997
2018-01-12,0.0,0.0,0.0,175.5891,0.0,-0.00233494,-2.33494e-05
2018-01-15,0.0,0.0,0.0,175.6735,0.0,0.04806676,0.0004806676
2018-01-16,0.0,0.0,0.0,175.6516,0.0,-0.01246631,-0.0001246631
2018-01-17,0.0,0.0,0.0,175.6007,0.0,-0.02897782,-0.0002897782
2018-01-18,0.0,0.0,0.0,175.6618,0.0,0.03479485,0.0003479485
2018-01-19,0.0,0.0,0.0,175.6016,0.0,-0.0342704,-0.000342704
2018-01-22,0.0,0.0,0.0,175.6347,0.0,0.01884949,0.0001884949
2018-01-23,0.0,0.0,0.0,175.6772,0.0,0.02419795,0.0002419795
2018-01-24,0.0,0.0,0.0,175.6735,0.0,-0.00210614,-2.1061399999999998e-05
2018-01-25,0.0,0.0,0.0,175.664,0.0,-0.00540776,-5.40776e-05
2018-01-26,0.0,0.0,0.0,175.6197,0.0,-0.0252186,-0.000252186
2018-01-29,0.0,0.0,0.0,175.705,0.0,0.04857086,0.0004857086
2018-01-30,0.0,0.0,0.0,175.7013,0.0,-0.0021058,-2.1058e-05
2018-01-31,0.0,0.0,0.0,175.7583,0.0,0.03244142,0.0003244142
2018-02-01,0.0,0.0,0.0,175.7224,0.0,-0.02042578,-0.0002042578
2018-02-02,0.0,0.0,0.0,175.8377,0.0,0.06561486,0.0006561485999999999
2018-02-05,0.0,0.0,0.0,175.8777,0.0,0.02274825,0.00022748250000000002
2018-02-06,0.0,0.0,0.0,175.9923,0.0,0.06515891,0.0006515891
2018-02-07,0.0,0.0,0.0,176.0055,0.0,0.00750033,7.500330000000001e-05
2018-02-08,0.0,0.0,0.0,176.1479,0.0,0.08090656,0.0008090656000000001
2018-02-09,0.0,0.0,0.0,176.1314,0.0,-0.00936713,-9.36713e-05
2018-02-12,0.0,0.0,0.0,176.274,0.0,0.00697826,6.97826e-05
2018-02-13,0.0,0.0,0.0,176.2821,0.0,0.00459512,4.59512e-05
2018-02-14,0.0,0.0,0.0,176.3374,0.0,0.03137017,0.0003137017
2018-02-22,0.0,0.0,0.0,176.6739,0.0,0.19082736,0.0019082736
2018-02-23,0.0,0.0,0.0,176.713,0.0,0.02213117,0.0002213117
2018-02-26,0.0,0.0,0.0,176.9512,0.0,0.08710545,0.0008710545
2018-02-27,0.0,0.0,0.0,177.0719,0.0,0.0682109,0.0006821090000000001
2018-02-28,0.0,0.0,0.0,177.2481,0.0,0.0995076,0.0009950760000000001
2018-03-01,0.0,0.0,0.0,177.3489,0.0,0.05686944,0.0005686944
2018-03-02,0.0,0.0,0.0,177.3494,0.0,0.00028193,2.8193000000000003e-06
2018-03-05,0.0,0.0,0.0,177.3843,0.0,0.01967867,0.00019678669999999998
2018-03-06,0.0,0.0,0.0,177.4612,0.0,0.0433522,0.000433522
2018-03-07,0.0,0.0,0.0,177.5499,0.0,0.04998276,0.0004998276
2018-03-08,0.0,0.0,0.0,177.6368,0.0,0.04894399,0.0004894399
2018-03-09,0.0,0.0,0.0,177.5931,0.0,-0.02460076,-0.0002460076
2018-03-12,0.0,0.0,0.0,177.6867,0.0,0.05270475,0.0005270475000000001
2018-03-13,0.0,0.0,0.0,177.6194,0.0,-0.03787565,-0.00037875649999999996
2018-03-14,0.0,0.0,0.0,177.6893,0.0,0.03935381,0.0003935381
2018-03-15,0.0,0.0,0.0,177.7125,0.0,0.0130565,0.000130565
2018-03-16,0.0,0.0,0.0,177.722,0.0,0.00534571,5.34571e-05
2018-03-19,0.0,0.0,0.0,177.788,0.0,0.03713665,0.0003713665
2018-03-20,0.0,0.0,0.0,177.8222,0.0,0.01923639,0.00019236389999999998
2018-03-21,0.0,0.0,0.0,177.8597,0.0,0.02108848,0.0002108848
2018-03-22,0.0,0.0,0.0,177.9408,0.0,0.04559774,0.00045597739999999996
2018-03-23,0.0,0.0,0.0,178.2098,0.0,0.15117387,0.0015117387
2018-03-26,0.0,0.0,0.0,178.4333,0.0,0.12541398,0.0012541398
2018-03-27,0.0,0.0,0.0,178.3781,0.0,-0.03093593,-0.0003093593
2018-03-28,0.0,0.0,0.0,178.5162,0.0,0.07741982,0.0007741982
2018-03-29,0.0,0.0,0.0,178.5446,0.0,0.01590892,0.0001590892
2018-03-30,0.0,0.0,0.0,178.4873,0.0,-0.03209282,-0.0003209282
2018-04-02,0.0,0.0,0.0,178.6968,0.0,0.1173753,0.001173753
2018-04-03,0.0,0.0,0.0,178.868,0.0,0.09580474,0.0009580474
2018-04-04,0.0,0.0,0.0,178.9979,0.0,0.07262339,0.0007262338999999999
2018-04-09,0.0,0.0,0.0,179.2995,0.0,0.08875715,0.0008875715
2018-04-10,0.0,0.0,0.0,179.4995,0.0,0.11154521,0.0011154521
2018-04-11,0.0,0.0,0.0,179.5405,0.0,0.02284129,0.0002284129
2018-04-12,0.0,0.0,0.0,179.7543,0.0,0.11908177,0.0011908177
2018-04-13,0.0,0.0,0.0,179.842,0.0,0.04878882,0.0004878882
2018-04-16,0.0,0.0,0.0,180.0785,0.0,0.13150432,0.0013150432000000002
2018-04-17,0.0,0.0,0.0,180.213,0.0,0.07468965,0.0007468965
2018-04-18,0.0,0.0,0.0,181.1251,0.0,0.50612331,0.0050612331
2018-04-19,0.0,0.0,0.0,181.218,0.0,0.05129052,0.0005129052
2018-04-20,0.0,0.0,0.0,181.2794,0.0,0.03388184,0.00033881840000000004
2018-04-23,0.0,0.0,0.0,181.3001,0.0,0.01141884,0.0001141884
2018-04-24,0.0,0.0,0.0,181.2749,0.0,-0.01389961,-0.0001389961
2018-04-25,0.0,0.0,0.0,181.3045,0.0,0.01632879,0.0001632879
2018-04-26,0.0,0.0,0.0,181.1326,0.0,-0.09481287,-0.0009481286999999999
2018-04-27,0.0,0.0,0.0,181.0338,0.0,-0.05454568,-0.0005454568
2018-05-02,0.0,0.0,0.0,180.9191,0.0,-0.02188345,-0.00021883449999999998
2018-05-03,0.0,0.0,0.0,180.831,0.0,-0.0486958,-0.00048695799999999995
2018-05-04,0.0,0.0,0.0,180.7805,0.0,-0.02792663,-0.0002792663
2018-05-07,0.0,0.0,0.0,180.8576,0.0,0.04264841,0.00042648409999999996
2018-05-08,0.0,0.0,0.0,180.6478,0.0,-0.11600287,-0.0011600287
2018-05-09,0.0,0.0,0.0,180.4612,0.0,-0.10329492,-0.0010329492
2018-05-10,0.0,0.0,0.0,180.3584,0.0,-0.05696515,-0.0005696515
2018-05-11,0.0,0.0,0.0,180.2851,0.0,-0.0406413,-0.000406413
2018-05-14,0.0,0.0,0.0,180.337,0.0,0.02878774,0.0002878774
2018-05-15,0.0,0.0,0.0,180.2226,0.0,-0.06343679,-0.0006343679
2018-05-16,0.0,0.0,0.0,180.1914,0.0,-0.01731192,-0.00017311920000000002
2018-05-17,0.0,0.0,0.0,180.1836,0.0,-0.00432873,-4.32873e-05
2018-05-18,0.0,0.0,0.0,180.1951,0.0,0.00638238,6.38238e-05
2018-05-21,0.0,0.0,0.0,180.3133,0.0,0.06559557,0.0006559557000000001
2018-05-22,0.0,0.0,0.0,180.2742,0.0,-0.02168448,-0.0002168448
2018-05-23,0.0,0.0,0.0,180.2723,0.0,-0.00105395,-1.05395e-05
2018-05-24,0.0,0.0,0.0,180.3666,0.0,0.05230976,0.0005230975999999999
2018-05-25,0.0,0.0,0.0,180.3388,0.0,-0.01541305,-0.0001541305
2018-05-28,0.0,0.0,0.0,180.3576,0.0,0.01042482,0.0001042482
2018-05-29,0.0,0.0,0.0,180.2784,0.0,-0.04391276,-0.00043912760000000003
2018-05-30,0.0,0.0,0.0,180.2378,0.0,-0.02252072,-0.00022520720000000001
2018-05-31,0.0,0.0,0.0,180.091,0.0,-0.08144795,-0.0008144795000000001
2018-06-01,0.0,0.0,0.0,180.0632,0.0,-0.01543664,-0.0001543664
2018-06-04,0.0,0.0,0.0,180.0941,0.0,0.01716064,0.0001716064
2018-06-05,0.0,0.0,0.0,180.0179,0.0,-0.04231121,-0.00042311210000000004
2018-06-06,0.0,0.0,0.0,180.0779,0.0,0.03333002,0.00033330020000000004
2018-06-07,0.0,0.0,0.0,180.007,0.0,-0.03937185,-0.0003937185
2018-06-08,0.0,0.0,0.0,179.9243,0.0,-0.04594266,-0.0004594266
2018-06-11,0.0,0.0,0.0,179.8345,0.0,-0.04990988,-0.0004990988
2018-06-12,0.0,0.0,0.0,179.7809,0.0,-0.02980518,-0.0002980518
2018-06-13,0.0,0.0,0.0,179.7261,0.0,-0.03048155,-0.0003048155
2018-06-14,0.0,0.0,0.0,179.7595,0.0,0.01858383,0.00018583829999999999
2018-06-15,0.0,0.0,0.0,179.7149,0.0,-0.02481093,-0.0002481093
2018-06-19,0.0,0.0,0.0,179.8909,0.0,0.09793289,0.0009793288999999999
2018-06-20,0.0,0.0,0.0,179.9059,0.0,0.00833839,8.338389999999999e-05
2018-06-21,0.0,0.0,0.0,179.8867,0.0,-0.01067225,-0.0001067225
2018-06-22,0.0,0.0,0.0,179.7755,0.0,-0.06181669,-0.0006181669
2018-06-25,0.0,0.0,0.0,179.7374,0.0,-0.0211931,-0.000211931
2018-06-26,0.0,0.0,0.0,179.6344,0.0,-0.05730583,-0.0005730583
2018-06-27,0.0,0.0,0.0,179.6287,0.0,-0.00317311,-3.17311e-05
2018-06-28,0.0,0.0,0.0,179.7204,0.0,0.05104975,0.0005104975
2018-06-29,0.0,0.0,0.0,179.8039,0.0,0.04646106,0.0004646106
2018-07-02,0.0,0.0,0.0,180.0302,0.0,0.12585934,0.0012585933999999998
2018-07-03,0.0,0.0,0.0,180.147,0.0,0.064878,0.0006487800000000001
2018-07-04,0.0,0.0,0.0,180.1452,0.0,-0.00099918,-9.9918e-06
2018-07-05,0.0,0.0,0.0,180.2976,0.0,0.08459842,0.0008459841999999999
2018-07-06,0.0,0.0,0.0,180.3827,0.0,0.04719974,0.00047199739999999996
2018-07-09,0.0,0.0,0.0,180.5007,0.0,0.06541647,0.0006541647000000001
2018-07-10,0.0,0.0,0.0,180.4878,0.0,-0.00714679,-7.146790000000001e-05
2018-07-11,0.0,0.0,0.0,180.4977,0.0,0.00548514,5.48514e-05
2018-07-12,0.0,0.0,0.0,180.5221,0.0,0.01351818,0.0001351818
2018-07-13,0.0,0.0,0.0,180.467,0.0,-0.03052258,-0.0003052258
2018-07-16,0.0,0.0,0.0,180.5841,0.0,0.06488721,0.0006488721
2018-07-17,0.0,0.0,0.0,180.5183,0.0,-0.03643732,-0.00036437320000000004
2018-07-18,0.0,0.0,0.0,180.5233,0.0,0.0027698,2.7698e-05
2018-07-19,0.0,0.0,0.0,180.8086,0.0,0.15804054,0.0015804054000000001
2018-07-20,0.0,0.0,0.0,181.039,0.0,0.12742757,0.0012742756999999999
2018-07-23,0.0,0.0,0.0,181.1984,0.0,0.08804733,0.0008804732999999999
2018-07-24,0.0,0.0,0.0,181.352,0.0,0.08476896,0.0008476896000000001
2018-07-25,0.0,0.0,0.0,181.4155,0.0,0.03501478,0.00035014780000000004
2018-07-26,0.0,0.0,0.0,181.8049,0.0,0.21464539,0.0021464539
2018-07-27,0.0,0.0,0.0,181.8651,0.0,0.03311242,0.0003311242
2018-07-30,0.0,0.0,0.0,182.0202,0.0,0.08528299,0.0008528299
2018-07-31,0.0,0.0,0.0,182.2098,0.0,0.10416426,0.0010416426
2018-08-01,0.0,0.0,0.0,182.4452,0.0,0.12919173,0.0012919173
2018-08-02,0.0,0.0,0.0,182.6562,0.0,0.11565117,0.0011565117
2018-08-03,0.0,0.0,0.0,182.8094,0.0,0.08387342,0.0008387342
2018-08-06,0.0,0.0,0.0,183.1403,0.0,0.1810082,0.0018100820000000002
2018-08-07,0.0,0.0,0.0,183.5362,0.0,0.21617307,0.0021617307
2018-08-08,0.0,0.0,0.0,183.5637,0.0,0.01498342,0.00014983420000000002
2018-08-09,0.0,0.0,0.0,183.4628,0.0,-0.05496729,-0.0005496729000000001
2018-08-10,0.0,0.0,0.0,183.235,0.0,-0.12416686,-0.0012416686
2018-08-13,0.0,0.0,0.0,183.1251,0.0,-0.05997762,-0.0005997762000000001
2018-08-14,0.0,0.0,0.0,182.9798,0.0,-0.07934467,-0.0007934467000000001
2018-08-15,0.0,0.0,0.0,182.9473,0.0,-0.01776152,-0.00017761519999999999
2018-08-16,0.0,0.0,0.0,182.8624,0.0,-0.04640681,-0.0004640681
2018-08-17,0.0,0.0,0.0,182.6391,0.0,-0.12211368,-0.0012211368000000001
2018-08-20,0.0,0.0,0.0,182.5733,0.0,-0.03602733,-0.00036027330000000003
2018-08-21,0.0,0.0,0.0,182.3555,0.0,-0.11929455,-0.0011929455
2018-08-22,0.0,0.0,0.0,182.3266,0.0,-0.01584816,-0.0001584816
2018-08-23,0.0,0.0,0.0,182.4252,0.0,0.05407878,0.0005407878
2018-08-24,0.0,0.0,0.0,182.5844,0.0,0.08726864,0.0008726863999999999
2018-08-27,0.0,0.0,0.0,182.7619,0.0,0.09721532,0.0009721532
2018-08-28,0.0,0.0,0.0,182.654,0.0,-0.05903856,-0.0005903856
2018-08-29,0.0,0.0,0.0,182.6047,0.0,-0.02699092,-0.0002699092
2018-08-30,0.0,0.0,0.0,182.6977,0.0,0.05092969,0.0005092969
2018-08-31,0.0,0.0,0.0,182.8356,0.0,0.07547988,0.0007547987999999999
2018-09-03,0.0,0.0,0.0,182.8881,0.0,0.02871432,0.0002871432
2018-09-04,0.0,0.0,0.0,182.9504,0.0,0.03406455,0.0003406455
2018-09-05,0.0,0.0,0.0,183.037,0.0,0.04733523,0.0004733523
2018-09-06,0.0,0.0,0.0,183.1768,0.0,0.076378,0.00076378
2018-09-07,0.0,0.0,0.0,183.1841,0.0,0.00398522,3.9852200000000004e-05
2018-09-10,0.0,0.0,0.0,183.1863,0.0,0.00120098,1.20098e-05
2018-09-11,0.0,0.0,0.0,183.1221,0.0,-0.03504629,-0.0003504629
2018-09-12,0.0,0.0,0.0,183.1115,0.0,-0.00578849,-5.7884900000000005e-05
2018-09-13,0.0,0.0,0.0,183.128,0.0,0.0090109,9.0109e-05
2018-09-14,0.0,0.0,0.0,183.1875,0.0,0.03249094,0.00032490940000000004
2018-09-17,0.0,0.0,0.0,183.3974,0.0,0.11458205,0.0011458205
2018-09-18,0.0,0.0,0.0,183.4964,0.0,0.05398114,0.0005398114
2018-09-19,0.0,0.0,0.0,183.5513,0.0,0.02991884,0.0002991884
2018-09-20,0.0,0.0,0.0,183.548,0.0,-0.00179786,-1.79786e-05
2018-09-21,0.0,0.0,0.0,183.51,0.0,-0.02070303,-0.0002070303
2018-09-25,0.0,0.0,0.0,183.6038,0.0,0.05111438,0.0005111438
2018-09-26,0.0,0.0,0.0,183.6864,0.0,0.04498818,0.0004498818
2018-09-27,0.0,0.0,0.0,183.8139,0.0,0.06941178,0.0006941178
2018-09-28,0.0,0.0,0.0,183.9194,0.0,0.05739501,0.0005739501000000001
2018-10-08,0.0,0.0,0.0,184.3511,0.0,0.22404167,0.0022404167
2018-10-09,0.0,0.0,0.0,184.4413,0.0,0.04892838,0.0004892838
2018-10-10,0.0,0.0,0.0,184.6067,0.0,0.08967623,0.0008967622999999999
2018-10-11,0.0,0.0,0.0,184.7495,0.0,0.07735364,0.0007735364
2018-10-12,0.0,0.0,0.0,184.8926,0.0,0.07745623,0.0007745623
2018-10-15,0.0,0.0,0.0,185.0546,0.0,0.08761843,0.0008761843
2018-10-16,0.0,0.0,0.0,185.1923,0.0,0.07441047,0.0007441047
2018-10-17,0.0,0.0,0.0,185.2713,0.0,0.04265836,0.0004265836
2018-10-18,0.0,0.0,0.0,185.4292,0.0,0.08522637,0.0008522636999999999
2018-10-19,0.0,0.0,0.0,185.5248,0.0,0.05155607,0.0005155607
2018-10-22,0.0,0.0,0.0,185.6789,0.0,0.08306167,0.0008306167000000001
2018-10-23,0.0,0.0,0.0,185.6561,0.0,-0.01227926,-0.0001227926
2018-10-24,0.0,0.0,0.0,185.7207,0.0,0.03479552,0.0003479552
2018-10-25,0.0,0.0,0.0,185.8548,0.0,0.0722052,0.0007220519999999999
2018-10-26,0.0,0.0,0.0,185.875,0.0,0.0108687,0.000108687
2018-10-29,0.0,0.0,0.0,186.0778,0.0,0.10910558,0.0010910558
2018-10-30,0.0,0.0,0.0,186.3316,0.0,0.13639456,0.0013639456
2018-10-31,0.0,0.0,0.0,186.4178,0.0,0.04626161,0.00046261610000000004
2018-11-01,0.0,0.0,0.0,186.5832,0.0,0.08872543,0.0008872543
2018-11-02,0.0,0.0,0.0,186.5668,0.0,-0.00878964,-8.78964e-05
2018-11-05,0.0,0.0,0.0,186.665,0.0,0.0526353,0.000526353
2018-11-06,0.0,0.0,0.0,186.7152,0.0,0.0268931,0.000268931
2018-11-07,0.0,0.0,0.0,186.8866,0.0,0.09179756,0.0009179756
2018-11-08,0.0,0.0,0.0,187.0773,0.0,0.10204049,0.0010204049
2018-11-09,0.0,0.0,0.0,187.2071,0.0,0.06938308,0.0006938308
2018-11-12,0.0,0.0,0.0,187.3818,0.0,0.09331911,0.0009331910999999999
2018-11-13,0.0,0.0,0.0,187.4429,0.0,0.03260722,0.0003260722
2018-11-14,0.0,0.0,0.0,187.7175,0.0,0.14649795,0.0014649794999999999
2018-11-15,0.0,0.0,0.0,187.8511,0.0,0.07117078,0.0007117078000000001
2018-11-16,0.0,0.0,0.0,188.1775,0.0,0.17375464,0.0017375463999999999
2018-11-19,0.0,0.0,0.0,188.5835,0.0,0.21575374,0.0021575374
2018-11-20,0.0,0.0,0.0,188.7424,0.0,0.08425976,0.0008425976
2018-11-21,0.0,0.0,0.0,188.8152,0.0,0.03857109,0.00038571090000000003
2018-11-22,0.0,0.0,0.0,188.9008,0.0,0.04533533,0.0004533533
2018-11-23,0.0,0.0,0.0,188.9193,0.0,0.0097935,9.7935e-05
2018-11-26,0.0,0.0,0.0,188.9909,0.0,0.03789978,0.0003789978
2018-11-27,0.0,0.0,0.0,189.0172,0.0,0.01391601,0.0001391601
2018-11-28,0.0,0.0,0.0,189.1386,0.0,0.06422696,0.0006422696
2018-11-29,0.0,0.0,0.0,189.1726,0.0,0.01797624,0.0001797624
2018-11-30,0.0,0.0,0.0,189.325,0.0,0.08056135,0.0008056135
2018-12-03,0.0,0.0,0.0,189.4463,0.0,0.06406972,0.0006406971999999999
2018-12-04,0.0,0.0,0.0,189.5304,0.0,0.04439253,0.0004439253
2018-12-05,0.0,0.0,0.0,189.8936,0.0,0.19163153,0.0019163153
2018-12-06,0.0,0.0,0.0,189.9304,0.0,0.01937927,0.0001937927
2018-12-07,0.0,0.0,0.0,190.1161,0.0,0.09777266,0.0009777266
2018-12-10,0.0,0.0,0.0,190.3208,0.0,0.10767105,0.0010767105
2018-12-11,0.0,0.0,0.0,190.4333,0.0,0.05911072,0.0005911072
2018-12-12,0.0,0.0,0.0,190.5274,0.0,0.04941363,0.0004941363
2018-12-13,0.0,0.0,0.0,190.4031,0.0,-0.06523996,-0.0006523996
2018-12-14,0.0,0.0,0.0,190.3042,0.0,-0.05194243,-0.0005194243
2018-12-17,0.0,0.0,0.0,190.3181,0.0,0.0073041,7.3041e-05
2018-12-18,0.0,0.0,0.0,190.1825,0.0,-0.07124914,-0.0007124914
2018-12-19,0.0,0.0,0.0,190.2593,0.0,0.04038226,0.0004038226
2018-12-20,0.0,0.0,0.0,190.4448,0.0,0.09749852,0.0009749852
2018-12-21,0.0,0.0,0.0,190.4855,0.0,0.02137102,0.0002137102
2018-12-24,0.0,0.0,0.0,190.5641,0.0,0.04126298,0.00041262979999999997
2018-12-25,0.0,0.0,0.0,190.568,0.0,0.00204656,2.04656e-05
2018-12-26,0.0,0.0,0.0,190.557,0.0,-0.00577222,-5.77222e-05
2018-12-27,0.0,0.0,0.0,190.5803,0.0,0.01222731,0.0001222731
2018-12-28,0.0,0.0,0.0,190.8625,0.0,0.14807407,0.0014807407
2019-01-02,0.0,0.0,0.0,191.3172,0.0,0.178294,0.00178294
2019-01-03,0.0,0.0,0.0,191.651,0.0,0.17447464,0.0017447463999999998
2019-01-04,0.0,0.0,0.0,191.9885,0.0,0.17610135,0.0017610134999999998
2019-01-07,0.0,0.0,0.0,192.2827,0.0,0.15323835,0.0015323835
2019-01-08,0.0,0.0,0.0,192.6228,0.0,0.17687499,0.0017687499
2019-01-09,0.0,0.0,0.0,192.727,0.0,0.05409536,0.0005409536
2019-01-10,0.0,0.0,0.0,192.8973,0.0,0.08836333,0.0008836333000000001
2019-01-11,0.0,0.0,0.0,193.022,0.0,0.0646458,0.000646458
2019-01-14,0.0,0.0,0.0,193.1827,0.0,0.08325476,0.0008325476
2019-01-15,0.0,0.0,0.0,193.1976,0.0,0.00771291,7.712909999999999e-05
2019-01-16,0.0,0.0,0.0,193.3166,0.0,0.06159497,0.0006159497
2019-01-17,0.0,0.0,0.0,193.5202,0.0,0.10531946,0.0010531946000000001
2019-01-18,0.0,0.0,0.0,193.5387,0.0,0.00955973,9.559730000000001e-05
2019-01-21,0.0,0.0,0.0,193.5742,0.0,0.01834258,0.0001834258
2019-01-22,0.0,0.0,0.0,193.5412,0.0,-0.01704773,-0.0001704773
2019-01-23,0.0,0.0,0.0,193.5644,0.0,0.01198711,0.0001198711
2019-01-24,0.0,0.0,0.0,193.5531,0.0,-0.00583785,-5.8378500000000004e-05
2019-01-25,0.0,0.0,0.0,193.6232,0.0,0.03621745,0.0003621745
2019-01-28,0.0,0.0,0.0,193.6696,0.0,0.02396407,0.0002396407
2019-01-29,0.0,0.0,0.0,193.7164,0.0,0.02416487,0.0002416487
2019-01-30,0.0,0.0,0.0,193.8693,0.0,0.07892982,0.0007892982
2019-01-31,0.0,0.0,0.0,194.0215,0.0,0.0785065,0.000785065
2019-02-01,0.0,0.0,0.0,194.1709,0.0,0.07700178,0.0007700178000000001
2019-02-11,0.0,0.0,0.0,194.5916,0.0,0.16832712,0.0016832712
2019-02-12,0.0,0.0,0.0,194.7788,0.0,0.09620148,0.0009620148
2019-02-13,0.0,0.0,0.0,194.8959,0.0,0.06011948,0.0006011948
2019-02-14,0.0,0.0,0.0,195.0056,0.0,0.05628646,0.0005628646
2019-02-15,0.0,0.0,0.0,195.0691,0.0,0.03256317,0.0003256317
2019-02-18,0.0,0.0,0.0,195.1905,0.0,0.06223436,0.0006223436
2019-02-19,0.0,0.0,0.0,195.1825,0.0,-0.00409856,-4.09856e-05
2019-02-20,0.0,0.0,0.0,195.3043,0.0,0.06240314,0.0006240314000000001
2019-02-21,0.0,0.0,0.0,195.3379,0.0,0.01720392,0.0001720392
2019-02-22,0.0,0.0,0.0,195.3524,0.0,0.00742303,7.423029999999999e-05
2019-02-25,0.0,0.0,0.0,195.3152,0.0,-0.01904251,-0.0001904251
2019-02-26,0.0,0.0,0.0,195.0852,0.0,-0.11775837,-0.0011775837
2019-02-27,0.0,0.0,0.0,195.1009,0.0,0.00804777,8.047769999999999e-05
2019-02-28,0.0,0.0,0.0,195.0,0.0,-0.05171683,-0.0005171683
2019-03-01,0.0,0.0,0.0,194.8517,0.0,-0.07605128,-0.0007605128
2019-03-04,0.0,0.0,0.0,194.7007,0.0,-0.07749483,-0.0007749483
2019-03-05,0.0,0.0,0.0,194.5242,0.0,-0.09065196,-0.0009065196
2019-03-06,0.0,0.0,0.0,194.4119,0.0,-0.05773061,-0.0005773061
2019-03-07,0.0,0.0,0.0,194.516,0.0,0.0535461,0.000535461
2019-03-08,0.0,0.0,0.0,194.7548,0.0,0.12276625,0.0012276625
2019-03-11,0.0,0.0,0.0,194.9691,0.0,0.1100358,0.001100358
2019-03-12,0.0,0.0,0.0,194.9509,0.0,-0.00933481,-9.334810000000001e-05
2019-03-13,0.0,0.0,0.0,194.9228,0.0,-0.01441389,-0.00014413890000000002
2019-03-14,0.0,0.0,0.0,194.9387,0.0,0.00815708,8.157080000000001e-05
2019-03-15,0.0,0.0,0.0,194.9021,0.0,-0.01877513,-0.00018775130000000002
2019-03-18,0.0,0.0,0.0,195.0019,0.0,0.05120519,0.0005120519
2019-03-19,0.0,0.0,0.0,195.0233,0.0,0.01097425,0.0001097425
2019-03-20,0.0,0.0,0.0,195.0165,0.0,-0.00348676,-3.4867600000000005e-05
2019-03-21,0.0,0.0,0.0,195.0862,0.0,0.03574057,0.0003574057
2019-03-22,0.0,0.0,0.0,195.1714,0.0,0.043673,0.00043673
2019-03-25,0.0,0.0,0.0,195.3756,0.0,0.10462599,0.0010462599
2019-03-26,0.0,0.0,0.0,195.4931,0.0,0.06014057,0.0006014057
2019-03-27,0.0,0.0,0.0,195.6232,0.0,0.06654966,0.0006654966
2019-03-28,0.0,0.0,0.0,195.6688,0.0,0.02331012,0.0002331012
2019-03-29,0.0,0.0,0.0,195.8223,0.0,0.07844889,0.0007844888999999999
2019-04-01,0.0,0.0,0.0,195.91,0.0,0.0447855,0.000447855
2019-04-02,0.0,0.0,0.0,195.6856,0.0,-0.11454239,-0.0011454238999999999
2019-04-03,0.0,0.0,0.0,195.5445,0.0,-0.07210546,-0.0007210545999999999
2019-04-04,0.0,0.0,0.0,195.3762,0.0,-0.08606737,-0.0008606737000000001
2019-04-08,0.0,0.0,0.0,195.4435,0.0,0.03444637,0.00034446369999999995
2019-04-09,0.0,0.0,0.0,195.3804,0.0,-0.03228555,-0.00032285550000000005
2019-04-10,0.0,0.0,0.0,195.2665,0.0,-0.05829653,-0.0005829653
2019-04-11,0.0,0.0,0.0,195.3016,0.0,0.01797543,0.0001797543
2019-04-12,0.0,0.0,0.0,195.4188,0.0,0.06000975,0.0006000975
2019-04-15,0.0,0.0,0.0,195.152,0.0,-0.13652729,-0.0013652729
2019-04-16,0.0,0.0,0.0,194.9382,0.0,-0.10955563,-0.0010955563
2019-04-17,0.0,0.0,0.0,194.7703,0.0,-0.08612986,-0.0008612986
2019-04-18,0.0,0.0,0.0,194.786,0.0,0.00806078,8.06078e-05
2019-04-19,0.0,0.0,0.0,194.9488,0.0,0.0835789,0.000835789
2019-04-22,0.0,0.0,0.0,195.1004,0.0,0.07776401,0.0007776400999999999
2019-04-23,0.0,0.0,0.0,195.0015,0.0,-0.05069185,-0.0005069184999999999
2019-04-24,0.0,0.0,0.0,195.0609,0.0,0.0304613,0.000304613
2019-04-25,0.0,0.0,0.0,195.0397,0.0,-0.0108684,-0.000108684
2019-04-26,0.0,0.0,0.0,195.1005,0.0,0.03117314,0.00031173139999999996
2019-04-29,0.0,0.0,0.0,195.2055,0.0,0.00876077,8.76077e-05
2019-04-30,0.0,0.0,0.0,195.3071,0.0,0.05204771,0.0005204771
2019-05-06,0.0,0.0,0.0,195.7583,0.0,0.12136804,0.0012136803999999999
2019-05-07,0.0,0.0,0.0,195.9867,0.0,0.11667449,0.0011667449
2019-05-08,0.0,0.0,0.0,196.214,0.0,0.11597726,0.0011597726
2019-05-09,0.0,0.0,0.0,196.4934,0.0,0.14239555,0.0014239555000000001
2019-05-10,0.0,0.0,0.0,196.6629,0.0,0.08626244,0.0008626243999999999
2019-05-13,0.0,0.0,0.0,196.9272,0.0,0.1343924,0.001343924
2019-05-14,0.0,0.0,0.0,197.1317,0.0,0.10384548,0.0010384548000000001
2019-05-15,0.0,0.0,0.0,197.273,0.0,0.07167797,0.0007167797
2019-05-16,0.0,0.0,0.0,197.4118,0.0,0.07035935,0.0007035935
2019-05-17,0.0,0.0,0.0,197.5268,0.0,0.05825386,0.0005825385999999999
2019-05-20,0.0,0.0,0.0,197.772,0.0,0.12413505,0.0012413505
2019-05-21,0.0,0.0,0.0,197.8296,0.0,0.02912445,0.00029124449999999997
2019-05-22,0.0,0.0,0.0,197.7891,0.0,-0.02047216,-0.0002047216
2019-05-23,0.0,0.0,0.0,197.9336,0.0,0.07305762,0.0007305762
2019-05-24,0.0,0.0,0.0,198.0001,0.0,0.03359713,0.0003359713
2019-05-27,0.0,0.0,0.0,197.9963,0.0,-0.00191919,-1.9191900000000002e-05
2019-05-28,0.0,0.0,0.0,197.8697,0.0,-0.06394059,-0.0006394059000000001
2019-05-29,0.0,0.0,0.0,198.0171,0.0,0.07449347,0.0007449347000000001
2019-05-30,0.0,0.0,0.0,198.1052,0.0,0.04449111,0.0004449111
2019-05-31,0.0,0.0,0.0,198.1957,0.0,0.0456828,0.00045682800000000005
2019-06-03,0.0,0.0,0.0,198.3718,0.0,0.08885157,0.0008885157
2019-06-04,0.0,0.0,0.0,198.4211,0.0,0.02485232,0.0002485232
2019-06-05,0.0,0.0,0.0,198.5229,0.0,0.05130503,0.0005130503
2019-06-06,0.0,0.0,0.0,198.6327,0.0,0.05530848,0.0005530848
2019-06-10,0.0,0.0,0.0,198.7635,0.0,0.06585018,0.0006585018
2019-06-11,0.0,0.0,0.0,198.779,0.0,0.00779821,7.798209999999999e-05
2019-06-12,0.0,0.0,0.0,198.7126,0.0,-0.03340393,-0.0003340393
2019-06-13,0.0,0.0,0.0,198.5856,0.0,-0.0639114,-0.000639114
2019-06-14,0.0,0.0,0.0,198.4154,0.0,-0.08570611,-0.0008570611
2019-06-17,0.0,0.0,0.0,198.5857,0.0,0.08583003,0.0008583003
2019-06-18,0.0,0.0,0.0,198.6026,0.0,0.00851018,8.510179999999999e-05
2019-06-19,0.0,0.0,0.0,198.6914,0.0,0.04471241,0.0004471241
2019-06-20,0.0,0.0,0.0,198.7314,0.0,0.02013172,0.0002013172
2019-06-21,0.0,0.0,0.0,198.8555,0.0,0.0624461,0.000624461
2019-06-24,0.0,0.0,0.0,199.0416,0.0,0.09358554,0.0009358553999999999
2019-06-25,0.0,0.0,0.0,199.1142,0.0,0.03647479,0.0003647479
2019-06-26,0.0,0.0,0.0,199.2601,0.0,0.07327453,0.0007327453
2019-06-27,0.0,0.0,0.0,199.3396,0.0,0.0398976,0.000398976
2019-06-28,0.0,0.0,0.0,199.4007,0.0,0.03065121,0.00030651210000000003
2019-07-01,0.0,0.0,0.0,199.6114,0.0,0.10566663,0.0010566663
2019-07-02,0.0,0.0,0.0,199.7232,0.0,0.05600883,0.0005600883
2019-07-03,0.0,0.0,0.0,199.9219,0.0,0.09948769,0.0009948769
2019-07-04,0.0,0.0,0.0,200.033,0.0,0.0555717,0.0005557170000000001
2019-07-05,0.0,0.0,0.0,200.0818,0.0,0.02439597,0.0002439597
2019-07-08,0.0,0.0,0.0,200.189,0.0,0.05357809,0.0005357809
2019-07-09,0.0,0.0,0.0,200.1556,0.0,-0.01668423,-0.00016684230000000002
2019-07-10,0.0,0.0,0.0,200.1163,0.0,-0.01963472,-0.00019634720000000002
2019-07-11,0.0,0.0,0.0,200.1617,0.0,0.02268681,0.0002268681
2019-07-12,0.0,0.0,0.0,200.1957,0.0,0.01698627,0.0001698627
2019-07-15,0.0,0.0,0.0,200.2807,0.0,0.04245845,0.0004245845
2019-07-16,0.0,0.0,0.0,200.3269,0.0,0.02306762,0.0002306762
2019-07-17,0.0,0.0,0.0,200.2884,0.0,-0.01921859,-0.0001921859
2019-07-18,0.0,0.0,0.0,200.3059,0.0,0.0087374,8.7374e-05
2019-07-19,0.0,0.0,0.0,200.3707,0.0,0.03235052,0.0003235052
2019-07-22,0.0,0.0,0.0,200.4692,0.0,0.04915888,0.0004915888
2019-07-23,0.0,0.0,0.0,200.5346,0.0,0.03262347,0.00032623470000000003
2019-07-24,0.0,0.0,0.0,200.6128,0.0,0.03899576,0.00038995759999999995
2019-07-25,0.0,0.0,0.0,200.5992,0.0,-0.00677923,-6.77923e-05
2019-07-26,0.0,0.0,0.0,200.6245,0.0,0.01261221,0.0001261221
2019-07-29,0.0,0.0,0.0,200.716,0.0,0.04560759,0.00045607590000000005
2019-07-30,0.0,0.0,0.0,200.7508,0.0,0.01733793,0.0001733793
2019-07-31,0.0,0.0,0.0,200.8021,0.0,0.02555407,0.00025554070000000003
2019-08-01,0.0,0.0,0.0,200.8385,0.0,0.0181273,0.000181273
2019-08-02,0.0,0.0,0.0,200.9766,0.0,0.06876172,0.0006876172
2019-08-05,0.0,0.0,0.0,201.2326,0.0,0.12737801,0.0012737801000000002
2019-08-06,0.0,0.0,0.0,201.3585,0.0,0.06256442,0.0006256441999999999
2019-08-07,0.0,0.0,0.0,201.4652,0.0,0.05299006,0.0005299006
2019-08-08,0.0,0.0,0.0,201.6378,0.0,0.08567236,0.0008567236
2019-08-09,0.0,0.0,0.0,201.7174,0.0,0.03947673,0.0003947673
2019-08-12,0.0,0.0,0.0,201.8052,0.0,0.04352624,0.0004352624
2019-08-13,0.0,0.0,0.0,201.9099,0.0,0.05188172,0.0005188172
2019-08-14,0.0,0.0,0.0,202.0187,0.0,0.05388542,0.0005388542
2019-08-15,0.0,0.0,0.0,202.1818,0.0,0.0807351,0.000807351
2019-08-16,0.0,0.0,0.0,202.217,0.0,0.01741007,0.0001741007
2019-08-19,0.0,0.0,0.0,202.3203,0.0,0.05108374,0.0005108374
2019-08-20,0.0,0.0,0.0,202.4072,0.0,0.0429517,0.00042951700000000003
2019-08-21,0.0,0.0,0.0,202.4147,0.0,0.0037054,3.7054e-05
2019-08-22,0.0,0.0,0.0,202.4568,0.0,0.02079888,0.0002079888
2019-08-23,0.0,0.0,0.0,202.4622,0.0,0.00266724,2.66724e-05
2019-08-26,0.0,0.0,0.0,202.6314,0.0,0.08357116,0.0008357116
2019-08-27,0.0,0.0,0.0,202.6213,0.0,-0.00498442,-4.98442e-05
2019-08-28,0.0,0.0,0.0,202.6615,0.0,0.01983997,0.00019839969999999998
2019-08-29,0.0,0.0,0.0,202.7758,0.0,0.05639946,0.0005639945999999999
2019-08-30,0.0,0.0,0.0,202.782,0.0,0.00305756,3.05756e-05
2019-09-02,0.0,0.0,0.0,202.9121,0.0,0.06415757,0.0006415756999999999
2019-09-03,0.0,0.0,0.0,202.917,0.0,0.00241484,2.41484e-05
2019-09-04,0.0,0.0,0.0,202.9357,0.0,0.00921559,9.21559e-05
2019-09-05,0.0,0.0,0.0,203.0363,0.0,0.04957235,0.0004957235000000001
2019-09-06,0.0,0.0,0.0,203.086,0.0,0.02447838,0.0002447838
2019-09-09,0.0,0.0,0.0,203.2419,0.0,0.07676551,0.0007676550999999999
2019-09-10,0.0,0.0,0.0,203.3315,0.0,0.0440854,0.00044085399999999996
2019-09-11,0.0,0.0,0.0,203.38,0.0,0.02385267,0.0002385267
2019-09-12,0.0,0.0,0.0,203.4193,0.0,0.01932343,0.0001932343
2019-09-16,0.0,0.0,0.0,203.5676,0.0,0.0729036,0.000729036
2019-09-17,0.0,0.0,0.0,203.5687,0.0,0.00054036,5.4036e-06
2019-09-18,0.0,0.0,0.0,203.6432,0.0,0.03659698,0.0003659698
2019-09-19,0.0,0.0,0.0,203.5575,0.0,-0.04208341,-0.0004208341
2019-09-20,0.0,0.0,0.0,203.5254,0.0,-0.0157695,-0.000157695
2019-09-23,0.0,0.0,0.0,203.6354,0.0,0.05404731,0.0005404731
2019-09-24,0.0,0.0,0.0,203.6562,0.0,0.01021433,0.00010214330000000001
2019-09-25,0.0,0.0,0.0,203.7091,0.0,0.02597515,0.00025975149999999997
2019-09-26,0.0,0.0,0.0,203.7683,0.0,0.02906105,0.0002906105
2019-09-27,0.0,0.0,0.0,203.8541,0.0,0.04210665,0.0004210665
2019-09-30,0.0,0.0,0.0,203.968,0.0,0.03104391,0.0003104391
2019-10-08,0.0,0.0,0.0,204.2261,0.0,0.12653946,0.0012653946
2019-10-09,0.0,0.0,0.0,204.2793,0.0,0.02604956,0.0002604956
2019-10-10,0.0,0.0,0.0,204.3017,0.0,0.01096538,0.0001096538
2019-10-11,0.0,0.0,0.0,204.3241,0.0,0.01096418,0.0001096418
2019-10-14,0.0,0.0,0.0,204.3403,0.0,0.0035726,3.5726e-05
2019-10-15,0.0,0.0,0.0,204.3444,0.0,0.00200646,2.0064599999999998e-05
2019-10-16,0.0,0.0,0.0,204.3889,0.0,0.02177696,0.00021776960000000002
2019-10-17,0.0,0.0,0.0,204.4456,0.0,0.02774123,0.0002774123
2019-10-18,0.0,0.0,0.0,204.4648,0.0,0.00939125,9.39125e-05
2019-10-21,0.0,0.0,0.0,204.5305,0.0,0.03213267,0.0003213267
2019-10-22,0.0,0.0,0.0,204.5236,0.0,-0.00337358,-3.37358e-05
2019-10-23,0.0,0.0,0.0,204.5053,0.0,-0.00894762,-8.94762e-05
2019-10-24,0.0,0.0,0.0,204.402,0.0,-0.05051214,-0.0005051214
2019-10-25,0.0,0.0,0.0,204.4327,0.0,0.01501942,0.0001501942
2019-10-28,0.0,0.0,0.0,204.4684,0.0,0.01746296,0.0001746296
2019-10-29,0.0,0.0,0.0,204.4346,0.0,-0.01653067,-0.00016530670000000001
2019-10-30,0.0,0.0,0.0,204.3587,0.0,-0.03712679,-0.0003712679
