,open,high,low,close,volume,pct_chg,ret
2007-01-04,0.0,0.0,0.0,158.58,0.0,0.0,0.0
2007-01-05,0.0,0.0,0.0,156.94,0.0,0.0,-0.01034178332702751
2007-01-08,0.0,0.0,0.0,153.72,0.0,0.0,-0.020517395182872433
2007-01-09,0.0,0.0,0.0,154.45,0.0,0.0,0.004748894093156375
2007-01-10,0.0,0.0,0.0,154.34,0.0,0.0,-0.0007122045969568669
2007-01-11,0.0,0.0,0.0,153.86,0.0,0.0,-0.0031100168459244903
2007-01-12,0.0,0.0,0.0,154.23,0.0,0.0,0.002404783569478486
2007-01-15,0.0,0.0,0.0,156.92,0.0,0.0,0.017441483498670696
2007-01-16,0.0,0.0,0.0,156.8,0.0,0.0,-0.000764720876879732
2007-01-17,0.0,0.0,0.0,156.48,0.0,0.0,-0.0020408163265307477
2007-01-18,0.0,0.0,0.0,157.8,0.0,0.0,0.008435582822086118
2007-01-19,0.0,0.0,0.0,157.48,0.0,0.0,-0.0020278833967047882
2007-01-22,0.0,0.0,0.0,158.66,0.0,0.0,0.007493014986029944
2007-01-23,0.0,0.0,0.0,158.82,0.0,0.0,0.0010084457330139518
2007-01-24,0.0,0.0,0.0,160.41,0.0,0.0,0.010011333585190796
2007-01-25,0.0,0.0,0.0,161.28,0.0,0.0,0.00542360201982417
2007-01-26,0.0,0.0,0.0,161.31,0.0,0.0,0.00018601190476186247
2007-01-29,0.0,0.0,0.0,161.51,0.0,0.0,0.0012398487384537304
2007-01-30,0.0,0.0,0.0,160.69,0.0,0.0,-0.005077085010216087
2007-01-31,0.0,0.0,0.0,161.22,0.0,0.0,0.0032982761839566166
2007-02-01,0.0,0.0,0.0,162.65,0.0,0.0,0.008869867262126352
2007-02-02,0.0,0.0,0.0,163.31,0.0,0.0,0.0040577928066400926
2007-02-05,0.0,0.0,0.0,161.65,0.0,0.0,-0.010164717408609358
2007-02-06,0.0,0.0,0.0,162.19,0.0,0.0,0.0033405505722239326
2007-02-07,0.0,0.0,0.0,163.48,0.0,0.0,0.007953634626055806
2007-02-08,0.0,0.0,0.0,162.58,0.0,0.0,-0.005505260582334137
2007-02-09,0.0,0.0,0.0,164.03,0.0,0.0,0.008918686185262592
2007-02-12,0.0,0.0,0.0,165.56,0.0,0.0,0.009327562031335779
2007-02-13,0.0,0.0,0.0,165.17,0.0,0.0,-0.0023556414592897923
2007-02-14,0.0,0.0,0.0,166.14,0.0,0.0,0.005872737179875243
2007-02-15,0.0,0.0,0.0,166.59,0.0,0.0,0.0027085590465874
2007-02-16,0.0,0.0,0.0,166.21,0.0,0.0,-0.0022810492826700335
2007-02-26,0.0,0.0,0.0,170.7,0.0,0.0,0.027014018410444596
2007-02-27,0.0,0.0,0.0,170.3,0.0,0.0,-0.0023432923257175053
2007-02-28,0.0,0.0,0.0,167.25,0.0,0.0,-0.01790957134468596
2007-03-01,0.0,0.0,0.0,167.9,0.0,0.0,0.0038863976083707286
2007-03-02,0.0,0.0,0.0,164.81,0.0,0.0,-0.01840381179273376
2007-03-05,0.0,0.0,0.0,159.6,0.0,0.0,-0.03161215945634377
2007-03-06,0.0,0.0,0.0,161.19,0.0,0.0,0.009962406015037617
2007-03-07,0.0,0.0,0.0,160.8,0.0,0.0,-0.002419504932067662
2007-03-08,0.0,0.0,0.0,163.1,0.0,0.0,0.014303482587064487
2007-03-09,0.0,0.0,0.0,163.0,0.0,0.0,-0.0006131207847945852
2007-03-12,0.0,0.0,0.0,162.77,0.0,0.0,-0.0014110429447852235
2007-03-13,0.0,0.0,0.0,162.28,0.0,0.0,-0.0030103827486638313
2007-03-14,0.0,0.0,0.0,160.28,0.0,0.0,-0.012324377618930238
2007-03-15,0.0,0.0,0.0,161.09,0.0,0.0,0.005053656101821735
2007-03-16,0.0,0.0,0.0,161.72,0.0,0.0,0.003910857284747715
2007-03-19,0.0,0.0,0.0,163.44,0.0,0.0,0.01063566658421955
2007-03-20,0.0,0.0,0.0,163.02,0.0,0.0,-0.0025697503671071598
2007-03-21,0.0,0.0,0.0,164.09,0.0,0.0,0.0065636118267697885
2007-03-22,0.0,0.0,0.0,165.15,0.0,0.0,0.006459869583764988
2007-03-23,0.0,0.0,0.0,164.5,0.0,0.0,-0.0039358159249167635
2007-03-26,0.0,0.0,0.0,164.15,0.0,0.0,-0.0021276595744680327
2007-03-27,0.0,0.0,0.0,165.22,0.0,0.0,0.006518428266829135
2007-03-28,0.0,0.0,0.0,165.5,0.0,0.0,0.001694710083524953
2007-03-29,0.0,0.0,0.0,165.27,0.0,0.0,-0.0013897280966767012
2007-03-30,0.0,0.0,0.0,165.36,0.0,0.0,0.0005445634416409995
2007-04-02,0.0,0.0,0.0,165.27,0.0,0.0,-0.0005442670537010308
2007-04-03,0.0,0.0,0.0,165.39,0.0,0.0,0.0007260845888543699
2007-04-04,0.0,0.0,0.0,166.45,0.0,0.0,0.00640909365741571
2007-04-05,0.0,0.0,0.0,167.19,0.0,0.0,0.004445779513367443
2007-04-06,0.0,0.0,0.0,167.5,0.0,0.0,0.001854177881452257
2007-04-09,0.0,0.0,0.0,166.98,0.0,0.0,-0.003104477611940326
2007-04-10,0.0,0.0,0.0,168.12,0.0,0.0,0.00682716492993185
2007-04-11,0.0,0.0,0.0,168.38,0.0,0.0,0.0015465143944801696
2007-04-12,0.0,0.0,0.0,168.84,0.0,0.0,0.002731915904501836
2007-04-13,0.0,0.0,0.0,168.29,0.0,0.0,-0.003257521914238448
2007-04-16,0.0,0.0,0.0,170.32,0.0,0.0,0.012062511141482046
2007-04-17,0.0,0.0,0.0,170.82,0.0,0.0,0.002935650540159651
2007-04-18,0.0,0.0,0.0,171.79,0.0,0.0,0.0056784919798618105
2007-04-19,0.0,0.0,0.0,170.08,0.0,0.0,-0.009954013621281677
2007-04-20,0.0,0.0,0.0,170.57,0.0,0.0,0.00288099717779855
2007-04-23,0.0,0.0,0.0,171.72,0.0,0.0,0.006742100017588015
2007-04-24,0.0,0.0,0.0,171.85,0.0,0.0,0.000757046354530555
2007-04-25,0.0,0.0,0.0,170.61,0.0,0.0,-0.007215594995635621
2007-04-26,0.0,0.0,0.0,170.63,0.0,0.0,0.00011722642283551465
2007-04-27,0.0,0.0,0.0,167.63,0.0,0.0,-0.017581902361835544
2007-04-30,0.0,0.0,0.0,168.23,0.0,0.0,0.0035793115790729857
2007-05-08,0.0,0.0,0.0,170.03,0.0,0.0,0.010699637401176965
2007-05-09,0.0,0.0,0.0,170.09,0.0,0.0,0.0003528789037228197
2007-05-10,0.0,0.0,0.0,168.51,0.0,0.0,-0.009289199835381345
2007-05-11,0.0,0.0,0.0,165.79,0.0,0.0,-0.016141475283365958
2007-05-14,0.0,0.0,0.0,166.4,0.0,0.0,0.003679353398878149
2007-05-15,0.0,0.0,0.0,166.0,0.0,0.0,-0.0024038461538461453
2007-05-16,0.0,0.0,0.0,166.6,0.0,0.0,0.0036144578313253017
2007-05-17,0.0,0.0,0.0,164.45,0.0,0.0,-0.012905162064825948
2007-05-18,0.0,0.0,0.0,162.66,0.0,0.0,-0.010884767406506457
2007-05-21,0.0,0.0,0.0,163.58,0.0,0.0,0.005655969506947134
2007-05-22,0.0,0.0,0.0,163.74,0.0,0.0,0.000978114683946707
2007-05-23,0.0,0.0,0.0,162.87,0.0,0.0,-0.005313301575668783
2007-05-24,0.0,0.0,0.0,163.14,0.0,0.0,0.0016577638607477851
2007-05-25,0.0,0.0,0.0,161.41,0.0,0.0,-0.010604388868456494
2007-05-28,0.0,0.0,0.0,161.79,0.0,0.0,0.002354253144166929
2007-05-29,0.0,0.0,0.0,161.82,0.0,0.0,0.00018542555164091645
2007-05-30,0.0,0.0,0.0,161.55,0.0,0.0,-0.0016685205784203738
2007-05-31,0.0,0.0,0.0,162.16,0.0,0.0,0.003775920767564056
2007-06-01,0.0,0.0,0.0,163.25,0.0,0.0,0.006721756290083869
2007-06-04,0.0,0.0,0.0,164.87,0.0,0.0,0.009923430321592708
2007-06-05,0.0,0.0,0.0,165.4,0.0,0.0,0.0032146539697943677
2007-06-06,0.0,0.0,0.0,165.03,0.0,0.0,-0.002237001209189904
2007-06-07,0.0,0.0,0.0,165.03,0.0,0.0,0.0
2007-06-08,0.0,0.0,0.0,162.39,0.0,0.0,-0.015997091437920496
2007-06-11,0.0,0.0,0.0,161.13,0.0,0.0,-0.007759098466654346
2007-06-12,0.0,0.0,0.0,160.82,0.0,0.0,-0.0019239123688946647
2007-06-13,0.0,0.0,0.0,159.0,0.0,0.0,-0.011317000373087915
2007-06-14,0.0,0.0,0.0,160.2,0.0,0.0,0.007547169811320753
2007-06-15,0.0,0.0,0.0,160.18,0.0,0.0,-0.00012484394506850904
2007-06-18,0.0,0.0,0.0,161.9,0.0,0.0,0.0107379198401798
2007-06-19,0.0,0.0,0.0,161.35,0.0,0.0,-0.0033971587399630465
2007-06-20,0.0,0.0,0.0,162.0,0.0,0.0,0.004028509451502904
2007-06-21,0.0,0.0,0.0,161.13,0.0,0.0,-0.005370370370370359
2007-06-22,0.0,0.0,0.0,160.46,0.0,0.0,-0.004158133184385182
2007-06-25,0.0,0.0,0.0,160.13,0.0,0.0,-0.0020565873114796185
2007-06-26,0.0,0.0,0.0,159.76,0.0,0.0,-0.0023106226191219603
2007-06-27,0.0,0.0,0.0,157.27,0.0,0.0,-0.015585878818227261
2007-06-28,0.0,0.0,0.0,158.46,0.0,0.0,0.00756660520124619
2007-06-29,0.0,0.0,0.0,158.8,0.0,0.0,0.0021456518995330853
2007-07-02,0.0,0.0,0.0,159.3,0.0,0.0,0.0031486146095718315
2007-07-03,0.0,0.0,0.0,161.03,0.0,0.0,0.010860012554927634
2007-07-04,0.0,0.0,0.0,160.29,0.0,0.0,-0.004595417003043001
2007-07-05,0.0,0.0,0.0,160.33,0.0,0.0,0.0002495476948032316
2007-07-06,0.0,0.0,0.0,158.83,0.0,0.0,-0.009355703860787101
2007-07-09,0.0,0.0,0.0,160.32,0.0,0.0,0.009381099288547468
2007-07-10,0.0,0.0,0.0,161.07,0.0,0.0,0.0046781437125749115
2007-07-11,0.0,0.0,0.0,162.19,0.0,0.0,0.006953498478922127
2007-07-12,0.0,0.0,0.0,161.36,0.0,0.0,-0.0051174548369196105
2007-07-13,0.0,0.0,0.0,162.09,0.0,0.0,0.004524045612295469
2007-07-16,0.0,0.0,0.0,162.32,0.0,0.0,0.0014189647726570165
2007-07-17,0.0,0.0,0.0,162.24,0.0,0.0,-0.0004928536224739766
2007-07-18,0.0,0.0,0.0,162.75,0.0,0.0,0.003143491124260267
2007-07-19,0.0,0.0,0.0,163.58,0.0,0.0,0.005099846390169027
2007-07-20,0.0,0.0,0.0,164.58,0.0,0.0,0.006113216774666919
2007-07-23,0.0,0.0,0.0,165.79,0.0,0.0,0.0073520476364077325
2007-07-24,0.0,0.0,0.0,165.86,0.0,0.0,0.0004222208818385198
2007-07-25,0.0,0.0,0.0,164.92,0.0,0.0,-0.005667430362956916
2007-07-26,0.0,0.0,0.0,164.56,0.0,0.0,-0.0021828765462040822
2007-07-27,0.0,0.0,0.0,161.63,0.0,0.0,-0.01780505590666026
2007-07-30,0.0,0.0,0.0,161.79,0.0,0.0,0.000989915238507777
2007-07-31,0.0,0.0,0.0,162.21,0.0,0.0,0.0025959577229743847
2007-08-01,0.0,0.0,0.0,160.97,0.0,0.0,-0.0076444115652549716
2007-08-02,0.0,0.0,0.0,161.94,0.0,0.0,0.006025967571597235
2007-08-03,0.0,0.0,0.0,162.27,0.0,0.0,0.002037791774731401
2007-08-06,0.0,0.0,0.0,163.65,0.0,0.0,0.008504344610833714
2007-08-07,0.0,0.0,0.0,163.05,0.0,0.0,-0.0036663611365719273
2007-08-08,0.0,0.0,0.0,163.3,0.0,0.0,0.0015332720024532343
2007-08-09,0.0,0.0,0.0,163.9,0.0,0.0,0.003674219228413822
2007-08-10,0.0,0.0,0.0,162.1,0.0,0.0,-0.010982306284319732
2007-08-13,0.0,0.0,0.0,163.29,0.0,0.0,0.007341147439851925
2007-08-14,0.0,0.0,0.0,163.33,0.0,0.0,0.000244962949353944
2007-08-15,0.0,0.0,0.0,162.74,0.0,0.0,-0.0036123186187473344
2007-08-16,0.0,0.0,0.0,162.72,0.0,0.0,-0.00012289541600107867
2007-08-17,0.0,0.0,0.0,159.59,0.0,0.0,-0.019235496558505427
2007-08-20,0.0,0.0,0.0,160.96,0.0,0.0,0.008584497775549815
2007-08-21,0.0,0.0,0.0,161.01,0.0,0.0,0.0003106361829023907
2007-08-22,0.0,0.0,0.0,161.1,0.0,0.0,0.0005589714924538747
2007-08-23,0.0,0.0,0.0,161.95,0.0,0.0,0.00527622594661703
2007-08-24,0.0,0.0,0.0,161.1,0.0,0.0,-0.005248533497993146
2007-08-27,0.0,0.0,0.0,162.42,0.0,0.0,0.00819366852886394
2007-08-28,0.0,0.0,0.0,162.27,0.0,0.0,-0.0009235315847800907
2007-08-29,0.0,0.0,0.0,161.8,0.0,0.0,-0.0028964072225303727
2007-08-30,0.0,0.0,0.0,161.68,0.0,0.0,-0.0007416563658838582
2007-08-31,0.0,0.0,0.0,162.03,0.0,0.0,0.0021647699158831024
2007-09-03,0.0,0.0,0.0,163.25,0.0,0.0,0.007529469851262016
2007-09-04,0.0,0.0,0.0,163.5,0.0,0.0,0.0015313935681469104
2007-09-05,0.0,0.0,0.0,164.98,0.0,0.0,0.009051987767584091
2007-09-06,0.0,0.0,0.0,165.8,0.0,0.0,0.004970299430234082
2007-09-07,0.0,0.0,0.0,167.82,0.0,0.0,0.012183353437876798
2007-09-10,0.0,0.0,0.0,170.03,0.0,0.0,0.013168871409843907
2007-09-11,0.0,0.0,0.0,170.18,0.0,0.0,0.0008821972593071603
2007-09-12,0.0,0.0,0.0,172.16,0.0,0.0,0.011634739687389706
2007-09-13,0.0,0.0,0.0,171.26,0.0,0.0,-0.005227695167286273
2007-09-14,0.0,0.0,0.0,170.89,0.0,0.0,-0.0021604577834871685
2007-09-17,0.0,0.0,0.0,172.18,0.0,0.0,0.007548715548013396
2007-09-18,0.0,0.0,0.0,173.42,0.0,0.0,0.007201765594145648
2007-09-19,0.0,0.0,0.0,175.31,0.0,0.0,0.01089839695536865
2007-09-20,0.0,0.0,0.0,175.48,0.0,0.0,0.0009697107980148889
2007-09-21,0.0,0.0,0.0,178.12,0.0,0.0,0.015044449509915792
2007-09-24,0.0,0.0,0.0,177.94,0.0,0.0,-0.001010554682236764
2007-09-25,0.0,0.0,0.0,176.28,0.0,0.0,-0.009328987299089597
2007-09-26,0.0,0.0,0.0,177.8,0.0,0.0,0.00862264579078742
2007-09-27,0.0,0.0,0.0,176.71,0.0,0.0,-0.006130483689538835
2007-09-28,0.0,0.0,0.0,178.2,0.0,0.0,0.008431894063720025
2007-10-08,0.0,0.0,0.0,178.42,0.0,0.0,0.0012345679012346622
2007-10-09,0.0,0.0,0.0,177.64,0.0,0.0,-0.004371707207712183
2007-10-10,0.0,0.0,0.0,178.8,0.0,0.0,0.006530060797117931
2007-10-11,0.0,0.0,0.0,179.7,0.0,0.0,0.00503355704697972
2007-10-12,0.0,0.0,0.0,180.5,0.0,0.0,0.004451864218141477
2007-10-15,0.0,0.0,0.0,182.8,0.0,0.0,0.012742382271468289
2007-10-16,0.0,0.0,0.0,185.32,0.0,0.0,0.013785557986870867
2007-10-17,0.0,0.0,0.0,183.0,0.0,0.0,-0.012518886250809325
2007-10-18,0.0,0.0,0.0,184.0,0.0,0.0,0.005464480874316946
2007-10-19,0.0,0.0,0.0,185.85,0.0,0.0,0.010054347826086829
2007-10-22,0.0,0.0,0.0,183.91,0.0,0.0,-0.010438525692762934
2007-10-23,0.0,0.0,0.0,183.54,0.0,0.0,-0.0020118536240553153
2007-10-24,0.0,0.0,0.0,182.61,0.0,0.0,-0.005067015364498051
2007-10-25,0.0,0.0,0.0,183.98,0.0,0.0,0.00750232736432821
2007-10-26,0.0,0.0,0.0,186.99,0.0,0.0,0.016360473964561528
2007-10-29,0.0,0.0,0.0,190.02,0.0,0.0,0.016204075084229164
2007-10-30,0.0,0.0,0.0,188.78,0.0,0.0,-0.0065256288811704755
2007-10-31,0.0,0.0,0.0,188.68,0.0,0.0,-0.0005297171310519877
2007-11-01,0.0,0.0,0.0,190.82,0.0,0.0,0.01134195463218135
2007-11-02,0.0,0.0,0.0,189.97,0.0,0.0,-0.0044544597002410535
2007-11-05,0.0,0.0,0.0,193.14,0.0,0.0,0.016686845291361774
2007-11-06,0.0,0.0,0.0,195.29,0.0,0.0,0.01113182147664915
2007-11-07,0.0,0.0,0.0,199.96,0.0,0.0,0.023913154795432545
2007-11-08,0.0,0.0,0.0,199.43,0.0,0.0,-0.0026505301060212316
2007-11-09,0.0,0.0,0.0,199.95,0.0,0.0,0.0026074311788597537
2007-11-12,0.0,0.0,0.0,195.6,0.0,0.0,-0.02175543885971487
2007-11-13,0.0,0.0,0.0,193.93,0.0,0.0,-0.008537832310838378
2007-11-14,0.0,0.0,0.0,193.13,0.0,0.0,-0.004125199814366098
2007-11-15,0.0,0.0,0.0,195.27,0.0,0.0,0.011080619271992997
2007-11-16,0.0,0.0,0.0,190.69,0.0,0.0,-0.023454703743534644
2007-11-19,0.0,0.0,0.0,189.69,0.0,0.0,-0.005244113482615775
2007-11-20,0.0,0.0,0.0,189.4,0.0,0.0,-0.0015288101639516771
2007-11-21,0.0,0.0,0.0,193.6,0.0,0.0,0.022175290390707536
2007-11-22,0.0,0.0,0.0,192.5,0.0,0.0,-0.005681818181818121
2007-11-23,0.0,0.0,0.0,193.62,0.0,0.0,0.0058181818181819445
2007-11-26,0.0,0.0,0.0,196.75,0.0,0.0,0.01616568536308227
2007-11-27,0.0,0.0,0.0,196.44,0.0,0.0,-0.0015756035578144978
2007-11-28,0.0,0.0,0.0,193.2,0.0,0.0,-0.016493585827733748
2007-11-29,0.0,0.0,0.0,192.0,0.0,0.0,-0.006211180124223503
2007-11-30,0.0,0.0,0.0,190.23,0.0,0.0,-0.009218750000000053
2007-12-03,0.0,0.0,0.0,188.81,0.0,0.0,-0.007464648057614376
2007-12-04,0.0,0.0,0.0,189.7,0.0,0.0,0.004713733382765595
2007-12-05,0.0,0.0,0.0,191.93,0.0,0.0,0.011755403268318476
2007-12-06,0.0,0.0,0.0,189.89,0.0,0.0,-0.010628875110717528
2007-12-07,0.0,0.0,0.0,190.64,0.0,0.0,0.003949655063457902
2007-12-10,0.0,0.0,0.0,190.24,0.0,0.0,-0.0020981955518253326
2007-12-11,0.0,0.0,0.0,192.31,0.0,0.0,0.010880992430613912
2007-12-12,0.0,0.0,0.0,191.25,0.0,0.0,-0.005511933856793716
2007-12-13,0.0,0.0,0.0,192.0,0.0,0.0,0.0039215686274509665
2007-12-14,0.0,0.0,0.0,190.5,0.0,0.0,-0.0078125
2007-12-17,0.0,0.0,0.0,189.1,0.0,0.0,-0.0073490813648294795
2007-12-18,0.0,0.0,0.0,189.42,0.0,0.0,0.0016922263352723288
2007-12-19,0.0,0.0,0.0,191.11,0.0,0.0,0.00892197233660652
2007-12-20,0.0,0.0,0.0,190.0,0.0,0.0,-0.005808173303333275
2007-12-21,0.0,0.0,0.0,190.5,0.0,0.0,0.002631578947368318
2007-12-24,0.0,0.0,0.0,192.16,0.0,0.0,0.008713910761154908
2007-12-25,0.0,0.0,0.0,192.27,0.0,0.0,0.0005724396336386217
2007-12-26,0.0,0.0,0.0,193.04,0.0,0.0,0.004004784937847727
2007-12-27,0.0,0.0,0.0,193.8,0.0,0.0,0.003937007874015741
2007-12-28,0.0,0.0,0.0,195.03,0.0,0.0,0.006346749226006088
2008-01-02,0.0,0.0,0.0,196.46,0.0,0.0,0.007332205301748385
2008-01-03,0.0,0.0,0.0,200.8,0.0,0.0,0.02209101089280252
2008-01-04,0.0,0.0,0.0,202.5,0.0,0.0,0.008466135458167212
2008-01-07,0.0,0.0,0.0,200.26,0.0,0.0,-0.01106172839506181
2008-01-08,0.0,0.0,0.0,203.9,0.0,0.0,0.01817637071806666
2008-01-09,0.0,0.0,0.0,208.83,0.0,0.0,0.02417851888180489
2008-01-10,0.0,0.0,0.0,205.6,0.0,0.0,-0.01546712637073222
2008-01-11,0.0,0.0,0.0,208.4,0.0,0.0,0.013618677042801508
2008-01-14,0.0,0.0,0.0,211.18,0.0,0.0,0.013339731285988421
2008-01-15,0.0,0.0,0.0,212.34,0.0,0.0,0.005492944407614386
2008-01-16,0.0,0.0,0.0,206.72,0.0,0.0,-0.02646698690778937
2008-01-17,0.0,0.0,0.0,206.98,0.0,0.0,0.0012577399380804266
2008-01-18,0.0,0.0,0.0,205.25,0.0,0.0,-0.008358295487486678
2008-01-21,0.0,0.0,0.0,205.76,0.0,0.0,0.0024847746650424885
2008-01-22,0.0,0.0,0.0,200.4,0.0,0.0,-0.026049766718506895
2008-01-23,0.0,0.0,0.0,207.33,0.0,0.0,0.034580838323353236
2008-01-24,0.0,0.0,0.0,207.25,0.0,0.0,-0.00038585829354176315
2008-01-25,0.0,0.0,0.0,211.85,0.0,0.0,0.02219541616405296
2008-01-28,0.0,0.0,0.0,213.09,0.0,0.0,0.0058531980174652
2008-01-29,0.0,0.0,0.0,214.3,0.0,0.0,0.005678351870101794
2008-01-30,0.0,0.0,0.0,214.0,0.0,0.0,-0.0013999066728884735
2008-01-31,0.0,0.0,0.0,213.98,0.0,0.0,-9.345794392523477e-05
2008-02-01,0.0,0.0,0.0,213.98,0.0,0.0,0.0
2008-02-04,0.0,0.0,0.0,210.11,0.0,0.0,-0.0180858024114402
2008-02-05,0.0,0.0,0.0,208.97,0.0,0.0,-0.005425729379848754
2008-02-13,0.0,0.0,0.0,208.2,0.0,0.0,-0.00368473943628278
2008-02-14,0.0,0.0,0.0,210.87,0.0,0.0,0.012824207492795558
2008-02-15,0.0,0.0,0.0,210.45,0.0,0.0,-0.001991748470621779
2008-02-18,0.0,0.0,0.0,209.33,0.0,0.0,-0.005321929199334607
2008-02-19,0.0,0.0,0.0,210.16,0.0,0.0,0.003965031290307008
2008-02-20,0.0,0.0,0.0,213.35,0.0,0.0,0.01517891130567195
2008-02-21,0.0,0.0,0.0,216.49,0.0,0.0,0.014717600187485358
2008-02-22,0.0,0.0,0.0,217.18,0.0,0.0,0.003187214190031762
2008-02-25,0.0,0.0,0.0,217.89,0.0,0.0,0.0032691776406665873
2008-02-26,0.0,0.0,0.0,214.8,0.0,0.0,-0.014181467713066165
2008-02-27,0.0,0.0,0.0,219.8,0.0,0.0,0.023277467411545683
2008-02-28,0.0,0.0,0.0,218.49,0.0,0.0,-0.005959963603275664
2008-02-29,0.0,0.0,0.0,221.35,0.0,0.0,0.013089843928783873
2008-03-03,0.0,0.0,0.0,224.89,0.0,0.0,0.01599277162864232
2008-03-04,0.0,0.0,0.0,224.51,0.0,0.0,-0.001689714971763956
2008-03-05,0.0,0.0,0.0,220.9,0.0,0.0,-0.016079461939334516
2008-03-06,0.0,0.0,0.0,225.73,0.0,0.0,0.02186509732910813
2008-03-07,0.0,0.0,0.0,225.0,0.0,0.0,-0.003233952066628243
2008-03-10,0.0,0.0,0.0,224.01,0.0,0.0,-0.0044000000000000705
2008-03-11,0.0,0.0,0.0,222.38,0.0,0.0,-0.007276460872282509
2008-03-12,0.0,0.0,0.0,223.0,0.0,0.0,0.0027880205054411356
2008-03-13,0.0,0.0,0.0,225.2,0.0,0.0,0.009865470852017832
2008-03-14,0.0,0.0,0.0,226.9,0.0,0.0,0.0075488454706929
2008-03-17,0.0,0.0,0.0,233.59,0.0,0.0,0.0294843543411194
2008-03-18,0.0,0.0,0.0,228.78,0.0,0.0,-0.020591634915878232
2008-03-19,0.0,0.0,0.0,226.0,0.0,0.0,-0.012151411836698989
2008-03-20,0.0,0.0,0.0,213.65,0.0,0.0,-0.054646017699115035
2008-03-21,0.0,0.0,0.0,209.95,0.0,0.0,-0.017318043529136462
2008-03-24,0.0,0.0,0.0,206.9,0.0,0.0,-0.014527268397237392
2008-03-25,0.0,0.0,0.0,210.34,0.0,0.0,0.016626389560173926
2008-03-26,0.0,0.0,0.0,212.21,0.0,0.0,0.008890367975658453
2008-03-27,0.0,0.0,0.0,214.64,0.0,0.0,0.011450921257245117
2008-03-28,0.0,0.0,0.0,213.31,0.0,0.0,-0.0061964219157658595
2008-03-31,0.0,0.0,0.0,212.0,0.0,0.0,-0.006141296704327059
2008-04-01,0.0,0.0,0.0,205.0,0.0,0.0,-0.03301886792452835
2008-04-02,0.0,0.0,0.0,200.99,0.0,0.0,-0.019560975609756004
2008-04-03,0.0,0.0,0.0,203.39,0.0,0.0,0.011940892581720375
2008-04-07,0.0,0.0,0.0,205.75,0.0,0.0,0.011603323663897047
2008-04-08,0.0,0.0,0.0,207.15,0.0,0.0,0.006804374240583222
2008-04-09,0.0,0.0,0.0,204.86,0.0,0.0,-0.011054791214096027
2008-04-10,0.0,0.0,0.0,208.99,0.0,0.0,0.02016010934296597
2008-04-11,0.0,0.0,0.0,208.09,0.0,0.0,-0.0043064261447915975
2008-04-14,0.0,0.0,0.0,207.3,0.0,0.0,-0.0037964342351866076
2008-04-15,0.0,0.0,0.0,210.19,0.0,0.0,0.013941148094548828
2008-04-16,0.0,0.0,0.0,209.0,0.0,0.0,-0.005661544317046463
2008-04-17,0.0,0.0,0.0,212.47,0.0,0.0,0.016602870813397175
2008-04-18,0.0,0.0,0.0,212.34,0.0,0.0,-0.0006118510848590608
2008-04-21,0.0,0.0,0.0,207.29,0.0,0.0,-0.02378261279080729
2008-04-22,0.0,0.0,0.0,206.02,0.0,0.0,-0.0061266824255872265
2008-04-23,0.0,0.0,0.0,206.75,0.0,0.0,0.003543345306280976
2008-04-24,0.0,0.0,0.0,203.71,0.0,0.0,-0.014703748488512636
2008-04-25,0.0,0.0,0.0,200.32,0.0,0.0,-0.016641303814245778
2008-04-28,0.0,0.0,0.0,202.02,0.0,0.0,0.008486421725239612
2008-04-29,0.0,0.0,0.0,200.0,0.0,0.0,-0.009999009999010045
2008-04-30,0.0,0.0,0.0,198.13,0.0,0.0,-0.00934999999999997
2008-05-05,0.0,0.0,0.0,194.98,0.0,0.0,-0.015898652399939484
2008-05-06,0.0,0.0,0.0,196.8,0.0,0.0,0.009334290696481728
2008-05-07,0.0,0.0,0.0,196.46,0.0,0.0,-0.0017276422764227473
2008-05-08,0.0,0.0,0.0,194.91,0.0,0.0,-0.007889646747429535
2008-05-09,0.0,0.0,0.0,199.0,0.0,0.0,0.020984043917705586
2008-05-12,0.0,0.0,0.0,198.0,0.0,0.0,-0.005025125628140725
2008-05-13,0.0,0.0,0.0,197.34,0.0,0.0,-0.0033333333333332993
2008-05-14,0.0,0.0,0.0,195.3,0.0,0.0,-0.010337488598358147
2008-05-15,0.0,0.0,0.0,195.7,0.0,0.0,0.0020481310803890374
2008-05-16,0.0,0.0,0.0,198.3,0.0,0.0,0.01328564128768539
2008-05-19,0.0,0.0,0.0,203.4,0.0,0.0,0.02571860816944027
2008-05-20,0.0,0.0,0.0,203.71,0.0,0.0,0.0015240904621436346
2008-05-21,0.0,0.0,0.0,205.64,0.0,0.0,0.009474252614009915
2008-05-22,0.0,0.0,0.0,208.06,0.0,0.0,0.011768138494456348
2008-05-23,0.0,0.0,0.0,205.59,0.0,0.0,-0.011871575507065302
2008-05-26,0.0,0.0,0.0,206.79,0.0,0.0,0.005836859769444036
2008-05-27,0.0,0.0,0.0,206.69,0.0,0.0,-0.00048358237825807393
2008-05-28,0.0,0.0,0.0,203.07,0.0,0.0,-0.01751415162804204
2008-05-29,0.0,0.0,0.0,200.3,0.0,0.0,-0.013640616536169659
2008-05-30,0.0,0.0,0.0,195.79,0.0,0.0,-0.022516225661507794
2008-06-02,0.0,0.0,0.0,197.64,0.0,0.0,0.009448899330915639
2008-06-03,0.0,0.0,0.0,199.6,0.0,0.0,0.009917020845982671
2008-06-04,0.0,0.0,0.0,196.1,0.0,0.0,-0.01753507014028055
2008-06-05,0.0,0.0,0.0,196.79,0.0,0.0,0.003518612952575273
2008-06-06,0.0,0.0,0.0,196.65,0.0,0.0,-0.0007114182631230426
2008-06-10,0.0,0.0,0.0,197.49,0.0,0.0,0.004271548436308281
2008-06-11,0.0,0.0,0.0,195.26,0.0,0.0,-0.011291710972707536
2008-06-12,0.0,0.0,0.0,193.8,0.0,0.0,-0.0074772098740140125
2008-06-13,0.0,0.0,0.0,193.8,0.0,0.0,0.0
2008-06-16,0.0,0.0,0.0,193.62,0.0,0.0,-0.0009287925696594979
2008-06-17,0.0,0.0,0.0,196.34,0.0,0.0,0.014048135523189842
2008-06-18,0.0,0.0,0.0,196.39,0.0,0.0,0.00025466028318210654
2008-06-19,0.0,0.0,0.0,197.26,0.0,0.0,0.004429960792301069
2008-06-20,0.0,0.0,0.0,199.3,0.0,0.0,0.010341681030112682
2008-06-23,0.0,0.0,0.0,199.93,0.0,0.0,0.0031610637230305993
2008-06-24,0.0,0.0,0.0,195.95,0.0,0.0,-0.01990696743860365
2008-06-25,0.0,0.0,0.0,196.15,0.0,0.0,0.0010206685378923996
2008-06-26,0.0,0.0,0.0,196.29,0.0,0.0,0.0007137394850877943
2008-06-27,0.0,0.0,0.0,201.5,0.0,0.0,0.026542360792704667
2008-06-30,0.0,0.0,0.0,204.59,0.0,0.0,0.015334987593052185
2008-07-01,0.0,0.0,0.0,204.19,0.0,0.0,-0.0019551297717386174
2008-07-02,0.0,0.0,0.0,207.59,0.0,0.0,0.016651158234977315
2008-07-03,0.0,0.0,0.0,207.98,0.0,0.0,0.001878703213064048
2008-07-04,0.0,0.0,0.0,206.22,0.0,0.0,-0.008462352149245067
2008-07-07,0.0,0.0,0.0,203.3,0.0,0.0,-0.014159635340898036
2008-07-08,0.0,0.0,0.0,205.13,0.0,0.0,0.009001475651746027
2008-07-09,0.0,0.0,0.0,203.32,0.0,0.0,-0.008823672792863113
2008-07-10,0.0,0.0,0.0,204.29,0.0,0.0,0.00477080464292734
2008-07-11,0.0,0.0,0.0,207.42,0.0,0.0,0.015321356894610672
2008-07-14,0.0,0.0,0.0,211.29,0.0,0.0,0.018657795776684916
2008-07-15,0.0,0.0,0.0,213.09,0.0,0.0,0.00851909697572073
2008-07-16,0.0,0.0,0.0,213.03,0.0,0.0,-0.000281571167112471
2008-07-17,0.0,0.0,0.0,211.27,0.0,0.0,-0.008261747171759759
2008-07-18,0.0,0.0,0.0,211.49,0.0,0.0,0.0010413215316893432
2008-07-21,0.0,0.0,0.0,211.1,0.0,0.0,-0.0018440588207481179
2008-07-22,0.0,0.0,0.0,213.01,0.0,0.0,0.009047844623401247
2008-07-23,0.0,0.0,0.0,206.79,0.0,0.0,-0.029200507018449784
2008-07-24,0.0,0.0,0.0,203.9,0.0,0.0,-0.013975530731660024
2008-07-25,0.0,0.0,0.0,204.9,0.0,0.0,0.004904364884747325
2008-07-28,0.0,0.0,0.0,204.43,0.0,0.0,-0.002293801854563182
2008-07-29,0.0,0.0,0.0,204.87,0.0,0.0,0.0021523259795528382
2008-07-30,0.0,0.0,0.0,201.61,0.0,0.0,-0.015912529897007865
2008-07-31,0.0,0.0,0.0,201.0,0.0,0.0,-0.003025643569267489
2008-08-01,0.0,0.0,0.0,200.7,0.0,0.0,-0.0014925373134329067
2008-08-04,0.0,0.0,0.0,201.6,0.0,0.0,0.004484304932735439
2008-08-05,0.0,0.0,0.0,196.4,0.0,0.0,-0.025793650793650702
2008-08-06,0.0,0.0,0.0,195.8,0.0,0.0,-0.003054989816700604
2008-08-07,0.0,0.0,0.0,195.58,0.0,0.0,-0.0011235955056180247
2008-08-08,0.0,0.0,0.0,191.5,0.0,0.0,-0.020861028735044584
2008-08-11,0.0,0.0,0.0,189.88,0.0,0.0,-0.008459530026109663
2008-08-12,0.0,0.0,0.0,180.0,0.0,0.0,-0.05203286286075415
2008-08-13,0.0,0.0,0.0,182.84,0.0,0.0,0.01577777777777789
2008-08-14,0.0,0.0,0.0,184.26,0.0,0.0,0.007766353095602696
2008-08-15,0.0,0.0,0.0,175.5,0.0,0.0,-0.047541517421035406
2008-08-18,0.0,0.0,0.0,178.06,0.0,0.0,0.01458689458689455
2008-08-19,0.0,0.0,0.0,174.0,0.0,0.0,-0.0228013029315961
2008-08-20,0.0,0.0,0.0,179.99,0.0,0.0,0.034425287356322
2008-08-21,0.0,0.0,0.0,180.94,0.0,0.0,0.005278071003944618
2008-08-22,0.0,0.0,0.0,184.04,0.0,0.0,0.017132751188239093
2008-08-25,0.0,0.0,0.0,181.19,0.0,0.0,-0.015485763964355526
2008-08-26,0.0,0.0,0.0,180.88,0.0,0.0,-0.0017109111981897795
2008-08-27,0.0,0.0,0.0,182.58,0.0,0.0,0.009398496240601517
2008-08-28,0.0,0.0,0.0,183.78,0.0,0.0,0.006572461386789241
2008-08-29,0.0,0.0,0.0,183.98,0.0,0.0,0.001088257699423112
2008-09-01,0.0,0.0,0.0,183.8,0.0,0.0,-0.0009783672138274913
2008-09-02,0.0,0.0,0.0,178.28,0.0,0.0,-0.03003264417845486
2008-09-03,0.0,0.0,0.0,176.3,0.0,0.0,-0.011106125196320371
2008-09-04,0.0,0.0,0.0,178.71,0.0,0.0,0.013669880884855434
2008-09-05,0.0,0.0,0.0,176.9,0.0,0.0,-0.010128140562923216
2008-09-08,0.0,0.0,0.0,179.89,0.0,0.0,0.016902204635387053
2008-09-09,0.0,0.0,0.0,176.59,0.0,0.0,-0.018344543887931386
2008-09-10,0.0,0.0,0.0,171.68,0.0,0.0,-0.027804518942182388
2008-09-11,0.0,0.0,0.0,167.36,0.0,0.0,-0.025163094128611285
2008-09-12,0.0,0.0,0.0,167.87,0.0,0.0,0.0030473231357552866
2008-09-16,0.0,0.0,0.0,171.45,0.0,0.0,0.021326026091618377
2008-09-17,0.0,0.0,0.0,173.99,0.0,0.0,0.014814814814814836
2008-09-18,0.0,0.0,0.0,191.19,0.0,0.0,0.09885625610667281
2008-09-19,0.0,0.0,0.0,185.07,0.0,0.0,-0.032010042366232616
2008-09-22,0.0,0.0,0.0,191.29,0.0,0.0,0.03360890473874756
2008-09-23,0.0,0.0,0.0,193.98,0.0,0.0,0.014062418317737357
2008-09-24,0.0,0.0,0.0,194.4,0.0,0.0,0.0021651716671822197
2008-09-25,0.0,0.0,0.0,195.7,0.0,0.0,0.006687242798353754
2008-09-26,0.0,0.0,0.0,192.75,0.0,0.0,-0.01507409299948892
2008-10-06,0.0,0.0,0.0,183.18,0.0,0.0,-0.049649805447470774
2008-10-07,0.0,0.0,0.0,191.3,0.0,0.0,0.044327983404301774
2008-10-08,0.0,0.0,0.0,196.28,0.0,0.0,0.026032409827495995
2008-10-09,0.0,0.0,0.0,194.31,0.0,0.0,-0.010036682290605281
2008-10-10,0.0,0.0,0.0,202.39,0.0,0.0,0.041583037414440804
2008-10-13,0.0,0.0,0.0,189.67,0.0,0.0,-0.06284895498789467
2008-10-14,0.0,0.0,0.0,186.79,0.0,0.0,-0.015184267411820551
2008-10-15,0.0,0.0,0.0,186.97,0.0,0.0,0.0009636490176134771
2008-10-16,0.0,0.0,0.0,184.25,0.0,0.0,-0.014547788415253726
2008-10-17,0.0,0.0,0.0,179.04,0.0,0.0,-0.028276797829036693
2008-10-20,0.0,0.0,0.0,178.49,0.0,0.0,-0.003071939231456544
2008-10-21,0.0,0.0,0.0,175.0,0.0,0.0,-0.019552916129755182
2008-10-22,0.0,0.0,0.0,169.0,0.0,0.0,-0.03428571428571425
2008-10-23,0.0,0.0,0.0,162.9,0.0,0.0,-0.03609467455621296
2008-10-24,0.0,0.0,0.0,160.81,0.0,0.0,-0.012829957028852035
2008-10-27,0.0,0.0,0.0,162.87,0.0,0.0,0.012810148622598216
2008-10-28,0.0,0.0,0.0,167.03,0.0,0.0,0.02554184318781849
2008-10-29,0.0,0.0,0.0,167.56,0.0,0.0,0.0031730826797582434
2008-10-30,0.0,0.0,0.0,171.06,0.0,0.0,0.020888040105037087
2008-10-31,0.0,0.0,0.0,164.0,0.0,0.0,-0.04127206828013563
2008-11-03,0.0,0.0,0.0,165.8,0.0,0.0,0.01097560975609757
2008-11-04,0.0,0.0,0.0,164.82,0.0,0.0,-0.0059107358262968646
2008-11-05,0.0,0.0,0.0,167.5,0.0,0.0,0.016260162601626105
2008-11-06,0.0,0.0,0.0,165.51,0.0,0.0,-0.011880597014925387
2008-11-07,0.0,0.0,0.0,165.52,0.0,0.0,6.041931001155021e-05
2008-11-10,0.0,0.0,0.0,167.9,0.0,0.0,0.014378927017882903
2008-11-11,0.0,0.0,0.0,167.18,0.0,0.0,-0.004288266825491327
2008-11-12,0.0,0.0,0.0,165.64,0.0,0.0,-0.009211628185189724
2008-11-13,0.0,0.0,0.0,161.79,0.0,0.0,-0.02324317797633424
2008-11-14,0.0,0.0,0.0,164.44,0.0,0.0,0.01637925706162302
2008-11-17,0.0,0.0,0.0,166.0,0.0,0.0,0.009486742884942778
2008-11-18,0.0,0.0,0.0,165.43,0.0,0.0,-0.003433734939758959
2008-11-19,0.0,0.0,0.0,165.6,0.0,0.0,0.0010276249773317758
2008-11-20,0.0,0.0,0.0,166.0,0.0,0.0,0.0024154589371980784
2008-11-21,0.0,0.0,0.0,167.66,0.0,0.0,0.010000000000000009
2008-11-24,0.0,0.0,0.0,173.5,0.0,0.0,0.03483239890254097
2008-11-25,0.0,0.0,0.0,178.49,0.0,0.0,0.028760806916426462
2008-11-26,0.0,0.0,0.0,178.8,0.0,0.0,0.0017367919771416052
2008-11-27,0.0,0.0,0.0,178.8,0.0,0.0,0.0
2008-11-28,0.0,0.0,0.0,179.01,0.0,0.0,0.0011744966442952531
2008-12-01,0.0,0.0,0.0,178.39,0.0,0.0,-0.0034634936595721033
2008-12-02,0.0,0.0,0.0,170.76,0.0,0.0,-0.042771455799091807
2008-12-03,0.0,0.0,0.0,173.54,0.0,0.0,0.016280159287889395
2008-12-04,0.0,0.0,0.0,171.56,0.0,0.0,-0.011409473320271979
2008-12-05,0.0,0.0,0.0,173.12,0.0,0.0,0.009093028678013537
2008-12-08,0.0,0.0,0.0,172.3,0.0,0.0,-0.004736598890942689
2008-12-09,0.0,0.0,0.0,173.61,0.0,0.0,0.007603017991874683
2008-12-10,0.0,0.0,0.0,175.0,0.0,0.0,0.008006451241287849
2008-12-11,0.0,0.0,0.0,180.53,0.0,0.0,0.03160000000000007
2008-12-12,0.0,0.0,0.0,178.49,0.0,0.0,-0.011300060931701106
2008-12-15,0.0,0.0,0.0,182.01,0.0,0.0,0.019720992772704227
2008-12-16,0.0,0.0,0.0,183.8,0.0,0.0,0.009834624471183107
2008-12-17,0.0,0.0,0.0,186.0,0.0,0.0,0.01196953210010876
2008-12-18,0.0,0.0,0.0,188.83,0.0,0.0,0.015215053763441011
2008-12-19,0.0,0.0,0.0,187.15,0.0,0.0,-0.008896891383784356
2008-12-22,0.0,0.0,0.0,186.01,0.0,0.0,-0.006091370558375719
2008-12-23,0.0,0.0,0.0,187.17,0.0,0.0,0.006236223858932188
2008-12-24,0.0,0.0,0.0,185.3,0.0,0.0,-0.009990917347865502
2008-12-25,0.0,0.0,0.0,186.6,0.0,0.0,0.007015650296815945
2008-12-26,0.0,0.0,0.0,187.2,0.0,0.0,0.003215434083601254
2008-12-29,0.0,0.0,0.0,194.8,0.0,0.0,0.040598290598290676
2008-12-30,0.0,0.0,0.0,192.69,0.0,0.0,-0.010831622176591393
2008-12-31,0.0,0.0,0.0,190.65,0.0,0.0,-0.01058695313716329
2009-01-05,0.0,0.0,0.0,192.02,0.0,0.0,0.007185942827170333
2009-01-06,0.0,0.0,0.0,187.67,0.0,0.0,-0.022653890219768935
2009-01-07,0.0,0.0,0.0,189.77,0.0,0.0,0.011189854531891141
2009-01-08,0.0,0.0,0.0,187.5,0.0,0.0,-0.011961848553512233
2009-01-09,0.0,0.0,0.0,189.69,0.0,0.0,0.011679999999999913
2009-01-12,0.0,0.0,0.0,188.59,0.0,0.0,-0.005798935104644354
2009-01-13,0.0,0.0,0.0,181.81,0.0,0.0,-0.03595100482528235
2009-01-14,0.0,0.0,0.0,182.99,0.0,0.0,0.006490292063142888
2009-01-15,0.0,0.0,0.0,180.33,0.0,0.0,-0.014536313459751926
2009-01-16,0.0,0.0,0.0,182.47,0.0,0.0,0.011867132479343345
2009-01-19,0.0,0.0,0.0,185.2,0.0,0.0,0.01496136351181021
2009-01-20,0.0,0.0,0.0,182.95,0.0,0.0,-0.012149028077753754
2009-01-21,0.0,0.0,0.0,187.57,0.0,0.0,0.025252801311833828
2009-01-22,0.0,0.0,0.0,187.8,0.0,0.0,0.00122620888201741
2009-01-23,0.0,0.0,0.0,188.49,0.0,0.0,0.003674121405750741
2009-02-02,0.0,0.0,0.0,199.75,0.0,0.0,0.05973791713088228
2009-02-03,0.0,0.0,0.0,198.09,0.0,0.0,-0.008310387984981182
2009-02-04,0.0,0.0,0.0,197.53,0.0,0.0,-0.0028269978292695397
2009-02-05,0.0,0.0,0.0,199.0,0.0,0.0,0.007441907558345617
2009-02-06,0.0,0.0,0.0,201.2,0.0,0.0,0.011055276381909396
2009-02-09,0.0,0.0,0.0,198.87,0.0,0.0,-0.011580516898608284
2009-02-10,0.0,0.0,0.0,196.96,0.0,0.0,-0.009604264092120451
2009-02-11,0.0,0.0,0.0,200.72,0.0,0.0,0.019090170593013767
2009-02-12,0.0,0.0,0.0,206.58,0.0,0.0,0.02919489836588296
2009-02-13,0.0,0.0,0.0,206.8,0.0,0.0,0.0010649627263046302
2009-02-16,0.0,0.0,0.0,206.49,0.0,0.0,-0.0014990328820115861
2009-02-17,0.0,0.0,0.0,211.1,0.0,0.0,0.02232553634558565
2009-02-18,0.0,0.0,0.0,213.65,0.0,0.0,0.012079583135954586
2009-02-19,0.0,0.0,0.0,214.22,0.0,0.0,0.0026679148139481246
2009-02-20,0.0,0.0,0.0,214.99,0.0,0.0,0.0035944356269257405
2009-02-23,0.0,0.0,0.0,216.62,0.0,0.0,0.007581747988278487
2009-02-24,0.0,0.0,0.0,217.15,0.0,0.0,0.0024466808235619197
2009-02-25,0.0,0.0,0.0,210.4,0.0,0.0,-0.031084503799217122
2009-02-26,0.0,0.0,0.0,209.89,0.0,0.0,-0.00242395437262366
2009-02-27,0.0,0.0,0.0,207.51,0.0,0.0,-0.011339272952498924
2009-03-02,0.0,0.0,0.0,209.98,0.0,0.0,0.011903040817309973
2009-03-03,0.0,0.0,0.0,203.42,0.0,0.0,-0.031241070578150287
2009-03-04,0.0,0.0,0.0,201.48,0.0,0.0,-0.009536918690394303
2009-03-05,0.0,0.0,0.0,201.43,0.0,0.0,-0.00024816358943802186
2009-03-06,0.0,0.0,0.0,207.3,0.0,0.0,0.029141637293352618
2009-03-09,0.0,0.0,0.0,205.59,0.0,0.0,-0.008248914616497904
2009-03-10,0.0,0.0,0.0,201.8,0.0,0.0,-0.01843474877182738
2009-03-11,0.0,0.0,0.0,198.04,0.0,0.0,-0.018632309217046727
2009-03-12,0.0,0.0,0.0,201.56,0.0,0.0,0.01777418703292266
2009-03-13,0.0,0.0,0.0,203.37,0.0,0.0,0.008979956340543715
2009-03-16,0.0,0.0,0.0,203.99,0.0,0.0,0.003048630574814304
2009-03-17,0.0,0.0,0.0,202.5,0.0,0.0,-0.007304279621550114
2009-03-18,0.0,0.0,0.0,200.4,0.0,0.0,-0.010370370370370363
2009-03-19,0.0,0.0,0.0,204.85,0.0,0.0,0.022205588822355127
2009-03-20,0.0,0.0,0.0,210.0,0.0,0.0,0.025140346595069696
2009-03-23,0.0,0.0,0.0,210.32,0.0,0.0,0.0015238095238094829
2009-03-24,0.0,0.0,0.0,206.49,0.0,0.0,-0.01821034613921635
2009-03-25,0.0,0.0,0.0,204.09,0.0,0.0,-0.011622838878396102
2009-03-26,0.0,0.0,0.0,205.47,0.0,0.0,0.006761722769366374
2009-03-27,0.0,0.0,0.0,204.91,0.0,0.0,-0.0027254587044337475
2009-03-30,0.0,0.0,0.0,203.69,0.0,0.0,-0.005953833390268892
2009-03-31,0.0,0.0,0.0,202.56,0.0,0.0,-0.0055476459325445315
2009-04-01,0.0,0.0,0.0,202.1,0.0,0.0,-0.002270932069510345
2009-04-02,0.0,0.0,0.0,202.88,0.0,0.0,0.003859475507174581
2009-04-03,0.0,0.0,0.0,199.7,0.0,0.0,-0.01567429022082023
2009-04-07,0.0,0.0,0.0,193.99,0.0,0.0,-0.028592889334000948
2009-04-08,0.0,0.0,0.0,195.66,0.0,0.0,0.008608691169647908
2009-04-09,0.0,0.0,0.0,194.58,0.0,0.0,-0.00551977920883151
2009-04-10,0.0,0.0,0.0,194.75,0.0,0.0,0.0008736766368588889
2009-04-13,0.0,0.0,0.0,196.05,0.0,0.0,0.006675224646983446
2009-04-14,0.0,0.0,0.0,197.59,0.0,0.0,0.00785513899515422
2009-04-15,0.0,0.0,0.0,196.2,0.0,0.0,-0.0070347689660408275
2009-04-16,0.0,0.0,0.0,196.59,0.0,0.0,0.0019877675840980213
2009-04-17,0.0,0.0,0.0,192.66,0.0,0.0,-0.019990843888295418
2009-04-20,0.0,0.0,0.0,191.91,0.0,0.0,-0.0038928682653378566
2009-04-21,0.0,0.0,0.0,196.03,0.0,0.0,0.021468396644260368
2009-04-22,0.0,0.0,0.0,195.42,0.0,0.0,-0.0031117686068459216
2009-04-23,0.0,0.0,0.0,196.37,0.0,0.0,0.0048613243270905215
2009-04-24,0.0,0.0,0.0,200.29,0.0,0.0,0.01996231603605425
2009-04-27,0.0,0.0,0.0,200.0,0.0,0.0,-0.001447900544210845
2009-04-28,0.0,0.0,0.0,197.2,0.0,0.0,-0.014000000000000012
2009-04-29,0.0,0.0,0.0,197.12,0.0,0.0,-0.00040567951318448703
2009-04-30,0.0,0.0,0.0,197.75,0.0,0.0,0.003196022727272707
2009-05-04,0.0,0.0,0.0,196.7,0.0,0.0,-0.005309734513274433
2009-05-05,0.0,0.0,0.0,198.3,0.0,0.0,0.00813421453990859
2009-05-06,0.0,0.0,0.0,198.4,0.0,0.0,0.0005042864346949116
2009-05-07,0.0,0.0,0.0,200.1,0.0,0.0,0.008568548387096753
2009-05-08,0.0,0.0,0.0,200.53,0.0,0.0,0.0021489255372313387
2009-05-11,0.0,0.0,0.0,200.85,0.0,0.0,0.0015957712063032758
2009-05-12,0.0,0.0,0.0,200.67,0.0,0.0,-0.0008961911874533213
2009-05-13,0.0,0.0,0.0,203.11,0.0,0.0,0.012159266457367979
2009-05-14,0.0,0.0,0.0,202.19,0.0,0.0,-0.004529565260203872
2009-05-15,0.0,0.0,0.0,203.18,0.0,0.0,0.0048963845887533
2009-05-18,0.0,0.0,0.0,204.62,0.0,0.0,0.007087311743281699
2009-05-19,0.0,0.0,0.0,202.46,0.0,0.0,-0.010556152868732238
2009-05-20,0.0,0.0,0.0,203.74,0.0,0.0,0.006322236491158817
2009-05-21,0.0,0.0,0.0,207.0,0.0,0.0,0.016000785314616683
2009-05-22,0.0,0.0,0.0,208.61,0.0,0.0,0.007777777777777883
2009-05-25,0.0,0.0,0.0,209.05,0.0,0.0,0.002109198983749616
2009-05-26,0.0,0.0,0.0,209.23,0.0,0.0,0.0008610380291795838
2009-05-27,0.0,0.0,0.0,208.69,0.0,0.0,-0.0025808918415141102
2009-06-01,0.0,0.0,0.0,215.68,0.0,0.0,0.033494657146964535
2009-06-02,0.0,0.0,0.0,213.0,0.0,0.0,-0.012425816023738934
2009-06-03,0.0,0.0,0.0,216.4,0.0,0.0,0.015962441314554043
2009-06-04,0.0,0.0,0.0,213.0,0.0,0.0,-0.015711645101663563
2009-06-05,0.0,0.0,0.0,215.5,0.0,0.0,0.011737089201877993
2009-06-08,0.0,0.0,0.0,209.5,0.0,0.0,-0.02784222737819031
2009-06-09,0.0,0.0,0.0,209.69,0.0,0.0,0.0009069212410501848
2009-06-10,0.0,0.0,0.0,210.95,0.0,0.0,0.0060088702370164615
2009-06-11,0.0,0.0,0.0,209.93,0.0,0.0,-0.00483526902109499
2009-06-12,0.0,0.0,0.0,209.39,0.0,0.0,-0.002572286000095403
2009-06-15,0.0,0.0,0.0,205.89,0.0,0.0,-0.01671522040212048
2009-06-16,0.0,0.0,0.0,206.29,0.0,0.0,0.0019427849822721832
2009-06-17,0.0,0.0,0.0,206.48,0.0,0.0,0.0009210334965339406
2009-06-18,0.0,0.0,0.0,206.78,0.0,0.0,0.0014529252227819534
2009-06-19,0.0,0.0,0.0,205.8,0.0,0.0,-0.004739336492890933
2009-06-22,0.0,0.0,0.0,205.69,0.0,0.0,-0.0005344995140914577
2009-06-23,0.0,0.0,0.0,203.03,0.0,0.0,-0.012932082259711208
2009-06-24,0.0,0.0,0.0,204.21,0.0,0.0,0.005811948973058145
2009-06-25,0.0,0.0,0.0,205.9,0.0,0.0,0.00827579452524363
2009-06-26,0.0,0.0,0.0,207.81,0.0,0.0,0.009276347741622226
2009-06-29,0.0,0.0,0.0,206.25,0.0,0.0,-0.00750685722535005
2009-06-30,0.0,0.0,0.0,207.41,0.0,0.0,0.0056242424242423095
2009-07-01,0.0,0.0,0.0,205.16,0.0,0.0,-0.0108480786847307
2009-07-02,0.0,0.0,0.0,206.47,0.0,0.0,0.006385260284655914
2009-07-03,0.0,0.0,0.0,205.75,0.0,0.0,-0.0034871894221920607
2009-07-06,0.0,0.0,0.0,203.8,0.0,0.0,-0.009477521263669408
2009-07-07,0.0,0.0,0.0,203.36,0.0,0.0,-0.0021589793915602895
2009-07-08,0.0,0.0,0.0,203.68,0.0,0.0,0.0015735641227379027
2009-07-09,0.0,0.0,0.0,201.3,0.0,0.0,-0.011684996072270248
2009-07-10,0.0,0.0,0.0,201.0,0.0,0.0,-0.0014903129657228842
2009-07-13,0.0,0.0,0.0,200.68,0.0,0.0,-0.001592039800994982
2009-07-14,0.0,0.0,0.0,202.76,0.0,0.0,0.010364759816623437
2009-07-15,0.0,0.0,0.0,204.14,0.0,0.0,0.006806076149141749
2009-07-16,0.0,0.0,0.0,206.19,0.0,0.0,0.010042127951406021
2009-07-17,0.0,0.0,0.0,205.91,0.0,0.0,-0.0013579708036277616
2009-07-20,0.0,0.0,0.0,207.75,0.0,0.0,0.008935942887669412
2009-07-21,0.0,0.0,0.0,208.2,0.0,0.0,0.0021660649819494893
2009-07-22,0.0,0.0,0.0,208.08,0.0,0.0,-0.0005763688760805907
2009-07-23,0.0,0.0,0.0,209.41,0.0,0.0,0.006391772395232476
2009-07-24,0.0,0.0,0.0,208.55,0.0,0.0,-0.004106776180698102
2009-07-27,0.0,0.0,0.0,210.06,0.0,0.0,0.0072404699112922355
2009-07-28,0.0,0.0,0.0,209.86,0.0,0.0,-0.0009521089212605194
2009-07-29,0.0,0.0,0.0,205.81,0.0,0.0,-0.019298580005718158
2009-07-30,0.0,0.0,0.0,205.02,0.0,0.0,-0.0038384918128370193
2009-07-31,0.0,0.0,0.0,206.26,0.0,0.0,0.006048190420446797
2009-08-03,0.0,0.0,0.0,209.4,0.0,0.0,0.01522350431494246
2009-08-04,0.0,0.0,0.0,209.89,0.0,0.0,0.002340019102196722
2009-08-05,0.0,0.0,0.0,212.02,0.0,0.0,0.010148172852446624
2009-08-06,0.0,0.0,0.0,211.95,0.0,0.0,-0.00033015753230836165
2009-08-07,0.0,0.0,0.0,211.2,0.0,0.0,-0.0035385704175513455
2009-08-10,0.0,0.0,0.0,210.01,0.0,0.0,-0.0056344696969696795
2009-08-11,0.0,0.0,0.0,209.0,0.0,0.0,-0.004809294795485863
2009-08-12,0.0,0.0,0.0,207.91,0.0,0.0,-0.005215311004784673
2009-08-13,0.0,0.0,0.0,210.45,0.0,0.0,0.012216824587561792
2009-08-14,0.0,0.0,0.0,210.15,0.0,0.0,-0.0014255167498217203
2009-08-17,0.0,0.0,0.0,207.97,0.0,0.0,-0.010373542707589833
2009-08-18,0.0,0.0,0.0,207.39,0.0,0.0,-0.0027888637784296844
2009-08-19,0.0,0.0,0.0,206.6,0.0,0.0,-0.0038092482761945545
2009-08-20,0.0,0.0,0.0,208.29,0.0,0.0,0.008180058083252728
2009-08-21,0.0,0.0,0.0,207.31,0.0,0.0,-0.0047049786355561896
2009-08-24,0.0,0.0,0.0,210.03,0.0,0.0,0.013120447638801824
2009-08-25,0.0,0.0,0.0,208.19,0.0,0.0,-0.008760653240013294
2009-08-26,0.0,0.0,0.0,208.75,0.0,0.0,0.0026898506172245984
2009-08-27,0.0,0.0,0.0,208.6,0.0,0.0,-0.0007185628742515382
2009-08-28,0.0,0.0,0.0,209.17,0.0,0.0,0.0027325023969317908
2009-08-31,0.0,0.0,0.0,209.85,0.0,0.0,0.00325094420806038
2009-09-01,0.0,0.0,0.0,210.22,0.0,0.0,0.0017631641648796492
2009-09-02,0.0,0.0,0.0,210.39,0.0,0.0,0.0008086766244885801
2009-09-03,0.0,0.0,0.0,215.44,0.0,0.0,0.02400304196967551
2009-09-04,0.0,0.0,0.0,217.34,0.0,0.0,0.00881916078722611
2009-09-07,0.0,0.0,0.0,218.4,0.0,0.0,0.004877151007637748
2009-09-08,0.0,0.0,0.0,220.27,0.0,0.0,0.008562271062271032
2009-09-09,0.0,0.0,0.0,219.53,0.0,0.0,-0.003359513324556307
2009-09-10,0.0,0.0,0.0,218.44,0.0,0.0,-0.004965152826493013
2009-09-11,0.0,0.0,0.0,219.7,0.0,0.0,0.005768174327046349
2009-09-14,0.0,0.0,0.0,219.2,0.0,0.0,-0.002275830678197588
2009-09-15,0.0,0.0,0.0,220.0,0.0,0.0,0.0036496350364965124
2009-09-16,0.0,0.0,0.0,223.41,0.0,0.0,0.01550000000000007
2009-09-17,0.0,0.0,0.0,224.01,0.0,0.0,0.002685645226265576
2009-09-18,0.0,0.0,0.0,222.69,0.0,0.0,-0.005892594080621372
2009-09-21,0.0,0.0,0.0,220.16,0.0,0.0,-0.011361084916251318
2009-09-22,0.0,0.0,0.0,222.16,0.0,0.0,0.009084302325581328
2009-09-23,0.0,0.0,0.0,222.87,0.0,0.0,0.0031958948505581564
2009-09-24,0.0,0.0,0.0,222.78,0.0,0.0,-0.0004038228563736368
2009-09-25,0.0,0.0,0.0,218.86,0.0,0.0,-0.0175958344555166
2009-09-28,0.0,0.0,0.0,217.43,0.0,0.0,-0.006533857260349163
2009-09-29,0.0,0.0,0.0,218.33,0.0,0.0,0.004139263211148547
2009-09-30,0.0,0.0,0.0,219.71,0.0,0.0,0.006320707186369345
2009-10-09,0.0,0.0,0.0,229.0,0.0,0.0,0.04228300942151009
2009-10-12,0.0,0.0,0.0,229.92,0.0,0.0,0.004017467248908169
2009-10-13,0.0,0.0,0.0,231.3,0.0,0.0,0.006002087682672297
2009-10-14,0.0,0.0,0.0,234.3,0.0,0.0,0.012970168612191912
2009-10-15,0.0,0.0,0.0,231.97,0.0,0.0,-0.009944515578318436
2009-10-16,0.0,0.0,0.0,230.6,0.0,0.0,-0.0059059361124284004
2009-10-19,0.0,0.0,0.0,232.0,0.0,0.0,0.006071118820468291
2009-10-20,0.0,0.0,0.0,234.39,0.0,0.0,0.010301724137931068
2009-10-21,0.0,0.0,0.0,233.0,0.0,0.0,-0.005930287128290357
2009-10-22,0.0,0.0,0.0,232.45,0.0,0.0,-0.0023605150214592863
2009-10-23,0.0,0.0,0.0,233.0,0.0,0.0,0.0023661002366099915
2009-10-26,0.0,0.0,0.0,231.99,0.0,0.0,-0.004334763948497855
2009-10-27,0.0,0.0,0.0,229.29,0.0,0.0,-0.011638432691064349
2009-10-28,0.0,0.0,0.0,229.06,0.0,0.0,-0.0010030965153299265
2009-10-29,0.0,0.0,0.0,227.0,0.0,0.0,-0.00899327687068896
2009-10-30,0.0,0.0,0.0,230.45,0.0,0.0,0.015198237885462484
2009-11-02,0.0,0.0,0.0,229.9,0.0,0.0,-0.0023866348448686736
2009-11-03,0.0,0.0,0.0,233.24,0.0,0.0,0.014528055676381157
2009-11-04,0.0,0.0,0.0,237.8,0.0,0.0,0.01955067741382277
2009-11-05,0.0,0.0,0.0,238.44,0.0,0.0,0.0026913372582000328
2009-11-06,0.0,0.0,0.0,239.4,0.0,0.0,0.004026170105686955
2009-11-09,0.0,0.0,0.0,242.76,0.0,0.0,0.01403508771929829
2009-11-10,0.0,0.0,0.0,241.54,0.0,0.0,-0.0050255396276157605
2009-11-11,0.0,0.0,0.0,243.49,0.0,0.0,0.008073196986006614
2009-11-12,0.0,0.0,0.0,246.34,0.0,0.0,0.011704792804632547
2009-11-13,0.0,0.0,0.0,243.0,0.0,0.0,-0.013558496387107266
2009-11-16,0.0,0.0,0.0,248.08,0.0,0.0,0.020905349794238637
2009-11-17,0.0,0.0,0.0,249.39,0.0,0.0,0.005280554659787162
2009-11-18,0.0,0.0,0.0,250.28,0.0,0.0,0.0035687076466579537
2009-11-19,0.0,0.0,0.0,251.43,0.0,0.0,0.0045948537637845455
2009-11-20,0.0,0.0,0.0,251.95,0.0,0.0,0.00206817006721538
2009-11-23,0.0,0.0,0.0,256.15,0.0,0.0,0.016669974201230398
2009-11-24,0.0,0.0,0.0,255.5,0.0,0.0,-0.0025375756392738147
2009-11-25,0.0,0.0,0.0,259.22,0.0,0.0,0.014559686888454104
2009-11-26,0.0,0.0,0.0,260.6,0.0,0.0,0.005323663297585046
2009-11-27,0.0,0.0,0.0,255.59,0.0,0.0,-0.019224865694551063
2009-11-30,0.0,0.0,0.0,258.25,0.0,0.0,0.010407292930083356
2009-12-01,0.0,0.0,0.0,259.98,0.0,0.0,0.006698935140367901
2009-12-02,0.0,0.0,0.0,265.77,0.0,0.0,0.022270943918762942
2009-12-03,0.0,0.0,0.0,267.7,0.0,0.0,0.00726191819994737
2009-12-04,0.0,0.0,0.0,265.89,0.0,0.0,-0.00676129996264474
2009-12-07,0.0,0.0,0.0,254.5,0.0,0.0,-0.042837263530031144
2009-12-08,0.0,0.0,0.0,255.9,0.0,0.0,0.00550098231827123
2009-12-09,0.0,0.0,0.0,249.08,0.0,0.0,-0.026651035560765868
2009-12-10,0.0,0.0,0.0,248.59,0.0,0.0,-0.001967239441143409
2009-12-11,0.0,0.0,0.0,251.0,0.0,0.0,0.009694677983828726
2009-12-14,0.0,0.0,0.0,248.21,0.0,0.0,-0.011115537848605528
2009-12-15,0.0,0.0,0.0,247.5,0.0,0.0,-0.0028604810442770523
2009-12-16,0.0,0.0,0.0,248.0,0.0,0.0,0.002020202020202033
2009-12-17,0.0,0.0,0.0,248.95,0.0,0.0,0.0038306451612901693
2009-12-18,0.0,0.0,0.0,244.73,0.0,0.0,-0.016951195019080156
2009-12-21,0.0,0.0,0.0,246.0,0.0,0.0,0.005189392391615311
2009-12-22,0.0,0.0,0.0,241.5,0.0,0.0,-0.018292682926829285
2009-12-23,0.0,0.0,0.0,239.74,0.0,0.0,-0.007287784679088971
2009-12-24,0.0,0.0,0.0,243.54,0.0,0.0,0.015850504713439406
2009-12-25,0.0,0.0,0.0,245.03,0.0,0.0,0.006118091483945154
2009-12-28,0.0,0.0,0.0,244.5,0.0,0.0,-0.00216300044892459
2009-12-29,0.0,0.0,0.0,243.28,0.0,0.0,-0.004989775051124745
2009-12-30,0.0,0.0,0.0,241.36,0.0,0.0,-0.007892140743176568
2009-12-31,0.0,0.0,0.0,244.5,0.0,0.0,0.013009612197547149
2010-01-04,0.0,0.0,0.0,243.89,0.0,0.0,-0.0024948875255623726
2010-01-05,0.0,0.0,0.0,249.35,0.0,0.0,0.022387141744228956
2010-01-06,0.0,0.0,0.0,246.87,0.0,0.0,-0.00994585923400837
2010-01-07,0.0,0.0,0.0,250.34,0.0,0.0,0.014055980880625318
2010-01-08,0.0,0.0,0.0,248.08,0.0,0.0,-0.009027722297675123
2010-01-11,0.0,0.0,0.0,254.31,0.0,0.0,0.025112866817155632
2010-01-12,0.0,0.0,0.0,255.16,0.0,0.0,0.0033423774133931605
2010-01-13,0.0,0.0,0.0,249.84,0.0,0.0,-0.020849662956576198
2010-01-14,0.0,0.0,0.0,252.0,0.0,0.0,0.008645533141210304
2010-01-15,0.0,0.0,0.0,251.84,0.0,0.0,-0.0006349206349206549
2010-01-18,0.0,0.0,0.0,251.58,0.0,0.0,-0.0010324015247775709
2010-01-19,0.0,0.0,0.0,252.35,0.0,0.0,0.0030606566499720156
2010-01-20,0.0,0.0,0.0,251.0,0.0,0.0,-0.00534971270061424
2010-01-21,0.0,0.0,0.0,247.5,0.0,0.0,-0.013944223107569709
2010-01-22,0.0,0.0,0.0,244.27,0.0,0.0,-0.013050505050504979
2010-01-25,0.0,0.0,0.0,244.8,0.0,0.0,0.0021697302165637478
2010-01-26,0.0,0.0,0.0,243.84,0.0,0.0,-0.0039215686274509665
2010-01-27,0.0,0.0,0.0,242.91,0.0,0.0,-0.003813976377952777
2010-01-28,0.0,0.0,0.0,241.0,0.0,0.0,-0.007862994524721056
2010-01-29,0.0,0.0,0.0,239.7,0.0,0.0,-0.0053941908713693865
2010-02-01,0.0,0.0,0.0,239.61,0.0,0.0,-0.000375469336670764
2010-02-02,0.0,0.0,0.0,244.1,0.0,0.0,0.01873878385710115
2010-02-03,0.0,0.0,0.0,246.78,0.0,0.0,0.01097910692339199
2010-02-04,0.0,0.0,0.0,243.8,0.0,0.0,-0.012075532863279004
2010-02-05,0.0,0.0,0.0,235.31,0.0,0.0,-0.03482362592288768
2010-02-08,0.0,0.0,0.0,235.6,0.0,0.0,0.0012324168118651446
2010-02-09,0.0,0.0,0.0,236.55,0.0,0.0,0.0040322580645162365
2010-02-10,0.0,0.0,0.0,237.47,0.0,0.0,0.003889241175227154
2010-02-11,0.0,0.0,0.0,237.49,0.0,0.0,8.422116477868613e-05
2010-02-12,0.0,0.0,0.0,239.73,0.0,0.0,0.009431976083203342
2010-02-22,0.0,0.0,0.0,246.59,0.0,0.0,0.028615525799858155
2010-02-23,0.0,0.0,0.0,245.29,0.0,0.0,-0.005271908836530281
2010-02-24,0.0,0.0,0.0,242.5,0.0,0.0,-0.011374291654775992
2010-02-25,0.0,0.0,0.0,240.55,0.0,0.0,-0.008041237113401989
2010-02-26,0.0,0.0,0.0,243.54,0.0,0.0,0.012429848264394083
2010-03-01,0.0,0.0,0.0,245.35,0.0,0.0,0.007432044017409822
2010-03-02,0.0,0.0,0.0,245.09,0.0,0.0,-0.001059710617485221
2010-03-03,0.0,0.0,0.0,249.0,0.0,0.0,0.015953323269003228
2010-03-04,0.0,0.0,0.0,248.9,0.0,0.0,-0.0004016064257027496
2010-03-05,0.0,0.0,0.0,248.78,0.0,0.0,-0.00048212133386904554
2010-03-08,0.0,0.0,0.0,249.7,0.0,0.0,0.003698046466757754
2010-03-09,0.0,0.0,0.0,245.58,0.0,0.0,-0.01649979975971161
2010-03-10,0.0,0.0,0.0,246.94,0.0,0.0,0.005537910253277989
2010-03-11,0.0,0.0,0.0,243.72,0.0,0.0,-0.01303960476229038
2010-03-12,0.0,0.0,0.0,244.94,0.0,0.0,0.005005744296733949
2010-03-15,0.0,0.0,0.0,243.64,0.0,0.0,-0.005307422225851233
2010-03-16,0.0,0.0,0.0,245.15,0.0,0.0,0.00619766869151217
2010-03-17,0.0,0.0,0.0,248.3,0.0,0.0,0.01284927595349794
2010-03-18,0.0,0.0,0.0,246.87,0.0,0.0,-0.005759162303664911
2010-03-19,0.0,0.0,0.0,247.29,0.0,0.0,0.0017013002794992182
2010-03-22,0.0,0.0,0.0,244.2,0.0,0.0,-0.01249545068543012
2010-03-23,0.0,0.0,0.0,243.37,0.0,0.0,-0.0033988533988533742
2010-03-24,0.0,0.0,0.0,243.5,0.0,0.0,0.0005341660845625817
2010-03-25,0.0,0.0,0.0,242.02,0.0,0.0,-0.0060780287474332395
2010-03-26,0.0,0.0,0.0,243.2,0.0,0.0,0.004875630113213791
2010-03-29,0.0,0.0,0.0,244.77,0.0,0.0,0.0064555921052631415
2010-03-30,0.0,0.0,0.0,244.97,0.0,0.0,0.0008170935980715832
2010-03-31,0.0,0.0,0.0,244.57,0.0,0.0,-0.001632853002408452
2010-04-01,0.0,0.0,0.0,245.48,0.0,0.0,0.003720816126262516
2010-04-02,0.0,0.0,0.0,246.87,0.0,0.0,0.005662375753625604
2010-04-06,0.0,0.0,0.0,247.53,0.0,0.0,0.0026734718677845493
2010-04-07,0.0,0.0,0.0,249.8,0.0,0.0,0.00917060558316174
2010-04-08,0.0,0.0,0.0,251.4,0.0,0.0,0.006405124099279291
2010-04-09,0.0,0.0,0.0,253.87,0.0,0.0,0.009824980111376336
2010-04-12,0.0,0.0,0.0,255.69,0.0,0.0,0.007169023515972706
2010-04-13,0.0,0.0,0.0,253.39,0.0,0.0,-0.008995267706988996
2010-04-14,0.0,0.0,0.0,253.65,0.0,0.0,0.0010260862701765294
2010-04-15,0.0,0.0,0.0,253.5,0.0,0.0,-0.0005913660555884048
2010-04-16,0.0,0.0,0.0,253.39,0.0,0.0,-0.00043392504930972464
2010-04-19,0.0,0.0,0.0,248.85,0.0,0.0,-0.017917044871541887
2010-04-20,0.0,0.0,0.0,250.59,0.0,0.0,0.006992163954189223
2010-04-21,0.0,0.0,0.0,251.45,0.0,0.0,0.0034319007143142066
2010-04-22,0.0,0.0,0.0,252.42,0.0,0.0,0.003857625770530948
2010-04-23,0.0,0.0,0.0,251.0,0.0,0.0,-0.005625544727042131
2010-04-26,0.0,0.0,0.0,254.3,0.0,0.0,0.013147410358565814
2010-04-27,0.0,0.0,0.0,253.49,0.0,0.0,-0.003185214313802587
2010-04-28,0.0,0.0,0.0,255.15,0.0,0.0,0.006548581798098585
2010-04-29,0.0,0.0,0.0,256.24,0.0,0.0,0.004271996864589456
2010-04-30,0.0,0.0,0.0,257.26,0.0,0.0,0.00398064314704949
2010-05-04,0.0,0.0,0.0,258.13,0.0,0.0,0.0033817927388635205
2010-05-05,0.0,0.0,0.0,256.88,0.0,0.0,-0.004842521210242867
2010-05-06,0.0,0.0,0.0,257.64,0.0,0.0,0.002958579881656709
2010-05-07,0.0,0.0,0.0,263.63,0.0,0.0,0.023249495419965793
2010-05-10,0.0,0.0,0.0,263.09,0.0,0.0,-0.0020483253044040195
2010-05-11,0.0,0.0,0.0,265.2,0.0,0.0,0.008020069177848033
2010-05-12,0.0,0.0,0.0,270.63,0.0,0.0,0.020475113122171873
2010-05-13,0.0,0.0,0.0,271.8,0.0,0.0,0.004323245759893624
2010-05-14,0.0,0.0,0.0,271.54,0.0,0.0,-0.0009565857247976206
2010-05-17,0.0,0.0,0.0,271.83,0.0,0.0,0.0010679826176620555
2010-05-18,0.0,0.0,0.0,266.79,0.0,0.0,-0.018540999889636756
2010-05-19,0.0,0.0,0.0,266.7,0.0,0.0,-0.00033734397841012065
2010-05-20,0.0,0.0,0.0,261.24,0.0,0.0,-0.020472440944881765
2010-05-21,0.0,0.0,0.0,259.8,0.0,0.0,-0.005512172714745023
2010-05-24,0.0,0.0,0.0,261.89,0.0,0.0,0.008044649730561959
2010-05-25,0.0,0.0,0.0,261.29,0.0,0.0,-0.0022910382221542624
2010-05-26,0.0,0.0,0.0,265.2,0.0,0.0,0.014964216005204811
2010-05-27,0.0,0.0,0.0,266.06,0.0,0.0,0.0032428355957767607
2010-05-28,0.0,0.0,0.0,266.64,0.0,0.0,0.0021799594076523654
2010-05-31,0.0,0.0,0.0,266.01,0.0,0.0,-0.002362736273627375
2010-06-01,0.0,0.0,0.0,267.69,0.0,0.0,0.006315552046915585
2010-06-02,0.0,0.0,0.0,268.5,0.0,0.0,0.003025888154208234
2010-06-03,0.0,0.0,0.0,268.87,0.0,0.0,0.0013780260707634273
2010-06-04,0.0,0.0,0.0,264.66,0.0,0.0,-0.015658124744300173
2010-06-07,0.0,0.0,0.0,267.21,0.0,0.0,0.009635003400589204
2010-06-08,0.0,0.0,0.0,272.28,0.0,0.0,0.018973840799371366
2010-06-09,0.0,0.0,0.0,271.35,0.0,0.0,-0.003415601586601813
2010-06-10,0.0,0.0,0.0,269.62,0.0,0.0,-0.00637552975861444
2010-06-11,0.0,0.0,0.0,268.92,0.0,0.0,-0.0025962465692455083
2010-06-17,0.0,0.0,0.0,271.3,0.0,0.0,0.008850215677524975
2010-06-18,0.0,0.0,0.0,272.97,0.0,0.0,0.0061555473645411585
2010-06-21,0.0,0.0,0.0,276.09,0.0,0.0,0.011429827453566244
2010-06-22,0.0,0.0,0.0,271.54,0.0,0.0,-0.01648013328986908
2010-06-23,0.0,0.0,0.0,272.3,0.0,0.0,0.0027988509980112486
2010-06-24,0.0,0.0,0.0,270.14,0.0,0.0,-0.007932427469702574
2010-06-25,0.0,0.0,0.0,272.19,0.0,0.0,0.007588657733027304
2010-06-28,0.0,0.0,0.0,273.93,0.0,0.0,0.006392593409015879
2010-06-29,0.0,0.0,0.0,270.0,0.0,0.0,-0.014346730916657613
2010-06-30,0.0,0.0,0.0,271.44,0.0,0.0,0.005333333333333412
2010-07-01,0.0,0.0,0.0,270.52,0.0,0.0,-0.003389330975537952
2010-07-02,0.0,0.0,0.0,263.82,0.0,0.0,-0.02476711518556851
2010-07-05,0.0,0.0,0.0,264.71,0.0,0.0,0.003373512243196153
2010-07-06,0.0,0.0,0.0,263.86,0.0,0.0,-0.0032110611612706785
2010-07-07,0.0,0.0,0.0,260.13,0.0,0.0,-0.014136284393238885
2010-07-08,0.0,0.0,0.0,263.18,0.0,0.0,0.011724906777380584
2010-07-09,0.0,0.0,0.0,261.83,0.0,0.0,-0.005129569116194332
2010-07-12,0.0,0.0,0.0,263.3,0.0,0.0,0.005614329908719462
2010-07-13,0.0,0.0,0.0,261.88,0.0,0.0,-0.00539308773262448
2010-07-14,0.0,0.0,0.0,264.54,0.0,0.0,0.01015732396517488
2010-07-15,0.0,0.0,0.0,264.03,0.0,0.0,-0.0019278748015424396
2010-07-16,0.0,0.0,0.0,263.6,0.0,0.0,-0.001628602810286539
2010-07-19,0.0,0.0,0.0,260.65,0.0,0.0,-0.01119119878603958
2010-07-20,0.0,0.0,0.0,259.0,0.0,0.0,-0.006330328026088572
2010-07-21,0.0,0.0,0.0,260.0,0.0,0.0,0.0038610038610038533
2010-07-22,0.0,0.0,0.0,259.02,0.0,0.0,-0.003769230769230858
2010-07-23,0.0,0.0,0.0,261.73,0.0,0.0,0.01046251254729369
2010-07-26,0.0,0.0,0.0,261.2,0.0,0.0,-0.002024987582623372
2010-07-27,0.0,0.0,0.0,259.5,0.0,0.0,-0.006508422664624813
2010-07-28,0.0,0.0,0.0,255.8,0.0,0.0,-0.014258188824662787
2010-07-29,0.0,0.0,0.0,255.8,0.0,0.0,0.0
2010-07-30,0.0,0.0,0.0,255.8,0.0,0.0,0.0
2010-08-02,0.0,0.0,0.0,258.39,0.0,0.0,0.010125097732603505
2010-08-03,0.0,0.0,0.0,258.59,0.0,0.0,0.0007740237625295521
2010-08-04,0.0,0.0,0.0,260.63,0.0,0.0,0.007888936153757076
2010-08-05,0.0,0.0,0.0,260.78,0.0,0.0,0.0005755285270305777
2010-08-06,0.0,0.0,0.0,261.31,0.0,0.0,0.0020323644451263334
2010-08-09,0.0,0.0,0.0,263.5,0.0,0.0,0.008380850331024536
2010-08-10,0.0,0.0,0.0,261.78,0.0,0.0,-0.00652751423149911
2010-08-11,0.0,0.0,0.0,261.82,0.0,0.0,0.00015280006112017297
2010-08-12,0.0,0.0,0.0,262.62,0.0,0.0,0.003055534336567245
2010-08-13,0.0,0.0,0.0,265.9,0.0,0.0,0.012489528596451027
2010-08-16,0.0,0.0,0.0,266.86,0.0,0.0,0.00361037984204593
2010-08-17,0.0,0.0,0.0,268.0,0.0,0.0,0.004271902870418787
2010-08-18,0.0,0.0,0.0,266.8,0.0,0.0,-0.004477611940298498
2010-08-19,0.0,0.0,0.0,268.79,0.0,0.0,0.007458770614692689
2010-08-20,0.0,0.0,0.0,268.82,0.0,0.0,0.0001116112950629855
2010-08-23,0.0,0.0,0.0,269.25,0.0,0.0,0.0015995833643329682
2010-08-24,0.0,0.0,0.0,267.52,0.0,0.0,-0.006425255338904479
2010-08-25,0.0,0.0,0.0,269.67,0.0,0.0,0.008036782296650946
2010-08-26,0.0,0.0,0.0,271.82,0.0,0.0,0.007972707383097744
2010-08-27,0.0,0.0,0.0,270.01,0.0,0.0,-0.006658818335663286
2010-08-30,0.0,0.0,0.0,270.96,0.0,0.0,0.003518388207844003
2010-08-31,0.0,0.0,0.0,270.63,0.0,0.0,-0.001217891939769622
2010-09-01,0.0,0.0,0.0,273.97,0.0,0.0,0.012341573365850067
2010-09-02,0.0,0.0,0.0,273.28,0.0,0.0,-0.0025185239259775116
2010-09-03,0.0,0.0,0.0,273.9,0.0,0.0,0.0022687353629977647
2010-09-06,0.0,0.0,0.0,273.7,0.0,0.0,-0.0007301935012777871
2010-09-07,0.0,0.0,0.0,273.44,0.0,0.0,-0.000949945195469426
2010-09-08,0.0,0.0,0.0,275.57,0.0,0.0,0.007789643066120622
2010-09-09,0.0,0.0,0.0,274.14,0.0,0.0,-0.0051892441122037836
2010-09-10,0.0,0.0,0.0,272.3,0.0,0.0,-0.006711899029692714
2010-09-13,0.0,0.0,0.0,272.39,0.0,0.0,0.00033051781123760726
2010-09-14,0.0,0.0,0.0,273.0,0.0,0.0,0.0022394361026469856
2010-09-15,0.0,0.0,0.0,276.0,0.0,0.0,0.01098901098901095
2010-09-16,0.0,0.0,0.0,275.2,0.0,0.0,-0.0028985507246377384
2010-09-17,0.0,0.0,0.0,277.55,0.0,0.0,0.008539244186046568
2010-09-20,0.0,0.0,0.0,277.51,0.0,0.0,-0.00014411817690518358
2010-09-21,0.0,0.0,0.0,276.42,0.0,0.0,-0.003927786386076049
2010-09-27,0.0,0.0,0.0,280.39,0.0,0.0,0.014362202445553862
2010-09-28,0.0,0.0,0.0,278.22,0.0,0.0,-0.007739220371625111
2010-09-29,0.0,0.0,0.0,281.95,0.0,0.0,0.013406656602688471
2010-09-30,0.0,0.0,0.0,282.1,0.0,0.0,0.0005320092214933236
2010-10-08,0.0,0.0,0.0,285.8,0.0,0.0,0.013115916341722711
2010-10-11,0.0,0.0,0.0,289.99,0.0,0.0,0.014660601819454167
2010-10-12,0.0,0.0,0.0,289.86,0.0,0.0,-0.00044829132039037045
2010-10-13,0.0,0.0,0.0,291.7,0.0,0.0,0.006347892085834417
2010-10-14,0.0,0.0,0.0,295.99,0.0,0.0,0.01470689064106967
2010-10-15,0.0,0.0,0.0,295.06,0.0,0.0,-0.0031419980404743253
2010-10-18,0.0,0.0,0.0,290.99,0.0,0.0,-0.013793804649901653
2010-10-19,0.0,0.0,0.0,292.62,0.0,0.0,0.005601567064160262
2010-10-20,0.0,0.0,0.0,287.59,0.0,0.0,-0.01718952908208604
2010-10-21,0.0,0.0,0.0,287.65,0.0,0.0,0.00020863034180607087
2010-10-22,0.0,0.0,0.0,283.95,0.0,0.0,-0.012862854163045334
2010-10-25,0.0,0.0,0.0,289.13,0.0,0.0,0.018242648353583357
2010-10-26,0.0,0.0,0.0,287.9,0.0,0.0,-0.004254141735551498
2010-10-27,0.0,0.0,0.0,287.13,0.0,0.0,-0.0026745397707537144
2010-10-28,0.0,0.0,0.0,286.43,0.0,0.0,-0.002437920105875402
2010-10-29,0.0,0.0,0.0,289.2,0.0,0.0,0.009670774709352958
2010-11-01,0.0,0.0,0.0,293.07,0.0,0.0,0.013381742738589164
2010-11-02,0.0,0.0,0.0,292.38,0.0,0.0,-0.002354386324086355
2010-11-03,0.0,0.0,0.0,291.99,0.0,0.0,-0.0013338805663861697
2010-11-04,0.0,0.0,0.0,292.59,0.0,0.0,0.00205486489263329
2010-11-05,0.0,0.0,0.0,297.39,0.0,0.0,0.016405208653747616
2010-11-08,0.0,0.0,0.0,298.89,0.0,0.0,0.0050438817714113515
2010-11-09,0.0,0.0,0.0,303.62,0.0,0.0,0.01582521998059483
2010-11-10,0.0,0.0,0.0,300.78,0.0,0.0,-0.009353797510045503
2010-11-11,0.0,0.0,0.0,302.16,0.0,0.0,0.0045880710153602955
2010-11-12,0.0,0.0,0.0,298.99,0.0,0.0,-0.010491130526873227
2010-11-15,0.0,0.0,0.0,295.2,0.0,0.0,-0.012676009231078034
2010-11-16,0.0,0.0,0.0,293.76,0.0,0.0,-0.004878048780487809
2010-11-17,0.0,0.0,0.0,289.0,0.0,0.0,-0.01620370370370372
2010-11-18,0.0,0.0,0.0,292.09,0.0,0.0,0.010692041522491369
2010-11-19,0.0,0.0,0.0,292.4,0.0,0.0,0.0010613167174500227
2010-11-22,0.0,0.0,0.0,293.53,0.0,0.0,0.0038645690834473445
2010-11-23,0.0,0.0,0.0,294.57,0.0,0.0,0.0035430790719859218
2010-11-24,0.0,0.0,0.0,296.5,0.0,0.0,0.0065519231422073165
2010-11-25,0.0,0.0,0.0,295.58,0.0,0.0,-0.0031028667790894415
2010-11-26,0.0,0.0,0.0,294.85,0.0,0.0,-0.002469720549428067
2010-11-29,0.0,0.0,0.0,294.7,0.0,0.0,-0.0005087332541972023
2010-11-30,0.0,0.0,0.0,295.08,0.0,0.0,0.00128944689514765
2010-12-01,0.0,0.0,0.0,299.6,0.0,0.0,0.015317879896977304
2010-12-02,0.0,0.0,0.0,299.99,0.0,0.0,0.0013017356475300002
2010-12-03,0.0,0.0,0.0,298.99,0.0,0.0,-0.003333444448148315
2010-12-06,0.0,0.0,0.0,303.09,0.0,0.0,0.013712833205123731
2010-12-07,0.0,0.0,0.0,304.33,0.0,0.0,0.004091194034775203
2010-12-08,0.0,0.0,0.0,298.69,0.0,0.0,-0.018532514047251314
2010-12-09,0.0,0.0,0.0,298.52,0.0,0.0,-0.0005691519635743214
2010-12-10,0.0,0.0,0.0,299.37,0.0,0.0,0.0028473804100228595
2010-12-13,0.0,0.0,0.0,299.5,0.0,0.0,0.00043424524835478095
2010-12-14,0.0,0.0,0.0,301.0,0.0,0.0,0.005008347245408995
2010-12-15,0.0,0.0,0.0,298.83,0.0,0.0,-0.007209302325581479
2010-12-16,0.0,0.0,0.0,298.19,0.0,0.0,-0.0021416859083759343
2010-12-17,0.0,0.0,0.0,296.81,0.0,0.0,-0.004627921794828738
2010-12-20,0.0,0.0,0.0,299.55,0.0,0.0,0.009231494895724612
2010-12-21,0.0,0.0,0.0,298.8,0.0,0.0,-0.0025037556334501776
2010-12-22,0.0,0.0,0.0,298.89,0.0,0.0,0.00030120481927697895
2010-12-23,0.0,0.0,0.0,298.07,0.0,0.0,-0.002743484224965731
2010-12-24,0.0,0.0,0.0,298.39,0.0,0.0,0.0010735733217028809
2010-12-27,0.0,0.0,0.0,298.49,0.0,0.0,0.0003351318743927134
2010-12-28,0.0,0.0,0.0,299.0,0.0,0.0,0.001708599953097245
2010-12-29,0.0,0.0,0.0,301.07,0.0,0.0,0.00692307692307681
2010-12-30,0.0,0.0,0.0,301.5,0.0,0.0,0.0014282392799016552
2010-12-31,0.0,0.0,0.0,301.8,0.0,0.0,0.0009950248756218638
2011-01-04,0.0,0.0,0.0,302.5,0.0,0.0,0.0023194168323392717
2011-01-05,0.0,0.0,0.0,297.68,0.0,0.0,-0.01593388429752063
2011-01-06,0.0,0.0,0.0,298.57,0.0,0.0,0.0029897876914808386
2011-01-07,0.0,0.0,0.0,296.89,0.0,0.0,-0.005626821180962582
2011-01-10,0.0,0.0,0.0,298.53,0.0,0.0,0.005523931422412254
2011-01-11,0.0,0.0,0.0,299.79,0.0,0.0,0.004220681338559018
2011-01-12,0.0,0.0,0.0,299.22,0.0,0.0,-0.0019013309316521232
2011-01-13,0.0,0.0,0.0,297.8,0.0,0.0,-0.0047456720807432795
2011-01-14,0.0,0.0,0.0,295.79,0.0,0.0,-0.0067494963062457725
2011-01-17,0.0,0.0,0.0,293.39,0.0,0.0,-0.008113864566077433
2011-01-18,0.0,0.0,0.0,296.46,0.0,0.0,0.010463887658066051
2011-01-19,0.0,0.0,0.0,295.99,0.0,0.0,-0.0015853740808202677
2011-01-20,0.0,0.0,0.0,293.91,0.0,0.0,-0.007027264434609215
2011-01-21,0.0,0.0,0.0,291.01,0.0,0.0,-0.009866966078051265
2011-01-24,0.0,0.0,0.0,291.22,0.0,0.0,0.0007216246864369946
2011-01-25,0.0,0.0,0.0,287.3,0.0,0.0,-0.013460613968820923
2011-01-26,0.0,0.0,0.0,288.2,0.0,0.0,0.0031326139923424368
2011-01-27,0.0,0.0,0.0,287.35,0.0,0.0,-0.002949340735600159
2011-01-28,0.0,0.0,0.0,282.58,0.0,0.0,-0.016599965199234568
2011-01-31,0.0,0.0,0.0,285.7,0.0,0.0,0.011041121098450013
2011-02-01,0.0,0.0,0.0,285.95,0.0,0.0,0.0008750437521876098
2011-02-09,0.0,0.0,0.0,290.0,0.0,0.0,0.01416331526490655
2011-02-10,0.0,0.0,0.0,289.71,0.0,0.0,-0.001000000000000112
2011-02-11,0.0,0.0,0.0,290.28,0.0,0.0,0.0019674847261053063
2011-02-14,0.0,0.0,0.0,290.29,0.0,0.0,3.44494970374587e-05
2011-02-15,0.0,0.0,0.0,290.95,0.0,0.0,0.002273588480484978
2011-02-16,0.0,0.0,0.0,292.83,0.0,0.0,0.006461591338718042
2011-02-17,0.0,0.0,0.0,293.4,0.0,0.0,0.0019465218727590106
2011-02-18,0.0,0.0,0.0,294.1,0.0,0.0,0.002385821404226496
2011-02-21,0.0,0.0,0.0,296.49,0.0,0.0,0.008126487589255271
2011-02-22,0.0,0.0,0.0,296.86,0.0,0.0,0.0012479341630409202
2011-02-23,0.0,0.0,0.0,297.3,0.0,0.0,0.001482180152260426
2011-02-24,0.0,0.0,0.0,299.05,0.0,0.0,0.005886310124453509
2011-02-25,0.0,0.0,0.0,298.32,0.0,0.0,-0.0024410633673299653
2011-02-28,0.0,0.0,0.0,299.6,0.0,0.0,0.0042906945561813625
2011-03-01,0.0,0.0,0.0,299.79,0.0,0.0,0.0006341789052068947
2011-03-02,0.0,0.0,0.0,302.27,0.0,0.0,0.00827245738683735
2011-03-03,0.0,0.0,0.0,301.7,0.0,0.0,-0.0018857312998312725
2011-03-04,0.0,0.0,0.0,299.72,0.0,0.0,-0.006562810739144664
2011-03-07,0.0,0.0,0.0,304.05,0.0,0.0,0.014446817029227121
2011-03-08,0.0,0.0,0.0,302.02,0.0,0.0,-0.0066765334648907215
2011-03-09,0.0,0.0,0.0,302.05,0.0,0.0,9.93311701211752e-05
2011-03-10,0.0,0.0,0.0,303.3,0.0,0.0,0.004138387684158307
2011-03-11,0.0,0.0,0.0,300.95,0.0,0.0,-0.007748104187273452
2011-03-14,0.0,0.0,0.0,302.68,0.0,0.0,0.005748463199867215
2011-03-15,0.0,0.0,0.0,300.44,0.0,0.0,-0.007400555041628176
2011-03-16,0.0,0.0,0.0,298.5,0.0,0.0,-0.006457196112368502
2011-03-17,0.0,0.0,0.0,297.6,0.0,0.0,-0.0030150753768843908
2011-03-18,0.0,0.0,0.0,300.84,0.0,0.0,0.010887096774193417
2011-03-21,0.0,0.0,0.0,303.15,0.0,0.0,0.007678500199441496
2011-03-22,0.0,0.0,0.0,302.8,0.0,0.0,-0.001154543955137588
2011-03-23,0.0,0.0,0.0,302.8,0.0,0.0,0.0
2011-03-24,0.0,0.0,0.0,304.3,0.0,0.0,0.004953764861294507
2011-03-25,0.0,0.0,0.0,303.98,0.0,0.0,-0.001051593821886243
2011-03-28,0.0,0.0,0.0,300.39,0.0,0.0,-0.011809987499177721
2011-03-29,0.0,0.0,0.0,300.83,0.0,0.0,0.0014647624754484667
2011-03-30,0.0,0.0,0.0,301.74,0.0,0.0,0.003024964265532004
2011-03-31,0.0,0.0,0.0,302.16,0.0,0.0,0.0013919268244184657
2011-04-01,0.0,0.0,0.0,303.04,0.0,0.0,0.002912364310299065
2011-04-06,0.0,0.0,0.0,306.47,0.0,0.0,0.011318637803590326
2011-04-07,0.0,0.0,0.0,306.54,0.0,0.0,0.00022840734819062902
2011-04-08,0.0,0.0,0.0,309.2,0.0,0.0,0.008677497227115527
2011-04-11,0.0,0.0,0.0,310.55,0.0,0.0,0.004366106080207155
2011-04-12,0.0,0.0,0.0,307.5,0.0,0.0,-0.009821284817259746
2011-04-13,0.0,0.0,0.0,307.95,0.0,0.0,0.0014634146341463428
2011-04-14,0.0,0.0,0.0,308.54,0.0,0.0,0.0019158954375710913
2011-04-15,0.0,0.0,0.0,310.22,0.0,0.0,0.00544499902767881
2011-04-18,0.0,0.0,0.0,312.0,0.0,0.0,0.005737863451743763
2011-04-19,0.0,0.0,0.0,313.6,0.0,0.0,0.00512820512820511
2011-04-20,0.0,0.0,0.0,315.39,0.0,0.0,0.005707908163265163
2011-04-21,0.0,0.0,0.0,315.8,0.0,0.0,0.0012999778052571465
2011-04-22,0.0,0.0,0.0,317.48,0.0,0.0,0.00531982267257769
2011-04-25,0.0,0.0,0.0,318.9,0.0,0.0,0.004472722691192921
2011-04-26,0.0,0.0,0.0,316.07,0.0,0.0,-0.00887425525243013
2011-04-27,0.0,0.0,0.0,315.74,0.0,0.0,-0.0010440725155819175
2011-04-28,0.0,0.0,0.0,320.17,0.0,0.0,0.014030531449927164
2011-04-29,0.0,0.0,0.0,320.17,0.0,0.0,0.0
2011-05-03,0.0,0.0,0.0,322.0,0.0,0.0,0.005715713527188582
2011-05-04,0.0,0.0,0.0,321.67,0.0,0.0,-0.001024844720496798
2011-05-05,0.0,0.0,0.0,318.12,0.0,0.0,-0.011036155065750619
2011-05-06,0.0,0.0,0.0,311.39,0.0,0.0,-0.02115553879039367
2011-05-09,0.0,0.0,0.0,314.92,0.0,0.0,0.011336266418317864
2011-05-10,0.0,0.0,0.0,316.0,0.0,0.0,0.0034294423980691935
2011-05-11,0.0,0.0,0.0,318.29,0.0,0.0,0.007246835443037947
2011-05-12,0.0,0.0,0.0,312.53,0.0,0.0,-0.018096704263407704
2011-05-13,0.0,0.0,0.0,317.0,0.0,0.0,0.014302626947813035
2011-05-16,0.0,0.0,0.0,314.02,0.0,0.0,-0.009400630914826569
2011-05-17,0.0,0.0,0.0,314.0,0.0,0.0,-6.369021081453763e-05
2011-05-18,0.0,0.0,0.0,313.35,0.0,0.0,-0.002070063694267432
2011-05-19,0.0,0.0,0.0,313.7,0.0,0.0,0.001116961863730559
2011-05-20,0.0,0.0,0.0,314.12,0.0,0.0,0.00133885878227602
2011-05-23,0.0,0.0,0.0,315.5,0.0,0.0,0.00439322551890986
2011-05-24,0.0,0.0,0.0,318.05,0.0,0.0,0.008082408874801938
2011-05-25,0.0,0.0,0.0,318.89,0.0,0.0,0.002641094167583624
2011-05-26,0.0,0.0,0.0,319.59,0.0,0.0,0.0021951143027376663
2011-05-27,0.0,0.0,0.0,319.39,0.0,0.0,-0.0006258018085671946
2011-05-30,0.0,0.0,0.0,320.29,0.0,0.0,0.002817871567675878
2011-05-31,0.0,0.0,0.0,320.64,0.0,0.0,0.001092759686533995
2011-06-01,0.0,0.0,0.0,319.48,0.0,0.0,-0.0036177644710577717
2011-06-02,0.0,0.0,0.0,321.38,0.0,0.0,0.005947164141730132
2011-06-03,0.0,0.0,0.0,319.77,0.0,0.0,-0.005009645902047444
2011-06-07,0.0,0.0,0.0,322.03,0.0,0.0,0.0070675798229977715
2011-06-08,0.0,0.0,0.0,321.0,0.0,0.0,-0.0031984597708286655
2011-06-09,0.0,0.0,0.0,320.71,0.0,0.0,-0.0009034267912773064
2011-06-10,0.0,0.0,0.0,321.73,0.0,0.0,0.003180443391225918
2011-06-13,0.0,0.0,0.0,320.0,0.0,0.0,-0.00537717962266504
2011-06-14,0.0,0.0,0.0,317.96,0.0,0.0,-0.0063750000000000195
2011-06-15,0.0,0.0,0.0,318.5,0.0,0.0,0.0016983268335639679
2011-06-16,0.0,0.0,0.0,319.34,0.0,0.0,0.0026373626373625836
2011-06-17,0.0,0.0,0.0,318.7,0.0,0.0,-0.002004133525396079
2011-06-20,0.0,0.0,0.0,320.67,0.0,0.0,0.00618136178224038
2011-06-21,0.0,0.0,0.0,321.33,0.0,0.0,0.002058190663298598
2011-06-22,0.0,0.0,0.0,321.78,0.0,0.0,0.001400429465035824
2011-06-23,0.0,0.0,0.0,321.5,0.0,0.0,-0.0008701597364658697
2011-06-24,0.0,0.0,0.0,317.88,0.0,0.0,-0.011259720062208434
2011-06-27,0.0,0.0,0.0,313.95,0.0,0.0,-0.012363155907889833
2011-06-28,0.0,0.0,0.0,313.62,0.0,0.0,-0.0010511227902532116
2011-06-29,0.0,0.0,0.0,314.61,0.0,0.0,0.0031566864358141267
2011-06-30,0.0,0.0,0.0,314.7,0.0,0.0,0.00028606846571932465
2011-07-01,0.0,0.0,0.0,313.33,0.0,0.0,-0.004353352399110277
2011-07-04,0.0,0.0,0.0,312.27,0.0,0.0,-0.003383014712922461
2011-07-05,0.0,0.0,0.0,312.13,0.0,0.0,-0.00044832997085852977
2011-07-06,0.0,0.0,0.0,316.51,0.0,0.0,0.014032614615705041
2011-07-07,0.0,0.0,0.0,319.2,0.0,0.0,0.008498941581624564
2011-07-08,0.0,0.0,0.0,318.98,0.0,0.0,-0.0006892230576440728
2011-07-11,0.0,0.0,0.0,321.89,0.0,0.0,0.009122829017493173
2011-07-12,0.0,0.0,0.0,322.27,0.0,0.0,0.0011805275093976775
2011-07-13,0.0,0.0,0.0,326.81,0.0,0.0,0.014087566326372425
2011-07-14,0.0,0.0,0.0,329.08,0.0,0.0,0.006945931887029078
2011-07-15,0.0,0.0,0.0,327.2,0.0,0.0,-0.005712896560106984
2011-07-18,0.0,0.0,0.0,331.55,0.0,0.0,0.013294621026894937
2011-07-19,0.0,0.0,0.0,333.94,0.0,0.0,0.007208565827175439
2011-07-20,0.0,0.0,0.0,330.39,0.0,0.0,-0.010630652212972436
2011-07-21,0.0,0.0,0.0,333.17,0.0,0.0,0.008414298253579089
2011-07-22,0.0,0.0,0.0,329.7,0.0,0.0,-0.010415103400666426
2011-07-25,0.0,0.0,0.0,335.5,0.0,0.0,0.017591750075826473
2011-07-26,0.0,0.0,0.0,334.5,0.0,0.0,-0.0029806259314456574
2011-07-27,0.0,0.0,0.0,336.1,0.0,0.0,0.004783258594917905
2011-07-28,0.0,0.0,0.0,334.84,0.0,0.0,-0.003748884260636909
2011-07-29,0.0,0.0,0.0,334.0,0.0,0.0,-0.0025086608529446552
2011-08-01,0.0,0.0,0.0,333.98,0.0,0.0,-5.9880239520859746e-05
2011-08-02,0.0,0.0,0.0,336.4,0.0,0.0,0.0072459428708304685
2011-08-03,0.0,0.0,0.0,345.88,0.0,0.0,0.028180737217598173
2011-08-04,0.0,0.0,0.0,344.8,0.0,0.0,-0.0031224702208858535
2011-08-05,0.0,0.0,0.0,344.95,0.0,0.0,0.0004350348027841733
2011-08-08,0.0,0.0,0.0,352.64,0.0,0.0,0.02229308595448609
2011-08-09,0.0,0.0,0.0,360.87,0.0,0.0,0.023338248638838488
2011-08-10,0.0,0.0,0.0,361.75,0.0,0.0,0.00243855127885384
2011-08-11,0.0,0.0,0.0,368.2,0.0,0.0,0.017829993089149898
2011-08-12,0.0,0.0,0.0,362.79,0.0,0.0,-0.014693101575230738
2011-08-15,0.0,0.0,0.0,359.51,0.0,0.0,-0.009041043027646967
2011-08-16,0.0,0.0,0.0,364.76,0.0,0.0,0.014603209924619609
2011-08-17,0.0,0.0,0.0,368.0,0.0,0.0,0.008882552911503527
2011-08-18,0.0,0.0,0.0,369.37,0.0,0.0,0.003722826086956621
2011-08-19,0.0,0.0,0.0,381.48,0.0,0.0,0.03278555378076198
2011-08-22,0.0,0.0,0.0,389.8,0.0,0.0,0.02180979343609102
2011-08-23,0.0,0.0,0.0,387.86,0.0,0.0,-0.004976911236531545
2011-08-24,0.0,0.0,0.0,380.45,0.0,0.0,-0.01910483164028265
2011-08-25,0.0,0.0,0.0,361.01,0.0,0.0,-0.051097384676041524
2011-08-26,0.0,0.0,0.0,368.84,0.0,0.0,0.021689149885044667
2011-08-29,0.0,0.0,0.0,375.5,0.0,0.0,0.018056609912157073
2011-08-30,0.0,0.0,0.0,371.05,0.0,0.0,-0.0118508655126498
2011-08-31,0.0,0.0,0.0,377.69,0.0,0.0,0.017895162377038032
2011-09-01,0.0,0.0,0.0,375.11,0.0,0.0,-0.006830998967407131
2011-09-02,0.0,0.0,0.0,380.19,0.0,0.0,0.013542694143051426
2011-09-05,0.0,0.0,0.0,387.59,0.0,0.0,0.01946395223440911
2011-09-06,0.0,0.0,0.0,393.48,0.0,0.0,0.015196470497174985
2011-09-07,0.0,0.0,0.0,379.49,0.0,0.0,-0.035554538985463124
2011-09-08,0.0,0.0,0.0,380.9,0.0,0.0,0.0037155129252417485
2011-09-09,0.0,0.0,0.0,386.93,0.0,0.0,0.015830926752428587
2011-09-13,0.0,0.0,0.0,377.5,0.0,0.0,-0.02437133331610375
2011-09-14,0.0,0.0,0.0,378.0,0.0,0.0,0.0013245033112583293
2011-09-15,0.0,0.0,0.0,374.98,0.0,0.0,-0.00798941798941799
2011-09-16,0.0,0.0,0.0,366.93,0.0,0.0,-0.021467811616619592
2011-09-19,0.0,0.0,0.0,377.2,0.0,0.0,0.027988989725560742
2011-09-20,0.0,0.0,0.0,370.63,0.0,0.0,-0.017417815482502652
2011-09-21,0.0,0.0,0.0,374.61,0.0,0.0,0.010738472330896087
2011-09-22,0.0,0.0,0.0,368.0,0.0,0.0,-0.017645017484850922
2011-09-23,0.0,0.0,0.0,360.0,0.0,0.0,-0.021739130434782594
2011-09-26,0.0,0.0,0.0,327.56,0.0,0.0,-0.09011111111111114
2011-09-27,0.0,0.0,0.0,342.37,0.0,0.0,0.04521309073146895
2011-09-28,0.0,0.0,0.0,343.25,0.0,0.0,0.0025703186610976925
2011-09-29,0.0,0.0,0.0,336.0,0.0,0.0,-0.02112163146394752
2011-09-30,0.0,0.0,0.0,338.49,0.0,0.0,0.0074107142857142705
2011-10-10,0.0,0.0,0.0,342.91,0.0,0.0,0.013057992850601163
2011-10-11,0.0,0.0,0.0,346.79,0.0,0.0,0.01131492228281461
2011-10-12,0.0,0.0,0.0,346.22,0.0,0.0,-0.0016436460105538897
2011-10-13,0.0,0.0,0.0,347.0,0.0,0.0,0.002252902778580035
2011-10-14,0.0,0.0,0.0,345.61,0.0,0.0,-0.004005763688760822
2011-10-17,0.0,0.0,0.0,348.29,0.0,0.0,0.00775440525447757
2011-10-18,0.0,0.0,0.0,343.62,0.0,0.0,-0.013408366591059262
2011-10-19,0.0,0.0,0.0,340.8,0.0,0.0,-0.008206740003492197
2011-10-20,0.0,0.0,0.0,334.98,0.0,0.0,-0.0170774647887324
2011-10-21,0.0,0.0,0.0,336.74,0.0,0.0,0.005254045017613063
2011-10-24,0.0,0.0,0.0,341.46,0.0,0.0,0.014016748826988001
2011-10-25,0.0,0.0,0.0,341.5,0.0,0.0,0.00011714402858320483
2011-10-26,0.0,0.0,0.0,352.5,0.0,0.0,0.03221083455344065
2011-10-27,0.0,0.0,0.0,352.97,0.0,0.0,0.0013333333333334085
2011-10-28,0.0,0.0,0.0,356.34,0.0,0.0,0.00954755361645443
2011-10-31,0.0,0.0,0.0,350.49,0.0,0.0,-0.01641690520289607
2011-11-01,0.0,0.0,0.0,351.27,0.0,0.0,0.0022254557904646255
2011-11-02,0.0,0.0,0.0,353.52,0.0,0.0,0.006405329233922563
2011-11-03,0.0,0.0,0.0,353.4,0.0,0.0,-0.00033944331296675845
2011-11-04,0.0,0.0,0.0,359.49,0.0,0.0,0.01723259762309004
2011-11-07,0.0,0.0,0.0,361.65,0.0,0.0,0.00600851205874986
2011-11-08,0.0,0.0,0.0,365.2,0.0,0.0,0.009816120558551189
2011-11-09,0.0,0.0,0.0,364.91,0.0,0.0,-0.0007940854326395907
2011-11-10,0.0,0.0,0.0,358.89,0.0,0.0,-0.01649721849223107
2011-11-11,0.0,0.0,0.0,361.19,0.0,0.0,0.006408648889631996
2011-11-14,0.0,0.0,0.0,365.7,0.0,0.0,0.012486502948586553
2011-11-15,0.0,0.0,0.0,362.63,0.0,0.0,-0.008394859174186475
2011-11-16,0.0,0.0,0.0,362.17,0.0,0.0,-0.0012685106030939641
2011-11-17,0.0,0.0,0.0,361.1,0.0,0.0,-0.0029544136731368686
2011-11-18,0.0,0.0,0.0,353.7,0.0,0.0,-0.0204929382442538
2011-11-21,0.0,0.0,0.0,352.87,0.0,0.0,-0.002346621430590834
2011-11-22,0.0,0.0,0.0,346.37,0.0,0.0,-0.01842038144359115
2011-11-23,0.0,0.0,0.0,350.25,0.0,0.0,0.01120189392845794
2011-11-24,0.0,0.0,0.0,348.47,0.0,0.0,-0.0050820842255531185
2011-11-25,0.0,0.0,0.0,345.52,0.0,0.0,-0.008465578098545201
2011-11-28,0.0,0.0,0.0,350.99,0.0,0.0,0.01583121092845574
2011-11-29,0.0,0.0,0.0,352.04,0.0,0.0,0.0029915382204621643
2011-11-30,0.0,0.0,0.0,351.77,0.0,0.0,-0.0007669583001932434
2011-12-01,0.0,0.0,0.0,357.68,0.0,0.0,0.016800750490377325
2011-12-02,0.0,0.0,0.0,357.59,0.0,0.0,-0.00025162156117208845
2011-12-05,0.0,0.0,0.0,357.5,0.0,0.0,-0.00025168489051696774
2011-12-06,0.0,0.0,0.0,351.48,0.0,0.0,-0.016839160839160816
2011-12-07,0.0,0.0,0.0,354.6,0.0,0.0,0.008876749743939927
2011-12-08,0.0,0.0,0.0,356.29,0.0,0.0,0.004765933446136517
2011-12-09,0.0,0.0,0.0,350.8,0.0,0.0,-0.015408796205338415
2011-12-12,0.0,0.0,0.0,346.34,0.0,0.0,-0.012713797035347918
2011-12-13,0.0,0.0,0.0,339.31,0.0,0.0,-0.02029797309002701
2011-12-14,0.0,0.0,0.0,337.95,0.0,0.0,-0.004008134154607879
2011-12-15,0.0,0.0,0.0,322.28,0.0,0.0,-0.046367805888445135
2011-12-16,0.0,0.0,0.0,329.42,0.0,0.0,0.02215464813205914
2011-12-19,0.0,0.0,0.0,327.72,0.0,0.0,-0.00516058527108243
2011-12-20,0.0,0.0,0.0,328.65,0.0,0.0,0.0028377883559134176
2011-12-21,0.0,0.0,0.0,333.2,0.0,0.0,0.013844515441959526
2011-12-22,0.0,0.0,0.0,329.91,0.0,0.0,-0.009873949579831787
2011-12-23,0.0,0.0,0.0,330.29,0.0,0.0,0.0011518292867751523
2011-12-26,0.0,0.0,0.0,328.78,0.0,0.0,-0.004571739986072965
2011-12-27,0.0,0.0,0.0,326.37,0.0,0.0,-0.00733012956992507
2011-12-28,0.0,0.0,0.0,323.64,0.0,0.0,-0.008364739406195532
2011-12-29,0.0,0.0,0.0,315.5,0.0,0.0,-0.02515140279322703
2011-12-30,0.0,0.0,0.0,319.8,0.0,0.0,0.013629160063391543
2012-01-04,0.0,0.0,0.0,328.72,0.0,0.0,0.0278924327704817
2012-01-05,0.0,0.0,0.0,331.98,0.0,0.0,0.00991725480652228
2012-01-06,0.0,0.0,0.0,332.58,0.0,0.0,0.0018073377914331612
2012-01-09,0.0,0.0,0.0,331.04,0.0,0.0,-0.004630464850562177
2012-01-10,0.0,0.0,0.0,332.05,0.0,0.0,0.0030509908168196986
2012-01-11,0.0,0.0,0.0,335.5,0.0,0.0,0.010390001505797386
2012-01-12,0.0,0.0,0.0,337.37,0.0,0.0,0.005573770491803298
2012-01-13,0.0,0.0,0.0,337.51,0.0,0.0,0.0004149746569048762
2012-01-16,0.0,0.0,0.0,336.39,0.0,0.0,-0.0033184201949572056
2012-01-17,0.0,0.0,0.0,339.18,0.0,0.0,0.008293944528672048
2012-01-18,0.0,0.0,0.0,338.33,0.0,0.0,-0.0025060439884427854
2012-01-19,0.0,0.0,0.0,339.38,0.0,0.0,0.0031034788520083456
2012-01-20,0.0,0.0,0.0,338.87,0.0,0.0,-0.0015027402911190757
2012-01-30,0.0,0.0,0.0,351.01,0.0,0.0,0.03582494762003119
2012-01-31,0.0,0.0,0.0,354.16,0.0,0.0,0.008974103301900405
2012-02-01,0.0,0.0,0.0,352.58,0.0,0.0,-0.004461260447255588
2012-02-02,0.0,0.0,0.0,355.1,0.0,0.0,0.007147314084746892
2012-02-03,0.0,0.0,0.0,356.99,0.0,0.0,0.005322444381864244
2012-02-06,0.0,0.0,0.0,351.95,0.0,0.0,-0.014118042522199503
2012-02-07,0.0,0.0,0.0,351.74,0.0,0.0,-0.0005966756641567761
2012-02-08,0.0,0.0,0.0,355.3,0.0,0.0,0.010121112185136782
2012-02-09,0.0,0.0,0.0,353.3,0.0,0.0,-0.005629045876723859
2012-02-10,0.0,0.0,0.0,351.74,0.0,0.0,-0.004415510897254449
2012-02-13,0.0,0.0,0.0,351.59,0.0,0.0,-0.0004264513561154093
2012-02-14,0.0,0.0,0.0,348.43,0.0,0.0,-0.008987741403339022
2012-02-15,0.0,0.0,0.0,351.2,0.0,0.0,0.007949946904686644
2012-02-16,0.0,0.0,0.0,349.98,0.0,0.0,-0.0034738041002276843
2012-02-17,0.0,0.0,0.0,352.16,0.0,0.0,0.006228927367278203
2012-02-20,0.0,0.0,0.0,351.89,0.0,0.0,-0.0007666969559292358
2012-02-21,0.0,0.0,0.0,353.65,0.0,0.0,0.005001562988433905
2012-02-22,0.0,0.0,0.0,356.72,0.0,0.0,0.008680899194118519
2012-02-23,0.0,0.0,0.0,359.92,0.0,0.0,0.00897062121551917
2012-02-24,0.0,0.0,0.0,359.79,0.0,0.0,-0.000361191375861325
2012-02-27,0.0,0.0,0.0,359.68,0.0,0.0,-0.00030573390033084014
2012-02-28,0.0,0.0,0.0,359.99,0.0,0.0,0.0008618772241992811
2012-02-29,0.0,0.0,0.0,361.96,0.0,0.0,0.005472374232617483
2012-03-01,0.0,0.0,0.0,348.0,0.0,0.0,-0.03856779754669015
2012-03-02,0.0,0.0,0.0,348.7,0.0,0.0,0.0020114942528735025
2012-03-05,0.0,0.0,0.0,348.09,0.0,0.0,-0.0017493547462001935
2012-03-06,0.0,0.0,0.0,346.01,0.0,0.0,-0.0059754661150851485
2012-03-07,0.0,0.0,0.0,340.99,0.0,0.0,-0.014508251206612477
2012-03-08,0.0,0.0,0.0,343.45,0.0,0.0,0.007214287809026665
2012-03-09,0.0,0.0,0.0,347.2,0.0,0.0,0.010918619886446379
2012-03-12,0.0,0.0,0.0,347.26,0.0,0.0,0.00017281105990774037
2012-03-13,0.0,0.0,0.0,347.1,0.0,0.0,-0.00046074987041400117
2012-03-14,0.0,0.0,0.0,341.35,0.0,0.0,-0.01656583117257271
2012-03-15,0.0,0.0,0.0,337.25,0.0,0.0,-0.012011132268932245
2012-03-16,0.0,0.0,0.0,339.4,0.0,0.0,0.006375092661230486
2012-03-19,0.0,0.0,0.0,339.0,0.0,0.0,-0.0011785503830288313
2012-03-20,0.0,0.0,0.0,337.62,0.0,0.0,-0.00407079646017694
2012-03-21,0.0,0.0,0.0,337.87,0.0,0.0,0.0007404774598660513
2012-03-22,0.0,0.0,0.0,336.77,0.0,0.0,-0.003255690058306504
2012-03-23,0.0,0.0,0.0,336.6,0.0,0.0,-0.0005047955577989205
2012-03-26,0.0,0.0,0.0,339.29,0.0,0.0,0.007991681521093197
2012-03-27,0.0,0.0,0.0,343.8,0.0,0.0,0.01329246367414294
2012-03-28,0.0,0.0,0.0,341.22,0.0,0.0,-0.0075043630017451735
2012-03-29,0.0,0.0,0.0,338.29,0.0,0.0,-0.008586835472715548
2012-03-30,0.0,0.0,0.0,339.04,0.0,0.0,0.002217032723403012
2012-04-05,0.0,0.0,0.0,331.78,0.0,0.0,-0.021413402548371985
2012-04-06,0.0,0.0,0.0,334.28,0.0,0.0,0.0075351136295134236
2012-04-09,0.0,0.0,0.0,335.4,0.0,0.0,0.0033504846236687147
2012-04-10,0.0,0.0,0.0,336.49,0.0,0.0,0.0032498509242695484
2012-04-11,0.0,0.0,0.0,338.04,0.0,0.0,0.004606377604089218
2012-04-12,0.0,0.0,0.0,337.97,0.0,0.0,-0.0002070760856702769
2012-04-13,0.0,0.0,0.0,340.99,0.0,0.0,0.008935704352457163
2012-04-16,0.0,0.0,0.0,335.43,0.0,0.0,-0.01630546350332851
2012-04-17,0.0,0.0,0.0,335.55,0.0,0.0,0.0003577497540470098
2012-04-18,0.0,0.0,0.0,336.39,0.0,0.0,0.0025033527045148496
2012-04-19,0.0,0.0,0.0,334.81,0.0,0.0,-0.0046969291596064
2012-04-20,0.0,0.0,0.0,334.96,0.0,0.0,0.00044801529225524384
2012-04-23,0.0,0.0,0.0,333.3,0.0,0.0,-0.004955815619775428
2012-04-24,0.0,0.0,0.0,333.65,0.0,0.0,0.0010501050105009568
2012-04-25,0.0,0.0,0.0,334.58,0.0,0.0,0.0027873520155852205
2012-04-26,0.0,0.0,0.0,335.45,0.0,0.0,0.002600274971606309
2012-04-27,0.0,0.0,0.0,336.09,0.0,0.0,0.0019078849306901624
2012-05-02,0.0,0.0,0.0,336.46,0.0,0.0,0.001100895593442175
2012-05-03,0.0,0.0,0.0,334.52,0.0,0.0,-0.0057659157106342285
2012-05-04,0.0,0.0,0.0,332.84,0.0,0.0,-0.005022121248355882
2012-05-07,0.0,0.0,0.0,333.51,0.0,0.0,0.002012979209229604
2012-05-08,0.0,0.0,0.0,332.55,0.0,0.0,-0.0028784744085633696
2012-05-09,0.0,0.0,0.0,324.64,0.0,0.0,-0.02378589685761545
2012-05-10,0.0,0.0,0.0,325.57,0.0,0.0,0.0028647116806308492
2012-05-11,0.0,0.0,0.0,322.34,0.0,0.0,-0.009921061522867647
2012-05-14,0.0,0.0,0.0,322.0,0.0,0.0,-0.0010547868710056862
2012-05-15,0.0,0.0,0.0,318.51,0.0,0.0,-0.010838509316770217
2012-05-16,0.0,0.0,0.0,313.98,0.0,0.0,-0.014222473391730106
2012-05-17,0.0,0.0,0.0,316.98,0.0,0.0,0.009554748710108862
2012-05-18,0.0,0.0,0.0,322.77,0.0,0.0,0.018266136664773613
2012-05-21,0.0,0.0,0.0,326.49,0.0,0.0,0.011525234687238761
2012-05-22,0.0,0.0,0.0,324.49,0.0,0.0,-0.006125761891635273
2012-05-23,0.0,0.0,0.0,318.95,0.0,0.0,-0.017072945237141424
2012-05-24,0.0,0.0,0.0,319.29,0.0,0.0,0.0010659978052987018
2012-05-25,0.0,0.0,0.0,321.0,0.0,0.0,0.005355632810297717
2012-05-28,0.0,0.0,0.0,323.99,0.0,0.0,0.009314641744548213
2012-05-29,0.0,0.0,0.0,323.55,0.0,0.0,-0.0013580666069940017
2012-05-30,0.0,0.0,0.0,318.39,0.0,0.0,-0.01594807603152537
2012-05-31,0.0,0.0,0.0,321.75,0.0,0.0,0.0105530952605295
2012-06-01,0.0,0.0,0.0,320.24,0.0,0.0,-0.004693084693084715
2012-06-04,0.0,0.0,0.0,332.48,0.0,0.0,0.03822133399950034
2012-06-05,0.0,0.0,0.0,331.01,0.0,0.0,-0.004421318575553501
2012-06-06,0.0,0.0,0.0,333.5,0.0,0.0,0.0075224313464850034
2012-06-07,0.0,0.0,0.0,332.46,0.0,0.0,-0.00311844077961021
2012-06-08,0.0,0.0,0.0,322.91,0.0,0.0,-0.02872526018167587
2012-06-11,0.0,0.0,0.0,328.0,0.0,0.0,0.01576290607289943
2012-06-12,0.0,0.0,0.0,326.35,0.0,0.0,-0.0050304878048780255
2012-06-13,0.0,0.0,0.0,330.6,0.0,0.0,0.013022828251876728
2012-06-14,0.0,0.0,0.0,332.3,0.0,0.0,0.005142165759225659
2012-06-15,0.0,0.0,0.0,333.48,0.0,0.0,0.0035510081251881598
2012-06-18,0.0,0.0,0.0,331.28,0.0,0.0,-0.0065970972771981495
2012-06-19,0.0,0.0,0.0,333.72,0.0,0.0,0.007365370683410033
2012-06-20,0.0,0.0,0.0,331.19,0.0,0.0,-0.007581205801270641
2012-06-21,0.0,0.0,0.0,328.53,0.0,0.0,-0.008031643467496075
2012-06-25,0.0,0.0,0.0,323.14,0.0,0.0,-0.016406416461205886
2012-06-26,0.0,0.0,0.0,324.6,0.0,0.0,0.004518165501021354
2012-06-27,0.0,0.0,0.0,322.3,0.0,0.0,-0.007085643869377711
2012-06-28,0.0,0.0,0.0,322.71,0.0,0.0,0.001272106732857381
2012-06-29,0.0,0.0,0.0,322.49,0.0,0.0,-0.0006817266276222256
2012-07-02,0.0,0.0,0.0,326.2,0.0,0.0,0.011504232689385718
2012-07-03,0.0,0.0,0.0,329.12,0.0,0.0,0.0089515634580013
2012-07-04,0.0,0.0,0.0,330.12,0.0,0.0,0.0030384054448224784
2012-07-05,0.0,0.0,0.0,330.9,0.0,0.0,0.002362777171937447
2012-07-06,0.0,0.0,0.0,328.3,0.0,0.0,-0.007857358718646013
2012-07-09,0.0,0.0,0.0,325.88,0.0,0.0,-0.007371306731647986
2012-07-10,0.0,0.0,0.0,325.49,0.0,0.0,-0.0011967595433901579
2012-07-11,0.0,0.0,0.0,324.54,0.0,0.0,-0.0029186764570340307
2012-07-12,0.0,0.0,0.0,322.88,0.0,0.0,-0.005114931903617559
2012-07-13,0.0,0.0,0.0,323.91,0.0,0.0,0.0031900396432111844
2012-07-16,0.0,0.0,0.0,326.51,0.0,0.0,0.008026921058318592
2012-07-17,0.0,0.0,0.0,327.19,0.0,0.0,0.0020826314661113177
2012-07-18,0.0,0.0,0.0,325.04,0.0,0.0,-0.0065711054738836205
2012-07-19,0.0,0.0,0.0,325.25,0.0,0.0,0.0006460743293132953
2012-07-20,0.0,0.0,0.0,325.84,0.0,0.0,0.0018139892390467427
2012-07-23,0.0,0.0,0.0,324.0,0.0,0.0,-0.0056469432850477785
2012-07-24,0.0,0.0,0.0,324.52,0.0,0.0,0.0016049382716047944
2012-07-25,0.0,0.0,0.0,326.57,0.0,0.0,0.006317022063355049
2012-07-26,0.0,0.0,0.0,329.47,0.0,0.0,0.008880178828428953
2012-07-27,0.0,0.0,0.0,331.93,0.0,0.0,0.007466537165750964
2012-07-30,0.0,0.0,0.0,331.75,0.0,0.0,-0.000542283011478295
2012-07-31,0.0,0.0,0.0,332.35,0.0,0.0,0.0018085908063301126
2012-08-01,0.0,0.0,0.0,331.51,0.0,0.0,-0.00252745599518589
2012-08-02,0.0,0.0,0.0,329.4,0.0,0.0,-0.006364815541009317
2012-08-03,0.0,0.0,0.0,326.99,0.0,0.0,-0.007316332726168717
2012-08-06,0.0,0.0,0.0,329.8,0.0,0.0,0.008593534970488426
2012-08-07,0.0,0.0,0.0,331.25,0.0,0.0,0.004396604002425697
2012-08-08,0.0,0.0,0.0,329.22,0.0,0.0,-0.006128301886792364
2012-08-09,0.0,0.0,0.0,331.07,0.0,0.0,0.005619342688779394
2012-08-10,0.0,0.0,0.0,329.87,0.0,0.0,-0.003624611109433018
2012-08-13,0.0,0.0,0.0,332.86,0.0,0.0,0.009064176796919954
2012-08-14,0.0,0.0,0.0,331.25,0.0,0.0,-0.004836868353061408
2012-08-15,0.0,0.0,0.0,328.13,0.0,0.0,-0.009418867924528285
2012-08-16,0.0,0.0,0.0,329.25,0.0,0.0,0.003413281321427597
2012-08-17,0.0,0.0,0.0,331.87,0.0,0.0,0.007957479119210298
2012-08-20,0.0,0.0,0.0,331.93,0.0,0.0,0.00018079368427392772
2012-08-21,0.0,0.0,0.0,332.4,0.0,0.0,0.0014159611966377827
2012-08-22,0.0,0.0,0.0,335.74,0.0,0.0,0.01004813477737665
2012-08-23,0.0,0.0,0.0,340.65,0.0,0.0,0.014624411747185206
2012-08-24,0.0,0.0,0.0,340.27,0.0,0.0,-0.001115514457654454
2012-08-27,0.0,0.0,0.0,342.33,0.0,0.0,0.00605401592852739
2012-08-28,0.0,0.0,0.0,340.2,0.0,0.0,-0.006222066427131745
2012-08-29,0.0,0.0,0.0,341.13,0.0,0.0,0.002733686067019514
2012-08-30,0.0,0.0,0.0,339.5,0.0,0.0,-0.004778237035734212
2012-08-31,0.0,0.0,0.0,339.69,0.0,0.0,0.0005596465390280692
2012-09-03,0.0,0.0,0.0,345.1,0.0,0.0,0.01592628573110777
2012-09-04,0.0,0.0,0.0,346.35,0.0,0.0,0.003622138510576578
2012-09-05,0.0,0.0,0.0,345.85,0.0,0.0,-0.00144362638949036
2012-09-06,0.0,0.0,0.0,348.58,0.0,0.0,0.007893595489373961
2012-09-07,0.0,0.0,0.0,346.1,0.0,0.0,-0.0071145791496929345
2012-09-10,0.0,0.0,0.0,353.5,0.0,0.0,0.021381103727246442
2012-09-11,0.0,0.0,0.0,352.94,0.0,0.0,-0.0015841584158415856
2012-09-12,0.0,0.0,0.0,354.0,0.0,0.0,0.003003343344477827
2012-09-13,0.0,0.0,0.0,352.99,0.0,0.0,-0.0028531073446327326
2012-09-14,0.0,0.0,0.0,360.31,0.0,0.0,0.020737131363494754
2012-09-17,0.0,0.0,0.0,360.0,0.0,0.0,-0.0008603702367405708
2012-09-18,0.0,0.0,0.0,357.5,0.0,0.0,-0.00694444444444442
2012-09-19,0.0,0.0,0.0,361.0,0.0,0.0,0.009790209790209836
2012-09-20,0.0,0.0,0.0,357.32,0.0,0.0,-0.010193905817174498
2012-09-21,0.0,0.0,0.0,359.53,0.0,0.0,0.006184932273592292
2012-09-24,0.0,0.0,0.0,357.5,0.0,0.0,-0.0056462603955163004
2012-09-25,0.0,0.0,0.0,358.57,0.0,0.0,0.0029930069930068637
2012-09-26,0.0,0.0,0.0,358.25,0.0,0.0,-0.0008924338343977434
2012-09-27,0.0,0.0,0.0,356.19,0.0,0.0,-0.005750174459176582
2012-09-28,0.0,0.0,0.0,360.03,0.0,0.0,0.01078076307588649
2012-10-08,0.0,0.0,0.0,358.3,0.0,0.0,-0.00480515512596158
2012-10-09,0.0,0.0,0.0,359.28,0.0,0.0,0.0027351381523861296
2012-10-10,0.0,0.0,0.0,357.79,0.0,0.0,-0.004147183255399534
2012-10-11,0.0,0.0,0.0,357.54,0.0,0.0,-0.000698733894183734
2012-10-12,0.0,0.0,0.0,357.29,0.0,0.0,-0.0006992224646193979
2012-10-15,0.0,0.0,0.0,352.6,0.0,0.0,-0.013126591844160207
2012-10-16,0.0,0.0,0.0,351.64,0.0,0.0,-0.002722631877481674
2012-10-17,0.0,0.0,0.0,352.5,0.0,0.0,0.0024456830849732825
2012-10-18,0.0,0.0,0.0,352.0,0.0,0.0,-0.0014184397163120588
2012-10-19,0.0,0.0,0.0,349.86,0.0,0.0,-0.006079545454545365
2012-10-22,0.0,0.0,0.0,347.51,0.0,0.0,-0.006716972503287066
2012-10-23,0.0,0.0,0.0,346.43,0.0,0.0,-0.0031078242352737817
2012-10-24,0.0,0.0,0.0,344.69,0.0,0.0,-0.005022659700372412
2012-10-25,0.0,0.0,0.0,345.0,0.0,0.0,0.0008993588441787992
2012-10-26,0.0,0.0,0.0,342.49,0.0,0.0,-0.007275362318840517
2012-10-29,0.0,0.0,0.0,344.43,0.0,0.0,0.005664398960553596
2012-10-30,0.0,0.0,0.0,344.29,0.0,0.0,-0.0004064686583630239
2012-10-31,0.0,0.0,0.0,343.94,0.0,0.0,-0.001016584855790259
2012-11-01,0.0,0.0,0.0,345.69,0.0,0.0,0.005088096761062921
2012-11-02,0.0,0.0,0.0,343.79,0.0,0.0,-0.005496253869073375
2012-11-05,0.0,0.0,0.0,338.16,0.0,0.0,-0.01637627621513127
2012-11-06,0.0,0.0,0.0,339.42,0.0,0.0,0.0037260468417317227
2012-11-07,0.0,0.0,0.0,347.18,0.0,0.0,0.022862530198574094
2012-11-08,0.0,0.0,0.0,345.49,0.0,0.0,-0.004867791923497844
2012-11-09,0.0,0.0,0.0,348.32,0.0,0.0,0.008191264580740265
2012-11-12,0.0,0.0,0.0,348.24,0.0,0.0,-0.00022967386311434357
2012-11-13,0.0,0.0,0.0,346.01,0.0,0.0,-0.00640362968068009
2012-11-14,0.0,0.0,0.0,346.29,0.0,0.0,0.0008092251669027384
2012-11-15,0.0,0.0,0.0,345.76,0.0,0.0,-0.0015305091108609448
2012-11-16,0.0,0.0,0.0,344.11,0.0,0.0,-0.004772096251735247
2012-11-19,0.0,0.0,0.0,346.19,0.0,0.0,0.00604457876841713
2012-11-20,0.0,0.0,0.0,347.67,0.0,0.0,0.004275109044166614
2012-11-21,0.0,0.0,0.0,345.6,0.0,0.0,-0.005953921822417829
2012-11-22,0.0,0.0,0.0,346.8,0.0,0.0,0.003472222222222099
2012-11-23,0.0,0.0,0.0,346.77,0.0,0.0,-8.650519031150328e-05
2012-11-26,0.0,0.0,0.0,350.14,0.0,0.0,0.009718257057992341
2012-11-27,0.0,0.0,0.0,349.98,0.0,0.0,-0.000456960073113466
2012-11-28,0.0,0.0,0.0,347.72,0.0,0.0,-0.006457511857820397
2012-11-29,0.0,0.0,0.0,344.37,0.0,0.0,-0.009634188427470436
2012-11-30,0.0,0.0,0.0,346.02,0.0,0.0,0.004791358132241408
2012-12-03,0.0,0.0,0.0,344.24,0.0,0.0,-0.005144211317264835
2012-12-04,0.0,0.0,0.0,341.27,0.0,0.0,-0.008627701603532545
2012-12-05,0.0,0.0,0.0,341.5,0.0,0.0,0.0006739531749055949
2012-12-06,0.0,0.0,0.0,338.99,0.0,0.0,-0.007349926793557837
2012-12-07,0.0,0.0,0.0,341.4,0.0,0.0,0.007109354258237666
2012-12-10,0.0,0.0,0.0,342.62,0.0,0.0,0.003573520796719576
2012-12-11,0.0,0.0,0.0,343.82,0.0,0.0,0.003502422508901981
2012-12-12,0.0,0.0,0.0,344.45,0.0,0.0,0.0018323541387934572
2012-12-13,0.0,0.0,0.0,341.48,0.0,0.0,-0.008622441573522877
2012-12-14,0.0,0.0,0.0,341.74,0.0,0.0,0.0007613915895512413
2012-12-17,0.0,0.0,0.0,339.5,0.0,0.0,-0.006554690700532606
2012-12-18,0.0,0.0,0.0,342.0,0.0,0.0,0.007363770250368162
2012-12-19,0.0,0.0,0.0,336.96,0.0,0.0,-0.01473684210526327
2012-12-20,0.0,0.0,0.0,335.64,0.0,0.0,-0.0039173789173788665
2012-12-21,0.0,0.0,0.0,330.62,0.0,0.0,-0.014956501012990064
2012-12-24,0.0,0.0,0.0,334.01,0.0,0.0,0.01025346319036946
2012-12-25,0.0,0.0,0.0,333.4,0.0,0.0,-0.001826292625969339
2012-12-26,0.0,0.0,0.0,333.27,0.0,0.0,-0.00038992201559684414
2012-12-27,0.0,0.0,0.0,333.08,0.0,0.0,-0.0005701083205809088
2012-12-28,0.0,0.0,0.0,332.84,0.0,0.0,-0.0007205476161883384
2012-12-31,0.0,0.0,0.0,334.5,0.0,0.0,0.004987381324360163
2013-01-04,0.0,0.0,0.0,331.47,0.0,0.0,-0.00905829596412544
2013-01-07,0.0,0.0,0.0,333.5,0.0,0.0,0.006124234470691103
2013-01-08,0.0,0.0,0.0,331.58,0.0,0.0,-0.0057571214392804215
2013-01-09,0.0,0.0,0.0,333.98,0.0,0.0,0.007238072260088213
2013-01-10,0.0,0.0,0.0,333.7,0.0,0.0,-0.0008383735553028071
2013-01-11,0.0,0.0,0.0,335.93,0.0,0.0,0.0066826490860054655
2013-01-14,0.0,0.0,0.0,335.92,0.0,0.0,-2.9768106450722698e-05
2013-01-15,0.0,0.0,0.0,337.49,0.0,0.0,0.0046737318409144635
2013-01-16,0.0,0.0,0.0,337.7,0.0,0.0,0.0006222406589824203
2013-01-17,0.0,0.0,0.0,337.4,0.0,0.0,-0.0008883624518803979
2013-01-18,0.0,0.0,0.0,339.21,0.0,0.0,0.005364552459988126
2013-01-21,0.0,0.0,0.0,339.35,0.0,0.0,0.0004127236814954749
2013-01-22,0.0,0.0,0.0,339.83,0.0,0.0,0.001414468837483307
2013-01-23,0.0,0.0,0.0,339.8,0.0,0.0,-8.827943383449277e-05
2013-01-24,0.0,0.0,0.0,337.39,0.0,0.0,-0.007092407298410874
2013-01-25,0.0,0.0,0.0,336.18,0.0,0.0,-0.0035863540709564212
2013-01-28,0.0,0.0,0.0,334.62,0.0,0.0,-0.004640371229698403
2013-01-29,0.0,0.0,0.0,335.33,0.0,0.0,0.002121809814117359
2013-01-30,0.0,0.0,0.0,336.0,0.0,0.0,0.001998031789580468
2013-01-31,0.0,0.0,0.0,336.8,0.0,0.0,0.0023809523809523725
2013-02-01,0.0,0.0,0.0,335.04,0.0,0.0,-0.005225653206650804
2013-02-04,0.0,0.0,0.0,336.74,0.0,0.0,0.005074021012416496
2013-02-05,0.0,0.0,0.0,337.1,0.0,0.0,0.001069074063075437
2013-02-06,0.0,0.0,0.0,337.16,0.0,0.0,0.00017798872738050697
2013-02-07,0.0,0.0,0.0,337.3,0.0,0.0,0.00041523312373947796
2013-02-08,0.0,0.0,0.0,336.75,0.0,0.0,-0.0016305959086866384
2013-02-18,0.0,0.0,0.0,327.25,0.0,0.0,-0.02821083890126208
2013-02-19,0.0,0.0,0.0,326.79,0.0,0.0,-0.0014056531703590114
2013-02-20,0.0,0.0,0.0,326.0,0.0,0.0,-0.002417454634474847
2013-02-21,0.0,0.0,0.0,319.04,0.0,0.0,-0.021349693251533686
2013-02-22,0.0,0.0,0.0,323.48,0.0,0.0,0.01391675025075223
2013-02-25,0.0,0.0,0.0,323.55,0.0,0.0,0.00021639668603934403
2013-02-26,0.0,0.0,0.0,323.99,0.0,0.0,0.0013599134600525975
2013-02-27,0.0,0.0,0.0,326.71,0.0,0.0,0.00839532084323591
2013-02-28,0.0,0.0,0.0,323.99,0.0,0.0,-0.00832542621897081
2013-03-01,0.0,0.0,0.0,320.7,0.0,0.0,-0.01015463440229647
2013-03-04,0.0,0.0,0.0,320.2,0.0,0.0,-0.001559089491736776
2013-03-05,0.0,0.0,0.0,320.56,0.0,0.0,0.001124297314178735
2013-03-06,0.0,0.0,0.0,319.03,0.0,0.0,-0.0047728974294984905
2013-03-07,0.0,0.0,0.0,319.0,0.0,0.0,-9.403504372618166e-05
2013-03-08,0.0,0.0,0.0,318.35,0.0,0.0,-0.0020376175548588726
2013-03-11,0.0,0.0,0.0,319.5,0.0,0.0,0.0036123763153761423
2013-03-12,0.0,0.0,0.0,319.49,0.0,0.0,-3.129890453834605e-05
2013-03-13,0.0,0.0,0.0,320.9,0.0,0.0,0.004413283670850365
2013-03-14,0.0,0.0,0.0,319.41,0.0,0.0,-0.0046431910252413555
2013-03-15,0.0,0.0,0.0,320.08,0.0,0.0,0.0020976174822326943
2013-03-18,0.0,0.0,0.0,321.19,0.0,0.0,0.0034678830292427243
2013-03-19,0.0,0.0,0.0,321.82,0.0,0.0,0.0019614558361094048
2013-03-20,0.0,0.0,0.0,322.93,0.0,0.0,0.003449133055745568
2013-03-21,0.0,0.0,0.0,322.23,0.0,0.0,-0.0021676524324156787
2013-03-22,0.0,0.0,0.0,322.7,0.0,0.0,0.0014585854824193945
2013-03-25,0.0,0.0,0.0,322.15,0.0,0.0,-0.0017043693833281859
2013-03-26,0.0,0.0,0.0,321.05,0.0,0.0,-0.0034145584355113057
2013-03-27,0.0,0.0,0.0,319.25,0.0,0.0,-0.005606603332814264
2013-03-28,0.0,0.0,0.0,321.11,0.0,0.0,0.005826155050900672
2013-03-29,0.0,0.0,0.0,320.23,0.0,0.0,-0.00274049391174358
2013-04-01,0.0,0.0,0.0,319.87,0.0,0.0,-0.0011241919870094153
2013-04-02,0.0,0.0,0.0,320.18,0.0,0.0,0.0009691437146339688
2013-04-03,0.0,0.0,0.0,314.15,0.0,0.0,-0.018833156349553515
2013-04-08,0.0,0.0,0.0,316.69,0.0,0.0,0.008085309565494248
2013-04-09,0.0,0.0,0.0,315.4,0.0,0.0,-0.004073384066437313
2013-04-10,0.0,0.0,0.0,316.99,0.0,0.0,0.005041217501585482
2013-04-11,0.0,0.0,0.0,311.87,0.0,0.0,-0.01615192908293639
2013-04-12,0.0,0.0,0.0,311.82,0.0,0.0,-0.00016032321159464846
2013-04-15,0.0,0.0,0.0,289.9,0.0,0.0,-0.07029696619844783
2013-04-16,0.0,0.0,0.0,274.76,0.0,0.0,-0.05222490513970335
2013-04-17,0.0,0.0,0.0,276.5,0.0,0.0,0.0063327995341389
2013-04-18,0.0,0.0,0.0,275.91,0.0,0.0,-0.0021338155515370216
2013-04-19,0.0,0.0,0.0,285.5,0.0,0.0,0.03475771084774015
2013-04-22,0.0,0.0,0.0,288.49,0.0,0.0,0.010472854640980689
2013-04-23,0.0,0.0,0.0,283.91,0.0,0.0,-0.015875766924330126
2013-04-24,0.0,0.0,0.0,290.79,0.0,0.0,0.024233031594519394
2013-04-25,0.0,0.0,0.0,293.2,0.0,0.0,0.008287767804945112
2013-04-26,0.0,0.0,0.0,296.5,0.0,0.0,0.011255115961800843
2013-05-02,0.0,0.0,0.0,294.58,0.0,0.0,-0.006475548060708269
2013-05-03,0.0,0.0,0.0,296.8,0.0,0.0,0.007536153167221116
2013-05-06,0.0,0.0,0.0,299.6,0.0,0.0,0.009433962264151052
2013-05-07,0.0,0.0,0.0,294.0,0.0,0.0,-0.018691588785046842
2013-05-08,0.0,0.0,0.0,294.52,0.0,0.0,0.0017687074829930705
2013-05-09,0.0,0.0,0.0,296.79,0.0,0.0,0.007707456199918639
2013-05-10,0.0,0.0,0.0,296.17,0.0,0.0,-0.00208901917180504
2013-05-13,0.0,0.0,0.0,293.64,0.0,0.0,-0.008542391194246601
2013-05-14,0.0,0.0,0.0,291.84,0.0,0.0,-0.006129955046996316
2013-05-15,0.0,0.0,0.0,285.6,0.0,0.0,-0.02138157894736825
2013-05-16,0.0,0.0,0.0,280.94,0.0,0.0,-0.01631652661064431
2013-05-17,0.0,0.0,0.0,277.96,0.0,0.0,-0.01060724709902472
2013-05-20,0.0,0.0,0.0,276.44,0.0,0.0,-0.005468412721254756
2013-05-21,0.0,0.0,0.0,282.64,0.0,0.0,0.022428013312111084
2013-05-22,0.0,0.0,0.0,281.56,0.0,0.0,-0.003821115199547087
2013-05-23,0.0,0.0,0.0,278.0,0.0,0.0,-0.012643841454752058
2013-05-24,0.0,0.0,0.0,279.2,0.0,0.0,0.004316546762589857
2013-05-27,0.0,0.0,0.0,280.85,0.0,0.0,0.005909742120344008
2013-05-28,0.0,0.0,0.0,279.14,0.0,0.0,-0.006088659426740417
2013-05-29,0.0,0.0,0.0,277.96,0.0,0.0,-0.004227269470516659
2013-05-30,0.0,0.0,0.0,280.85,0.0,0.0,0.010397179450280847
2013-05-31,0.0,0.0,0.0,281.5,0.0,0.0,0.0023144027060708616
2013-06-03,0.0,0.0,0.0,277.64,0.0,0.0,-0.013712255772646564
2013-06-04,0.0,0.0,0.0,279.55,0.0,0.0,0.006879412188445455
2013-06-05,0.0,0.0,0.0,278.5,0.0,0.0,-0.003756036487211678
2013-06-06,0.0,0.0,0.0,277.5,0.0,0.0,-0.0035906642728904536
2013-06-07,0.0,0.0,0.0,281.09,0.0,0.0,0.01293693693693676
2013-06-13,0.0,0.0,0.0,277.99,0.0,0.0,-0.01102849621117774
2013-06-14,0.0,0.0,0.0,277.35,0.0,0.0,-0.002302241087808854
2013-06-17,0.0,0.0,0.0,277.13,0.0,0.0,-0.0007932215612043159
2013-06-18,0.0,0.0,0.0,275.64,0.0,0.0,-0.005376538086818483
2013-06-19,0.0,0.0,0.0,274.25,0.0,0.0,-0.005042809461616504
2013-06-20,0.0,0.0,0.0,266.48,0.0,0.0,-0.028331814038286218
2013-06-21,0.0,0.0,0.0,262.47,0.0,0.0,-0.015048033623536461
2013-06-24,0.0,0.0,0.0,260.16,0.0,0.0,-0.008801005829237596
2013-06-25,0.0,0.0,0.0,258.91,0.0,0.0,-0.004804735547355499
2013-06-26,0.0,0.0,0.0,251.59,0.0,0.0,-0.028272372639141063
2013-06-27,0.0,0.0,0.0,250.07,0.0,0.0,-0.006041575579315617
2013-06-28,0.0,0.0,0.0,243.5,0.0,0.0,-0.02627264365977522
2013-07-01,0.0,0.0,0.0,254.1,0.0,0.0,0.04353182751540041
2013-07-02,0.0,0.0,0.0,256.6,0.0,0.0,0.009838646202282586
2013-07-03,0.0,0.0,0.0,252.0,0.0,0.0,-0.017926734216679785
2013-07-04,0.0,0.0,0.0,255.25,0.0,0.0,0.012896825396825351
2013-07-05,0.0,0.0,0.0,252.99,0.0,0.0,-0.008854064642507264
2013-07-08,0.0,0.0,0.0,251.15,0.0,0.0,-0.007273014743665818
2013-07-09,0.0,0.0,0.0,253.8,0.0,0.0,0.010551463268962724
2013-07-10,0.0,0.0,0.0,252.69,0.0,0.0,-0.004373522458628876
2013-07-11,0.0,0.0,0.0,259.37,0.0,0.0,0.026435553444932536
2013-07-12,0.0,0.0,0.0,257.59,0.0,0.0,-0.0068627828970198035
2013-07-15,0.0,0.0,0.0,259.7,0.0,0.0,0.008191311774525367
2013-07-16,0.0,0.0,0.0,259.1,0.0,0.0,-0.0023103581055061717
2013-07-17,0.0,0.0,0.0,259.2,0.0,0.0,0.00038595137012720215
2013-07-18,0.0,0.0,0.0,256.42,0.0,0.0,-0.010725308641975184
2013-07-19,0.0,0.0,0.0,259.39,0.0,0.0,0.01158255986272505
2013-07-22,0.0,0.0,0.0,264.59,0.0,0.0,0.020047033424573035
2013-07-23,0.0,0.0,0.0,267.17,0.0,0.0,0.00975093540950156
2013-07-24,0.0,0.0,0.0,268.73,0.0,0.0,0.005838978927274807
2013-07-25,0.0,0.0,0.0,264.9,0.0,0.0,-0.014252223421277965
2013-07-26,0.0,0.0,0.0,266.5,0.0,0.0,0.006040015100037932
2013-07-29,0.0,0.0,0.0,264.31,0.0,0.0,-0.008217636022514019
2013-07-30,0.0,0.0,0.0,264.1,0.0,0.0,-0.000794521584502994
2013-07-31,0.0,0.0,0.0,265.76,0.0,0.0,0.006285497917455363
2013-08-01,0.0,0.0,0.0,264.39,0.0,0.0,-0.00515502709211324
2013-08-02,0.0,0.0,0.0,258.27,0.0,0.0,-0.02314762282991034
2013-08-05,0.0,0.0,0.0,263.5,0.0,0.0,0.020250125837302013
2013-08-06,0.0,0.0,0.0,259.89,0.0,0.0,-0.013700189753320768
2013-08-07,0.0,0.0,0.0,257.11,0.0,0.0,-0.010696833275616546
2013-08-08,0.0,0.0,0.0,259.02,0.0,0.0,0.007428727004005875
2013-08-09,0.0,0.0,0.0,262.2,0.0,0.0,0.012277044243687696
2013-08-12,0.0,0.0,0.0,266.76,0.0,0.0,0.017391304347825987
2013-08-13,0.0,0.0,0.0,267.96,0.0,0.0,0.0044984255510571725
2013-08-14,0.0,0.0,0.0,264.75,0.0,0.0,-0.011979399910434285
2013-08-15,0.0,0.0,0.0,267.23,0.0,0.0,0.009367327667610947
2013-08-16,0.0,0.0,0.0,271.89,0.0,0.0,0.01743816188302194
2013-08-19,0.0,0.0,0.0,273.59,0.0,0.0,0.006252528596123463
2013-08-20,0.0,0.0,0.0,270.66,0.0,0.0,-0.010709455754961628
2013-08-21,0.0,0.0,0.0,272.23,0.0,0.0,0.005800635483632632
2013-08-22,0.0,0.0,0.0,271.79,0.0,0.0,-0.0016162803511736712
2013-08-23,0.0,0.0,0.0,273.19,0.0,0.0,0.005151035726111974
2013-08-26,0.0,0.0,0.0,277.69,0.0,0.0,0.01647205241773131
2013-08-27,0.0,0.0,0.0,278.32,0.0,0.0,0.0022687169145449992
2013-08-28,0.0,0.0,0.0,282.27,0.0,0.0,0.01419229663696453
2013-08-29,0.0,0.0,0.0,280.0,0.0,0.0,-0.008041945654869376
2013-08-30,0.0,0.0,0.0,277.6,0.0,0.0,-0.008571428571428452
2013-09-02,0.0,0.0,0.0,277.0,0.0,0.0,-0.002161383285302687
2013-09-03,0.0,0.0,0.0,276.39,0.0,0.0,-0.002202166064982025
2013-09-04,0.0,0.0,0.0,279.18,0.0,0.0,0.010094431781178859
2013-09-05,0.0,0.0,0.0,275.66,0.0,0.0,-0.012608353033884856
2013-09-06,0.0,0.0,0.0,273.28,0.0,0.0,-0.008633824276282565
2013-09-09,0.0,0.0,0.0,276.16,0.0,0.0,0.010538641686182793
2013-09-10,0.0,0.0,0.0,273.8,0.0,0.0,-0.008545770567786826
2013-09-11,0.0,0.0,0.0,272.38,0.0,0.0,-0.00518626734842953
2013-09-12,0.0,0.0,0.0,268.09,0.0,0.0,-0.015750055070122726
2013-09-13,0.0,0.0,0.0,262.78,0.0,0.0,-0.019806781304785748
2013-09-16,0.0,0.0,0.0,263.76,0.0,0.0,0.0037293553542887548
2013-09-17,0.0,0.0,0.0,262.0,0.0,0.0,-0.006672732787382452
2013-09-18,0.0,0.0,0.0,259.02,0.0,0.0,-0.011374045801526789
2013-09-23,0.0,0.0,0.0,263.39,0.0,0.0,0.016871284070728132
2013-09-24,0.0,0.0,0.0,262.45,0.0,0.0,-0.0035688522722958638
2013-09-25,0.0,0.0,0.0,262.2,0.0,0.0,-0.0009525623928366977
2013-09-26,0.0,0.0,0.0,264.57,0.0,0.0,0.009038901601830629
2013-09-27,0.0,0.0,0.0,263.58,0.0,0.0,-0.0037419208527044168
2013-09-30,0.0,0.0,0.0,265.65,0.0,0.0,0.007853403141361293
2013-10-08,0.0,0.0,0.0,263.2,0.0,0.0,-0.00922266139657435
2013-10-09,0.0,0.0,0.0,262.1,0.0,0.0,-0.0041793313069907745
2013-10-10,0.0,0.0,0.0,259.8,0.0,0.0,-0.008775276611980187
2013-10-11,0.0,0.0,0.0,257.77,0.0,0.0,-0.007813702848345039
2013-10-14,0.0,0.0,0.0,255.25,0.0,0.0,-0.009776157039220967
2013-10-15,0.0,0.0,0.0,253.36,0.0,0.0,-0.007404505386875537
2013-10-16,0.0,0.0,0.0,255.01,0.0,0.0,0.0065124723713292365
2013-10-17,0.0,0.0,0.0,254.02,0.0,0.0,-0.0038822006980118173
2013-10-18,0.0,0.0,0.0,260.13,0.0,0.0,0.0240532241555782
2013-10-21,0.0,0.0,0.0,260.76,0.0,0.0,0.002421865990081873
2013-10-22,0.0,0.0,0.0,259.5,0.0,0.0,-0.004832029452369935
2013-10-23,0.0,0.0,0.0,262.49,0.0,0.0,0.01152215799614642
2013-10-24,0.0,0.0,0.0,262.67,0.0,0.0,0.0006857404091584751
2013-10-25,0.0,0.0,0.0,262.86,0.0,0.0,0.000723341074351902
2013-10-28,0.0,0.0,0.0,264.13,0.0,0.0,0.004831469223160578
2013-10-29,0.0,0.0,0.0,264.2,0.0,0.0,0.0002650210123802399
2013-10-30,0.0,0.0,0.0,263.92,0.0,0.0,-0.0010598031794094576
2013-10-31,0.0,0.0,0.0,262.25,0.0,0.0,-0.006327675053046433
2013-11-01,0.0,0.0,0.0,260.69,0.0,0.0,-0.005948522402287937
2013-11-04,0.0,0.0,0.0,258.41,0.0,0.0,-0.008746020177221925
2013-11-05,0.0,0.0,0.0,258.75,0.0,0.0,0.001315738555009327
2013-11-06,0.0,0.0,0.0,258.11,0.0,0.0,-0.002473429951690753
2013-11-07,0.0,0.0,0.0,259.01,0.0,0.0,0.0034868854364418223
2013-11-08,0.0,0.0,0.0,257.52,0.0,0.0,-0.005752673641944317
2013-11-11,0.0,0.0,0.0,253.29,0.0,0.0,-0.01642590866728799
2013-11-12,0.0,0.0,0.0,251.96,0.0,0.0,-0.005250898179951724
2013-11-13,0.0,0.0,0.0,250.98,0.0,0.0,-0.003889506270836729
2013-11-14,0.0,0.0,0.0,253.0,0.0,0.0,0.008048450075703206
2013-11-15,0.0,0.0,0.0,253.0,0.0,0.0,0.0
2013-11-18,0.0,0.0,0.0,253.06,0.0,0.0,0.00023715415019753827
2013-11-19,0.0,0.0,0.0,250.9,0.0,0.0,-0.00853552517189593
2013-11-20,0.0,0.0,0.0,251.21,0.0,0.0,0.0012355520127540487
2013-11-21,0.0,0.0,0.0,246.17,0.0,0.0,-0.02006289558536689
2013-11-22,0.0,0.0,0.0,245.67,0.0,0.0,-0.002031116707966074
2013-11-25,0.0,0.0,0.0,243.32,0.0,0.0,-0.00956567753490456
2013-11-26,0.0,0.0,0.0,247.32,0.0,0.0,0.01643925694558601
2013-11-27,0.0,0.0,0.0,245.93,0.0,0.0,-0.0056202490700306695
2013-11-28,0.0,0.0,0.0,244.6,0.0,0.0,-0.00540804293904773
2013-11-29,0.0,0.0,0.0,244.71,0.0,0.0,0.00044971381847913605
2013-12-02,0.0,0.0,0.0,245.8,0.0,0.0,0.004454251971721668
2013-12-03,0.0,0.0,0.0,242.18,0.0,0.0,-0.014727420667209112
2013-12-04,0.0,0.0,0.0,240.89,0.0,0.0,-0.00532661656619049
2013-12-05,0.0,0.0,0.0,243.51,0.0,0.0,0.010876333596247179
2013-12-06,0.0,0.0,0.0,243.5,0.0,0.0,-4.106607531517703e-05
2013-12-09,0.0,0.0,0.0,243.99,0.0,0.0,0.002012320328542039
2013-12-10,0.0,0.0,0.0,244.96,0.0,0.0,0.003975572769375768
2013-12-11,0.0,0.0,0.0,246.71,0.0,0.0,0.007144023514043196
2013-12-12,0.0,0.0,0.0,246.0,0.0,0.0,-0.002877872806128723
2013-12-13,0.0,0.0,0.0,242.08,0.0,0.0,-0.015934959349593436
2013-12-16,0.0,0.0,0.0,242.75,0.0,0.0,0.0027676801057501255
2013-12-17,0.0,0.0,0.0,245.55,0.0,0.0,0.01153450051493321
2013-12-18,0.0,0.0,0.0,243.06,0.0,0.0,-0.010140500916310358
2013-12-19,0.0,0.0,0.0,241.0,0.0,0.0,-0.008475273594997113
2013-12-20,0.0,0.0,0.0,236.37,0.0,0.0,-0.019211618257261365
2013-12-23,0.0,0.0,0.0,238.77,0.0,0.0,0.010153572788424992
2013-12-24,0.0,0.0,0.0,237.62,0.0,0.0,-0.004816350462788499
2013-12-25,0.0,0.0,0.0,238.99,0.0,0.0,0.00576550795387587
2013-12-26,0.0,0.0,0.0,239.29,0.0,0.0,0.001255282647809386
2013-12-27,0.0,0.0,0.0,240.5,0.0,0.0,0.005056625851477259
2013-12-30,0.0,0.0,0.0,238.77,0.0,0.0,-0.007193347193347188
2013-12-31,0.0,0.0,0.0,236.46,0.0,0.0,-0.009674582233949014
2014-01-02,0.0,0.0,0.0,242.3,0.0,0.0,0.02469762327666425
2014-01-03,0.0,0.0,0.0,243.8,0.0,0.0,0.006190672719768919
2014-01-06,0.0,0.0,0.0,245.39,0.0,0.0,0.006521739130434634
2014-01-07,0.0,0.0,0.0,245.79,0.0,0.0,0.0016300582745834014
2014-01-08,0.0,0.0,0.0,241.95,0.0,0.0,-0.01562309288416941
2014-01-09,0.0,0.0,0.0,241.82,0.0,0.0,-0.0005373010952676172
2014-01-10,0.0,0.0,0.0,243.0,0.0,0.0,0.004879662558928244
2014-01-13,0.0,0.0,0.0,246.5,0.0,0.0,0.014403292181069949
2014-01-14,0.0,0.0,0.0,246.34,0.0,0.0,-0.0006490872210953569
2014-01-15,0.0,0.0,0.0,244.16,0.0,0.0,-0.008849557522123908
2014-01-16,0.0,0.0,0.0,244.49,0.0,0.0,0.001351572739187512
2014-01-17,0.0,0.0,0.0,245.4,0.0,0.0,0.0037220336210068705
2014-01-20,0.0,0.0,0.0,246.82,0.0,0.0,0.005786471067644516
2014-01-21,0.0,0.0,0.0,245.8,0.0,0.0,-0.0041325662426058285
2014-01-22,0.0,0.0,0.0,243.87,0.0,0.0,-0.007851912123677862
2014-01-23,0.0,0.0,0.0,243.27,0.0,0.0,-0.002460327223520742
2014-01-24,0.0,0.0,0.0,246.89,0.0,0.0,0.014880585357832654
2014-01-27,0.0,0.0,0.0,247.78,0.0,0.0,0.0036048442626270827
2014-01-28,0.0,0.0,0.0,245.9,0.0,0.0,-0.00758737589797398
2014-01-29,0.0,0.0,0.0,245.94,0.0,0.0,0.00016266775111839493
2014-01-30,0.0,0.0,0.0,246.37,0.0,0.0,0.001748393917215596
2014-02-07,0.0,0.0,0.0,248.29,0.0,0.0,0.007793156634330334
2014-02-10,0.0,0.0,0.0,250.39,0.0,0.0,0.008457851705666819
2014-02-11,0.0,0.0,0.0,251.49,0.0,0.0,0.004393146691161975
2014-02-12,0.0,0.0,0.0,252.06,0.0,0.0,0.002266491709411955
2014-02-13,0.0,0.0,0.0,252.1,0.0,0.0,0.00015869237483134846
2014-02-14,0.0,0.0,0.0,256.69,0.0,0.0,0.01820706069020228
2014-02-17,0.0,0.0,0.0,259.85,0.0,0.0,0.012310569169036611
2014-02-18,0.0,0.0,0.0,258.01,0.0,0.0,-0.0070810082740043745
2014-02-19,0.0,0.0,0.0,258.24,0.0,0.0,0.0008914383163443063
2014-02-20,0.0,0.0,0.0,257.49,0.0,0.0,-0.002904275092936781
2014-02-21,0.0,0.0,0.0,259.29,0.0,0.0,0.006990562740300632
2014-02-24,0.0,0.0,0.0,260.5,0.0,0.0,0.004666589532955401
2014-02-25,0.0,0.0,0.0,262.39,0.0,0.0,0.007255278310940527
2014-02-26,0.0,0.0,0.0,265.22,0.0,0.0,0.010785472007317498
2014-02-27,0.0,0.0,0.0,261.48,0.0,0.0,-0.014101500640977371
2014-02-28,0.0,0.0,0.0,262.73,0.0,0.0,0.004780480342664761
2014-03-03,0.0,0.0,0.0,266.2,0.0,0.0,0.013207475354926945
2014-03-04,0.0,0.0,0.0,264.0,0.0,0.0,-0.008264462809917328
2014-03-05,0.0,0.0,0.0,263.08,0.0,0.0,-0.003484848484848535
2014-03-06,0.0,0.0,0.0,262.99,0.0,0.0,-0.0003421012619734265
2014-03-07,0.0,0.0,0.0,265.27,0.0,0.0,0.008669531160880428
2014-03-10,0.0,0.0,0.0,262.53,0.0,0.0,-0.010329098654201396
2014-03-11,0.0,0.0,0.0,264.51,0.0,0.0,0.007541995200548657
2014-03-12,0.0,0.0,0.0,267.43,0.0,0.0,0.011039280178443134
2014-03-13,0.0,0.0,0.0,269.76,0.0,0.0,0.008712560296152194
2014-03-14,0.0,0.0,0.0,269.63,0.0,0.0,-0.00048190984578888596
2014-03-17,0.0,0.0,0.0,273.29,0.0,0.0,0.01357415717835564
2014-03-18,0.0,0.0,0.0,269.1,0.0,0.0,-0.015331698927878779
2014-03-19,0.0,0.0,0.0,268.2,0.0,0.0,-0.0033444816053512794
2014-03-20,0.0,0.0,0.0,265.45,0.0,0.0,-0.01025354213273677
2014-03-21,0.0,0.0,0.0,265.26,0.0,0.0,-0.0007157656809191337
2014-03-24,0.0,0.0,0.0,263.89,0.0,0.0,-0.005164744024730439
2014-03-25,0.0,0.0,0.0,261.2,0.0,0.0,-0.010193641289931388
2014-03-26,0.0,0.0,0.0,262.0,0.0,0.0,0.003062787136294043
2014-03-27,0.0,0.0,0.0,259.51,0.0,0.0,-0.009503816793893116
2014-03-28,0.0,0.0,0.0,258.5,0.0,0.0,-0.00389195021386457
2014-03-31,0.0,0.0,0.0,257.8,0.0,0.0,-0.0027079303675048294
2014-04-01,0.0,0.0,0.0,256.39,0.0,0.0,-0.005469356089992328
2014-04-02,0.0,0.0,0.0,256.25,0.0,0.0,-0.0005460431374078034
2014-04-03,0.0,0.0,0.0,257.06,0.0,0.0,0.0031609756097561448
2014-04-04,0.0,0.0,0.0,257.64,0.0,0.0,0.0022562825799423702
2014-04-08,0.0,0.0,0.0,261.0,0.0,0.0,0.01304145319049832
2014-04-09,0.0,0.0,0.0,261.12,0.0,0.0,0.00045977011494247044
2014-04-10,0.0,0.0,0.0,263.0,0.0,0.0,0.0071997549019606755
2014-04-11,0.0,0.0,0.0,262.64,0.0,0.0,-0.0013688212927757126
2014-04-14,0.0,0.0,0.0,264.85,0.0,0.0,0.008414559853792358
2014-04-15,0.0,0.0,0.0,262.18,0.0,0.0,-0.0100811780252974
2014-04-16,0.0,0.0,0.0,260.08,0.0,0.0,-0.008009764284079735
2014-04-17,0.0,0.0,0.0,259.3,0.0,0.0,-0.00299907720701309
2014-04-18,0.0,0.0,0.0,259.33,0.0,0.0,0.00011569610489758908
2014-04-21,0.0,0.0,0.0,257.66,0.0,0.0,-0.006439671461072605
2014-04-22,0.0,0.0,0.0,258.55,0.0,0.0,0.0034541644027010765
2014-04-23,0.0,0.0,0.0,257.88,0.0,0.0,-0.0025913749758267324
2014-04-24,0.0,0.0,0.0,257.7,0.0,0.0,-0.0006979990693346538
2014-04-25,0.0,0.0,0.0,259.76,0.0,0.0,0.007993791230112457
2014-04-28,0.0,0.0,0.0,261.89,0.0,0.0,0.008199876809362516
2014-04-29,0.0,0.0,0.0,260.09,0.0,0.0,-0.006873114666463009
2014-04-30,0.0,0.0,0.0,260.26,0.0,0.0,0.0006536199008035926
2014-05-05,0.0,0.0,0.0,262.84,0.0,0.0,0.0099131637593175
2014-05-06,0.0,0.0,0.0,262.98,0.0,0.0,0.0005326434332675323
2014-05-07,0.0,0.0,0.0,262.8,0.0,0.0,-0.000684462696783017
2014-05-08,0.0,0.0,0.0,259.05,0.0,0.0,-0.014269406392694028
2014-05-09,0.0,0.0,0.0,259.16,0.0,0.0,0.000424628450106157
2014-05-12,0.0,0.0,0.0,259.1,0.0,0.0,-0.00023151720944591947
2014-05-13,0.0,0.0,0.0,259.49,0.0,0.0,0.0015052103434967101
2014-05-14,0.0,0.0,0.0,260.29,0.0,0.0,0.0030829704420209936
2014-05-15,0.0,0.0,0.0,261.0,0.0,0.0,0.0027277267662990656
2014-05-16,0.0,0.0,0.0,259.69,0.0,0.0,-0.005019157088122617
2014-05-19,0.0,0.0,0.0,260.71,0.0,0.0,0.003927760021564142
2014-05-20,0.0,0.0,0.0,259.8,0.0,0.0,-0.003490468336465713
2014-05-21,0.0,0.0,0.0,259.85,0.0,0.0,0.00019245573518089643
2014-05-22,0.0,0.0,0.0,260.1,0.0,0.0,0.0009620935154897037
2014-05-23,0.0,0.0,0.0,260.01,0.0,0.0,-0.00034602076124579106
2014-05-26,0.0,0.0,0.0,259.56,0.0,0.0,-0.00173070266528208
2014-05-27,0.0,0.0,0.0,258.29,0.0,0.0,-0.00489289566959461
2014-05-28,0.0,0.0,0.0,254.9,0.0,0.0,-0.013124782221534015
2014-05-29,0.0,0.0,0.0,252.07,0.0,0.0,-0.011102393095331564
2014-05-30,0.0,0.0,0.0,252.8,0.0,0.0,0.002896020946562494
2014-06-03,0.0,0.0,0.0,250.9,0.0,0.0,-0.007515822784810111
2014-06-04,0.0,0.0,0.0,251.0,0.0,0.0,0.0003985651654045963
2014-06-05,0.0,0.0,0.0,250.4,0.0,0.0,-0.0023904382470119057
2014-06-06,0.0,0.0,0.0,252.75,0.0,0.0,0.009384984025559095
2014-06-09,0.0,0.0,0.0,252.23,0.0,0.0,-0.0020573689416419905
2014-06-10,0.0,0.0,0.0,251.6,0.0,0.0,-0.002497720334615261
2014-06-11,0.0,0.0,0.0,252.46,0.0,0.0,0.0034181240063593243
2014-06-12,0.0,0.0,0.0,252.0,0.0,0.0,-0.0018220708231007077
2014-06-13,0.0,0.0,0.0,254.35,0.0,0.0,0.009325396825396792
2014-06-16,0.0,0.0,0.0,256.79,0.0,0.0,0.009593080401022247
2014-06-17,0.0,0.0,0.0,253.75,0.0,0.0,-0.011838467230032346
2014-06-18,0.0,0.0,0.0,254.38,0.0,0.0,0.0024827586206896957
2014-06-19,0.0,0.0,0.0,255.98,0.0,0.0,0.006289802657441612
2014-06-20,0.0,0.0,0.0,262.5,0.0,0.0,0.025470739901554795
2014-06-23,0.0,0.0,0.0,263.68,0.0,0.0,0.004495238095238108
2014-06-24,0.0,0.0,0.0,263.61,0.0,0.0,-0.0002654733009708199
2014-06-25,0.0,0.0,0.0,262.9,0.0,0.0,-0.002693372785554593
2014-06-26,0.0,0.0,0.0,262.78,0.0,0.0,-0.0004564473183720219
2014-06-27,0.0,0.0,0.0,263.09,0.0,0.0,0.0011796940406423317
2014-06-30,0.0,0.0,0.0,261.86,0.0,0.0,-0.004675206203200277
2014-07-01,0.0,0.0,0.0,263.99,0.0,0.0,0.008134117467349045
2014-07-02,0.0,0.0,0.0,264.52,0.0,0.0,0.0020076518049925163
2014-07-03,0.0,0.0,0.0,263.71,0.0,0.0,-0.0030621503099954595
2014-07-04,0.0,0.0,0.0,263.93,0.0,0.0,0.0008342497440370078
2014-07-07,0.0,0.0,0.0,261.7,0.0,0.0,-0.008449210017807851
2014-07-08,0.0,0.0,0.0,263.0,0.0,0.0,0.004967520061138764
2014-07-09,0.0,0.0,0.0,263.76,0.0,0.0,0.0028897338403042205
2014-07-10,0.0,0.0,0.0,264.79,0.0,0.0,0.003905065210797698
2014-07-11,0.0,0.0,0.0,266.89,0.0,0.0,0.007930813097171141
2014-07-14,0.0,0.0,0.0,263.26,0.0,0.0,-0.013601109071152861
2014-07-15,0.0,0.0,0.0,261.73,0.0,0.0,-0.005811745042923255
2014-07-16,0.0,0.0,0.0,259.19,0.0,0.0,-0.009704657471440115
2014-07-17,0.0,0.0,0.0,260.45,0.0,0.0,0.004861298661213764
2014-07-18,0.0,0.0,0.0,261.69,0.0,0.0,0.004760990593204006
2014-07-21,0.0,0.0,0.0,262.6,0.0,0.0,0.003477396920019915
2014-07-22,0.0,0.0,0.0,261.09,0.0,0.0,-0.005750190403655986
2014-07-23,0.0,0.0,0.0,261.17,0.0,0.0,0.0003064077521162112
2014-07-24,0.0,0.0,0.0,258.85,0.0,0.0,-0.008883102959758027
2014-07-25,0.0,0.0,0.0,257.85,0.0,0.0,-0.0038632412594166166
2014-07-28,0.0,0.0,0.0,259.75,0.0,0.0,0.007368625169672294
2014-07-29,0.0,0.0,0.0,259.85,0.0,0.0,0.0003849855630415622
2014-07-30,0.0,0.0,0.0,258.4,0.0,0.0,-0.005580142389840503
2014-07-31,0.0,0.0,0.0,257.79,0.0,0.0,-0.0023606811145509
2014-08-01,0.0,0.0,0.0,255.65,0.0,0.0,-0.008301330540362417
2014-08-04,0.0,0.0,0.0,257.63,0.0,0.0,0.007744963817719608
2014-08-05,0.0,0.0,0.0,256.81,0.0,0.0,-0.0031828591390753447
2014-08-06,0.0,0.0,0.0,256.45,0.0,0.0,-0.0014018145710836816
2014-08-07,0.0,0.0,0.0,258.71,0.0,0.0,0.008812634041723388
2014-08-08,0.0,0.0,0.0,261.1,0.0,0.0,0.009238143094584927
2014-08-11,0.0,0.0,0.0,259.37,0.0,0.0,-0.006625813864419849
2014-08-12,0.0,0.0,0.0,260.0,0.0,0.0,0.0024289624860238668
2014-08-13,0.0,0.0,0.0,259.61,0.0,0.0,-0.0014999999999999458
2014-08-14,0.0,0.0,0.0,260.39,0.0,0.0,0.00300450676014008
2014-08-15,0.0,0.0,0.0,260.14,0.0,0.0,-0.0009600983140674035
2014-08-18,0.0,0.0,0.0,257.5,0.0,0.0,-0.010148381640655013
2014-08-19,0.0,0.0,0.0,257.0,0.0,0.0,-0.001941747572815511
2014-08-20,0.0,0.0,0.0,256.4,0.0,0.0,-0.0023346303501946553
2014-08-21,0.0,0.0,0.0,253.85,0.0,0.0,-0.009945397815912527
2014-08-22,0.0,0.0,0.0,253.91,0.0,0.0,0.00023636005515070835
2014-08-25,0.0,0.0,0.0,253.3,0.0,0.0,-0.0024024260564766697
2014-08-26,0.0,0.0,0.0,255.77,0.0,0.0,0.0097512830635611
2014-08-27,0.0,0.0,0.0,254.95,0.0,0.0,-0.0032060053954725554
2014-08-28,0.0,0.0,0.0,255.15,0.0,0.0,0.000784467542655598
2014-08-29,0.0,0.0,0.0,255.04,0.0,0.0,-0.0004311189496375434
2014-09-01,0.0,0.0,0.0,255.14,0.0,0.0,0.00039209535759088254
2014-09-02,0.0,0.0,0.0,252.84,0.0,0.0,-0.009014658618797466
2014-09-03,0.0,0.0,0.0,251.25,0.0,0.0,-0.006288561936402481
2014-09-04,0.0,0.0,0.0,250.91,0.0,0.0,-0.0013532338308457348
2014-09-05,0.0,0.0,0.0,250.25,0.0,0.0,-0.002630425252082458
2014-09-09,0.0,0.0,0.0,248.18,0.0,0.0,-0.008271728271728285
2014-09-10,0.0,0.0,0.0,248.46,0.0,0.0,0.0011282133935046623
2014-09-11,0.0,0.0,0.0,247.19,0.0,0.0,-0.005111486758431982
2014-09-12,0.0,0.0,0.0,245.21,0.0,0.0,-0.0080100327683158
2014-09-15,0.0,0.0,0.0,244.8,0.0,0.0,-0.0016720362138574751
2014-09-16,0.0,0.0,0.0,245.4,0.0,0.0,0.002450980392156854
2014-09-17,0.0,0.0,0.0,245.32,0.0,0.0,-0.0003259983700082403
2014-09-18,0.0,0.0,0.0,242.33,0.0,0.0,-0.01218816240013032
2014-09-19,0.0,0.0,0.0,242.01,0.0,0.0,-0.0013205133495647337
2014-09-22,0.0,0.0,0.0,239.03,0.0,0.0,-0.012313540762778352
2014-09-23,0.0,0.0,0.0,240.9,0.0,0.0,0.007823285780027556
2014-09-24,0.0,0.0,0.0,242.5,0.0,0.0,0.006641760066417479
2014-09-25,0.0,0.0,0.0,239.27,0.0,0.0,-0.013319587628865981
2014-09-26,0.0,0.0,0.0,242.76,0.0,0.0,0.014586032515568004
2014-09-29,0.0,0.0,0.0,240.97,0.0,0.0,-0.0073735376503542005
2014-09-30,0.0,0.0,0.0,241.24,0.0,0.0,0.0011204714279786643
2014-10-08,0.0,0.0,0.0,241.26,0.0,0.0,8.290499088037251e-05
2014-10-09,0.0,0.0,0.0,242.59,0.0,0.0,0.005512724861145735
2014-10-10,0.0,0.0,0.0,241.75,0.0,0.0,-0.0034626324250793816
2014-10-13,0.0,0.0,0.0,243.64,0.0,0.0,0.00781799379524295
2014-10-14,0.0,0.0,0.0,243.58,0.0,0.0,-0.0002462649811195705
2014-10-15,0.0,0.0,0.0,242.12,0.0,0.0,-0.005993923967484993
2014-10-16,0.0,0.0,0.0,244.41,0.0,0.0,0.009458119940525256
2014-10-17,0.0,0.0,0.0,244.89,0.0,0.0,0.0019639130968454044
2014-10-20,0.0,0.0,0.0,244.79,0.0,0.0,-0.00040834660459798666
2014-10-21,0.0,0.0,0.0,246.99,0.0,0.0,0.008987295232648407
2014-10-22,0.0,0.0,0.0,245.39,0.0,0.0,-0.006477995060528818
2014-10-23,0.0,0.0,0.0,244.85,0.0,0.0,-0.0022005786706874586
2014-10-24,0.0,0.0,0.0,242.42,0.0,0.0,-0.009924443536859284
2014-10-27,0.0,0.0,0.0,242.22,0.0,0.0,-0.0008250144377526247
2014-10-28,0.0,0.0,0.0,241.82,0.0,0.0,-0.001651391297167848
2014-10-29,0.0,0.0,0.0,241.83,0.0,0.0,4.1353072533389934e-05
2014-10-30,0.0,0.0,0.0,237.41,0.0,0.0,-0.018277302237108772
2014-10-31,0.0,0.0,0.0,230.44,0.0,0.0,-0.029358493744998104
2014-11-03,0.0,0.0,0.0,230.93,0.0,0.0,0.0021263669501823124
2014-11-04,0.0,0.0,0.0,229.5,0.0,0.0,-0.006192352660979505
2014-11-05,0.0,0.0,0.0,225.9,0.0,0.0,-0.015686274509803866
2014-11-06,0.0,0.0,0.0,225.38,0.0,0.0,-0.0023019034971226704
2014-11-07,0.0,0.0,0.0,225.3,0.0,0.0,-0.000354956074185786
2014-11-10,0.0,0.0,0.0,230.71,0.0,0.0,0.024012427873945752
2014-11-11,0.0,0.0,0.0,227.79,0.0,0.0,-0.012656581856009819
2014-11-12,0.0,0.0,0.0,230.39,0.0,0.0,0.011414021686641185
2014-11-13,0.0,0.0,0.0,228.89,0.0,0.0,-0.006510699249099305
2014-11-14,0.0,0.0,0.0,227.2,0.0,0.0,-0.00738345930359563
2014-11-17,0.0,0.0,0.0,234.57,0.0,0.0,0.032438380281690105
2014-11-18,0.0,0.0,0.0,234.4,0.0,0.0,-0.0007247303576757291
2014-11-19,0.0,0.0,0.0,235.2,0.0,0.0,0.0034129692832762792
2014-11-20,0.0,0.0,0.0,233.8,0.0,0.0,-0.00595238095238082
2014-11-21,0.0,0.0,0.0,235.41,0.0,0.0,0.006886227544910195
2014-11-24,0.0,0.0,0.0,237.15,0.0,0.0,0.00739135975532057
2014-11-25,0.0,0.0,0.0,237.0,0.0,0.0,-0.0006325110689436864
2014-11-26,0.0,0.0,0.0,237.39,0.0,0.0,0.0016455696202530845
2014-11-27,0.0,0.0,0.0,236.42,0.0,0.0,-0.004086103037196143
2014-11-28,0.0,0.0,0.0,235.5,0.0,0.0,-0.0038913797479062096
2014-12-01,0.0,0.0,0.0,228.84,0.0,0.0,-0.02828025477707008
2014-12-02,0.0,0.0,0.0,238.86,0.0,0.0,0.04378605138961733
2014-12-03,0.0,0.0,0.0,237.65,0.0,0.0,-0.005065728878841158
2014-12-04,0.0,0.0,0.0,238.0,0.0,0.0,0.0014727540500736325
2014-12-05,0.0,0.0,0.0,239.0,0.0,0.0,0.004201680672268893
2014-12-08,0.0,0.0,0.0,236.99,0.0,0.0,-0.008410041841004134
2014-12-09,0.0,0.0,0.0,240.38,0.0,0.0,0.014304401029579195
2014-12-10,0.0,0.0,0.0,246.15,0.0,0.0,0.024003660870288712
2014-12-11,0.0,0.0,0.0,243.17,0.0,0.0,-0.012106439163112048
2014-12-12,0.0,0.0,0.0,242.9,0.0,0.0,-0.001110334334004981
2014-12-15,0.0,0.0,0.0,243.1,0.0,0.0,0.0008233841086866533
2014-12-16,0.0,0.0,0.0,239.09,0.0,0.0,-0.01649526943644586
2014-12-17,0.0,0.0,0.0,239.3,0.0,0.0,0.0008783303358568251
2014-12-18,0.0,0.0,0.0,240.35,0.0,0.0,0.0043877977434181314
2014-12-19,0.0,0.0,0.0,240.93,0.0,0.0,0.002413147493239176
2014-12-22,0.0,0.0,0.0,240.25,0.0,0.0,-0.0028223965467147893
2014-12-23,0.0,0.0,0.0,236.95,0.0,0.0,-0.01373569198751301
2014-12-24,0.0,0.0,0.0,236.57,0.0,0.0,-0.0016037138636842974
2014-12-25,0.0,0.0,0.0,236.69,0.0,0.0,0.0005072494399120941
2014-12-26,0.0,0.0,0.0,238.2,0.0,0.0,0.006379652710296169
2014-12-29,0.0,0.0,0.0,239.96,0.0,0.0,0.007388748950461821
2014-12-30,0.0,0.0,0.0,237.42,0.0,0.0,-0.010585097516252806
2014-12-31,0.0,0.0,0.0,240.59,0.0,0.0,0.013351865891668924
2015-01-05,0.0,0.0,0.0,240.6,0.0,0.0,4.156448730197049e-05
2015-01-06,0.0,0.0,0.0,242.5,0.0,0.0,0.007896924355777157
2015-01-07,0.0,0.0,0.0,243.14,0.0,0.0,0.0026391752577319405
2015-01-08,0.0,0.0,0.0,242.75,0.0,0.0,-0.0016040141482273063
2015-01-09,0.0,0.0,0.0,242.92,0.0,0.0,0.0007003089598351941
2015-01-12,0.0,0.0,0.0,245.8,0.0,0.0,0.011855754981063837
2015-01-13,0.0,0.0,0.0,247.38,0.0,0.0,0.006427990235964076
2015-01-14,0.0,0.0,0.0,247.7,0.0,0.0,0.0012935564718246084
2015-01-15,0.0,0.0,0.0,245.01,0.0,0.0,-0.010859911182882542
2015-01-16,0.0,0.0,0.0,252.0,0.0,0.0,0.02852944777764166
2015-01-19,0.0,0.0,0.0,255.8,0.0,0.0,0.015079365079365026
2015-01-20,0.0,0.0,0.0,255.99,0.0,0.0,0.0007427677873339533
2015-01-21,0.0,0.0,0.0,260.29,0.0,0.0,0.01679753115356064
2015-01-22,0.0,0.0,0.0,257.28,0.0,0.0,-0.011564024741634538
2015-01-23,0.0,0.0,0.0,259.8,0.0,0.0,0.009794776119403048
2015-01-26,0.0,0.0,0.0,260.8,0.0,0.0,0.0038491147036181506
2015-01-27,0.0,0.0,0.0,258.39,0.0,0.0,-0.00924079754601237
2015-01-28,0.0,0.0,0.0,259.16,0.0,0.0,0.0029799914857386867
2015-01-29,0.0,0.0,0.0,257.5,0.0,0.0,-0.006405309461336772
2015-01-30,0.0,0.0,0.0,253.19,0.0,0.0,-0.01673786407766986
2015-02-02,0.0,0.0,0.0,257.94,0.0,0.0,0.018760614558236854
2015-02-03,0.0,0.0,0.0,258.26,0.0,0.0,0.0012405985888190862
2015-02-04,0.0,0.0,0.0,254.7,0.0,0.0,-0.01378455819716562
2015-02-05,0.0,0.0,0.0,255.26,0.0,0.0,0.0021986650961915988
2015-02-06,0.0,0.0,0.0,254.93,0.0,0.0,-0.0012927994985504343
2015-02-09,0.0,0.0,0.0,249.74,0.0,0.0,-0.020358529792492086
2015-02-10,0.0,0.0,0.0,250.28,0.0,0.0,0.0021622487386883105
2015-02-11,0.0,0.0,0.0,248.88,0.0,0.0,-0.005593735016781176
2015-02-12,0.0,0.0,0.0,245.9,0.0,0.0,-0.011973641915782651
2015-02-13,0.0,0.0,0.0,247.6,0.0,0.0,0.006913379422529342
2015-02-16,0.0,0.0,0.0,248.6,0.0,0.0,0.0040387722132471104
2015-02-17,0.0,0.0,0.0,247.23,0.0,0.0,-0.005510860820595376
2015-02-25,0.0,0.0,0.0,244.52,0.0,0.0,-0.010961452898111013
2015-02-26,0.0,0.0,0.0,244.59,0.0,0.0,0.00028627515131685044
2015-02-27,0.0,0.0,0.0,244.83,0.0,0.0,0.0009812339016312954
2015-03-02,0.0,0.0,0.0,247.39,0.0,0.0,0.010456234938528652
2015-03-03,0.0,0.0,0.0,245.0,0.0,0.0,-0.009660859371842023
2015-03-04,0.0,0.0,0.0,244.18,0.0,0.0,-0.0033469387755101776
2015-03-05,0.0,0.0,0.0,243.0,0.0,0.0,-0.004832500614300961
2015-03-06,0.0,0.0,0.0,242.31,0.0,0.0,-0.0028395061728394566
2015-03-09,0.0,0.0,0.0,237.4,0.0,0.0,-0.020263299079691266
2015-03-10,0.0,0.0,0.0,235.45,0.0,0.0,-0.008213984835720334
2015-03-11,0.0,0.0,0.0,235.3,0.0,0.0,-0.000637077935867425
2015-03-12,0.0,0.0,0.0,235.79,0.0,0.0,0.002082447938801524
2015-03-13,0.0,0.0,0.0,234.64,0.0,0.0,-0.004877221256202602
2015-03-16,0.0,0.0,0.0,234.85,0.0,0.0,0.0008949880668258636
2015-03-17,0.0,0.0,0.0,233.0,0.0,0.0,-0.007877368533106166
2015-03-18,0.0,0.0,0.0,231.0,0.0,0.0,-0.008583690987124415
2015-03-19,0.0,0.0,0.0,234.49,0.0,0.0,0.01510822510822507
2015-03-20,0.0,0.0,0.0,234.5,0.0,0.0,4.264574182255565e-05
2015-03-23,0.0,0.0,0.0,236.68,0.0,0.0,0.009296375266524493
2015-03-24,0.0,0.0,0.0,237.73,0.0,0.0,0.004436369781984029
2015-03-25,0.0,0.0,0.0,238.19,0.0,0.0,0.0019349682412821423
2015-03-26,0.0,0.0,0.0,241.04,0.0,0.0,0.011965237835341425
2015-03-27,0.0,0.0,0.0,240.5,0.0,0.0,-0.002240292067706595
2015-03-30,0.0,0.0,0.0,238.74,0.0,0.0,-0.007318087318087252
2015-03-31,0.0,0.0,0.0,235.55,0.0,0.0,-0.013361816201725718
2015-04-01,0.0,0.0,0.0,236.69,0.0,0.0,0.004839736786244941
2015-04-02,0.0,0.0,0.0,240.3,0.0,0.0,0.015252017406734542
2015-04-03,0.0,0.0,0.0,239.4,0.0,0.0,-0.0037453183520599342
2015-04-07,0.0,0.0,0.0,241.41,0.0,0.0,0.00839598997493729
2015-04-08,0.0,0.0,0.0,241.9,0.0,0.0,0.0020297419328114685
2015-04-09,0.0,0.0,0.0,238.5,0.0,0.0,-0.014055394791236075
2015-04-10,0.0,0.0,0.0,238.89,0.0,0.0,0.0016352201257860965
2015-04-13,0.0,0.0,0.0,241.34,0.0,0.0,0.010255766252249998
2015-04-14,0.0,0.0,0.0,239.09,0.0,0.0,-0.009322946879920413
2015-04-15,0.0,0.0,0.0,238.33,0.0,0.0,-0.0031787193107197798
2015-04-16,0.0,0.0,0.0,240.3,0.0,0.0,0.008265849872026276
2015-04-17,0.0,0.0,0.0,240.0,0.0,0.0,-0.0012484394506866447
2015-04-20,0.0,0.0,0.0,241.79,0.0,0.0,0.007458333333333345
2015-04-21,0.0,0.0,0.0,238.57,0.0,0.0,-0.013317341494685442
2015-04-22,0.0,0.0,0.0,240.0,0.0,0.0,0.0059940478685500675
2015-04-23,0.0,0.0,0.0,236.99,0.0,0.0,-0.012541666666666673
2015-04-24,0.0,0.0,0.0,238.8,0.0,0.0,0.00763745305709107
2015-04-27,0.0,0.0,0.0,236.8,0.0,0.0,-0.008375209380234505
2015-04-28,0.0,0.0,0.0,240.5,0.0,0.0,0.015625
2015-04-29,0.0,0.0,0.0,241.49,0.0,0.0,0.004116424116424211
2015-04-30,0.0,0.0,0.0,239.93,0.0,0.0,-0.006459894819661249
2015-05-04,0.0,0.0,0.0,236.97,0.0,0.0,-0.01233693160505156
2015-05-05,0.0,0.0,0.0,237.73,0.0,0.0,0.003207157024095908
2015-05-06,0.0,0.0,0.0,238.78,0.0,0.0,0.004416775333361489
2015-05-07,0.0,0.0,0.0,236.89,0.0,0.0,-0.00791523578189135
2015-05-08,0.0,0.0,0.0,237.65,0.0,0.0,0.0032082401114441605
2015-05-11,0.0,0.0,0.0,237.17,0.0,0.0,-0.002019776982958188
2015-05-12,0.0,0.0,0.0,236.9,0.0,0.0,-0.0011384239153349185
2015-05-13,0.0,0.0,0.0,238.98,0.0,0.0,0.008780075981426716
2015-05-14,0.0,0.0,0.0,242.83,0.0,0.0,0.01611013473930889
2015-05-15,0.0,0.0,0.0,243.56,0.0,0.0,0.00300621834205006
2015-05-18,0.0,0.0,0.0,245.37,0.0,0.0,0.007431433732961068
2015-05-19,0.0,0.0,0.0,243.55,0.0,0.0,-0.007417369686595676
2015-05-20,0.0,0.0,0.0,241.17,0.0,0.0,-0.009772120714432453
2015-05-21,0.0,0.0,0.0,241.79,0.0,0.0,0.002570800680018248
2015-05-22,0.0,0.0,0.0,241.74,0.0,0.0,-0.0002067910169981646
2015-05-25,0.0,0.0,0.0,240.5,0.0,0.0,-0.005129477951518191
2015-05-26,0.0,0.0,0.0,239.16,0.0,0.0,-0.005571725571725583
2015-05-27,0.0,0.0,0.0,237.65,0.0,0.0,-0.0063137648436193405
2015-05-28,0.0,0.0,0.0,237.25,0.0,0.0,-0.001683147485798453
2015-05-29,0.0,0.0,0.0,237.59,0.0,0.0,0.00143308746048465
2015-06-01,0.0,0.0,0.0,236.79,0.0,0.0,-0.003367145081863754
2015-06-02,0.0,0.0,0.0,237.4,0.0,0.0,0.0025761223024620694
2015-06-03,0.0,0.0,0.0,237.52,0.0,0.0,0.0005054759898905914
2015-06-04,0.0,0.0,0.0,235.94,0.0,0.0,-0.006652071404513404
2015-06-05,0.0,0.0,0.0,235.0,0.0,0.0,-0.003984063745019917
2015-06-08,0.0,0.0,0.0,234.7,0.0,0.0,-0.001276595744680864
2015-06-09,0.0,0.0,0.0,235.18,0.0,0.0,0.0020451640391989656
2015-06-10,0.0,0.0,0.0,236.85,0.0,0.0,0.007100943957819572
2015-06-11,0.0,0.0,0.0,236.49,0.0,0.0,-0.001519949335022086
2015-06-12,0.0,0.0,0.0,236.41,0.0,0.0,-0.00033828068840124903
2015-06-15,0.0,0.0,0.0,236.7,0.0,0.0,0.0012266824584408198
2015-06-16,0.0,0.0,0.0,237.3,0.0,0.0,0.0025348542458809575
2015-06-17,0.0,0.0,0.0,235.6,0.0,0.0,-0.0071639275179098405
2015-06-18,0.0,0.0,0.0,237.5,0.0,0.0,0.008064516129032251
2015-06-19,0.0,0.0,0.0,239.4,0.0,0.0,0.008000000000000007
2015-06-23,0.0,0.0,0.0,237.32,0.0,0.0,-0.008688387635756079
2015-06-24,0.0,0.0,0.0,235.0,0.0,0.0,-0.009775830102814687
2015-06-25,0.0,0.0,0.0,235.1,0.0,0.0,0.00042553191489358433
2015-06-26,0.0,0.0,0.0,234.98,0.0,0.0,-0.0005104210974054002
2015-06-29,0.0,0.0,0.0,235.56,0.0,0.0,0.0024682951740573333
2015-06-30,0.0,0.0,0.0,234.94,0.0,0.0,-0.0026320258108337713
2015-07-01,0.0,0.0,0.0,234.38,0.0,0.0,-0.0023835872988848816
2015-07-02,0.0,0.0,0.0,232.73,0.0,0.0,-0.007039849816537269
2015-07-03,0.0,0.0,0.0,233.77,0.0,0.0,0.004468697632449725
2015-07-06,0.0,0.0,0.0,233.69,0.0,0.0,-0.00034221670873080257
2015-07-07,0.0,0.0,0.0,233.89,0.0,0.0,0.000855834652744969
2015-07-08,0.0,0.0,0.0,229.13,0.0,0.0,-0.02035144726153315
2015-07-09,0.0,0.0,0.0,232.64,0.0,0.0,0.015318814646707146
2015-07-10,0.0,0.0,0.0,232.77,0.0,0.0,0.0005588033012380311
2015-07-13,0.0,0.0,0.0,231.4,0.0,0.0,-0.005885638183614761
2015-07-14,0.0,0.0,0.0,230.8,0.0,0.0,-0.0025929127052721768
2015-07-15,0.0,0.0,0.0,231.29,0.0,0.0,0.0021230502599651757
2015-07-16,0.0,0.0,0.0,229.6,0.0,0.0,-0.007306844221540043
2015-07-17,0.0,0.0,0.0,229.19,0.0,0.0,-0.0017857142857142794
2015-07-20,0.0,0.0,0.0,223.52,0.0,0.0,-0.024739299271346882
2015-07-21,0.0,0.0,0.0,221.7,0.0,0.0,-0.00814244810307807
2015-07-22,0.0,0.0,0.0,218.9,0.0,0.0,-0.012629679747406364
2015-07-23,0.0,0.0,0.0,219.55,0.0,0.0,0.0029693924166285246
2015-07-24,0.0,0.0,0.0,217.19,0.0,0.0,-0.01074925984969266
2015-07-27,0.0,0.0,0.0,221.38,0.0,0.0,0.019291864266310688
2015-07-28,0.0,0.0,0.0,219.53,0.0,0.0,-0.008356671786069136
2015-07-29,0.0,0.0,0.0,219.56,0.0,0.0,0.00013665558238051823
2015-07-30,0.0,0.0,0.0,217.51,0.0,0.0,-0.009336855529240351
2015-07-31,0.0,0.0,0.0,216.87,0.0,0.0,-0.0029423934531744855
2015-08-03,0.0,0.0,0.0,219.3,0.0,0.0,0.011204869276525198
2015-08-04,0.0,0.0,0.0,218.14,0.0,0.0,-0.00528955768353867
2015-08-05,0.0,0.0,0.0,217.61,0.0,0.0,-0.0024296323461995284
2015-08-06,0.0,0.0,0.0,217.59,0.0,0.0,-9.1907541013736e-05
2015-08-07,0.0,0.0,0.0,218.7,0.0,0.0,0.005101337377636739
2015-08-10,0.0,0.0,0.0,219.95,0.0,0.0,0.0057155921353451156
2015-08-11,0.0,0.0,0.0,224.99,0.0,0.0,0.02291429870425099
2015-08-12,0.0,0.0,0.0,232.24,0.0,0.0,0.032223654384639255
2015-08-13,0.0,0.0,0.0,231.0,0.0,0.0,-0.0053393041681020215
2015-08-14,0.0,0.0,0.0,230.6,0.0,0.0,-0.0017316017316018062
2015-08-17,0.0,0.0,0.0,230.7,0.0,0.0,0.0004336513443190526
2015-08-18,0.0,0.0,0.0,231.04,0.0,0.0,0.0014737754659730484
2015-08-19,0.0,0.0,0.0,231.79,0.0,0.0,0.003246191135733989
2015-08-20,0.0,0.0,0.0,234.7,0.0,0.0,0.01255446740584154
2015-08-21,0.0,0.0,0.0,238.02,0.0,0.0,0.014145717937793068
2015-08-24,0.0,0.0,0.0,239.58,0.0,0.0,0.006554071086463331
2015-08-25,0.0,0.0,0.0,237.86,0.0,0.0,-0.007179230319726226
2015-08-26,0.0,0.0,0.0,235.78,0.0,0.0,-0.008744639704027612
2015-08-27,0.0,0.0,0.0,233.17,0.0,0.0,-0.011069641190940782
2015-08-28,0.0,0.0,0.0,233.2,0.0,0.0,0.00012866149161561147
2015-08-31,0.0,0.0,0.0,233.75,0.0,0.0,0.002358490566037874
2015-09-01,0.0,0.0,0.0,234.6,0.0,0.0,0.0036363636363636598
2015-09-02,0.0,0.0,0.0,234.9,0.0,0.0,0.0012787723785165905
2015-09-07,0.0,0.0,0.0,231.0,0.0,0.0,-0.016602809706258048
2015-09-08,0.0,0.0,0.0,230.58,0.0,0.0,-0.0018181818181817189
2015-09-09,0.0,0.0,0.0,231.1,0.0,0.0,0.0022551825830514627
2015-09-10,0.0,0.0,0.0,228.09,0.0,0.0,-0.013024664647338757
2015-09-11,0.0,0.0,0.0,228.35,0.0,0.0,0.0011399009163048923
2015-09-14,0.0,0.0,0.0,227.99,0.0,0.0,-0.0015765272607838332
2015-09-15,0.0,0.0,0.0,227.94,0.0,0.0,-0.00021930786438006944
2015-09-16,0.0,0.0,0.0,228.02,0.0,0.0,0.0003509695533912005
2015-09-17,0.0,0.0,0.0,230.44,0.0,0.0,0.01061310411367411
2015-09-18,0.0,0.0,0.0,231.96,0.0,0.0,0.006596077069953132
2015-09-21,0.0,0.0,0.0,234.0,0.0,0.0,0.008794619762027889
2015-09-22,0.0,0.0,0.0,233.4,0.0,0.0,-0.002564102564102555
2015-09-23,0.0,0.0,0.0,232.51,0.0,0.0,-0.0038131962296487076
2015-09-24,0.0,0.0,0.0,233.84,0.0,0.0,0.005720184078104262
2015-09-25,0.0,0.0,0.0,235.24,0.0,0.0,0.00598699965788585
2015-09-28,0.0,0.0,0.0,233.7,0.0,0.0,-0.006546505696310212
2015-09-29,0.0,0.0,0.0,230.56,0.0,0.0,-0.01343602909713304
2015-09-30,0.0,0.0,0.0,230.5,0.0,0.0,-0.00026023594725888
2015-10-08,0.0,0.0,0.0,235.0,0.0,0.0,0.01952277657266821
2015-10-09,0.0,0.0,0.0,234.77,0.0,0.0,-0.0009787234042553106
2015-10-12,0.0,0.0,0.0,237.2,0.0,0.0,0.010350555863185118
2015-10-13,0.0,0.0,0.0,236.3,0.0,0.0,-0.003794266441821126
2015-10-14,0.0,0.0,0.0,239.84,0.0,0.0,0.01498095641134145
2015-10-15,0.0,0.0,0.0,241.4,0.0,0.0,0.006504336224149476
2015-10-16,0.0,0.0,0.0,240.56,0.0,0.0,-0.0034797017398509045
2015-10-19,0.0,0.0,0.0,239.5,0.0,0.0,-0.004406385101429988
2015-10-20,0.0,0.0,0.0,240.1,0.0,0.0,0.0025052192066805645
2015-10-21,0.0,0.0,0.0,240.31,0.0,0.0,0.0008746355685131935
2015-10-22,0.0,0.0,0.0,239.03,0.0,0.0,-0.005326453331114034
2015-10-23,0.0,0.0,0.0,240.49,0.0,0.0,0.006108019913818374
2015-10-26,0.0,0.0,0.0,238.3,0.0,0.0,-0.009106407750842038
2015-10-27,0.0,0.0,0.0,238.45,0.0,0.0,0.0006294586655475332
2015-10-28,0.0,0.0,0.0,240.0,0.0,0.0,0.00650031453134825
2015-10-29,0.0,0.0,0.0,237.3,0.0,0.0,-0.011249999999999982
2015-10-30,0.0,0.0,0.0,233.91,0.0,0.0,-0.014285714285714346
2015-11-02,0.0,0.0,0.0,233.3,0.0,0.0,-0.0026078406224615547
2015-11-03,0.0,0.0,0.0,232.13,0.0,0.0,-0.005015002143163416
2015-11-04,0.0,0.0,0.0,228.74,0.0,0.0,-0.014603885753672441
2015-11-05,0.0,0.0,0.0,227.01,0.0,0.0,-0.007563172160531706
2015-11-06,0.0,0.0,0.0,227.31,0.0,0.0,0.0013215276860050196
2015-11-09,0.0,0.0,0.0,224.39,0.0,0.0,-0.012845893273503162
2015-11-10,0.0,0.0,0.0,224.24,0.0,0.0,-0.000668478987477017
2015-11-11,0.0,0.0,0.0,224.47,0.0,0.0,0.001025686764181133
2015-11-12,0.0,0.0,0.0,223.4,0.0,0.0,-0.004766783980041822
2015-11-13,0.0,0.0,0.0,223.35,0.0,0.0,-0.00022381378692937215
2015-11-16,0.0,0.0,0.0,225.5,0.0,0.0,0.009626147302440158
2015-11-17,0.0,0.0,0.0,222.16,0.0,0.0,-0.014811529933481116
2015-11-18,0.0,0.0,0.0,220.92,0.0,0.0,-0.005581562837594589
2015-11-19,0.0,0.0,0.0,221.59,0.0,0.0,0.003032772044178955
2015-11-20,0.0,0.0,0.0,223.1,0.0,0.0,0.00681438693081815
2015-11-23,0.0,0.0,0.0,220.83,0.0,0.0,-0.010174809502465187
2015-11-24,0.0,0.0,0.0,221.44,0.0,0.0,0.002762305846125912
2015-11-25,0.0,0.0,0.0,222.84,0.0,0.0,0.006322254335260125
2015-11-26,0.0,0.0,0.0,221.85,0.0,0.0,-0.004442649434571955
2015-11-27,0.0,0.0,0.0,220.78,0.0,0.0,-0.004823078656750024
2015-11-30,0.0,0.0,0.0,218.02,0.0,0.0,-0.012501132348944566
2015-12-01,0.0,0.0,0.0,221.54,0.0,0.0,0.016145307769929174
2015-12-02,0.0,0.0,0.0,220.54,0.0,0.0,-0.004513857542655986
2015-12-03,0.0,0.0,0.0,218.18,0.0,0.0,-0.010701006620114195
2015-12-04,0.0,0.0,0.0,219.96,0.0,0.0,0.00815840132001111
2015-12-07,0.0,0.0,0.0,224.99,0.0,0.0,0.022867794144389997
2015-12-08,0.0,0.0,0.0,224.89,0.0,0.0,-0.0004444641984089337
2015-12-09,0.0,0.0,0.0,223.28,0.0,0.0,-0.007159055538263126
2015-12-10,0.0,0.0,0.0,222.8,0.0,0.0,-0.002149767108563183
2015-12-11,0.0,0.0,0.0,223.02,0.0,0.0,0.0009874326750449747
2015-12-14,0.0,0.0,0.0,224.06,0.0,0.0,0.004663258900547085
2015-12-15,0.0,0.0,0.0,221.65,0.0,0.0,-0.010756047487280207
2015-12-16,0.0,0.0,0.0,222.3,0.0,0.0,0.0029325513196480912
2015-12-17,0.0,0.0,0.0,223.13,0.0,0.0,0.0037336932073772644
2015-12-18,0.0,0.0,0.0,221.4,0.0,0.0,-0.007753327656523035
2015-12-21,0.0,0.0,0.0,223.94,0.0,0.0,0.011472448057813889
2015-12-22,0.0,0.0,0.0,225.19,0.0,0.0,0.005581852281861144
2015-12-23,0.0,0.0,0.0,224.6,0.0,0.0,-0.00262000976952792
2015-12-24,0.0,0.0,0.0,224.73,0.0,0.0,0.0005788067675867037
2015-12-25,0.0,0.0,0.0,225.14,0.0,0.0,0.001824411516041513
2015-12-28,0.0,0.0,0.0,224.94,0.0,0.0,-0.0008883361463977169
2015-12-29,0.0,0.0,0.0,224.72,0.0,0.0,-0.0009780385880678866
2015-12-30,0.0,0.0,0.0,224.45,0.0,0.0,-0.001201495194019242
2015-12-31,0.0,0.0,0.0,222.86,0.0,0.0,-0.007083983069725908
2016-01-04,0.0,0.0,0.0,224.77,0.0,0.0,0.008570402943552047
2016-01-05,0.0,0.0,0.0,226.65,0.0,0.0,0.008364105530097365
2016-01-06,0.0,0.0,0.0,228.09,0.0,0.0,0.006353408338848343
2016-01-07,0.0,0.0,0.0,233.24,0.0,0.0,0.022578806611425417
2016-01-08,0.0,0.0,0.0,233.54,0.0,0.0,0.0012862287772250625
2016-01-11,0.0,0.0,0.0,234.89,0.0,0.0,0.005780594330735633
2016-01-12,0.0,0.0,0.0,232.51,0.0,0.0,-0.010132402401123897
2016-01-13,0.0,0.0,0.0,229.27,0.0,0.0,-0.013934884521095814
2016-01-14,0.0,0.0,0.0,231.41,0.0,0.0,0.009333973044881594
2016-01-15,0.0,0.0,0.0,230.5,0.0,0.0,-0.003932414329544942
2016-01-18,0.0,0.0,0.0,231.7,0.0,0.0,0.0052060737527115375
2016-01-19,0.0,0.0,0.0,231.3,0.0,0.0,-0.0017263703064306357
2016-01-20,0.0,0.0,0.0,232.3,0.0,0.0,0.004323389537397304
2016-01-21,0.0,0.0,0.0,234.17,0.0,0.0,0.008049935428325439
2016-01-22,0.0,0.0,0.0,232.5,0.0,0.0,-0.007131571080838617
2016-01-25,0.0,0.0,0.0,233.69,0.0,0.0,0.005118279569892525
2016-01-26,0.0,0.0,0.0,237.0,0.0,0.0,0.014164063502931201
2016-01-27,0.0,0.0,0.0,237.09,0.0,0.0,0.0003797468354429512
2016-01-28,0.0,0.0,0.0,236.79,0.0,0.0,-0.001265342275085457
2016-01-29,0.0,0.0,0.0,236.48,0.0,0.0,-0.001309176907808629
2016-02-01,0.0,0.0,0.0,238.09,0.0,0.0,0.006808186738836319
2016-02-02,0.0,0.0,0.0,238.5,0.0,0.0,0.0017220378848334938
2016-02-03,0.0,0.0,0.0,238.5,0.0,0.0,0.0
2016-02-04,0.0,0.0,0.0,241.8,0.0,0.0,0.01383647798742138
2016-02-05,0.0,0.0,0.0,243.94,0.0,0.0,0.008850289495450747
2016-02-15,0.0,0.0,0.0,253.7,0.0,0.0,0.04000983848487327
2016-02-16,0.0,0.0,0.0,251.39,0.0,0.0,-0.009105242412298042
2016-02-17,0.0,0.0,0.0,254.0,0.0,0.0,0.010382274553482729
2016-02-18,0.0,0.0,0.0,253.05,0.0,0.0,-0.003740157480314865
2016-02-19,0.0,0.0,0.0,256.65,0.0,0.0,0.014226437462951935
2016-02-22,0.0,0.0,0.0,254.86,0.0,0.0,-0.0069744788622636555
2016-02-23,0.0,0.0,0.0,256.15,0.0,0.0,0.005061602448402924
2016-02-24,0.0,0.0,0.0,256.98,0.0,0.0,0.003240288893226806
2016-02-25,0.0,0.0,0.0,260.32,0.0,0.0,0.012997120398474449
2016-02-26,0.0,0.0,0.0,260.41,0.0,0.0,0.0003457283343577533
2016-02-29,0.0,0.0,0.0,258.86,0.0,0.0,-0.005952152375100828
2016-03-01,0.0,0.0,0.0,261.12,0.0,0.0,0.008730587962605174
2016-03-02,0.0,0.0,0.0,258.66,0.0,0.0,-0.00942095588235281
2016-03-03,0.0,0.0,0.0,261.47,0.0,0.0,0.010863682053661172
2016-03-04,0.0,0.0,0.0,264.74,0.0,0.0,0.012506214862125553
2016-03-07,0.0,0.0,0.0,265.0,0.0,0.0,0.0009820956410062642
2016-03-08,0.0,0.0,0.0,266.29,0.0,0.0,0.00486792452830187
2016-03-09,0.0,0.0,0.0,263.75,0.0,0.0,-0.009538473093244293
2016-03-10,0.0,0.0,0.0,261.43,0.0,0.0,-0.00879620853080565
2016-03-11,0.0,0.0,0.0,264.97,0.0,0.0,0.013540909612515861
2016-03-14,0.0,0.0,0.0,262.08,0.0,0.0,-0.010906895120202487
2016-03-15,0.0,0.0,0.0,257.69,0.0,0.0,-0.01675061050061044
2016-03-16,0.0,0.0,0.0,259.09,0.0,0.0,0.005432884473592248
2016-03-17,0.0,0.0,0.0,263.86,0.0,0.0,0.018410590914354152
2016-03-18,0.0,0.0,0.0,262.46,0.0,0.0,-0.0053058440081862335
2016-03-21,0.0,0.0,0.0,259.71,0.0,0.0,-0.010477787091366264
2016-03-22,0.0,0.0,0.0,262.1,0.0,0.0,0.009202572099649808
2016-03-23,0.0,0.0,0.0,258.25,0.0,0.0,-0.014689049980923352
2016-03-24,0.0,0.0,0.0,255.0,0.0,0.0,-0.012584704743465625
2016-03-25,0.0,0.0,0.0,256.05,0.0,0.0,0.004117647058823559
2016-03-28,0.0,0.0,0.0,255.78,0.0,0.0,-0.0010544815465729496
2016-03-29,0.0,0.0,0.0,255.02,0.0,0.0,-0.0029713034639142766
2016-03-30,0.0,0.0,0.0,258.68,0.0,0.0,0.014351815543878876
2016-03-31,0.0,0.0,0.0,255.7,0.0,0.0,-0.011520024740992785
2016-04-01,0.0,0.0,0.0,257.0,0.0,0.0,0.005084082909659893
2016-04-05,0.0,0.0,0.0,255.45,0.0,0.0,-0.00603112840466935
2016-04-06,0.0,0.0,0.0,255.99,0.0,0.0,0.0021139166177335245
2016-04-07,0.0,0.0,0.0,255.64,0.0,0.0,-0.0013672409078480108
2016-04-08,0.0,0.0,0.0,257.3,0.0,0.0,0.006493506493506551
2016-04-11,0.0,0.0,0.0,260.97,0.0,0.0,0.014263505635444984
2016-04-12,0.0,0.0,0.0,261.3,0.0,0.0,0.001264513162432479
2016-04-13,0.0,0.0,0.0,259.8,0.0,0.0,-0.00574052812858783
2016-04-14,0.0,0.0,0.0,257.99,0.0,0.0,-0.00696689761354885
2016-04-15,0.0,0.0,0.0,256.95,0.0,0.0,-0.004031163998604703
2016-04-18,0.0,0.0,0.0,258.28,0.0,0.0,0.005176104300447459
2016-04-19,0.0,0.0,0.0,259.9,0.0,0.0,0.006272262660678374
2016-04-20,0.0,0.0,0.0,260.0,0.0,0.0,0.0003847633705271747
2016-04-21,0.0,0.0,0.0,262.74,0.0,0.0,0.010538461538461608
2016-04-22,0.0,0.0,0.0,260.44,0.0,0.0,-0.00875390119509789
2016-04-25,0.0,0.0,0.0,259.06,0.0,0.0,-0.005298725234219037
2016-04-26,0.0,0.0,0.0,258.4,0.0,0.0,-0.0025476723538949697
2016-04-27,0.0,0.0,0.0,260.67,0.0,0.0,0.008784829721362408
2016-04-28,0.0,0.0,0.0,261.5,0.0,0.0,0.003184102505082942
2016-04-29,0.0,0.0,0.0,266.32,0.0,0.0,0.018432122370936943
2016-05-03,0.0,0.0,0.0,270.69,0.0,0.0,0.0164088314809252
2016-05-04,0.0,0.0,0.0,268.35,0.0,0.0,-0.008644574975063657
2016-05-05,0.0,0.0,0.0,267.6,0.0,0.0,-0.0027948574622693734
2016-05-06,0.0,0.0,0.0,268.23,0.0,0.0,0.0023542600896859778
2016-05-09,0.0,0.0,0.0,268.1,0.0,0.0,-0.0004846586884390547
2016-05-10,0.0,0.0,0.0,266.0,0.0,0.0,-0.007832898172323799
2016-05-11,0.0,0.0,0.0,267.03,0.0,0.0,0.0038721804511276936
2016-05-12,0.0,0.0,0.0,266.4,0.0,0.0,-0.0023592854735422497
2016-05-13,0.0,0.0,0.0,267.49,0.0,0.0,0.004091591591591781
2016-05-16,0.0,0.0,0.0,269.35,0.0,0.0,0.00695353097312057
2016-05-17,0.0,0.0,0.0,267.89,0.0,0.0,-0.0054204566549100885
2016-05-18,0.0,0.0,0.0,267.93,0.0,0.0,0.00014931501735793162
2016-05-19,0.0,0.0,0.0,264.5,0.0,0.0,-0.012801851229798822
2016-05-20,0.0,0.0,0.0,264.51,0.0,0.0,3.780718336487965e-05
2016-05-23,0.0,0.0,0.0,264.11,0.0,0.0,-0.001512230161430539
2016-05-24,0.0,0.0,0.0,262.45,0.0,0.0,-0.006285259929574849
2016-05-25,0.0,0.0,0.0,258.45,0.0,0.0,-0.015240998285387719
2016-05-26,0.0,0.0,0.0,259.85,0.0,0.0,0.0054169084929387434
2016-05-27,0.0,0.0,0.0,258.03,0.0,0.0,-0.007004040792765287
2016-05-30,0.0,0.0,0.0,255.3,0.0,0.0,-0.010580165097081595
2016-05-31,0.0,0.0,0.0,256.9,0.0,0.0,0.00626713670191914
2016-06-01,0.0,0.0,0.0,258.3,0.0,0.0,0.005449591280654031
2016-06-02,0.0,0.0,0.0,257.98,0.0,0.0,-0.001238869531552389
2016-06-03,0.0,0.0,0.0,257.4,0.0,0.0,-0.0022482362973875736
2016-06-06,0.0,0.0,0.0,262.49,0.0,0.0,0.019774669774669906
2016-06-07,0.0,0.0,0.0,262.9,0.0,0.0,0.0015619642653053045
2016-06-08,0.0,0.0,0.0,265.1,0.0,0.0,0.008368200836820217
2016-06-13,0.0,0.0,0.0,271.75,0.0,0.0,0.025084873632591487
2016-06-14,0.0,0.0,0.0,271.5,0.0,0.0,-0.0009199632014719183
2016-06-15,0.0,0.0,0.0,272.78,0.0,0.0,0.004714548802946528
2016-06-16,0.0,0.0,0.0,277.66,0.0,0.0,0.01788987462423952
2016-06-17,0.0,0.0,0.0,272.7,0.0,0.0,-0.01786357415544204
2016-06-20,0.0,0.0,0.0,272.0,0.0,0.0,-0.0025669233590025486
2016-06-21,0.0,0.0,0.0,271.64,0.0,0.0,-0.0013235294117647234
2016-06-22,0.0,0.0,0.0,268.56,0.0,0.0,-0.01133853629804149
2016-06-23,0.0,0.0,0.0,268.9,0.0,0.0,0.0012660113196305556
2016-06-24,0.0,0.0,0.0,281.44,0.0,0.0,0.04663443659352917
2016-06-27,0.0,0.0,0.0,282.84,0.0,0.0,0.0049744172825467725
2016-06-28,0.0,0.0,0.0,281.67,0.0,0.0,-0.004136614340262912
2016-06-29,0.0,0.0,0.0,283.0,0.0,0.0,0.0047218376113891125
2016-06-30,0.0,0.0,0.0,281.5,0.0,0.0,-0.005300353356890497
2016-07-01,0.0,0.0,0.0,285.89,0.0,0.0,0.015595026642984067
2016-07-04,0.0,0.0,0.0,289.87,0.0,0.0,0.013921438315436019
2016-07-05,0.0,0.0,0.0,288.68,0.0,0.0,-0.004105288577638255
2016-07-06,0.0,0.0,0.0,293.82,0.0,0.0,0.017805182208673997
2016-07-07,0.0,0.0,0.0,294.25,0.0,0.0,0.001463481042815351
2016-07-08,0.0,0.0,0.0,291.63,0.0,0.0,-0.00890399320305868
2016-07-11,0.0,0.0,0.0,293.0,0.0,0.0,0.00469773342934543
2016-07-12,0.0,0.0,0.0,292.4,0.0,0.0,-0.0020477815699659896
2016-07-13,0.0,0.0,0.0,289.42,0.0,0.0,-0.010191518467852156
2016-07-14,0.0,0.0,0.0,287.4,0.0,0.0,-0.006979476193766931
2016-07-15,0.0,0.0,0.0,287.04,0.0,0.0,-0.0012526096033401712
2016-07-18,0.0,0.0,0.0,286.29,0.0,0.0,-0.002612876254180607
2016-07-19,0.0,0.0,0.0,287.02,0.0,0.0,0.0025498620280133277
2016-07-20,0.0,0.0,0.0,285.85,0.0,0.0,-0.0040763709846002305
2016-07-21,0.0,0.0,0.0,283.34,0.0,0.0,-0.008780829106174726
2016-07-22,0.0,0.0,0.0,285.0,0.0,0.0,0.005858685677984088
2016-07-25,0.0,0.0,0.0,283.27,0.0,0.0,-0.006070175438596559
2016-07-26,0.0,0.0,0.0,283.97,0.0,0.0,0.002471140607900768
2016-07-27,0.0,0.0,0.0,283.63,0.0,0.0,-0.0011973095749552298
2016-07-28,0.0,0.0,0.0,287.71,0.0,0.0,0.014384938123611635
2016-07-29,0.0,0.0,0.0,285.83,0.0,0.0,-0.0065343575127733144
2016-08-01,0.0,0.0,0.0,288.17,0.0,0.0,0.008186684392821109
2016-08-02,0.0,0.0,0.0,290.1,0.0,0.0,0.00669743554152058
2016-08-03,0.0,0.0,0.0,291.9,0.0,0.0,0.006204756980351389
2016-08-04,0.0,0.0,0.0,289.05,0.0,0.0,-0.009763617677286618
2016-08-05,0.0,0.0,0.0,292.12,0.0,0.0,0.010620999827019473
2016-08-08,0.0,0.0,0.0,286.42,0.0,0.0,-0.019512529097631126
2016-08-09,0.0,0.0,0.0,289.0,0.0,0.0,0.009007750855387187
2016-08-10,0.0,0.0,0.0,289.59,0.0,0.0,0.002041522491349479
2016-08-11,0.0,0.0,0.0,287.84,0.0,0.0,-0.006043026347594904
2016-08-12,0.0,0.0,0.0,286.8,0.0,0.0,-0.003613118399110493
2016-08-15,0.0,0.0,0.0,287.35,0.0,0.0,0.0019177126917713228
2016-08-16,0.0,0.0,0.0,287.98,0.0,0.0,0.0021924482338611107
2016-08-17,0.0,0.0,0.0,286.79,0.0,0.0,-0.004132231404958664
2016-08-18,0.0,0.0,0.0,288.87,0.0,0.0,0.007252693608563732
2016-08-19,0.0,0.0,0.0,288.2,0.0,0.0,-0.002319382421158367
2016-08-22,0.0,0.0,0.0,286.35,0.0,0.0,-0.006419153365718078
2016-08-23,0.0,0.0,0.0,286.82,0.0,0.0,0.0016413480006982617
2016-08-24,0.0,0.0,0.0,286.7,0.0,0.0,-0.00041838086604839564
2016-08-25,0.0,0.0,0.0,284.89,0.0,0.0,-0.006313219393093816
2016-08-26,0.0,0.0,0.0,284.89,0.0,0.0,0.0
2016-08-29,0.0,0.0,0.0,283.5,0.0,0.0,-0.004879076134648441
2016-08-30,0.0,0.0,0.0,283.99,0.0,0.0,0.0017283950617283939
2016-08-31,0.0,0.0,0.0,283.19,0.0,0.0,-0.0028170005986126734
2016-09-01,0.0,0.0,0.0,281.49,0.0,0.0,-0.006003036830396491
2016-09-02,0.0,0.0,0.0,282.46,0.0,0.0,0.003445948346299854
2016-09-05,0.0,0.0,0.0,285.33,0.0,0.0,0.01016073072293433
2016-09-06,0.0,0.0,0.0,286.3,0.0,0.0,0.0033995724249116233
2016-09-07,0.0,0.0,0.0,289.37,0.0,0.0,0.010723017813482283
2016-09-08,0.0,0.0,0.0,289.2,0.0,0.0,-0.0005874831530566782
2016-09-09,0.0,0.0,0.0,287.7,0.0,0.0,-0.005186721991701226
2016-09-12,0.0,0.0,0.0,286.39,0.0,0.0,-0.004553354188390646
2016-09-13,0.0,0.0,0.0,286.15,0.0,0.0,-0.0008380180872237242
2016-09-14,0.0,0.0,0.0,284.95,0.0,0.0,-0.004193604752751989
2016-09-19,0.0,0.0,0.0,283.8,0.0,0.0,-0.004035795753640881
2016-09-20,0.0,0.0,0.0,283.5,0.0,0.0,-0.0010570824524313016
2016-09-21,0.0,0.0,0.0,284.4,0.0,0.0,0.0031746031746031633
2016-09-22,0.0,0.0,0.0,286.85,0.0,0.0,0.008614627285513432
2016-09-23,0.0,0.0,0.0,286.8,0.0,0.0,-0.00017430712916166602
2016-09-26,0.0,0.0,0.0,287.12,0.0,0.0,0.0011157601115758808
2016-09-27,0.0,0.0,0.0,287.49,0.0,0.0,0.0012886597938144284
2016-09-28,0.0,0.0,0.0,284.91,0.0,0.0,-0.008974225190441332
2016-09-29,0.0,0.0,0.0,284.54,0.0,0.0,-0.0012986557158400913
2016-09-30,0.0,0.0,0.0,284.95,0.0,0.0,0.0014409221902016434
2016-10-10,0.0,0.0,0.0,273.32,0.0,0.0,-0.04081417792595188
2016-10-11,0.0,0.0,0.0,273.35,0.0,0.0,0.00010976145177821195
2016-10-12,0.0,0.0,0.0,272.65,0.0,0.0,-0.002560819462228081
2016-10-13,0.0,0.0,0.0,273.21,0.0,0.0,0.0020539152759948553
2016-10-14,0.0,0.0,0.0,272.8,0.0,0.0,-0.0015006771348046177
2016-10-17,0.0,0.0,0.0,273.06,0.0,0.0,0.0009530791788856519
2016-10-18,0.0,0.0,0.0,274.97,0.0,0.0,0.006994799677726649
2016-10-19,0.0,0.0,0.0,274.61,0.0,0.0,-0.0013092337345892435
2016-10-20,0.0,0.0,0.0,276.0,0.0,0.0,0.005061723899348225
2016-10-21,0.0,0.0,0.0,275.54,0.0,0.0,-0.0016666666666665941
2016-10-24,0.0,0.0,0.0,276.89,0.0,0.0,0.0048994701313782585
2016-10-25,0.0,0.0,0.0,277.31,0.0,0.0,0.0015168478457150414
2016-10-26,0.0,0.0,0.0,278.77,0.0,0.0,0.005264866034401905
2016-10-27,0.0,0.0,0.0,277.68,0.0,0.0,-0.0039100333608349525
2016-10-28,0.0,0.0,0.0,277.55,0.0,0.0,-0.000468164794007464
2016-10-31,0.0,0.0,0.0,278.93,0.0,0.0,0.00497207710322467
2016-11-01,0.0,0.0,0.0,280.11,0.0,0.0,0.0042304520847524785
2016-11-02,0.0,0.0,0.0,282.57,0.0,0.0,0.00878226411052796
2016-11-03,0.0,0.0,0.0,283.73,0.0,0.0,0.004105177478147093
2016-11-04,0.0,0.0,0.0,282.94,0.0,0.0,-0.002784337222006883
2016-11-07,0.0,0.0,0.0,281.38,0.0,0.0,-0.00551353643882091
2016-11-08,0.0,0.0,0.0,280.7,0.0,0.0,-0.0024166607434785714
2016-11-09,0.0,0.0,0.0,288.38,0.0,0.0,0.02736017100106869
2016-11-10,0.0,0.0,0.0,282.6,0.0,0.0,-0.020042998821000024
2016-11-11,0.0,0.0,0.0,278.47,0.0,0.0,-0.014614295824486923
2016-11-14,0.0,0.0,0.0,271.99,0.0,0.0,-0.02327001113225846
2016-11-15,0.0,0.0,0.0,273.69,0.0,0.0,0.006250229787859718
2016-11-16,0.0,0.0,0.0,273.26,0.0,0.0,-0.0015711206109101372
2016-11-17,0.0,0.0,0.0,273.45,0.0,0.0,0.0006953084974017365
2016-11-18,0.0,0.0,0.0,270.7,0.0,0.0,-0.010056683123057186
2016-11-21,0.0,0.0,0.0,272.8,0.0,0.0,0.0077576653121538275
2016-11-22,0.0,0.0,0.0,272.41,0.0,0.0,-0.0014296187683283668
2016-11-23,0.0,0.0,0.0,273.0,0.0,0.0,0.00216585294225613
2016-11-24,0.0,0.0,0.0,270.4,0.0,0.0,-0.009523809523809601
2016-11-25,0.0,0.0,0.0,269.36,0.0,0.0,-0.0038461538461537215
2016-11-28,0.0,0.0,0.0,270.59,0.0,0.0,0.004566379566379508
2016-11-29,0.0,0.0,0.0,268.69,0.0,0.0,-0.007021693336782486
2016-11-30,0.0,0.0,0.0,267.91,0.0,0.0,-0.0029029736871486467
2016-12-01,0.0,0.0,0.0,265.54,0.0,0.0,-0.008846254339143766
2016-12-02,0.0,0.0,0.0,265.34,0.0,0.0,-0.0007531821947730499
2016-12-05,0.0,0.0,0.0,265.0,0.0,0.0,-0.0012813748398280422
2016-12-06,0.0,0.0,0.0,264.69,0.0,0.0,-0.0011698113207547767
2016-12-07,0.0,0.0,0.0,265.45,0.0,0.0,0.0028712833881143762
2016-12-08,0.0,0.0,0.0,268.49,0.0,0.0,0.01145225089470725
2016-12-09,0.0,0.0,0.0,266.49,0.0,0.0,-0.007449067004357657
2016-12-12,0.0,0.0,0.0,265.0,0.0,0.0,-0.005591204172764486
2016-12-13,0.0,0.0,0.0,265.34,0.0,0.0,0.0012830188679244792
2016-12-14,0.0,0.0,0.0,265.93,0.0,0.0,0.0022235622220547757
2016-12-15,0.0,0.0,0.0,263.0,0.0,0.0,-0.011017937051103655
2016-12-16,0.0,0.0,0.0,262.11,0.0,0.0,-0.0033840304182508607
2016-12-19,0.0,0.0,0.0,262.76,0.0,0.0,0.002479874861699205
2016-12-20,0.0,0.0,0.0,262.06,0.0,0.0,-0.0026640280103515934
2016-12-21,0.0,0.0,0.0,260.97,0.0,0.0,-0.004159352819964823
2016-12-22,0.0,0.0,0.0,260.0,0.0,0.0,-0.0037169023259379097
2016-12-23,0.0,0.0,0.0,260.07,0.0,0.0,0.00026923076923068834
2016-12-26,0.0,0.0,0.0,261.4,0.0,0.0,0.005114007767139661
2016-12-27,0.0,0.0,0.0,261.67,0.0,0.0,0.001032899770466944
2016-12-28,0.0,0.0,0.0,261.91,0.0,0.0,0.0009171857683341056
2016-12-29,0.0,0.0,0.0,262.99,0.0,0.0,0.004123553892558363
2016-12-30,0.0,0.0,0.0,263.9,0.0,0.0,0.0034602076124565784
2017-01-03,0.0,0.0,0.0,263.65,0.0,0.0,-0.0009473285335354076
2017-01-04,0.0,0.0,0.0,264.87,0.0,0.0,0.004627346861369341
2017-01-05,0.0,0.0,0.0,264.73,0.0,0.0,-0.000528561180956677
2017-01-06,0.0,0.0,0.0,265.29,0.0,0.0,0.0021153628224983567
2017-01-09,0.0,0.0,0.0,265.89,0.0,0.0,0.0022616759018432298
2017-01-10,0.0,0.0,0.0,268.11,0.0,0.0,0.008349317386889377
2017-01-11,0.0,0.0,0.0,269.09,0.0,0.0,0.0036552161426279817
2017-01-12,0.0,0.0,0.0,269.33,0.0,0.0,0.0008918949050504832
2017-01-13,0.0,0.0,0.0,268.79,0.0,0.0,-0.0020049753091002653
2017-01-16,0.0,0.0,0.0,270.5,0.0,0.0,0.006361843818594393
2017-01-17,0.0,0.0,0.0,272.18,0.0,0.0,0.006210720887245946
2017-01-18,0.0,0.0,0.0,271.03,0.0,0.0,-0.004225145124550078
2017-01-19,0.0,0.0,0.0,268.03,0.0,0.0,-0.011068885363243908
2017-01-20,0.0,0.0,0.0,269.05,0.0,0.0,0.0038055441555051583
2017-01-23,0.0,0.0,0.0,270.28,0.0,0.0,0.004571640958929368
2017-01-24,0.0,0.0,0.0,269.85,0.0,0.0,-0.0015909427260616393
2017-01-25,0.0,0.0,0.0,268.07,0.0,0.0,-0.006596257179914855
2017-01-26,0.0,0.0,0.0,266.25,0.0,0.0,-0.006789271458947255
2017-02-03,0.0,0.0,0.0,269.3,0.0,0.0,0.011455399061032878
2017-02-06,0.0,0.0,0.0,271.79,0.0,0.0,0.009246193835870775
2017-02-07,0.0,0.0,0.0,274.16,0.0,0.0,0.008719967622061064
2017-02-08,0.0,0.0,0.0,274.35,0.0,0.0,0.0006930259702364605
2017-02-09,0.0,0.0,0.0,276.31,0.0,0.0,0.007144158921086108
2017-02-10,0.0,0.0,0.0,272.83,0.0,0.0,-0.01259454960008688
2017-02-13,0.0,0.0,0.0,274.64,0.0,0.0,0.006634167796796486
2017-02-14,0.0,0.0,0.0,274.06,0.0,0.0,-0.0021118555199532985
2017-02-15,0.0,0.0,0.0,273.4,0.0,0.0,-0.002408231774064129
2017-02-16,0.0,0.0,0.0,274.93,0.0,0.0,0.005596196049744151
2017-02-17,0.0,0.0,0.0,275.75,0.0,0.0,0.002982577383333851
2017-02-20,0.0,0.0,0.0,275.5,0.0,0.0,-0.0009066183136899886
2017-02-21,0.0,0.0,0.0,275.55,0.0,0.0,0.00018148820326691073
2017-02-22,0.0,0.0,0.0,275.6,0.0,0.0,0.00018145527127577665
2017-02-23,0.0,0.0,0.0,276.2,0.0,0.0,0.002177068214803901
2017-02-24,0.0,0.0,0.0,279.63,0.0,0.0,0.012418537291817522
2017-02-27,0.0,0.0,0.0,280.6,0.0,0.0,0.0034688695776563527
2017-02-28,0.0,0.0,0.0,281.83,0.0,0.0,0.004383464005701887
2017-03-01,0.0,0.0,0.0,278.0,0.0,0.0,-0.013589752687790502
2017-03-02,0.0,0.0,0.0,278.35,0.0,0.0,0.0012589928057555877
2017-03-03,0.0,0.0,0.0,276.23,0.0,0.0,-0.007616310400574866
2017-03-06,0.0,0.0,0.0,276.54,0.0,0.0,0.0011222531948014147
2017-03-07,0.0,0.0,0.0,275.37,0.0,0.0,-0.0042308526795400425
2017-03-08,0.0,0.0,0.0,273.79,0.0,0.0,-0.00573773468424299
2017-03-09,0.0,0.0,0.0,272.22,0.0,0.0,-0.005734321925563335
2017-03-10,0.0,0.0,0.0,270.41,0.0,0.0,-0.0066490338696642
2017-03-13,0.0,0.0,0.0,272.9,0.0,0.0,0.009208239340260826
2017-03-14,0.0,0.0,0.0,271.3,0.0,0.0,-0.0058629534628067415
2017-03-15,0.0,0.0,0.0,271.51,0.0,0.0,0.0007740508661997492
2017-03-16,0.0,0.0,0.0,275.89,0.0,0.0,0.016132002504511744
2017-03-17,0.0,0.0,0.0,275.62,0.0,0.0,-0.0009786509115951025
2017-03-20,0.0,0.0,0.0,277.07,0.0,0.0,0.0052608664102749
2017-03-21,0.0,0.0,0.0,275.75,0.0,0.0,-0.004764139026238845
2017-03-22,0.0,0.0,0.0,278.2,0.0,0.0,0.008884859474161289
2017-03-23,0.0,0.0,0.0,278.21,0.0,0.0,3.5945363048073276e-05
2017-03-24,0.0,0.0,0.0,277.88,0.0,0.0,-0.0011861543438409505
2017-03-27,0.0,0.0,0.0,280.53,0.0,0.0,0.009536490571469658
2017-03-28,0.0,0.0,0.0,280.23,0.0,0.0,-0.001069404341781488
2017-03-29,0.0,0.0,0.0,279.74,0.0,0.0,-0.0017485636798344473
2017-03-30,0.0,0.0,0.0,279.6,0.0,0.0,-0.0005004647172374144
2017-03-31,0.0,0.0,0.0,277.81,0.0,0.0,-0.0064020028612303825
2017-04-05,0.0,0.0,0.0,280.63,0.0,0.0,0.01015082250458943
2017-04-06,0.0,0.0,0.0,280.21,0.0,0.0,-0.0014966325767025168
2017-04-07,0.0,0.0,0.0,282.93,0.0,0.0,0.009707005460190654
2017-04-10,0.0,0.0,0.0,281.39,0.0,0.0,-0.0054430424486623386
2017-04-11,0.0,0.0,0.0,281.84,0.0,0.0,0.0015992039518106793
2017-04-12,0.0,0.0,0.0,284.41,0.0,0.0,0.009118648878796654
2017-04-13,0.0,0.0,0.0,286.69,0.0,0.0,0.008016595759642753
2017-04-14,0.0,0.0,0.0,286.6,0.0,0.0,-0.0003139279360981906
2017-04-17,0.0,0.0,0.0,286.9,0.0,0.0,0.0010467550593160624
2017-04-18,0.0,0.0,0.0,286.13,0.0,0.0,-0.0026838619728127844
2017-04-19,0.0,0.0,0.0,285.75,0.0,0.0,-0.0013280676615524678
2017-04-20,0.0,0.0,0.0,285.49,0.0,0.0,-0.0009098862642169525
2017-04-21,0.0,0.0,0.0,285.36,0.0,0.0,-0.0004553574556026563
2017-04-24,0.0,0.0,0.0,283.57,0.0,0.0,-0.0062727782450239244
2017-04-25,0.0,0.0,0.0,283.3,0.0,0.0,-0.000952145854638986
2017-04-26,0.0,0.0,0.0,282.05,0.0,0.0,-0.004412283798093886
2017-04-27,0.0,0.0,0.0,282.59,0.0,0.0,0.0019145541570642077
2017-04-28,0.0,0.0,0.0,283.45,0.0,0.0,0.0030432782476379483
2017-05-02,0.0,0.0,0.0,280.94,0.0,0.0,-0.00885517727994356
2017-05-03,0.0,0.0,0.0,280.37,0.0,0.0,-0.0020289029686053617
2017-05-04,0.0,0.0,0.0,276.19,0.0,0.0,-0.014908870421229126
2017-05-05,0.0,0.0,0.0,275.87,0.0,0.0,-0.0011586226872805083
2017-05-08,0.0,0.0,0.0,275.5,0.0,0.0,-0.001341211440171075
2017-05-09,0.0,0.0,0.0,275.2,0.0,0.0,-0.0010889292196007982
2017-05-10,0.0,0.0,0.0,273.89,0.0,0.0,-0.004760174418604657
2017-05-11,0.0,0.0,0.0,274.26,0.0,0.0,0.0013509072985504744
2017-05-12,0.0,0.0,0.0,275.51,0.0,0.0,0.004557718952818535
2017-05-15,0.0,0.0,0.0,276.29,0.0,0.0,0.00283111320823215
2017-05-16,0.0,0.0,0.0,276.7,0.0,0.0,0.0014839480256252369
2017-05-17,0.0,0.0,0.0,277.61,0.0,0.0,0.003288760390314449
2017-05-18,0.0,0.0,0.0,279.82,0.0,0.0,0.007960808328230096
2017-05-19,0.0,0.0,0.0,279.26,0.0,0.0,-0.002001286541348013
2017-05-22,0.0,0.0,0.0,280.0,0.0,0.0,0.002649860345198096
2017-05-23,0.0,0.0,0.0,281.4,0.0,0.0,0.004999999999999893
2017-05-24,0.0,0.0,0.0,278.5,0.0,0.0,-0.010305614783226669
2017-05-25,0.0,0.0,0.0,279.75,0.0,0.0,0.004488330341113178
2017-05-26,0.0,0.0,0.0,280.35,0.0,0.0,0.002144772117962601
2017-05-31,0.0,0.0,0.0,279.0,0.0,0.0,-0.0048154093097914075
2017-06-01,0.0,0.0,0.0,278.99,0.0,0.0,-3.584229390674043e-05
2017-06-02,0.0,0.0,0.0,278.16,0.0,0.0,-0.0029750170256998
2017-06-05,0.0,0.0,0.0,281.87,0.0,0.0,0.013337647397181351
2017-06-06,0.0,0.0,0.0,283.2,0.0,0.0,0.00471848724589341
2017-06-07,0.0,0.0,0.0,283.75,0.0,0.0,0.0019420903954803226
2017-06-08,0.0,0.0,0.0,282.7,0.0,0.0,-0.0037004405286343856
2017-06-09,0.0,0.0,0.0,279.72,0.0,0.0,-0.010541209762999548
2017-06-12,0.0,0.0,0.0,278.85,0.0,0.0,-0.003110253110253147
2017-06-13,0.0,0.0,0.0,278.35,0.0,0.0,-0.0017930787161556383
2017-06-14,0.0,0.0,0.0,279.3,0.0,0.0,0.0034129692832765013
2017-06-15,0.0,0.0,0.0,277.47,0.0,0.0,-0.006552094522019325
2017-06-16,0.0,0.0,0.0,276.9,0.0,0.0,-0.002054276137961053
2017-06-19,0.0,0.0,0.0,276.25,0.0,0.0,-0.0023474178403755097
2017-06-20,0.0,0.0,0.0,276.01,0.0,0.0,-0.0008687782805429922
2017-06-21,0.0,0.0,0.0,275.79,0.0,0.0,-0.0007970725698343006
2017-06-22,0.0,0.0,0.0,277.47,0.0,0.0,0.0060915914282606565
2017-06-23,0.0,0.0,0.0,277.78,0.0,0.0,0.0011172378995925047
2017-06-26,0.0,0.0,0.0,277.9,0.0,0.0,0.0004319965440275908
2017-06-27,0.0,0.0,0.0,276.56,0.0,0.0,-0.0048218783735155535
2017-06-28,0.0,0.0,0.0,275.94,0.0,0.0,-0.0022418281747179636
2017-06-29,0.0,0.0,0.0,275.03,0.0,0.0,-0.0032978183663116
2017-06-30,0.0,0.0,0.0,273.1,0.0,0.0,-0.007017416281860034
2017-07-03,0.0,0.0,0.0,271.84,0.0,0.0,-0.004613694617356501
2017-07-04,0.0,0.0,0.0,270.38,0.0,0.0,-0.005370806356680302
2017-07-05,0.0,0.0,0.0,270.02,0.0,0.0,-0.0013314594274724811
2017-07-06,0.0,0.0,0.0,270.12,0.0,0.0,0.00037034293756033065
2017-07-07,0.0,0.0,0.0,269.8,0.0,0.0,-0.0011846586702206618
2017-07-10,0.0,0.0,0.0,265.77,0.0,0.0,-0.01493699036323215
2017-07-11,0.0,0.0,0.0,267.55,0.0,0.0,0.006697520412386693
2017-07-12,0.0,0.0,0.0,268.9,0.0,0.0,0.0050457858344232775
2017-07-13,0.0,0.0,0.0,269.1,0.0,0.0,0.0007437709185571517
2017-07-14,0.0,0.0,0.0,267.79,0.0,0.0,-0.004868078781122276
2017-07-17,0.0,0.0,0.0,270.3,0.0,0.0,0.00937301616938635
2017-07-18,0.0,0.0,0.0,270.85,0.0,0.0,0.0020347761746208892
2017-07-19,0.0,0.0,0.0,271.35,0.0,0.0,0.0018460402436772938
2017-07-20,0.0,0.0,0.0,271.29,0.0,0.0,-0.0002211166390271302
2017-07-21,0.0,0.0,0.0,273.19,0.0,0.0,0.007003575509602289
2017-07-24,0.0,0.0,0.0,273.8,0.0,0.0,0.0022328782166258776
2017-07-25,0.0,0.0,0.0,273.84,0.0,0.0,0.00014609203798388037
2017-07-26,0.0,0.0,0.0,272.3,0.0,0.0,-0.0056237218813904866
2017-07-27,0.0,0.0,0.0,274.6,0.0,0.0,0.008446566287183321
2017-07-28,0.0,0.0,0.0,274.29,0.0,0.0,-0.0011289147851419878
2017-07-31,0.0,0.0,0.0,275.1,0.0,0.0,0.002953078858142888
2017-08-01,0.0,0.0,0.0,275.3,0.0,0.0,0.0007270083605961375
2017-08-02,0.0,0.0,0.0,274.8,0.0,0.0,-0.0018162005085361477
2017-08-03,0.0,0.0,0.0,273.4,0.0,0.0,-0.005094614264920083
2017-08-04,0.0,0.0,0.0,275.26,0.0,0.0,0.006803218727139848
2017-08-07,0.0,0.0,0.0,273.37,0.0,0.0,-0.006866235559107703
2017-08-08,0.0,0.0,0.0,273.02,0.0,0.0,-0.001280316055163433
2017-08-09,0.0,0.0,0.0,274.14,0.0,0.0,0.004102263570434417
2017-08-10,0.0,0.0,0.0,275.29,0.0,0.0,0.004194936893558099
2017-08-11,0.0,0.0,0.0,276.72,0.0,0.0,0.005194522140288482
2017-08-14,0.0,0.0,0.0,276.6,0.0,0.0,-0.00043365134431916363
2017-08-15,0.0,0.0,0.0,274.7,0.0,0.0,-0.006869125090383399
2017-08-16,0.0,0.0,0.0,274.5,0.0,0.0,-0.0007280669821623231
2017-08-17,0.0,0.0,0.0,277.0,0.0,0.0,0.00910746812386165
2017-08-18,0.0,0.0,0.0,278.5,0.0,0.0,0.005415162454873723
2017-08-21,0.0,0.0,0.0,277.51,0.0,0.0,-0.0035547576301616646
2017-08-22,0.0,0.0,0.0,276.67,0.0,0.0,-0.003026917948902641
2017-08-23,0.0,0.0,0.0,277.0,0.0,0.0,0.00119275671377439
2017-08-24,0.0,0.0,0.0,277.08,0.0,0.0,0.0002888086642598431
2017-08-25,0.0,0.0,0.0,276.8,0.0,0.0,-0.0010105384726432076
2017-08-28,0.0,0.0,0.0,278.21,0.0,0.0,0.005093930635837962
2017-08-29,0.0,0.0,0.0,281.17,0.0,0.0,0.010639445023543415
2017-08-30,0.0,0.0,0.0,278.0,0.0,0.0,-0.011274318028239194
2017-08-31,0.0,0.0,0.0,277.91,0.0,0.0,-0.0003237410071941227
2017-09-01,0.0,0.0,0.0,279.54,0.0,0.0,0.005865208160915403
2017-09-04,0.0,0.0,0.0,282.04,0.0,0.0,0.008943263933605117
2017-09-05,0.0,0.0,0.0,281.2,0.0,0.0,-0.002978300950219892
2017-09-06,0.0,0.0,0.0,282.44,0.0,0.0,0.004409672830725464
2017-09-07,0.0,0.0,0.0,281.39,0.0,0.0,-0.0037176037388472194
2017-09-08,0.0,0.0,0.0,281.75,0.0,0.0,0.001279363161448499
2017-09-11,0.0,0.0,0.0,281.49,0.0,0.0,-0.0009228039041703218
2017-09-12,0.0,0.0,0.0,279.85,0.0,0.0,-0.005826139472094871
2017-09-13,0.0,0.0,0.0,280.67,0.0,0.0,0.0029301411470430416
2017-09-14,0.0,0.0,0.0,279.8,0.0,0.0,-0.00309972565646488
2017-09-15,0.0,0.0,0.0,280.2,0.0,0.0,0.0014295925661185205
2017-09-18,0.0,0.0,0.0,278.93,0.0,0.0,-0.004532476802283969
2017-09-19,0.0,0.0,0.0,278.65,0.0,0.0,-0.0010038360879074393
2017-09-20,0.0,0.0,0.0,278.89,0.0,0.0,0.0008612955320295157
2017-09-21,0.0,0.0,0.0,276.45,0.0,0.0,-0.008748969127613027
2017-09-22,0.0,0.0,0.0,277.3,0.0,0.0,0.003074697051908215
2017-09-25,0.0,0.0,0.0,276.55,0.0,0.0,-0.0027046520014424313
2017-09-26,0.0,0.0,0.0,280.1,0.0,0.0,0.012836738383655844
2017-09-27,0.0,0.0,0.0,277.65,0.0,0.0,-0.008746876115673152
2017-09-28,0.0,0.0,0.0,276.67,0.0,0.0,-0.0035296236268682613
2017-09-29,0.0,0.0,0.0,277.45,0.0,0.0,0.0028192431416487196
2017-10-09,0.0,0.0,0.0,276.3,0.0,0.0,-0.004144890971346071
2017-10-10,0.0,0.0,0.0,276.21,0.0,0.0,-0.0003257328990229347
2017-10-11,0.0,0.0,0.0,275.1,0.0,0.0,-0.004018681438036076
2017-10-12,0.0,0.0,0.0,276.25,0.0,0.0,0.004180298073427791
2017-10-13,0.0,0.0,0.0,276.5,0.0,0.0,0.0009049773755656076
2017-10-16,0.0,0.0,0.0,278.05,0.0,0.0,0.005605786618444908
2017-10-17,0.0,0.0,0.0,276.62,0.0,0.0,-0.005142959899298694
2017-10-18,0.0,0.0,0.0,275.7,0.0,0.0,-0.0033258621936230748
2017-10-19,0.0,0.0,0.0,274.9,0.0,0.0,-0.0029017047515416117
2017-10-20,0.0,0.0,0.0,274.82,0.0,0.0,-0.0002910149145143315
2017-10-23,0.0,0.0,0.0,274.08,0.0,0.0,-0.0026926715668438295
2017-10-24,0.0,0.0,0.0,275.01,0.0,0.0,0.00339316987740812
2017-10-25,0.0,0.0,0.0,273.89,0.0,0.0,-0.004072579178938995
2017-10-26,0.0,0.0,0.0,274.5,0.0,0.0,0.00222717149220486
2017-10-27,0.0,0.0,0.0,272.93,0.0,0.0,-0.005719489981785064
2017-10-30,0.0,0.0,0.0,272.92,0.0,0.0,-3.663943135601144e-05
2017-10-31,0.0,0.0,0.0,273.94,0.0,0.0,0.003737358933020518
2017-11-01,0.0,0.0,0.0,273.45,0.0,0.0,-0.0017887128568300215
2017-11-02,0.0,0.0,0.0,273.34,0.0,0.0,-0.000402267324922323
2017-11-03,0.0,0.0,0.0,273.6,0.0,0.0,0.0009511963122852407
2017-11-06,0.0,0.0,0.0,273.0,0.0,0.0,-0.002192982456140413
2017-11-07,0.0,0.0,0.0,274.34,0.0,0.0,0.004908424908424802
2017-11-08,0.0,0.0,0.0,274.57,0.0,0.0,0.0008383757381351664
2017-11-09,0.0,0.0,0.0,275.37,0.0,0.0,0.0029136467931676346
2017-11-10,0.0,0.0,0.0,275.94,0.0,0.0,0.0020699422595054084
2017-11-13,0.0,0.0,0.0,274.99,0.0,0.0,-0.003442777415380127
2017-11-14,0.0,0.0,0.0,274.49,0.0,0.0,-0.0018182479362885973
2017-11-15,0.0,0.0,0.0,275.05,0.0,0.0,0.0020401471820468142
2017-11-16,0.0,0.0,0.0,274.0,0.0,0.0,-0.0038174877295037435
2017-11-17,0.0,0.0,0.0,274.85,0.0,0.0,0.0031021897810219468
2017-11-20,0.0,0.0,0.0,276.3,0.0,0.0,0.005275604875386586
2017-11-21,0.0,0.0,0.0,274.89,0.0,0.0,-0.0051031487513573115
2017-11-22,0.0,0.0,0.0,274.74,0.0,0.0,-0.0005456728145802892
2017-11-23,0.0,0.0,0.0,275.2,0.0,0.0,0.0016743102569700685
2017-11-24,0.0,0.0,0.0,275.25,0.0,0.0,0.0001816860465115866
2017-11-27,0.0,0.0,0.0,275.34,0.0,0.0,0.00032697547683913086
2017-11-28,0.0,0.0,0.0,275.7,0.0,0.0,0.0013074743952932177
2017-11-29,0.0,0.0,0.0,276.2,0.0,0.0,0.0018135654697135628
2017-11-30,0.0,0.0,0.0,274.39,0.0,0.0,-0.006553222302679185
2017-12-01,0.0,0.0,0.0,272.83,0.0,0.0,-0.005685338386967498
2017-12-04,0.0,0.0,0.0,272.65,0.0,0.0,-0.0006597514936040882
2017-12-05,0.0,0.0,0.0,272.87,0.0,0.0,0.0008068952869981771
2017-12-06,0.0,0.0,0.0,271.43,0.0,0.0,-0.005277238245318228
2017-12-07,0.0,0.0,0.0,269.28,0.0,0.0,-0.00792101094204778
2017-12-08,0.0,0.0,0.0,267.79,0.0,0.0,-0.005533273915626635
2017-12-11,0.0,0.0,0.0,268.28,0.0,0.0,0.0018297920011947078
2017-12-12,0.0,0.0,0.0,267.5,0.0,0.0,-0.0029074101684806175
2017-12-13,0.0,0.0,0.0,267.79,0.0,0.0,0.0010841121495328565
2017-12-14,0.0,0.0,0.0,270.0,0.0,0.0,0.008252735352328289
2017-12-15,0.0,0.0,0.0,269.57,0.0,0.0,-0.00159259259259259
2017-12-18,0.0,0.0,0.0,269.9,0.0,0.0,0.0012241718292094195
2017-12-19,0.0,0.0,0.0,271.31,0.0,0.0,0.005224157095220505
2017-12-20,0.0,0.0,0.0,270.68,0.0,0.0,-0.002322067008219353
2017-12-21,0.0,0.0,0.0,270.15,0.0,0.0,-0.001958031624058054
2017-12-22,0.0,0.0,0.0,270.54,0.0,0.0,0.0014436424208774667
2017-12-25,0.0,0.0,0.0,271.55,0.0,0.0,0.0037332741923559176
2017-12-26,0.0,0.0,0.0,271.92,0.0,0.0,0.0013625483336401345
2017-12-27,0.0,0.0,0.0,272.75,0.0,0.0,0.0030523683436303184
2017-12-28,0.0,0.0,0.0,273.5,0.0,0.0,0.00274977085242889
2017-12-29,0.0,0.0,0.0,273.0,0.0,0.0,-0.001828153564899404
2018-01-02,0.0,0.0,0.0,275.3,0.0,0.0,0.008424908424908395
2018-01-03,0.0,0.0,0.0,276.0,0.0,0.0,0.002542680711950629
2018-01-04,0.0,0.0,0.0,275.19,0.0,0.0,-0.0029347826086956186
2018-01-05,0.0,0.0,0.0,276.26,0.0,0.0,0.0038882226825103228
2018-01-08,0.0,0.0,0.0,276.6,0.0,0.0,0.0012307246796496862
2018-01-09,0.0,0.0,0.0,277.19,0.0,0.0,0.0021330441070135375
2018-01-10,0.0,0.0,0.0,276.65,0.0,0.0,-0.0019481222266316545
2018-01-11,0.0,0.0,0.0,277.8,0.0,0.0,0.004156876920296426
2018-01-12,0.0,0.0,0.0,278.38,0.0,0.0,0.002087832973362014
2018-01-15,0.0,0.0,0.0,279.54,0.0,0.0,0.0041669660176737455
2018-01-16,0.0,0.0,0.0,278.8,0.0,0.0,-0.0026472061243472123
2018-01-17,0.0,0.0,0.0,277.65,0.0,0.0,-0.00412482065997144
2018-01-18,0.0,0.0,0.0,276.15,0.0,0.0,-0.0054024851431658805
2018-01-19,0.0,0.0,0.0,275.6,0.0,0.0,-0.0019916711931919906
2018-01-22,0.0,0.0,0.0,275.95,0.0,0.0,0.0012699564586355905
2018-01-23,0.0,0.0,0.0,277.14,0.0,0.0,0.004312375430331583
2018-01-24,0.0,0.0,0.0,277.84,0.0,0.0,0.002525799235043591
2018-01-25,0.0,0.0,0.0,278.87,0.0,0.0,0.0037071695940109617
2018-01-26,0.0,0.0,0.0,277.5,0.0,0.0,-0.004912683329149847
2018-01-29,0.0,0.0,0.0,275.98,0.0,0.0,-0.005477477477477399
2018-01-30,0.0,0.0,0.0,274.0,0.0,0.0,-0.007174432929922481
2018-01-31,0.0,0.0,0.0,274.05,0.0,0.0,0.0001824817518247812
2018-02-01,0.0,0.0,0.0,273.4,0.0,0.0,-0.002371829958036975
2018-02-02,0.0,0.0,0.0,273.75,0.0,0.0,0.001280175566934938
2018-02-05,0.0,0.0,0.0,271.49,0.0,0.0,-0.008255707762557019
2018-02-06,0.0,0.0,0.0,273.24,0.0,0.0,0.0064459096099303
2018-02-07,0.0,0.0,0.0,269.79,0.0,0.0,-0.012626262626262541
2018-02-08,0.0,0.0,0.0,269.3,0.0,0.0,-0.001816227436154061
2018-02-09,0.0,0.0,0.0,269.55,0.0,0.0,0.0009283327144449238
2018-02-12,0.0,0.0,0.0,270.1,0.0,0.0,0.0020404377666480844
2018-02-13,0.0,0.0,0.0,271.14,0.0,0.0,0.0038504257682339116
2018-02-14,0.0,0.0,0.0,273.21,0.0,0.0,0.007634432396547819
2018-02-22,0.0,0.0,0.0,271.36,0.0,0.0,-0.006771348047289516
2018-02-23,0.0,0.0,0.0,271.96,0.0,0.0,0.0022110849056602433
2018-02-26,0.0,0.0,0.0,273.6,0.0,0.0,0.0060302985733198256
2018-02-27,0.0,0.0,0.0,272.36,0.0,0.0,-0.004532163742690054
2018-02-28,0.0,0.0,0.0,270.3,0.0,0.0,-0.007563518872081065
2018-03-01,0.0,0.0,0.0,269.78,0.0,0.0,-0.0019237883832780023
2018-03-02,0.0,0.0,0.0,270.9,0.0,0.0,0.004151530877010812
2018-03-05,0.0,0.0,0.0,272.09,0.0,0.0,0.004392764857881204
2018-03-06,0.0,0.0,0.0,271.15,0.0,0.0,-0.003454739240692395
2018-03-07,0.0,0.0,0.0,272.3,0.0,0.0,0.004241194910566293
2018-03-08,0.0,0.0,0.0,272.21,0.0,0.0,-0.0003305178112377183
2018-03-09,0.0,0.0,0.0,270.6,0.0,0.0,-0.005914551265566836
2018-03-12,0.0,0.0,0.0,270.8,0.0,0.0,0.0007390983000739038
2018-03-13,0.0,0.0,0.0,270.7,0.0,0.0,-0.00036927621861160276
2018-03-14,0.0,0.0,0.0,271.12,0.0,0.0,0.001551533062430721
2018-03-15,0.0,0.0,0.0,270.97,0.0,0.0,-0.0005532605488344222
2018-03-16,0.0,0.0,0.0,270.21,0.0,0.0,-0.0028047385319409646
2018-03-19,0.0,0.0,0.0,268.6,0.0,0.0,-0.005958328707301619
2018-03-20,0.0,0.0,0.0,269.51,0.0,0.0,0.0033879374534622198
2018-03-21,0.0,0.0,0.0,269.74,0.0,0.0,0.0008534006159326424
2018-03-22,0.0,0.0,0.0,272.1,0.0,0.0,0.008749165863424002
2018-03-23,0.0,0.0,0.0,274.97,0.0,0.0,0.010547592796765981
2018-03-26,0.0,0.0,0.0,274.18,0.0,0.0,-0.002873040695348661
2018-03-27,0.0,0.0,0.0,274.1,0.0,0.0,-0.0002917791232036615
2018-03-28,0.0,0.0,0.0,272.52,0.0,0.0,-0.005764319591390121
2018-03-29,0.0,0.0,0.0,269.9,0.0,0.0,-0.009613973286364375
2018-03-30,0.0,0.0,0.0,270.56,0.0,0.0,0.002445350129677726
2018-04-02,0.0,0.0,0.0,270.84,0.0,0.0,0.0010348905972796807
2018-04-03,0.0,0.0,0.0,272.44,0.0,0.0,0.005907546891153581
2018-04-04,0.0,0.0,0.0,272.16,0.0,0.0,-0.0010277492291880241
2018-04-09,0.0,0.0,0.0,271.5,0.0,0.0,-0.0024250440917108484
2018-04-10,0.0,0.0,0.0,271.97,0.0,0.0,0.0017311233885819455
2018-04-11,0.0,0.0,0.0,272.9,0.0,0.0,0.003419494797220146
2018-04-12,0.0,0.0,0.0,274.08,0.0,0.0,0.004323928178820102
2018-04-13,0.0,0.0,0.0,272.1,0.0,0.0,-0.007224168126094388
2018-04-16,0.0,0.0,0.0,272.89,0.0,0.0,0.00290334435869144
2018-04-17,0.0,0.0,0.0,273.5,0.0,0.0,0.0022353329180255788
2018-04-18,0.0,0.0,0.0,273.04,0.0,0.0,-0.001681901279707465
2018-04-19,0.0,0.0,0.0,274.09,0.0,0.0,0.0038455903896863486
2018-04-20,0.0,0.0,0.0,272.88,0.0,0.0,-0.004414608340326143
2018-04-23,0.0,0.0,0.0,271.45,0.0,0.0,-0.005240398710055771
2018-04-24,0.0,0.0,0.0,271.09,0.0,0.0,-0.001326211088598317
2018-04-25,0.0,0.0,0.0,270.51,0.0,0.0,-0.0021395108635507976
2018-04-26,0.0,0.0,0.0,271.27,0.0,0.0,0.002809507966433644
2018-04-27,0.0,0.0,0.0,270.3,0.0,0.0,-0.0035757732148780086
2018-05-02,0.0,0.0,0.0,269.84,0.0,0.0,-0.0017018128005921174
2018-05-03,0.0,0.0,0.0,269.4,0.0,0.0,-0.0016305959086866384
2018-05-04,0.0,0.0,0.0,269.48,0.0,0.0,0.00029695619896075165
2018-05-07,0.0,0.0,0.0,269.99,0.0,0.0,0.001892533768739657
2018-05-08,0.0,0.0,0.0,270.35,0.0,0.0,0.0013333827178785285
2018-05-09,0.0,0.0,0.0,269.61,0.0,0.0,-0.0027371925282042575
2018-05-10,0.0,0.0,0.0,270.1,0.0,0.0,0.0018174400059345341
2018-05-11,0.0,0.0,0.0,270.79,0.0,0.0,0.0025546094039243794
2018-05-14,0.0,0.0,0.0,270.52,0.0,0.0,-0.0009970826101408647
2018-05-15,0.0,0.0,0.0,269.47,0.0,0.0,-0.0038814135738576283
2018-05-16,0.0,0.0,0.0,267.1,0.0,0.0,-0.00879504211971649
2018-05-17,0.0,0.0,0.0,265.49,0.0,0.0,-0.006027704979408521
2018-05-18,0.0,0.0,0.0,265.8,0.0,0.0,0.001167652265622099
2018-05-21,0.0,0.0,0.0,265.32,0.0,0.0,-0.0018058690744922057
2018-05-22,0.0,0.0,0.0,266.01,0.0,0.0,0.002600633197648028
2018-05-23,0.0,0.0,0.0,266.49,0.0,0.0,0.0018044434419759448
2018-05-24,0.0,0.0,0.0,267.65,0.0,0.0,0.0043528837855077995
2018-05-25,0.0,0.0,0.0,268.87,0.0,0.0,0.004558191668223577
2018-05-28,0.0,0.0,0.0,267.8,0.0,0.0,-0.003979618402945584
2018-05-29,0.0,0.0,0.0,268.4,0.0,0.0,0.0022404779686331366
2018-05-30,0.0,0.0,0.0,268.85,0.0,0.0,0.0016766020864382725
2018-05-31,0.0,0.0,0.0,269.54,0.0,0.0,0.0025664868885995062
2018-06-01,0.0,0.0,0.0,269.09,0.0,0.0,-0.0016695110187728845
2018-06-04,0.0,0.0,0.0,267.94,0.0,0.0,-0.0042736630866995196
2018-06-05,0.0,0.0,0.0,267.5,0.0,0.0,-0.0016421586922444886
2018-06-06,0.0,0.0,0.0,267.87,0.0,0.0,0.0013831775700934301
2018-06-07,0.0,0.0,0.0,268.09,0.0,0.0,0.0008212939112255402
2018-06-08,0.0,0.0,0.0,268.13,0.0,0.0,0.00014920362564807554
2018-06-11,0.0,0.0,0.0,268.26,0.0,0.0,0.0004848394435534864
2018-06-12,0.0,0.0,0.0,268.11,0.0,0.0,-0.0005591590248266165
2018-06-13,0.0,0.0,0.0,267.86,0.0,0.0,-0.0009324530976091427
2018-06-14,0.0,0.0,0.0,268.93,0.0,0.0,0.00399462405734341
2018-06-15,0.0,0.0,0.0,268.67,0.0,0.0,-0.0009667943330977646
2018-06-19,0.0,0.0,0.0,267.82,0.0,0.0,-0.0031637324598950967
2018-06-20,0.0,0.0,0.0,266.3,0.0,0.0,-0.005675453662907892
2018-06-21,0.0,0.0,0.0,265.75,0.0,0.0,-0.002065339842283187
2018-06-22,0.0,0.0,0.0,266.68,0.0,0.0,0.0034995296331139514
2018-06-25,0.0,0.0,0.0,267.16,0.0,0.0,0.0017999100044998606
2018-06-26,0.0,0.0,0.0,267.2,0.0,0.0,0.00014972301242677233
2018-06-27,0.0,0.0,0.0,267.56,0.0,0.0,0.0013473053892216758
2018-06-28,0.0,0.0,0.0,267.0,0.0,0.0,-0.0020929884885633188
2018-06-29,0.0,0.0,0.0,267.38,0.0,0.0,0.0014232209737827795
2018-07-02,0.0,0.0,0.0,267.42,0.0,0.0,0.0001495998204803506
2018-07-03,0.0,0.0,0.0,267.84,0.0,0.0,0.0015705631590754443
2018-07-04,0.0,0.0,0.0,268.4,0.0,0.0,0.0020908004778972256
2018-07-05,0.0,0.0,0.0,268.29,0.0,0.0,-0.0004098360655736544
2018-07-06,0.0,0.0,0.0,269.21,0.0,0.0,0.003429125200342664
2018-07-09,0.0,0.0,0.0,269.1,0.0,0.0,-0.0004086029493701737
2018-07-10,0.0,0.0,0.0,268.25,0.0,0.0,-0.0031586770717206836
2018-07-11,0.0,0.0,0.0,269.0,0.0,0.0,0.002795899347623587
2018-07-12,0.0,0.0,0.0,267.99,0.0,0.0,-0.003754646840148701
2018-07-13,0.0,0.0,0.0,267.8,0.0,0.0,-0.0007089816784208169
2018-07-16,0.0,0.0,0.0,268.15,0.0,0.0,0.001306945481702737
2018-07-17,0.0,0.0,0.0,267.87,0.0,0.0,-0.0010441916837590215
2018-07-18,0.0,0.0,0.0,265.47,0.0,0.0,-0.008959569940642731
2018-07-19,0.0,0.0,0.0,266.29,0.0,0.0,0.003088861264926246
2018-07-20,0.0,0.0,0.0,267.48,0.0,0.0,0.0044688121972285
2018-07-23,0.0,0.0,0.0,268.4,0.0,0.0,0.0034395094960368855
2018-07-24,0.0,0.0,0.0,268.43,0.0,0.0,0.0001117734724294106
2018-07-25,0.0,0.0,0.0,268.0,0.0,0.0,-0.0016019073874008471
2018-07-26,0.0,0.0,0.0,268.58,0.0,0.0,0.002164179104477526
2018-07-27,0.0,0.0,0.0,268.25,0.0,0.0,-0.0012286841909300295
2018-07-30,0.0,0.0,0.0,268.29,0.0,0.0,0.00014911463187328167
2018-07-31,0.0,0.0,0.0,268.65,0.0,0.0,0.0013418316001341246
2018-08-01,0.0,0.0,0.0,268.24,0.0,0.0,-0.0015261492648426245
2018-08-02,0.0,0.0,0.0,267.93,0.0,0.0,-0.0011556814792722525
2018-08-03,0.0,0.0,0.0,267.81,0.0,0.0,-0.0004478781771358742
2018-08-06,0.0,0.0,0.0,267.6,0.0,0.0,-0.000784138008289359
2018-08-07,0.0,0.0,0.0,267.61,0.0,0.0,3.736920777286379e-05
2018-08-08,0.0,0.0,0.0,267.2,0.0,0.0,-0.0015320802660588884
2018-08-09,0.0,0.0,0.0,267.14,0.0,0.0,-0.00022455089820361263
2018-08-10,0.0,0.0,0.0,267.24,0.0,0.0,0.0003743355543910365
2018-08-13,0.0,0.0,0.0,267.72,0.0,0.0,0.0017961383026494637
2018-08-14,0.0,0.0,0.0,265.51,0.0,0.0,-0.008254893171970812
2018-08-15,0.0,0.0,0.0,264.97,0.0,0.0,-0.002033821701630689
2018-08-16,0.0,0.0,0.0,262.39,0.0,0.0,-0.00973695135298347
2018-08-17,0.0,0.0,0.0,261.59,0.0,0.0,-0.0030488966805137796
2018-08-20,0.0,0.0,0.0,263.18,0.0,0.0,0.006078213999006099
2018-08-21,0.0,0.0,0.0,264.51,0.0,0.0,0.005053575499657903
2018-08-22,0.0,0.0,0.0,264.1,0.0,0.0,-0.001550035915466208
2018-08-23,0.0,0.0,0.0,264.26,0.0,0.0,0.0006058311245737968
2018-08-24,0.0,0.0,0.0,264.6,0.0,0.0,0.0012866116703247332
2018-08-27,0.0,0.0,0.0,265.3,0.0,0.0,0.002645502645502562
2018-08-28,0.0,0.0,0.0,266.34,0.0,0.0,0.003920090463625847
2018-08-29,0.0,0.0,0.0,265.69,0.0,0.0,-0.002440489599759621
2018-08-30,0.0,0.0,0.0,266.0,0.0,0.0,0.0011667733072378006
2018-08-31,0.0,0.0,0.0,266.47,0.0,0.0,0.0017669172932330834
2018-09-03,0.0,0.0,0.0,265.0,0.0,0.0,-0.005516568469246197
2018-09-04,0.0,0.0,0.0,264.14,0.0,0.0,-0.0032452830188679505
2018-09-05,0.0,0.0,0.0,263.91,0.0,0.0,-0.0008707503596575572
2018-09-06,0.0,0.0,0.0,264.8,0.0,0.0,0.003372361790004108
2018-09-07,0.0,0.0,0.0,265.22,0.0,0.0,0.0015861027190333665
2018-09-10,0.0,0.0,0.0,265.19,0.0,0.0,-0.00011311364150523584
2018-09-11,0.0,0.0,0.0,265.38,0.0,0.0,0.000716467438440338
2018-09-12,0.0,0.0,0.0,265.2,0.0,0.0,-0.0006782726656116012
2018-09-13,0.0,0.0,0.0,266.15,0.0,0.0,0.0035822021116138636
2018-09-14,0.0,0.0,0.0,266.72,0.0,0.0,0.00214164944580153
2018-09-17,0.0,0.0,0.0,265.69,0.0,0.0,-0.003861727654469238
2018-09-18,0.0,0.0,0.0,265.79,0.0,0.0,0.0003763784862058639
2018-09-19,0.0,0.0,0.0,266.69,0.0,0.0,0.00338613190864967
2018-09-20,0.0,0.0,0.0,266.54,0.0,0.0,-0.0005624507855561678
2018-09-21,0.0,0.0,0.0,267.7,0.0,0.0,0.004352067231935042
2018-09-25,0.0,0.0,0.0,266.53,0.0,0.0,-0.00437056406425107
2018-09-26,0.0,0.0,0.0,267.1,0.0,0.0,0.0021385960304658447
2018-09-27,0.0,0.0,0.0,266.3,0.0,0.0,-0.0029951329090228684
2018-09-28,0.0,0.0,0.0,264.06,0.0,0.0,-0.008411565903116869
2018-10-08,0.0,0.0,0.0,266.98,0.0,0.0,0.011058092857683999
2018-10-09,0.0,0.0,0.0,266.72,0.0,0.0,-0.0009738557195295705
2018-10-10,0.0,0.0,0.0,266.46,0.0,0.0,-0.0009748050389923879
2018-10-11,0.0,0.0,0.0,268.28,0.0,0.0,0.006830293477444904
2018-10-12,0.0,0.0,0.0,271.35,0.0,0.0,0.011443268227225412
2018-10-15,0.0,0.0,0.0,274.45,0.0,0.0,0.011424359683066099
2018-10-16,0.0,0.0,0.0,274.25,0.0,0.0,-0.0007287301876479635
2018-10-17,0.0,0.0,0.0,273.74,0.0,0.0,-0.0018596171376481507
2018-10-18,0.0,0.0,0.0,273.65,0.0,0.0,-0.00032877913348439147
2018-10-19,0.0,0.0,0.0,274.2,0.0,0.0,0.0020098666179426683
2018-10-22,0.0,0.0,0.0,274.7,0.0,0.0,0.0018234865061999006
2018-10-23,0.0,0.0,0.0,276.32,0.0,0.0,0.005897342555515106
2018-10-24,0.0,0.0,0.0,276.21,0.0,0.0,-0.0003980891719745916
2018-10-25,0.0,0.0,0.0,276.5,0.0,0.0,0.0010499257811087404
2018-10-26,0.0,0.0,0.0,277.48,0.0,0.0,0.0035443037974685065
2018-10-29,0.0,0.0,0.0,277.2,0.0,0.0,-0.0010090817356206427
2018-10-30,0.0,0.0,0.0,275.8,0.0,0.0,-0.005050505050504972
2018-10-31,0.0,0.0,0.0,273.8,0.0,0.0,-0.007251631617113841
2018-11-01,0.0,0.0,0.0,274.85,0.0,0.0,0.003834915997078303
2018-11-02,0.0,0.0,0.0,274.34,0.0,0.0,-0.0018555575768602894
2018-11-05,0.0,0.0,0.0,275.52,0.0,0.0,0.004301232047823955
2018-11-06,0.0,0.0,0.0,274.86,0.0,0.0,-0.0023954703832751445
2018-11-07,0.0,0.0,0.0,275.22,0.0,0.0,0.0013097576948264411
2018-11-08,0.0,0.0,0.0,273.86,0.0,0.0,-0.004941501344379096
2018-11-09,0.0,0.0,0.0,273.48,0.0,0.0,-0.0013875702913896948
2018-11-12,0.0,0.0,0.0,271.25,0.0,0.0,-0.008154161181804898
2018-11-13,0.0,0.0,0.0,270.6,0.0,0.0,-0.0023963133640552137
2018-11-14,0.0,0.0,0.0,270.13,0.0,0.0,-0.0017368810051737738
2018-11-15,0.0,0.0,0.0,272.09,0.0,0.0,0.0072557657424201505
2018-11-16,0.0,0.0,0.0,272.69,0.0,0.0,0.0022051527068249754
2018-11-19,0.0,0.0,0.0,273.71,0.0,0.0,0.0037405112031976273
2018-11-20,0.0,0.0,0.0,274.42,0.0,0.0,0.00259398633590302
2018-11-21,0.0,0.0,0.0,274.38,0.0,0.0,-0.00014576197070192976
2018-11-22,0.0,0.0,0.0,274.65,0.0,0.0,0.0009840367373714631
2018-11-23,0.0,0.0,0.0,274.61,0.0,0.0,-0.00014563990533389415
2018-11-26,0.0,0.0,0.0,275.0,0.0,0.0,0.001420195914205502
2018-11-27,0.0,0.0,0.0,274.19,0.0,0.0,-0.0029454545454545844
2018-11-28,0.0,0.0,0.0,272.9,0.0,0.0,-0.004704766767570034
2018-11-29,0.0,0.0,0.0,274.6,0.0,0.0,0.006229388054232565
2018-11-30,0.0,0.0,0.0,274.65,0.0,0.0,0.00018208302986155722
2018-12-03,0.0,0.0,0.0,274.27,0.0,0.0,-0.0013835791006735487
2018-12-04,0.0,0.0,0.0,274.06,0.0,0.0,-0.000765668866445357
2018-12-05,0.0,0.0,0.0,274.28,0.0,0.0,0.000802743924687821
2018-12-06,0.0,0.0,0.0,275.3,0.0,0.0,0.003718827475572617
2018-12-07,0.0,0.0,0.0,275.8,0.0,0.0,0.0018162005085360367
2018-12-10,0.0,0.0,0.0,278.83,0.0,0.0,0.010986221899927484
2018-12-11,0.0,0.0,0.0,278.09,0.0,0.0,-0.002653946849334732
2018-12-12,0.0,0.0,0.0,277.45,0.0,0.0,-0.002301413211550196
2018-12-13,0.0,0.0,0.0,278.26,0.0,0.0,0.0029194449450351545
2018-12-14,0.0,0.0,0.0,277.48,0.0,0.0,-0.0028031337597929085
2018-12-17,0.0,0.0,0.0,276.8,0.0,0.0,-0.002450627072221434
2018-12-18,0.0,0.0,0.0,278.59,0.0,0.0,0.006466763005780196
2018-12-19,0.0,0.0,0.0,278.89,0.0,0.0,0.0010768512868373215
2018-12-20,0.0,0.0,0.0,278.99,0.0,0.0,0.00035856430850889076
2018-12-21,0.0,0.0,0.0,280.96,0.0,0.0,0.007061184988709224
2018-12-24,0.0,0.0,0.0,281.76,0.0,0.0,0.0028473804100228595
2018-12-25,0.0,0.0,0.0,283.4,0.0,0.0,0.005820556501987539
2018-12-26,0.0,0.0,0.0,284.21,0.0,0.0,0.0028581510232885687
2018-12-27,0.0,0.0,0.0,282.87,0.0,0.0,-0.0047148235459694154
2018-12-28,0.0,0.0,0.0,284.6,0.0,0.0,0.0061158836214516565
2019-01-02,0.0,0.0,0.0,285.8,0.0,0.0,0.0042164441321153046
2019-01-03,0.0,0.0,0.0,287.31,0.0,0.0,0.005283414975507217
2019-01-04,0.0,0.0,0.0,287.49,0.0,0.0,0.0006265009919599329
2019-01-07,0.0,0.0,0.0,286.18,0.0,0.0,-0.004556680232355892
2019-01-08,0.0,0.0,0.0,284.75,0.0,0.0,-0.0049968551261444505
2019-01-09,0.0,0.0,0.0,283.88,0.0,0.0,-0.0030553116769095334
2019-01-10,0.0,0.0,0.0,283.84,0.0,0.0,-0.00014090460758076073
2019-01-11,0.0,0.0,0.0,283.2,0.0,0.0,-0.0022547914317925244
2019-01-14,0.0,0.0,0.0,283.5,0.0,0.0,0.0010593220338983578
2019-01-15,0.0,0.0,0.0,282.32,0.0,0.0,-0.004162257495590849
2019-01-16,0.0,0.0,0.0,282.97,0.0,0.0,0.002302351941059877
2019-01-17,0.0,0.0,0.0,283.1,0.0,0.0,0.0004594126585857339
2019-01-18,0.0,0.0,0.0,283.28,0.0,0.0,0.0006358177322498548
2019-01-21,0.0,0.0,0.0,282.18,0.0,0.0,-0.0038830838746115592
2019-01-22,0.0,0.0,0.0,282.82,0.0,0.0,0.0022680558508751947
2019-01-23,0.0,0.0,0.0,282.34,0.0,0.0,-0.0016971925606393823
2019-01-24,0.0,0.0,0.0,282.6,0.0,0.0,0.0009208755401290958
2019-01-25,0.0,0.0,0.0,282.39,0.0,0.0,-0.0007430997876859413
2019-01-28,0.0,0.0,0.0,284.45,0.0,0.0,0.007294875880873963
2019-01-29,0.0,0.0,0.0,285.92,0.0,0.0,0.005167867815081939
2019-01-30,0.0,0.0,0.0,286.72,0.0,0.0,0.002797985450475604
2019-01-31,0.0,0.0,0.0,286.7,0.0,0.0,-6.975446428580945e-05
2019-02-01,0.0,0.0,0.0,287.42,0.0,0.0,0.00251133589117547
2019-02-11,0.0,0.0,0.0,287.43,0.0,0.0,3.4792290028562434e-05
2019-02-12,0.0,0.0,0.0,287.8,0.0,0.0,0.0012872699439863133
2019-02-13,0.0,0.0,0.0,287.07,0.0,0.0,-0.002536483669214773
2019-02-14,0.0,0.0,0.0,286.5,0.0,0.0,-0.0019855784303479673
2019-02-15,0.0,0.0,0.0,288.41,0.0,0.0,0.006666666666666821
2019-02-18,0.0,0.0,0.0,289.98,0.0,0.0,0.0054436392635484054
2019-02-19,0.0,0.0,0.0,290.67,0.0,0.0,0.002379474446513541
2019-02-20,0.0,0.0,0.0,292.33,0.0,0.0,0.005710943681838332
2019-02-21,0.0,0.0,0.0,290.71,0.0,0.0,-0.0055416823452947295
2019-02-22,0.0,0.0,0.0,288.91,0.0,0.0,-0.006191737470331082
2019-02-25,0.0,0.0,0.0,288.33,0.0,0.0,-0.0020075456024368776
2019-02-26,0.0,0.0,0.0,288.0,0.0,0.0,-0.0011445219019872166
2019-02-27,0.0,0.0,0.0,287.89,0.0,0.0,-0.00038194444444450415
2019-02-28,0.0,0.0,0.0,286.02,0.0,0.0,-0.006495536489631526
2019-03-01,0.0,0.0,0.0,284.49,0.0,0.0,-0.005349276274386305
2019-03-04,0.0,0.0,0.0,280.71,0.0,0.0,-0.013286934514394333
2019-03-05,0.0,0.0,0.0,279.5,0.0,0.0,-0.004310498379110017
2019-03-06,0.0,0.0,0.0,281.25,0.0,0.0,0.0062611806797854275
2019-03-07,0.0,0.0,0.0,280.0,0.0,0.0,-0.004444444444444473
2019-03-08,0.0,0.0,0.0,282.54,0.0,0.0,0.00907142857142862
2019-03-11,0.0,0.0,0.0,283.5,0.0,0.0,0.0033977489912933034
2019-03-12,0.0,0.0,0.0,282.8,0.0,0.0,-0.0024691358024691024
2019-03-13,0.0,0.0,0.0,284.86,0.0,0.0,0.007284299858557386
2019-03-14,0.0,0.0,0.0,284.14,0.0,0.0,-0.0025275573966160314
2019-03-15,0.0,0.0,0.0,284.29,0.0,0.0,0.0005279087773633062
2019-03-18,0.0,0.0,0.0,284.28,0.0,0.0,-3.5175349115457166e-05
2019-03-19,0.0,0.0,0.0,285.2,0.0,0.0,0.003236245954692629
2019-03-20,0.0,0.0,0.0,284.59,0.0,0.0,-0.0021388499298737873
2019-03-21,0.0,0.0,0.0,286.5,0.0,0.0,0.006711409395973256
2019-03-22,0.0,0.0,0.0,286.5,0.0,0.0,0.0
2019-03-25,0.0,0.0,0.0,287.21,0.0,0.0,0.002478184991273835
2019-03-26,0.0,0.0,0.0,287.65,0.0,0.0,0.0015319800842588105
2019-03-27,0.0,0.0,0.0,287.1,0.0,0.0,-0.0019120458891012104
2019-03-28,0.0,0.0,0.0,286.49,0.0,0.0,-0.002124695228143514
2019-03-29,0.0,0.0,0.0,281.0,0.0,0.0,-0.019162972529582212
2019-04-01,0.0,0.0,0.0,282.0,0.0,0.0,0.003558718861210064
2019-04-02,0.0,0.0,0.0,281.51,0.0,0.0,-0.0017375886524823025
2019-04-03,0.0,0.0,0.0,282.05,0.0,0.0,0.0019182267059785207
2019-04-04,0.0,0.0,0.0,282.71,0.0,0.0,0.00234001063641176
2019-04-08,0.0,0.0,0.0,283.62,0.0,0.0,0.0032188461674509394
2019-04-09,0.0,0.0,0.0,283.8,0.0,0.0,0.0006346519991538013
2019-04-10,0.0,0.0,0.0,285.1,0.0,0.0,0.004580690627202344
2019-04-11,0.0,0.0,0.0,285.15,0.0,0.0,0.0001753770606802707
2019-04-12,0.0,0.0,0.0,282.8,0.0,0.0,-0.00824127652112916
2019-04-15,0.0,0.0,0.0,281.45,0.0,0.0,-0.004773691654879841
2019-04-16,0.0,0.0,0.0,281.38,0.0,0.0,-0.00024871202700305073
2019-04-17,0.0,0.0,0.0,279.7,0.0,0.0,-0.005970573601535301
2019-04-18,0.0,0.0,0.0,278.7,0.0,0.0,-0.003575259206292425
2019-04-19,0.0,0.0,0.0,279.61,0.0,0.0,0.003265159669896045
2019-04-22,0.0,0.0,0.0,280.12,0.0,0.0,0.001823969099817635
2019-04-23,0.0,0.0,0.0,279.16,0.0,0.0,-0.003427102670284121
2019-04-24,0.0,0.0,0.0,278.5,0.0,0.0,-0.0023642355638344714
2019-04-25,0.0,0.0,0.0,280.1,0.0,0.0,0.0057450628366249035
2019-04-26,0.0,0.0,0.0,281.0,0.0,0.0,0.003213138164940954
2019-04-29,0.0,0.0,0.0,280.49,0.0,0.0,-0.001814946619216995
2019-04-30,0.0,0.0,0.0,280.88,0.0,0.0,0.00139042390103028
2019-05-06,0.0,0.0,0.0,282.06,0.0,0.0,0.004201082312731419
2019-05-07,0.0,0.0,0.0,281.75,0.0,0.0,-0.0010990569382400839
2019-05-08,0.0,0.0,0.0,282.65,0.0,0.0,0.0031943212067435667
2019-05-09,0.0,0.0,0.0,283.5,0.0,0.0,0.0030072527861313425
2019-05-10,0.0,0.0,0.0,283.32,0.0,0.0,-0.0006349206349206549
2019-05-13,0.0,0.0,0.0,285.05,0.0,0.0,0.006106169702103648
2019-05-14,0.0,0.0,0.0,288.7,0.0,0.0,0.012804771092790768
2019-05-15,0.0,0.0,0.0,287.59,0.0,0.0,-0.0038448216141323543
2019-05-16,0.0,0.0,0.0,288.71,0.0,0.0,0.003894433047046064
2019-05-17,0.0,0.0,0.0,288.0,0.0,0.0,-0.0024592151293685305
2019-05-20,0.0,0.0,0.0,287.19,0.0,0.0,-0.0028124999999999956
2019-05-21,0.0,0.0,0.0,286.6,0.0,0.0,-0.0020543890803996767
2019-05-22,0.0,0.0,0.0,286.37,0.0,0.0,-0.0008025122121424477
2019-05-23,0.0,0.0,0.0,286.61,0.0,0.0,0.0008380766141704576
2019-05-24,0.0,0.0,0.0,288.54,0.0,0.0,0.00673388925717866
2019-05-27,0.0,0.0,0.0,288.37,0.0,0.0,-0.0005891730782561222
2019-05-28,0.0,0.0,0.0,288.5,0.0,0.0,0.0004508097236188835
2019-05-29,0.0,0.0,0.0,288.69,0.0,0.0,0.000658578856152614
2019-05-30,0.0,0.0,0.0,287.1,0.0,0.0,-0.0055076379507429385
2019-05-31,0.0,0.0,0.0,290.8,0.0,0.0,0.012887495646116243
2019-06-03,0.0,0.0,0.0,294.51,0.0,0.0,0.012757909215955987
2019-06-04,0.0,0.0,0.0,297.59,0.0,0.0,0.010458048962683764
2019-06-05,0.0,0.0,0.0,298.97,0.0,0.0,0.004637252595853569
2019-06-06,0.0,0.0,0.0,299.32,0.0,0.0,0.001170686022008871
2019-06-10,0.0,0.0,0.0,298.77,0.0,0.0,-0.0018374983295470493
2019-06-11,0.0,0.0,0.0,297.0,0.0,0.0,-0.0059242895873079515
2019-06-12,0.0,0.0,0.0,299.61,0.0,0.0,0.008787878787878789
2019-06-13,0.0,0.0,0.0,300.41,0.0,0.0,0.0026701378458662273
2019-06-14,0.0,0.0,0.0,305.04,0.0,0.0,0.015412269897806308
2019-06-17,0.0,0.0,0.0,301.35,0.0,0.0,-0.012096774193548376
2019-06-18,0.0,0.0,0.0,303.6,0.0,0.0,0.0074664011946241615
2019-06-19,0.0,0.0,0.0,302.21,0.0,0.0,-0.004578392621870986
2019-06-20,0.0,0.0,0.0,308.58,0.0,0.0,0.021078058303828584
2019-06-21,0.0,0.0,0.0,311.0,0.0,0.0,0.007842374748849634
2019-06-24,0.0,0.0,0.0,313.26,0.0,0.0,0.00726688102893891
2019-06-25,0.0,0.0,0.0,319.91,0.0,0.0,0.02122837259784216
2019-06-26,0.0,0.0,0.0,314.44,0.0,0.0,-0.017098558969710353
2019-06-27,0.0,0.0,0.0,313.89,0.0,0.0,-0.0017491413306195414
2019-06-28,0.0,0.0,0.0,314.43,0.0,0.0,0.0017203478925738036
2019-07-01,0.0,0.0,0.0,307.6,0.0,0.0,-0.021721845879846047
2019-07-02,0.0,0.0,0.0,309.77,0.0,0.0,0.007054616384915446
2019-07-03,0.0,0.0,0.0,318.0,0.0,0.0,0.026568098912096216
2019-07-04,0.0,0.0,0.0,315.01,0.0,0.0,-0.009402515723270444
2019-07-05,0.0,0.0,0.0,315.71,0.0,0.0,0.0022221516777245487
2019-07-08,0.0,0.0,0.0,314.07,0.0,0.0,-0.005194640651230542
2019-07-09,0.0,0.0,0.0,311.49,0.0,0.0,-0.008214729200496707
2019-07-10,0.0,0.0,0.0,311.14,0.0,0.0,-0.001123631577257811
2019-07-11,0.0,0.0,0.0,316.5,0.0,0.0,0.017226971781191702
2019-07-12,0.0,0.0,0.0,314.6,0.0,0.0,-0.006003159557661841
2019-07-15,0.0,0.0,0.0,315.0,0.0,0.0,0.0012714558169102386
2019-07-16,0.0,0.0,0.0,315.38,0.0,0.0,0.001206349206349211
2019-07-17,0.0,0.0,0.0,313.75,0.0,0.0,-0.005168368317585159
2019-07-18,0.0,0.0,0.0,316.55,0.0,0.0,0.008924302788844596
2019-07-19,0.0,0.0,0.0,320.45,0.0,0.0,0.012320328542094305
2019-07-22,0.0,0.0,0.0,318.45,0.0,0.0,-0.006241223279762842
2019-07-23,0.0,0.0,0.0,316.45,0.0,0.0,-0.006280420788192798
2019-07-24,0.0,0.0,0.0,317.55,0.0,0.0,0.003476062569126359
2019-07-25,0.0,0.0,0.0,317.67,0.0,0.0,0.0003778932451583561
2019-07-26,0.0,0.0,0.0,316.84,0.0,0.0,-0.0026127742625996486
2019-07-29,0.0,0.0,0.0,317.13,0.0,0.0,0.0009152884736776112
2019-07-30,0.0,0.0,0.0,318.47,0.0,0.0,0.004225396525084468
2019-07-31,0.0,0.0,0.0,319.94,0.0,0.0,0.0046158193864414
2019-08-01,0.0,0.0,0.0,315.21,0.0,0.0,-0.014784022004125874
2019-08-02,0.0,0.0,0.0,322.67,0.0,0.0,0.023666761841312223
2019-08-05,0.0,0.0,0.0,331.99,0.0,0.0,0.028883999132240268
2019-08-06,0.0,0.0,0.0,333.07,0.0,0.0,0.0032531100334347585
2019-08-07,0.0,0.0,0.0,340.3,0.0,0.0,0.021707148647431618
2019-08-08,0.0,0.0,0.0,343.33,0.0,0.0,0.008903908316191478
2019-08-09,0.0,0.0,0.0,343.4,0.0,0.0,0.00020388547461624995
2019-08-12,0.0,0.0,0.0,341.16,0.0,0.0,-0.006523005241700464
2019-08-13,0.0,0.0,0.0,350.0,0.0,0.0,0.025911595732207582
2019-08-14,0.0,0.0,0.0,341.65,0.0,0.0,-0.02385714285714291
2019-08-15,0.0,0.0,0.0,344.6,0.0,0.0,0.008634567539880234
2019-08-16,0.0,0.0,0.0,345.7,0.0,0.0,0.0031921067904816525
2019-08-19,0.0,0.0,0.0,344.28,0.0,0.0,-0.0041076077523864996
2019-08-20,0.0,0.0,0.0,343.13,0.0,0.0,-0.0033403044033925022
2019-08-21,0.0,0.0,0.0,342.5,0.0,0.0,-0.0018360388191064336
2019-08-22,0.0,0.0,0.0,343.8,0.0,0.0,0.0037956204379563374
2019-08-23,0.0,0.0,0.0,343.0,0.0,0.0,-0.0023269342641070168
2019-08-26,0.0,0.0,0.0,355.09,0.0,0.0,0.03524781341107874
2019-08-27,0.0,0.0,0.0,355.72,0.0,0.0,0.0017741980906249566
2019-08-28,0.0,0.0,0.0,357.2,0.0,0.0,0.004160575733723082
2019-08-29,0.0,0.0,0.0,358.9,0.0,0.0,0.004759238521836462
2019-08-30,0.0,0.0,0.0,354.09,0.0,0.0,-0.013402061855670055
2019-09-02,0.0,0.0,0.0,352.99,0.0,0.0,-0.003106554830692665
2019-09-03,0.0,0.0,0.0,355.2,0.0,0.0,0.006260800589251714
2019-09-04,0.0,0.0,0.0,356.89,0.0,0.0,0.0047578828828829245
2019-09-05,0.0,0.0,0.0,358.03,0.0,0.0,0.003194261537168286
2019-09-06,0.0,0.0,0.0,348.74,0.0,0.0,-0.025947546295003066
2019-09-09,0.0,0.0,0.0,348.2,0.0,0.0,-0.0015484314962437296
2019-09-10,0.0,0.0,0.0,343.38,0.0,0.0,-0.013842619184376792
2019-09-11,0.0,0.0,0.0,344.09,0.0,0.0,0.002067680121148552
2019-09-12,0.0,0.0,0.0,344.8,0.0,0.0,0.0020634136417798654
2019-09-16,0.0,0.0,0.0,344.4,0.0,0.0,-0.0011600928074246841
2019-09-17,0.0,0.0,0.0,343.7,0.0,0.0,-0.00203252032520318
2019-09-18,0.0,0.0,0.0,344.84,0.0,0.0,0.003316846086703462
2019-09-19,0.0,0.0,0.0,343.52,0.0,0.0,-0.0038278621969608517
2019-09-20,0.0,0.0,0.0,345.14,0.0,0.0,0.004715882626921353
2019-09-23,0.0,0.0,0.0,348.69,0.0,0.0,0.01028568117285733
2019-09-24,0.0,0.0,0.0,349.87,0.0,0.0,0.0033840947546530664
2019-09-25,0.0,0.0,0.0,352.15,0.0,0.0,0.006516706205161871
2019-09-26,0.0,0.0,0.0,347.2,0.0,0.0,-0.014056510009938905
2019-09-27,0.0,0.0,0.0,345.25,0.0,0.0,-0.00561635944700456
2019-09-30,0.0,0.0,0.0,344.49,0.0,0.0,-0.002201303403330912
2019-10-08,0.0,0.0,0.0,344.0,0.0,0.0,-0.001422392522279381
2019-10-09,0.0,0.0,0.0,348.39,0.0,0.0,0.012761627906976658
2019-10-10,0.0,0.0,0.0,346.41,0.0,0.0,-0.005683285972616803
2019-10-11,0.0,0.0,0.0,344.56,0.0,0.0,-0.00534049248000934
2019-10-14,0.0,0.0,0.0,339.84,0.0,0.0,-0.013698630136986356
2019-10-15,0.0,0.0,0.0,341.11,0.0,0.0,0.0037370527306970214
2019-10-16,0.0,0.0,0.0,340.14,0.0,0.0,-0.002843657471197081
2019-10-17,0.0,0.0,0.0,341.47,0.0,0.0,0.003910154642206232
2019-10-18,0.0,0.0,0.0,340.36,0.0,0.0,-0.0032506515945763814
2019-10-21,0.0,0.0,0.0,340.77,0.0,0.0,0.0012046068868256654
2019-10-22,0.0,0.0,0.0,340.16,0.0,0.0,-0.0017900636793143354
2019-10-23,0.0,0.0,0.0,340.58,0.0,0.0,0.0012347130761993785
2019-10-24,0.0,0.0,0.0,339.94,0.0,0.0,-0.00187914733689587
2019-10-25,0.0,0.0,0.0,343.8,0.0,0.0,0.011354944990292548
2019-10-28,0.0,0.0,0.0,343.64,0.0,0.0,-0.00046538685282149217
2019-10-29,0.0,0.0,0.0,340.68,0.0,0.0,-0.008613665463857445
2019-10-30,0.0,0.0,0.0,339.8,0.0,0.0,-0.0025830691558059726
