,open,high,low,close,volume,pct_chg,ret
2007-01-04,2073.25,2139.494,2054.242,2067.092,10671970700.0,1.27606077,0.0127606077
2007-01-05,2051.152,2083.402,2030.762,2072.883,9274344700.0,0.28015202,0.0028015202
2007-01-08,2072.005,2131.737,2071.721,2131.556,8476790900.0,2.83050225,0.0283050225
2007-01-09,2137.485,2201.36,2128.064,2200.086,8157762900.0,3.21502227,0.0321502227
2007-01-10,2210.757,2255.966,2194.77,2255.966,8490497900.0,2.53990071,0.0253990071
2007-01-11,2257.01,2289.95,2224.366,2231.629,8627654800.0,-1.07878399,-0.0107878399
2007-01-12,2215.859,2249.543,2159.775,2173.747,7652572000.0,-2.59371069,-0.0259371069
2007-01-15,2170.943,2287.684,2170.943,2287.342,6640309700.0,5.22576914,0.0522576914
2007-01-16,2310.963,2354.431,2297.238,2353.874,7636425400.0,2.90870364,0.029087036400000002
2007-01-17,2360.41,2393.218,2266.344,2308.931,8901554000.0,-1.90932055,-0.019093205499999998
2007-01-18,2292.173,2325.528,2240.214,2317.095,7864860600.0,0.35358354,0.0035358354
2007-01-19,2320.873,2396.093,2320.873,2396.093,8333402200.0,3.40935525,0.0340935525
2007-01-22,2424.815,2491.711,2424.815,2491.313,9389299300.0,3.97396929,0.0397396929
2007-01-23,2508.265,2516.593,2415.111,2508.13,10233761600.0,0.67502558,0.0067502558
2007-01-24,2508.523,2556.099,2489.932,2536.428,8443369700.0,1.12825093,0.0112825093
2007-01-25,2512.459,2529.432,2449.051,2452.831,8105515100.0,-3.29585543,-0.0329585543
2007-01-26,2415.746,2524.243,2356.982,2512.922,7865400800.0,2.44986304,0.0244986304
2007-01-29,2529.943,2582.405,2521.503,2576.917,8545208500.0,2.54663694,0.0254663694
2007-01-30,2586.523,2599.452,2531.776,2551.884,7821152800.0,-0.97143214,-0.0097143214
2007-01-31,2544.3,2548.175,2367.67,2385.335,8090913700.0,-6.52651139,-0.06526511389999999
2007-02-01,2350.596,2410.422,2310.569,2395.172,6507809500.0,0.4123949,0.004123949
2007-02-02,2397.058,2403.619,2293.277,2298.003,5937715400.0,-4.0568694,-0.040568694
2007-02-05,2282.77,2304.318,2247.929,2271.797,4758750600.0,-1.14038145,-0.0114038145
2007-02-06,2271.372,2316.702,2198.901,2316.04,6701064800.0,1.94748915,0.0194748915
2007-02-07,2330.428,2390.867,2330.428,2369.787,7010639000.0,2.32064213,0.0232064213
2007-02-08,2376.629,2415.959,2354.697,2410.601,6265654000.0,1.72226449,0.0172226449
2007-02-09,2412.644,2417.643,2376.022,2397.245,5551553200.0,-0.5540527,-0.005540527
2007-02-12,2397.849,2485.759,2396.786,2485.392,5499232000.0,3.67701257,0.0367701257
2007-02-13,2498.345,2526.227,2489.66,2522.63,5152886200.0,1.49827472,0.0149827472
2007-02-14,2527.56,2594.661,2520.533,2588.349,6277727900.0,2.60517793,0.0260517793
2007-02-15,2607.626,2669.183,2607.626,2668.633,7163132900.0,3.10174555,0.0310174555
2007-02-16,2692.67,2717.57,2660.486,2676.735,7590878500.0,0.30360113,0.0030360113
2007-02-26,2679.265,2710.301,2641.12,2707.676,7453156000.0,1.15592317,0.0115592317
2007-02-27,2717.812,2719.519,2454.918,2457.492,10773680700.0,-9.23980565,-0.09239805649999999
2007-02-28,2413.422,2554.226,2413.327,2544.571,8282257100.0,3.5434093,0.035434093
2007-03-01,2550.26,2550.328,2439.503,2473.544,8215965500.0,-2.79131531,-0.027913153099999997
2007-03-02,2468.672,2523.856,2455.819,2508.729,5794680500.0,1.42245297,0.014224529699999999
2007-03-05,2503.816,2541.818,2409.715,2475.606,6851748800.0,-1.32031001,-0.0132031001
2007-03-06,2467.741,2539.453,2452.142,2520.293,5263315300.0,1.80509338,0.0180509338
2007-03-07,2532.975,2594.458,2532.148,2589.436,5972094900.0,2.74345086,0.027434508599999997
2007-03-08,2597.715,2628.448,2565.109,2627.63,5538655900.0,1.47499301,0.0147499301
2007-03-09,2632.8,2643.809,2587.488,2611.393,7041132600.0,-0.61793327,-0.0061793327
2007-03-12,2612.957,2619.498,2563.367,2616.172,6246892100.0,0.18300578,0.0018300578
2007-03-13,2620.715,2641.626,2605.234,2640.169,6578890800.0,0.9172562,0.009172562
2007-03-14,2609.927,2625.123,2546.646,2597.357,6895208800.0,-1.62156286,-0.0162156286
2007-03-15,2595.543,2645.877,2595.543,2645.546,6377848900.0,1.85530907,0.0185530907
2007-03-16,2656.009,2665.39,2576.316,2604.226,7533185000.0,-1.5618704,-0.015618704
2007-03-19,2533.711,2674.798,2523.302,2659.413,7398356600.0,2.11913252,0.0211913252
2007-03-20,2669.635,2674.47,2645.25,2672.771,6124972600.0,0.5022913,0.005022913
2007-03-21,2685.925,2702.998,2666.891,2702.597,6461295700.0,1.11592052,0.0111592052
2007-03-22,2720.459,2740.28,2702.414,2711.322,8330807400.0,0.32283763,0.0032283763
2007-03-23,2710.362,2726.62,2653.794,2716.266,7391191900.0,0.18234647,0.0018234647000000001
2007-03-26,2725.397,2764.398,2713.926,2764.034,7607477300.0,1.75859065,0.017585906499999998
2007-03-27,2770.348,2789.967,2753.017,2784.023,8072512700.0,0.72318213,0.0072318213
2007-03-28,2787.239,2806.077,2689.114,2797.649,11220997000.0,0.48943561,0.0048943561
2007-03-29,2802.377,2830.082,2782.93,2783.305,10656723900.0,-0.51271621,-0.0051271621
2007-03-30,2768.71,2801.945,2753.147,2781.784,6295070600.0,-0.05464726,-0.0005464726
2007-04-02,2793.957,2850.152,2793.957,2850.107,6924788300.0,2.45608573,0.0245608573
2007-04-03,2861.898,2888.329,2852.571,2888.115,7701449500.0,1.33356397,0.013335639699999999
2007-04-04,2893.377,2924.676,2875.685,2911.821,7550665800.0,0.82081219,0.0082081219
2007-04-05,2909.5,2950.659,2895.416,2945.045,7413899100.0,1.1410042,0.011410042
2007-04-06,2921.727,2977.459,2911.052,2972.008,7910232800.0,0.91553779,0.009155377900000001
2007-04-09,2988.377,3043.06,2988.377,3038.172,9090170500.0,2.22623896,0.022262389599999998
2007-04-10,3053.355,3081.617,2993.114,3081.568,10088834200.0,1.42835889,0.0142835889
2007-04-11,3092.085,3121.537,3059.283,3121.319,10166993500.0,1.28996018,0.0128996018
2007-04-12,3129.247,3176.69,3114.911,3176.437,9253518600.0,1.76585604,0.017658560400000002
2007-04-13,3182.777,3211.607,3154.106,3169.233,10065311600.0,-0.22679499,-0.0022679499
2007-04-16,3177.303,3256.566,3177.291,3255.998,8792894000.0,2.73772866,0.027377286600000002
2007-04-17,3273.43,3288.166,3182.951,3283.604,10530710500.0,0.84785064,0.0084785064
2007-04-18,3294.213,3311.981,3244.934,3304.501,10142670700.0,0.63640439,0.0063640439000000005
2007-04-19,3297.946,3297.946,3065.282,3150.303,11527000900.0,-4.66630211,-0.0466630211
2007-04-20,3165.674,3297.41,3165.674,3289.282,9446986900.0,4.41160739,0.044116073900000004
2007-04-23,3330.798,3433.519,3330.798,3431.318,10995899100.0,4.31814603,0.0431814603
2007-04-24,3462.48,3490.814,3418.301,3445.196,11464300600.0,0.404451,0.00404451
2007-04-25,3432.024,3467.828,3376.084,3448.281,10058066900.0,0.08954498,0.0008954497999999999
2007-04-26,3465.112,3493.909,3438.879,3493.581,7899769000.0,1.31369804,0.0131369804
2007-04-27,3499.941,3503.885,3436.002,3470.523,8069863600.0,-0.66001046,-0.0066001046
2007-04-30,3487.358,3568.684,3478.928,3558.709,9430286400.0,2.5410003,0.025410003
2007-05-08,3643.813,3699.367,3618.782,3686.03,10678873200.0,3.57773001,0.0357773001
2007-05-09,3699.296,3717.34,3556.615,3701.277,14064835800.0,0.41364286,0.0041364286
2007-05-10,3703.525,3742.231,3671.813,3724.51,11541992200.0,0.62770228,0.0062770227999999996
2007-05-11,3696.294,3715.366,3629.713,3702.612,8896176100.0,-0.58794311,-0.0058794311
2007-05-14,3648.269,3769.159,3620.861,3734.42,9109804900.0,0.85906922,0.0085906922
2007-05-15,3739.049,3751.642,3600.207,3604.636,9357856800.0,-3.47534557,-0.0347534557
2007-05-16,3597.997,3700.646,3557.198,3700.287,8622926800.0,2.65355503,0.026535550300000002
2007-05-17,3716.438,3794.16,3705.275,3778.605,9025647800.0,2.11653853,0.021165385300000002
2007-05-18,3771.271,3805.208,3746.242,3776.629,8241889800.0,-0.05229443,-0.0005229443
2007-05-21,3650.803,3843.837,3643.076,3831.443,9847865000.0,1.45140018,0.0145140018
2007-05-22,3849.043,3893.192,3849.043,3870.489,10961818400.0,1.01909385,0.0101909385
2007-05-23,3879.759,3939.492,3853.908,3938.945,9852317100.0,1.76866541,0.0176866541
2007-05-24,3953.887,3972.584,3858.513,3919.748,11381426400.0,-0.487364,-0.00487364
2007-05-25,3907.73,3996.853,3888.308,3985.252,9541661500.0,1.67112784,0.0167112784
2007-05-28,4033.921,4091.935,4027.363,4072.578,11404185100.0,2.19122906,0.0219122906
2007-05-29,4090.903,4168.529,4079.868,4168.289,11326722700.0,2.35013301,0.0235013301
2007-05-30,3906.041,4104.2,3849.701,3886.459,13273914000.0,-6.76128743,-0.0676128743
2007-05-31,3828.916,3991.73,3683.562,3927.952,12607824800.0,1.06762994,0.0106762994
2007-06-01,3953.1,4014.153,3780.029,3803.954,11993793900.0,-3.15681047,-0.0315681047
2007-06-04,3804.958,3822.409,3503.939,3511.431,9053101900.0,-7.68997207,-0.0768997207
2007-06-05,3406.999,3635.153,3246.733,3634.633,11376803800.0,3.50859806,0.035085980600000004
2007-06-06,3652.893,3712.528,3550.737,3677.58,9595151000.0,1.18160486,0.0118160486
2007-06-07,3694.55,3802.304,3684.459,3802.304,9419058100.0,3.39146939,0.0339146939
2007-06-08,3814.185,3861.206,3769.151,3837.867,8907474200.0,0.93530133,0.0093530133
2007-06-11,3876.067,3937.793,3870.234,3931.862,9098227700.0,2.44914688,0.0244914688
2007-06-12,3953.959,4036.355,3834.018,4036.109,9938977400.0,2.65133924,0.0265133924
2007-06-13,4071.735,4146.522,4064.146,4118.268,10945294500.0,2.03559914,0.0203559914
2007-06-14,4103.523,4132.004,4022.78,4075.821,8660918000.0,-1.03070028,-0.0103070028
2007-06-15,4043.111,4115.725,4025.1,4099.381,6877960000.0,0.57804305,0.0057804305
2007-06-18,4178.762,4246.4,4177.19,4227.569,8787291300.0,3.12700869,0.0312700869
2007-06-19,4227.592,4254.715,4186.176,4253.0,8154047100.0,0.60155139,0.0060155139
2007-06-20,4268.655,4292.198,4138.331,4157.599,8686301500.0,-2.24314601,-0.022431460099999998
2007-06-21,4140.693,4208.872,4110.959,4197.28,7373947100.0,0.95442105,0.0095442105
2007-06-22,4203.134,4220.923,3970.346,4051.426,7955237400.0,-3.47496474,-0.0347496474
2007-06-25,4066.453,4105.986,3850.84,3877.59,7003104400.0,-4.29073615,-0.0429073615
2007-06-26,3804.413,3929.371,3752.926,3928.213,5888511400.0,1.3055274,0.013055273999999999
2007-06-27,3946.876,4053.413,3912.199,4040.484,6529052000.0,2.85806803,0.0285806803
2007-06-28,4038.378,4067.811,3857.848,3858.522,6685798000.0,-4.50347038,-0.045034703800000006
2007-06-29,3769.331,3867.748,3718.161,3764.078,5892087000.0,-2.44767297,-0.0244767297
2007-07-02,3746.175,3801.904,3644.187,3757.655,4974731000.0,-0.1706394,-0.001706394
2007-07-03,3782.778,3835.289,3744.015,3832.227,4640912600.0,1.98453557,0.0198453557
2007-07-04,3840.412,3848.076,3727.562,3743.582,3823371600.0,-2.31314585,-0.0231314585
2007-07-05,3688.312,3706.597,3535.042,3537.435,4322552700.0,-5.50667783,-0.0550667783
2007-07-06,3517.599,3712.742,3475.271,3710.283,5136651200.0,4.88625233,0.048862523299999995
2007-07-09,3743.869,3840.988,3722.231,3821.302,5407311300.0,2.99219763,0.0299219763
2007-07-10,3832.756,3852.933,3764.249,3775.621,5190786800.0,-1.19543025,-0.0119543025
2007-07-11,3751.489,3797.811,3732.294,3789.874,3362890700.0,0.37750081,0.0037750081000000003
2007-07-12,3799.185,3839.206,3780.028,3816.921,3136811900.0,0.71366489,0.0071366489
2007-07-13,3825.033,3829.679,3773.929,3820.124,2689324200.0,0.08391581,0.0008391580999999999
2007-07-16,3824.911,3830.372,3697.217,3697.966,2993185700.0,-3.1977496,-0.031977496
2007-07-17,3684.335,3812.253,3650.253,3789.651,3255385000.0,2.47933594,0.0247933594
2007-07-18,3776.94,3861.509,3756.704,3807.574,4597582300.0,0.47294593,0.0047294593
2007-07-19,3796.915,3836.385,3778.509,3806.997,3025846700.0,-0.01515401,-0.0001515401
2007-07-20,3808.082,3971.892,3808.082,3971.884,5527112100.0,4.33115655,0.0433115655
2007-07-23,4009.063,4157.392,4009.063,4156.723,8527618600.0,4.65368576,0.0465368576
2007-07-24,4187.327,4241.581,4143.588,4161.352,7609073500.0,0.11136176,0.0011136176000000001
2007-07-25,4163.364,4256.054,4163.348,4255.463,6459776600.0,2.26154865,0.0226154865
2007-07-26,4282.676,4325.931,4244.079,4303.185,6549024300.0,1.12142909,0.0112142909
2007-07-27,4277.551,4318.343,4225.029,4307.143,6502110900.0,0.09197838,0.0009197838
2007-07-30,4305.178,4426.307,4303.732,4410.297,7544158300.0,2.39495183,0.0239495183
2007-07-31,4402.518,4467.647,4359.592,4460.564,7137504200.0,1.13976451,0.0113976451
2007-08-01,4479.299,4496.249,4271.055,4290.477,7936166500.0,-3.81312767,-0.0381312767
2007-08-02,4311.599,4449.402,4303.975,4436.192,6288753800.0,3.39624242,0.0339624242
2007-08-03,4472.894,4599.248,4472.894,4598.379,7819047300.0,3.65599595,0.036559959499999996
2007-08-06,4642.78,4704.188,4623.489,4703.984,7616427100.0,2.29657016,0.0229657016
2007-08-07,4715.389,4771.584,4634.868,4724.547,8384713300.0,0.43714009,0.0043714009
2007-08-08,4680.071,4741.448,4579.404,4668.087,8898800100.0,-1.19503521,-0.011950352099999999
2007-08-09,4666.421,4779.143,4666.204,4777.286,7202578600.0,2.3392666,0.023392666000000003
2007-08-10,4765.852,4771.606,4631.043,4726.683,7496288100.0,-1.05924159,-0.0105924159
2007-08-13,4724.516,4767.08,4663.199,4721.192,8576316700.0,-0.11617026,-0.0011617026
2007-08-14,4721.446,4803.567,4704.148,4795.568,6115791100.0,1.57536487,0.0157536487
2007-08-15,4804.676,4836.587,4697.97,4798.75,6346642700.0,0.06635293,0.0006635293
2007-08-16,4772.356,4772.97,4665.21,4721.942,6359479400.0,-1.60058349,-0.0160058349
2007-08-17,4694.2,4774.988,4616.966,4626.583,6365212000.0,-2.0194869,-0.020194869
2007-08-20,4749.204,4885.835,4747.27,4885.427,6781220400.0,5.59471212,0.0559471212
2007-08-21,4915.524,4995.527,4909.844,4972.711,7444059300.0,1.78661968,0.0178661968
2007-08-22,4899.93,5075.892,4887.139,5051.688,7402892500.0,1.58820812,0.0158820812
2007-08-23,5075.51,5154.846,5028.124,5135.93,6805188200.0,1.66760101,0.0166760101
2007-08-24,5161.15,5231.154,5158.033,5217.581,7376987500.0,1.58979971,0.015897997100000002
2007-08-27,5250.619,5296.571,5191.28,5243.147,8263145400.0,0.48999718,0.0048999718
2007-08-28,5220.639,5270.302,5136.614,5251.77,7506678900.0,0.1644623,0.001644623
2007-08-29,5215.655,5283.333,5138.336,5171.822,7292945600.0,-1.52230581,-0.015223058099999999
2007-08-30,5193.726,5247.572,5175.997,5241.228,6729849000.0,1.34200288,0.013420028799999999
2007-08-31,5255.091,5307.417,5219.989,5296.813,6678035700.0,1.06053391,0.0106053391
2007-09-03,5335.049,5433.745,5335.049,5419.169,8284916600.0,2.30999282,0.0230999282
2007-09-04,5421.254,5429.206,5333.494,5360.333,7991483200.0,-1.08570152,-0.0108570152
2007-09-05,5357.553,5389.325,5265.064,5363.251,6536490200.0,0.05443692,0.0005443692
2007-09-06,5389.486,5448.84,5365.497,5412.037,7060857400.0,0.90963485,0.0090963485
2007-09-07,5382.911,5402.715,5284.65,5294.795,7929888000.0,-2.16631926,-0.0216631926
2007-09-10,5226.736,5380.456,5182.101,5377.222,6509567200.0,1.55675527,0.0155675527
2007-09-11,5384.559,5413.999,5104.347,5124.092,6880669000.0,-4.70744931,-0.0470744931
2007-09-12,5102.576,5212.652,5059.464,5202.856,6157225300.0,1.53713087,0.015371308699999999
2007-09-13,5230.645,5351.575,5212.03,5349.97,5974692900.0,2.8275624,0.028275624000000003
2007-09-14,5362.465,5405.854,5274.221,5397.278,6029562600.0,0.88426664,0.0088426664
2007-09-17,5389.501,5504.771,5387.68,5498.908,6940313200.0,1.8829862,0.018829862
2007-09-18,5524.099,5533.532,5405.184,5476.839,7162181000.0,-0.40133423,-0.0040133423
2007-09-19,5487.377,5498.594,5385.424,5419.268,5588006500.0,-1.05117204,-0.0105117204
2007-09-20,5436.641,5501.399,5430.309,5494.915,5671213600.0,1.39588963,0.0139588963
2007-09-21,5508.505,5516.107,5357.504,5468.098,6110635600.0,-0.48803303,-0.0048803303
2007-09-24,5481.382,5541.134,5400.679,5513.895,5418481700.0,0.83753071,0.0083753071
2007-09-25,5524.016,5540.873,5423.525,5454.615,4532623000.0,-1.07510208,-0.0107510208
2007-09-26,5433.63,5489.858,5338.305,5361.021,3917115600.0,-1.71586812,-0.0171586812
2007-09-27,5364.529,5429.052,5338.044,5427.657,3375905600.0,1.24297219,0.0124297219
2007-09-28,5479.853,5590.849,5479.853,5580.813,4851462000.0,2.82177006,0.0282177006
2007-10-08,5703.28,5715.907,5617.097,5653.136,6644970300.0,1.2959223,0.012959222999999999
2007-10-09,5638.633,5682.967,5582.771,5675.927,5363349000.0,0.40315676,0.0040315676
2007-10-10,5694.986,5776.209,5653.789,5685.759,6399445500.0,0.17322281,0.0017322281
2007-10-11,5695.128,5761.216,5650.104,5760.078,6514110100.0,1.30710781,0.0130710781
2007-10-12,5777.898,5796.28,5485.564,5737.221,7800106400.0,-0.39681754,-0.0039681754
2007-10-15,5761.869,5824.976,5690.07,5821.447,7068211100.0,1.46806267,0.0146806267
2007-10-16,5851.538,5885.484,5815.609,5877.202,6469204900.0,0.95775157,0.0095775157
2007-10-17,5862.378,5891.723,5797.611,5824.117,4886976800.0,-0.90323593,-0.0090323593
2007-10-18,5813.239,5813.239,5593.988,5615.747,4859563000.0,-3.57770972,-0.0357770972
2007-10-19,5651.032,5711.497,5563.783,5614.06,3846645700.0,-0.03004053,-0.0003004053
2007-10-22,5543.793,5594.497,5465.854,5472.677,3586749900.0,-2.51837351,-0.0251837351
2007-10-23,5467.832,5541.957,5373.05,5540.09,4189680000.0,1.23181032,0.0123181032
2007-10-24,5564.478,5644.973,5553.326,5588.014,4466123800.0,0.8650401,0.008650401
2007-10-25,5549.664,5556.552,5312.85,5333.792,5082170600.0,-4.54941595,-0.0454941595
2007-10-26,5279.1,5428.576,5266.372,5394.807,3589596500.0,1.14393287,0.0114393287
2007-10-29,5428.683,5509.345,5428.683,5508.357,3523397700.0,2.1048019,0.021048019
2007-10-30,5529.965,5597.265,5467.523,5596.068,3919392100.0,1.59232599,0.0159232599
2007-10-31,5663.756,5691.865,5590.54,5688.543,5032946900.0,1.65249958,0.0165249958
2007-11-01,5701.487,5702.211,5604.79,5605.232,4661247900.0,-1.46454022,-0.0146454022
2007-11-02,5514.852,5565.66,5448.986,5472.93,4328950000.0,-2.36033049,-0.0236033049
2007-11-05,5438.811,5494.616,5333.382,5360.305,3369501800.0,-2.05785566,-0.0205785566
2007-11-06,5331.31,5406.105,5295.795,5317.549,2705785400.0,-0.79764118,-0.0079764118
2007-11-07,5348.556,5388.639,5231.614,5350.629,3006134900.0,0.62209112,0.0062209112
2007-11-08,5321.863,5321.863,5090.959,5093.669,3605489300.0,-4.80242603,-0.0480242603
2007-11-09,5042.756,5129.113,4962.302,5040.525,3458382600.0,-1.04333438,-0.0104333438
2007-11-12,4916.817,5018.107,4795.431,4978.252,3841392200.0,-1.2354467,-0.012354467000000001
2007-11-13,5024.521,5082.639,4866.156,4939.244,3686207900.0,-0.78356821,-0.0078356821
2007-11-14,5013.782,5147.014,4924.816,5145.888,3523154200.0,4.18371718,0.0418371718
2007-11-15,5129.813,5170.968,5069.519,5081.113,3175946400.0,-1.25877205,-0.0125877205
2007-11-16,4999.843,5021.711,4917.489,5007.662,2331099100.0,-1.44556911,-0.014455691100000001
2007-11-19,5017.404,5033.947,4968.733,4994.416,2554810100.0,-0.26451466,-0.0026451466000000003
2007-11-20,4964.564,5099.515,4916.471,5069.382,3356271400.0,1.50099631,0.015009963099999999
2007-11-21,5087.248,5135.247,4993.289,4997.62,2680312200.0,-1.41559662,-0.014155966200000002
2007-11-22,4902.627,4949.335,4759.906,4772.617,2650771600.0,-4.50220305,-0.045022030500000004
2007-11-23,4733.365,4857.052,4711.792,4856.161,2014630500.0,1.75048616,0.017504861599999998
2007-11-26,4931.599,4954.18,4795.352,4800.082,2362227600.0,-1.15480109,-0.0115480109
2007-11-27,4759.006,4806.828,4708.798,4711.152,2088684000.0,-1.85267668,-0.0185267668
2007-11-28,4724.467,4760.659,4619.514,4648.751,2248236800.0,-1.32453803,-0.0132453803
2007-11-29,4708.384,4847.576,4637.482,4842.07,3687299000.0,4.15851484,0.041585148399999994
2007-11-30,4841.076,4841.076,4723.787,4737.408,2938369600.0,-2.16151357,-0.0216151357
2007-12-03,4714.921,4809.267,4689.518,4772.674,2225593400.0,0.74441551,0.0074441551
2007-12-04,4786.641,4886.577,4786.641,4829.214,2264359200.0,1.18466084,0.0118466084
2007-12-05,4829.953,4970.17,4815.61,4965.947,3176916500.0,2.83137173,0.0283137173
2007-12-06,4986.251,4999.932,4928.132,4971.055,2371159100.0,0.10286054,0.0010286054
2007-12-07,4979.841,5041.778,4977.868,5041.35,2719822300.0,1.41408614,0.0141408614
2007-12-10,4961.67,5138.685,4944.828,5133.562,4278069100.0,1.82911323,0.0182911323
2007-12-11,5162.088,5181.406,5068.03,5140.0,4058645700.0,0.12541,0.0012541
2007-12-12,5108.578,5130.719,5033.716,5077.39,3982825100.0,-1.21809339,-0.0121809339
2007-12-13,5051.784,5067.39,4881.34,4884.298,3681959000.0,-3.80297751,-0.038029775099999996
2007-12-14,4827.392,4979.185,4800.238,4977.652,3072792500.0,1.91130844,0.0191130844
2007-12-17,4976.239,4977.572,4855.167,4857.289,3701452200.0,-2.4180678,-0.024180678
2007-12-18,4827.26,4882.995,4799.004,4829.909,2293007600.0,-0.56368892,-0.0056368892
2007-12-19,4877.769,4961.593,4865.352,4946.285,3210185800.0,2.40948639,0.0240948639
2007-12-20,4968.031,5048.061,4935.401,5037.195,3131991700.0,1.83794504,0.0183794504
2007-12-21,5016.459,5103.77,5014.703,5101.852,3725149400.0,1.28359136,0.0128359136
2007-12-24,5142.156,5239.217,5129.601,5207.134,5031996700.0,2.06360357,0.020636035700000003
2007-12-25,5217.558,5244.031,5180.587,5216.813,3897370500.0,0.1858796,0.001858796
2007-12-26,5231.969,5273.139,5194.745,5265.026,4146811500.0,0.92418494,0.0092418494
2007-12-27,5286.98,5367.53,5260.103,5367.53,5234501800.0,1.94688497,0.0194688497
2007-12-28,5379.518,5391.665,5323.821,5338.275,4536141500.0,-0.54503654,-0.0054503654000000006
2008-01-02,5349.763,5404.928,5283.448,5385.103,4566871000.0,0.87721221,0.0087721221
2008-01-03,5381.147,5422.673,5315.948,5422.034,6464587800.0,0.68579932,0.0068579932
2008-01-04,5430.63,5499.085,5422.456,5483.65,5174642000.0,1.1364001,0.011364000999999999
2008-01-07,5480.442,5569.152,5455.501,5556.593,5348540900.0,1.33019066,0.0133019066
2008-01-08,5575.95,5630.624,5485.234,5528.054,6489950100.0,-0.51360609,-0.0051360609
2008-01-09,5507.116,5614.678,5490.305,5613.758,4679687200.0,1.55034665,0.0155034665
2008-01-10,5631.645,5707.667,5602.594,5672.154,6422989300.0,1.04023009,0.010402300900000001
2008-01-11,5688.563,5702.572,5629.638,5699.147,5616707900.0,0.47588623,0.0047588623000000005
2008-01-14,5717.525,5756.919,5679.287,5731.757,4984601000.0,0.57219089,0.0057219089
2008-01-15,5743.431,5754.107,5652.04,5696.45,5088660800.0,-0.61598913,-0.0061598913
2008-01-16,5642.566,5642.566,5498.39,5505.717,5577446900.0,-3.34827831,-0.033482783099999996
2008-01-17,5445.803,5533.65,5226.639,5365.624,6193693300.0,-2.54450056,-0.0254450056
2008-01-18,5358.183,5419.57,5307.496,5414.468,4391300500.0,0.91031351,0.0091031351
2008-01-21,5424.64,5434.349,5122.463,5145.734,4783361700.0,-4.9632577,-0.049632577
2008-01-22,5015.428,5032.245,4708.388,4753.868,6077269200.0,-7.61535672,-0.07615356720000001
2008-01-23,4787.171,4976.272,4751.499,4975.111,5577638500.0,4.65395758,0.0465395758
2008-01-24,5034.533,5079.796,4926.374,5027.213,5660598700.0,1.04725302,0.010472530200000002
2008-01-25,5022.896,5121.408,4966.519,5077.429,4714210800.0,0.99888348,0.0099888348
2008-01-28,5038.507,5038.507,4711.277,4731.883,4142528300.0,-6.80553091,-0.0680553091
2008-01-29,4742.901,4845.658,4688.728,4762.083,2906225600.0,0.63822373,0.0063822372999999995
2008-01-30,4817.161,4858.101,4606.144,4710.652,3409897600.0,-1.08001058,-0.0108001058
2008-01-31,4693.607,4733.699,4614.282,4620.401,3085258000.0,-1.9158919,-0.019158919
2008-02-01,4623.621,4660.994,4414.119,4571.945,3512552800.0,-1.04874014,-0.0104874014
2008-02-04,4695.546,4951.248,4695.546,4950.124,4095314500.0,8.27173118,0.0827173118
2008-02-05,4942.875,4995.574,4878.119,4921.829,3279635600.0,-0.57160184,-0.0057160184
2008-02-13,4858.814,4883.244,4785.8,4816.084,2147565900.0,-2.14848992,-0.021484899199999997
2008-02-14,4858.849,4913.318,4842.847,4880.252,1983778900.0,1.33236879,0.0133236879
2008-02-15,4846.024,4846.024,4742.101,4813.311,2426260100.0,-1.37167097,-0.013716709700000001
2008-02-18,4875.215,4944.88,4845.308,4910.992,3059007800.0,2.02939307,0.020293930699999997
2008-02-19,4926.839,5020.753,4885.695,5020.753,3617696500.0,2.2350067,0.022350067
2008-02-20,5032.777,5062.261,4901.661,4908.717,3955772200.0,-2.23145811,-0.0223145811
2008-02-21,4878.569,4924.449,4796.099,4876.03,3340361600.0,-0.66589702,-0.006658970199999999
2008-02-22,4850.882,4850.882,4649.813,4702.241,3791862700.0,-3.56414952,-0.0356414952
2008-02-25,4704.316,4722.636,4510.695,4519.783,3365200100.0,-3.88023498,-0.0388023498
2008-02-26,4637.6,4668.831,4394.594,4515.533,3327639000.0,-0.09403106,-0.0009403106
2008-02-27,4543.097,4660.408,4500.89,4639.768,2959239300.0,2.75128097,0.027512809699999998
2008-02-28,4651.157,4670.173,4582.823,4622.056,2539817100.0,-0.38174323,-0.0038174323
2008-02-29,4616.24,4683.159,4597.627,4674.55,2335085800.0,1.13572834,0.0113572834
2008-03-03,4648.735,4803.9,4611.7,4790.744,3925841100.0,2.48567242,0.024856724200000003
2008-03-04,4813.401,4836.657,4657.381,4671.148,4512977700.0,-2.49639722,-0.0249639722
2008-03-05,4650.518,4689.967,4519.743,4628.724,3941799300.0,-0.90821357,-0.0090821357
2008-03-06,4645.069,4746.584,4592.621,4685.03,4440226800.0,1.21644756,0.0121644756
2008-03-07,4641.755,4693.207,4597.009,4621.685,2869094500.0,-1.35207245,-0.013520724500000001
2008-03-10,4588.727,4588.765,4406.232,4431.589,3178035500.0,-4.1131319,-0.041131319
2008-03-11,4393.282,4441.184,4315.183,4441.184,2627659200.0,0.21651376,0.0021651376
2008-03-12,4534.811,4553.336,4308.35,4309.648,2714564400.0,-2.96173273,-0.0296173273
2008-03-13,4266.273,4296.364,4121.275,4198.96,3445130700.0,-2.56837681,-0.0256837681
2008-03-14,4179.438,4212.408,4092.791,4157.871,2342788500.0,-0.97855183,-0.0097855183
2008-03-17,4138.877,4138.877,3958.292,3965.279,2818096100.0,-4.63198594,-0.046319859399999996
2008-03-18,3924.87,3996.959,3700.35,3763.948,3452375100.0,-5.07734765,-0.0507734765
2008-03-19,3837.603,3954.466,3776.301,3888.861,3789847700.0,3.31866965,0.0331866965
2008-03-20,3833.205,4044.692,3658.04,4001.832,4621294400.0,2.9049894,0.029049894
2008-03-21,3998.197,4083.163,3958.967,4037.83,4261516300.0,0.89953801,0.0089953801
2008-03-24,4086.07,4103.574,3857.091,3857.091,3584243800.0,-4.47614189,-0.0447614189
2008-03-25,3780.459,3937.671,3747.019,3905.774,3224586300.0,1.26216882,0.012621688200000002
2008-03-26,3926.864,4001.552,3888.018,3914.37,2803676300.0,0.22008442,0.0022008442
2008-03-27,3847.439,3873.611,3745.879,3748.92,3200066800.0,-4.2267338,-0.042267338
2008-03-28,3712.98,3925.856,3661.381,3918.156,4209677700.0,4.51426011,0.045142601100000006
2008-03-31,3802.206,3891.66,3780.122,3790.53,2944084100.0,-3.25729757,-0.0325729757
2008-04-01,3776.268,3815.157,3566.209,3582.855,3530346200.0,-5.47878529,-0.0547878529
2008-04-02,3621.388,3698.526,3493.184,3547.977,4276588400.0,-0.97346948,-0.0097346948
2008-04-03,3518.223,3665.651,3457.617,3650.698,3298949300.0,2.89519915,0.0289519915
2008-04-07,3611.958,3854.068,3578.377,3845.822,4048498200.0,5.3448409,0.053448409
2008-04-08,3852.011,3935.333,3820.1,3891.059,4406792200.0,1.17626349,0.011762634899999999
2008-04-09,3857.275,3911.697,3687.597,3688.125,3899716800.0,-5.21539252,-0.0521539252
2008-04-10,3641.66,3754.715,3608.316,3754.715,2880439600.0,1.80552449,0.0180552449
2008-04-11,3794.297,3825.295,3755.015,3783.728,2632859000.0,0.77270845,0.0077270845
2008-04-14,3699.142,3710.786,3525.185,3536.327,3342704600.0,-6.5385514,-0.065385514
2008-04-15,3513.068,3583.861,3417.249,3583.299,3065688600.0,1.32827083,0.0132827083
2008-04-16,3573.664,3583.808,3483.185,3494.016,2652812000.0,-2.49164248,-0.0249164248
2008-04-17,3493.238,3559.1,3340.875,3386.63,2953061800.0,-3.07342611,-0.030734261100000004
2008-04-18,3356.562,3390.551,3248.528,3272.499,2788816200.0,-3.37004633,-0.033700463300000004
2008-04-21,3516.425,3516.425,3223.886,3267.554,4136230700.0,-0.15110776,-0.0015110776
2008-04-22,3207.881,3301.548,3122.39,3296.277,3253796900.0,0.87903674,0.0087903674
2008-04-23,3267.359,3467.431,3245.296,3453.727,4427255300.0,4.776601,0.047766010000000005
2008-04-24,3739.321,3781.477,3659.726,3774.504,9657489600.0,9.28785049,0.0928785049
2008-04-25,3781.912,3915.841,3737.984,3803.07,8481449100.0,0.75681467,0.0075681467
2008-04-28,3740.951,3791.77,3711.185,3729.154,4883123500.0,-1.94358768,-0.0194358768
2008-04-29,3704.927,3797.528,3702.021,3776.943,4454044000.0,1.28149709,0.0128149709
2008-04-30,3793.853,3970.575,3793.853,3959.119,6990977700.0,4.82337171,0.0482337171
2008-05-05,4015.212,4061.472,3972.561,4055.779,6253407300.0,2.44145225,0.0244145225
2008-05-06,4021.073,4075.575,3961.344,4010.888,5845928000.0,-1.10684039,-0.011068403899999999
2008-05-07,3986.129,4042.407,3821.107,3821.319,5445770600.0,-4.72635985,-0.0472635985
2008-05-08,3774.044,3926.004,3761.28,3925.041,4405566800.0,2.71429839,0.0271429839
2008-05-09,3960.886,3973.058,3806.519,3878.924,5365592900.0,-1.17494314,-0.011749431400000001
2008-05-12,3804.985,3952.789,3766.577,3904.92,4538266000.0,0.67018586,0.0067018586
2008-05-13,3786.534,3923.171,3778.718,3851.687,5033801200.0,-1.36322895,-0.0136322895
2008-05-14,3843.47,3975.795,3843.47,3975.782,5060690100.0,3.221835,0.03221835
2008-05-15,4006.658,4038.852,3948.062,3948.088,5077297500.0,-0.69656737,-0.0069656737
2008-05-16,3948.034,3982.221,3882.895,3936.121,3972175200.0,-0.30310875,-0.0030310874999999998
2008-05-19,3926.314,3936.277,3865.5,3914.072,2970958100.0,-0.56017079,-0.0056017079
2008-05-20,3911.096,3946.441,3698.554,3710.818,3970262900.0,-5.19290396,-0.0519290396
2008-05-21,3668.181,3801.067,3591.566,3783.049,4359616200.0,1.94649805,0.0194649805
2008-05-22,3732.641,3783.849,3704.157,3711.444,4074271700.0,-1.89278542,-0.0189278542
2008-05-23,3697.89,3741.06,3629.009,3675.147,3344043100.0,-0.97797515,-0.0097797515
2008-05-26,3643.012,3643.012,3555.762,3559.217,2818019000.0,-3.15443165,-0.031544316499999996
2008-05-27,3549.986,3594.657,3533.466,3576.197,2476269300.0,0.47707122,0.0047707122
2008-05-28,3583.284,3697.996,3561.733,3676.23,3103491400.0,2.7971893,0.027971892999999998
2008-05-29,3666.196,3677.02,3578.732,3580.868,2942274000.0,-2.59401615,-0.0259401615
2008-05-30,3585.605,3620.225,3552.662,3611.33,2859084700.0,0.8506876,0.008506876
2008-06-02,3600.234,3650.478,3580.58,3625.826,2825335800.0,0.40140336,0.0040140335999999995
2008-06-03,3624.572,3641.429,3585.124,3614.111,3473514100.0,-0.32309879,-0.0032309879
2008-06-04,3601.54,3605.058,3513.641,3546.916,2941765300.0,-1.85924007,-0.0185924007
2008-06-05,3529.978,3542.244,3487.792,3512.138,2398927900.0,-0.98051378,-0.0098051378
2008-06-06,3519.116,3532.297,3470.563,3489.502,2094422900.0,-0.6445077,-0.0064450770000000004
2008-06-10,3344.453,3352.321,3188.796,3206.562,3294996100.0,-8.10832033,-0.0810832033
2008-06-11,3155.943,3181.818,3097.395,3140.299,2940973500.0,-2.06648117,-0.020664811699999997
2008-06-12,3123.64,3148.742,3022.876,3084.633,3145410900.0,-1.77263375,-0.0177263375
2008-06-13,3087.337,3108.988,2975.661,2979.117,2531983700.0,-3.42069867,-0.034206986700000004
2008-06-16,2981.085,3012.993,2900.075,2952.242,2681379400.0,-0.90211294,-0.0090211294
2008-06-17,2950.399,2977.889,2820.643,2842.676,2646377800.0,-3.71128112,-0.037112811200000005
2008-06-18,2820.237,3007.18,2759.107,2991.273,4256009500.0,5.22736323,0.0522736323
2008-06-19,2967.402,2967.402,2768.225,2773.076,3631903900.0,-7.2944529,-0.072944529
2008-06-20,2795.465,2946.939,2691.868,2849.668,5167590500.0,2.76198705,0.0276198705
2008-06-23,2798.428,2845.479,2771.363,2789.941,2663149300.0,-2.09592837,-0.0209592837
2008-06-24,2775.69,2865.903,2770.987,2851.915,3179245600.0,2.2213373,0.022213373
2008-06-25,2844.922,2973.173,2834.945,2969.537,4242526100.0,4.12431647,0.0412431647
2008-06-26,2964.516,3010.278,2922.786,2980.907,4259931200.0,0.38288797,0.0038288797
2008-06-27,2886.18,2899.836,2787.252,2816.021,4088655600.0,-5.5314037,-0.055314037
2008-06-30,2782.844,2834.272,2747.614,2791.819,2529540600.0,-0.85943961,-0.0085943961
2008-07-01,2799.195,2809.381,2690.181,2698.347,2885158500.0,-3.34806805,-0.0334806805
2008-07-02,2702.634,2745.939,2670.064,2699.597,2791636500.0,0.04632466,0.0004632466
2008-07-03,2654.479,2807.682,2617.258,2760.612,4566030500.0,2.26015216,0.0226015216
2008-07-04,2751.213,2783.847,2716.022,2741.852,3790501000.0,-0.67955946,-0.0067955946
2008-07-07,2747.611,2890.985,2747.611,2882.763,5273202400.0,5.13926353,0.0513926353
2008-07-08,2900.571,2939.143,2841.073,2901.841,5424807800.0,0.66179565,0.006617956499999999
2008-07-09,2926.996,3015.271,2926.996,3015.126,6935696800.0,3.90390101,0.0390390101
2008-07-10,2970.984,3056.905,2950.2,2973.728,6164955400.0,-1.37301061,-0.013730106099999998
2008-07-11,2962.861,2988.197,2913.872,2953.498,4428710100.0,-0.68029087,-0.0068029087
2008-07-14,2927.24,2996.592,2917.023,2975.874,3457504300.0,0.75761013,0.0075761013
2008-07-15,2987.061,2997.666,2849.199,2852.979,4729275900.0,-4.12971114,-0.0412971114
2008-07-16,2818.763,2824.881,2702.659,2745.596,3940311500.0,-3.76389031,-0.037638903099999996
2008-07-17,2790.259,2812.992,2705.809,2718.068,3268733500.0,-1.00262384,-0.0100262384
2008-07-18,2746.536,2818.064,2690.069,2815.462,4020340200.0,3.5832069,0.035832069
2008-07-21,2792.829,2915.293,2780.282,2911.051,4511957700.0,3.39514438,0.0339514438
2008-07-22,2905.276,2931.447,2890.252,2904.743,3881497600.0,-0.2166915,-0.002166915
2008-07-23,2923.049,2941.972,2879.185,2883.32,3882123300.0,-0.73751791,-0.0073751791
2008-07-24,2905.043,2979.748,2902.976,2977.362,4853866500.0,3.26158734,0.0326158734
2008-07-25,2939.321,2967.719,2916.684,2939.202,4057108100.0,-1.28167149,-0.0128167149
2008-07-28,2959.113,2997.604,2946.492,2960.851,3930864000.0,0.73656047,0.0073656047
2008-07-29,2921.248,2921.248,2881.05,2905.63,3603627500.0,-1.86503813,-0.0186503813
2008-07-30,2940.02,2949.943,2866.031,2884.384,2981080000.0,-0.73120115,-0.0073120115
2008-07-31,2894.246,2899.069,2804.698,2805.21,2794096600.0,-2.74491885,-0.0274491885
2008-08-01,2786.123,2868.679,2748.755,2840.788,3403149100.0,1.26828294,0.0126828294
2008-08-04,2816.936,2832.895,2767.529,2773.15,2278232400.0,-2.38095909,-0.0238095909
2008-08-05,2780.761,2792.742,2695.372,2703.079,3046923500.0,-2.52676559,-0.0252676559
2008-08-06,2723.523,2749.099,2679.66,2721.693,2740402200.0,0.68862212,0.0068862212
2008-08-07,2717.661,2747.884,2683.409,2720.442,2337043900.0,-0.04596404,-0.00045964039999999996
2008-08-08,2719.375,2719.375,2581.811,2591.462,3089458100.0,-4.74114133,-0.0474114133
2008-08-11,2579.805,2580.72,2442.794,2456.811,3212020600.0,-5.19594731,-0.0519594731
2008-08-12,2431.383,2474.324,2413.597,2444.155,2419194400.0,-0.51513934,-0.005151393399999999
2008-08-13,2427.495,2466.086,2369.58,2444.672,2755171100.0,0.0211525,0.000211525
2008-08-14,2429.977,2461.238,2410.491,2443.512,2015723600.0,-0.04745013,-0.0004745013
2008-08-15,2440.39,2479.151,2412.949,2447.615,2042226100.0,0.16791405,0.0016791405000000001
2008-08-18,2451.311,2452.626,2312.951,2313.402,2362310600.0,-5.48341957,-0.0548341957
2008-08-19,2285.515,2356.191,2273.893,2348.472,1947710600.0,1.51594924,0.0151594924
2008-08-20,2332.386,2533.303,2312.176,2532.94,4504341500.0,7.85480943,0.07854809430000001
2008-08-21,2494.262,2535.862,2438.86,2443.979,3751804000.0,-3.51216373,-0.0351216373
2008-08-22,2421.249,2437.432,2362.631,2404.928,2629824100.0,-1.59784515,-0.0159784515
2008-08-25,2408.026,2439.907,2373.765,2400.548,1864319000.0,-0.18212603,-0.0018212603
2008-08-26,2370.528,2390.655,2306.936,2331.532,2374193700.0,-2.87501021,-0.0287501021
2008-08-27,2322.539,2367.717,2291.35,2325.292,2386258400.0,-0.26763519,-0.0026763519000000003
2008-08-28,2325.262,2363.563,2316.682,2335.865,2040029100.0,0.45469558,0.0045469557999999995
2008-08-29,2347.4,2418.051,2339.518,2391.64,2887784500.0,2.38776642,0.023877664200000003
2008-09-01,2372.638,2372.638,2297.023,2309.171,2115280300.0,-3.44821963,-0.034482196300000004
2008-09-02,2292.686,2309.206,2268.004,2285.411,1844049800.0,-1.02894069,-0.010289406899999999
2008-09-03,2279.598,2296.032,2219.559,2245.964,2374947400.0,-1.72603527,-0.0172603527
2008-09-04,2238.645,2270.411,2216.112,2251.146,1898478000.0,0.23072498,0.0023072497999999998
2008-09-05,2193.038,2221.093,2172.941,2183.432,2165448000.0,-3.00797905,-0.0300797905
2008-09-08,2189.822,2198.761,2119.124,2126.518,2218655400.0,-2.6066303,-0.026066303
2008-09-09,2135.223,2150.988,2111.404,2139.145,1762429800.0,0.59378759,0.0059378759
2008-09-10,2124.965,2181.253,2099.234,2143.176,2205784400.0,0.18843977,0.0018843977000000001
2008-09-11,2135.453,2141.995,2067.249,2072.126,2217678100.0,-3.31517337,-0.0331517337
2008-09-12,2071.061,2102.979,2066.437,2077.846,1919702000.0,0.27604499,0.0027604498999999998
2008-09-16,2050.316,2050.316,1987.298,2000.651,3356326100.0,-3.7151454,-0.037151454
2008-09-17,1981.252,2003.908,1923.55,1929.135,3286224200.0,-3.57463646,-0.0357463646
2008-09-18,1876.965,1936.735,1804.77,1895.99,4782026300.0,-1.71812755,-0.0171812755
2008-09-19,2065.779,2073.113,2046.222,2073.113,3652540400.0,9.34197965,0.09341979650000001
2008-09-22,2228.366,2258.424,2130.315,2207.614,10199387300.0,6.48787596,0.0648787596
2008-09-23,2141.6,2180.368,2118.92,2123.478,7836561700.0,-3.81117351,-0.0381117351
2008-09-24,2072.652,2139.222,2050.967,2138.853,4532818000.0,0.724048,0.0072404800000000005
2008-09-25,2143.729,2256.271,2139.616,2223.532,7423791200.0,3.95908461,0.0395908461
2008-09-26,2234.459,2257.161,2192.129,2243.657,5942994300.0,0.90509154,0.0090509154
2008-10-06,2206.563,2206.563,2128.271,2128.696,4557526400.0,-5.1238224,-0.051238224
2008-10-07,2043.923,2136.124,2024.648,2102.448,4306532500.0,-1.23305535,-0.0123305535
2008-10-08,2041.991,2073.067,2000.522,2022.881,3687470000.0,-3.78449312,-0.0378449312
2008-10-09,2059.585,2063.304,1993.01,1995.297,3358231100.0,-1.36359974,-0.013635997399999999
2008-10-10,1913.265,1938.215,1881.673,1906.96,3915159300.0,-4.4272607,-0.044272607
2008-10-13,1889.754,1985.63,1841.533,1985.486,4353812000.0,4.11786299,0.0411786299
2008-10-14,2054.408,2060.488,1934.459,1934.619,5433194600.0,-2.56194201,-0.0256194201
2008-10-15,1911.032,1930.634,1892.015,1914.356,3189239800.0,-1.04738969,-0.0104738969
2008-10-16,1833.482,1866.902,1818.933,1820.903,4052964800.0,-4.8816939,-0.048816939000000004
2008-10-17,1837.914,1851.332,1805.667,1833.262,2871542000.0,0.67872918,0.0067872918
2008-10-20,1828.414,1899.347,1802.095,1896.733,3327715200.0,3.46218926,0.0346218926
2008-10-21,1901.244,1928.194,1880.517,1881.406,3890839500.0,-0.80807367,-0.0080807367
2008-10-22,1854.6,1887.305,1832.446,1833.323,3296857200.0,-2.55569505,-0.0255569505
2008-10-23,1794.681,1836.413,1779.134,1834.78,3575865400.0,0.07947318,0.0007947318000000001
2008-10-24,1831.463,1840.884,1769.11,1781.598,3298066800.0,-2.89854914,-0.0289854914
2008-10-27,1746.668,1746.668,1652.792,1654.671,3644184700.0,-7.12433445,-0.0712433445
2008-10-28,1614.616,1716.306,1607.674,1705.82,4679280400.0,3.09118852,0.030911885200000003
2008-10-29,1723.234,1731.256,1657.653,1658.223,3886948800.0,-2.79027095,-0.0279027095
2008-10-30,1669.968,1723.929,1646.345,1697.656,4128429200.0,2.37802756,0.0237802756
2008-10-31,1688.09,1696.647,1655.088,1663.66,2831453400.0,-2.00252584,-0.020025258400000003
2008-11-03,1648.556,1684.559,1643.418,1653.542,2538109700.0,-0.60817715,-0.0060817715
2008-11-04,1646.201,1648.451,1606.731,1627.759,2610016500.0,-1.55925885,-0.015592588499999999
2008-11-05,1641.264,1714.661,1641.264,1691.42,4241821000.0,3.91095979,0.0391095979
2008-11-06,1648.127,1661.441,1638.344,1649.776,3078417900.0,-2.46207329,-0.0246207329
2008-11-07,1618.753,1690.105,1612.739,1677.827,3152159000.0,1.70029143,0.0170029143
2008-11-10,1714.123,1803.119,1714.123,1801.665,6394885900.0,7.38085631,0.0738085631
2008-11-11,1795.301,1824.929,1778.332,1781.361,6607285100.0,-1.12695756,-0.0112695756
2008-11-12,1758.479,1806.23,1754.288,1801.823,4408796000.0,1.14867228,0.0114867228
2008-11-13,1777.031,1891.942,1765.635,1874.082,8323455200.0,4.01032732,0.0401032732
2008-11-14,1893.309,1943.654,1874.932,1943.654,9116871700.0,3.71232422,0.0371232422
2008-11-17,1934.737,1987.225,1919.967,1987.225,8783662600.0,2.24170557,0.0224170557
2008-11-18,1974.378,1994.82,1831.757,1839.819,9727835300.0,-7.41768043,-0.0741768043
2008-11-19,1831.597,1959.522,1823.273,1953.163,8211740800.0,6.16060602,0.06160606020000001
2008-11-20,1916.7,1976.95,1900.268,1932.428,8318703800.0,-1.06161135,-0.0106161135
2008-11-21,1872.265,1968.892,1835.086,1920.735,8304932900.0,-0.6050937,-0.006050936999999999
2008-11-24,1913.993,1923.933,1835.863,1837.642,5056151700.0,-4.32610433,-0.043261043299999996
2008-11-25,1870.055,1883.104,1801.56,1834.294,4281459000.0,-0.18219,-0.0018219
2008-11-26,1832.114,1865.652,1815.015,1843.495,4556563500.0,0.50160988,0.0050160987999999995
2008-11-27,1961.891,1969.024,1870.045,1870.473,8800832200.0,1.46341596,0.0146341596
2008-11-28,1851.103,1866.256,1815.447,1829.924,5159066000.0,-2.16784738,-0.0216784738
2008-12-01,1823.769,1864.3,1799.839,1864.205,4838633300.0,1.87335649,0.0187335649
2008-12-02,1821.543,1891.133,1814.903,1868.631,6135023500.0,0.23742024,0.0023742024
2008-12-03,1884.601,1952.668,1884.601,1952.668,8501914400.0,4.49724959,0.0449724959
2008-12-04,1980.445,2046.473,1978.141,1982.928,11918344100.0,1.5496746,0.015496745999999999
2008-12-05,1969.741,2014.197,1965.089,2013.175,7436632600.0,1.52537056,0.0152537056
2008-12-08,2040.474,2095.465,2033.978,2095.036,10760713100.0,4.06626349,0.0406626349
2008-12-09,2104.124,2107.599,2038.072,2040.847,9250981400.0,-2.58654267,-0.0258654267
2008-12-10,2028.514,2096.393,2014.283,2096.393,8327106200.0,2.72171309,0.0272171309
2008-12-11,2087.43,2107.292,2043.62,2046.337,7355623600.0,-2.38772024,-0.023877202400000002
2008-12-12,2027.069,2038.185,1936.28,1960.38,6738726600.0,-4.20053002,-0.042005300200000005
2008-12-15,1991.551,2006.225,1941.054,1975.034,5045109600.0,0.74750814,0.0074750814
2008-12-16,1956.995,1994.959,1919.869,1994.45,4792487800.0,0.98307168,0.0098307168
2008-12-17,2002.029,2030.388,1995.65,2001.42,5868515000.0,0.34946978,0.0034946978
2008-12-18,2001.048,2045.945,1982.428,2045.102,5842922400.0,2.18255039,0.021825503899999998
2008-12-19,2037.369,2075.384,2033.112,2052.114,6331122700.0,0.34286798,0.0034286798000000003
2008-12-22,2050.77,2055.366,1993.326,2017.549,5294946400.0,-1.68436062,-0.0168436062
2008-12-23,2019.231,2019.231,1918.432,1918.955,6359046400.0,-4.88682059,-0.0488682059
2008-12-24,1893.225,1912.775,1872.647,1887.075,4420183100.0,-1.66132088,-0.0166132088
2008-12-25,1891.526,1902.714,1848.708,1870.765,3991683400.0,-0.86430057,-0.008643005700000001
2008-12-26,1868.344,1881.077,1850.502,1862.096,3456088800.0,-0.46339332,-0.0046339332
2008-12-29,1852.413,1861.302,1816.059,1854.757,3598687300.0,-0.39412576,-0.0039412576
2008-12-30,1852.949,1867.408,1824.528,1833.435,3758462700.0,-1.14958455,-0.011495845499999999
2008-12-31,1835.105,1844.416,1813.726,1817.722,3563135500.0,-0.8570252,-0.008570252
2009-01-05,1848.326,1882.959,1837.839,1882.959,4818702000.0,3.58894264,0.0358894264
2009-01-06,1880.672,1948.489,1873.011,1942.795,7097409700.0,3.17776436,0.031777643599999995
2009-01-07,1942.671,1959.246,1930.868,1931.178,5970216700.0,-0.59795295,-0.0059795295000000005
2009-01-08,1894.664,1902.796,1873.648,1887.991,5344649000.0,-2.23630344,-0.0223630344
2009-01-09,1886.488,1923.423,1886.488,1918.365,4740721600.0,1.60880004,0.0160880004
2009-01-12,1911.736,1947.083,1905.617,1920.687,5423415600.0,0.12104057,0.0012104057
2009-01-13,1892.655,1908.196,1874.974,1876.185,4981813700.0,-2.31698345,-0.0231698345
2009-01-14,1873.626,1955.244,1873.626,1955.244,5928323100.0,4.21381687,0.0421381687
2009-01-15,1935.386,1977.191,1930.295,1954.874,7894364800.0,-0.01892347,-0.0001892347
2009-01-16,1965.44,2026.647,1965.44,1990.214,9653863300.0,1.80778915,0.018077891500000002
2009-01-19,2010.579,2052.19,1993.95,2012.465,8194817700.0,1.11802047,0.0111802047
2009-01-20,2006.525,2025.19,1986.061,2025.19,5325926200.0,0.63230913,0.0063230913
2009-01-21,1993.67,2047.105,1988.241,2021.71,6411742800.0,-0.17183573,-0.0017183572999999999
2009-01-22,2034.286,2048.484,2012.738,2044.551,5886194700.0,1.12978617,0.0112978617
2009-01-23,2039.522,2054.326,2025.188,2032.682,5750410900.0,-0.58051866,-0.0058051866
2009-02-02,2052.439,2059.338,2029.717,2057.063,5145390600.0,1.19944979,0.011994497900000001
2009-02-03,2056.795,2108.944,2049.889,2108.91,8764030200.0,2.52043812,0.0252043812
2009-02-04,2118.563,2166.414,2117.024,2166.414,10088842800.0,2.72671665,0.027267166500000002
2009-02-05,2164.546,2211.179,2135.67,2150.971,11510012200.0,-0.71283697,-0.0071283697000000005
2009-02-06,2158.084,2240.021,2158.084,2237.28,10666490400.0,4.01255991,0.0401255991
2009-02-09,2271.593,2307.907,2257.49,2296.672,12952367000.0,2.65465208,0.0265465208
2009-02-10,2288.071,2327.1,2263.532,2326.755,11629454800.0,1.30985182,0.0130985182
2009-02-11,2287.232,2381.193,2275.574,2331.138,14757663700.0,0.18837394,0.0018837393999999999
2009-02-12,2335.401,2344.659,2248.484,2318.343,11982621800.0,-0.54887355,-0.0054887355
2009-02-13,2321.56,2402.436,2307.09,2399.065,14040991000.0,3.4818834,0.034818834
2009-02-16,2421.187,2462.389,2397.181,2462.245,15234666900.0,2.63352598,0.0263352598
2009-02-17,2460.569,2470.623,2384.787,2385.293,14101499100.0,-3.12527795,-0.0312527795
2009-02-18,2331.662,2369.053,2272.505,2275.843,11542206200.0,-4.58853483,-0.0458853483
2009-02-19,2295.653,2324.675,2259.593,2298.412,9085392800.0,0.99167649,0.0099167649
2009-02-20,2300.806,2344.77,2276.298,2344.32,8663206900.0,1.99737906,0.0199737906
2009-02-23,2333.809,2419.533,2307.921,2410.481,10946540300.0,2.82218298,0.0282218298
2009-02-24,2376.697,2411.906,2294.522,2301.849,12701755500.0,-4.50665241,-0.0450665241
2009-02-25,2325.039,2337.423,2226.444,2304.251,10787752800.0,0.10435089,0.0010435089
2009-02-26,2295.426,2332.346,2167.149,2190.185,10220038500.0,-4.95024197,-0.0495024197
2009-02-27,2164.54,2186.819,2117.061,2140.489,8707641500.0,-2.26903207,-0.022690320700000002
2009-03-02,2123.367,2177.294,2112.336,2164.666,6274618100.0,1.12950826,0.011295082599999999
2009-03-03,2109.841,2168.222,2100.644,2142.154,6616731400.0,-1.03997568,-0.0103997568
2009-03-04,2150.239,2290.94,2150.239,2285.149,11075003300.0,6.67529039,0.0667529039
2009-03-05,2314.079,2340.371,2259.8,2304.919,13198734700.0,0.86515146,0.0086515146
2009-03-06,2260.756,2313.2,2255.818,2286.576,8596545000.0,-0.79581972,-0.0079581972
2009-03-09,2302.011,2333.98,2198.545,2202.527,8655594800.0,-3.67575799,-0.036757579900000004
2009-03-10,2175.306,2241.238,2168.324,2240.782,5666044900.0,1.73686861,0.0173686861
2009-03-11,2288.053,2292.396,2212.882,2220.38,7083867600.0,-0.91048571,-0.0091048571
2009-03-12,2208.041,2220.303,2156.598,2215.7,5570011100.0,-0.21077473,-0.0021077472999999998
2009-03-13,2229.25,2250.239,2200.974,2205.422,5408309400.0,-0.46387146,-0.0046387146
2009-03-16,2197.248,2247.11,2180.051,2241.614,4877385400.0,1.64104648,0.0164104648
2009-03-17,2244.11,2329.298,2239.668,2322.403,9298052800.0,3.60405494,0.0360405494
2009-03-18,2335.417,2370.558,2328.856,2332.652,10187007100.0,0.44131014,0.0044131014
2009-03-19,2337.524,2386.228,2331.259,2382.564,9731876600.0,2.13971051,0.0213971051
2009-03-20,2389.892,2397.207,2343.269,2379.838,10939673800.0,-0.11441456,-0.0011441456
2009-03-23,2384.67,2448.351,2375.522,2439.395,11631304900.0,2.5025653,0.025025653000000002
2009-03-24,2477.567,2483.833,2440.527,2451.783,11199352500.0,0.50783084,0.0050783084
2009-03-25,2435.633,2472.938,2401.052,2401.327,9581666000.0,-2.0579309,-0.020579309
2009-03-26,2407.762,2479.826,2379.951,2479.789,11324945200.0,3.26744338,0.0326744338
2009-03-27,2500.998,2516.384,2481.687,2498.931,13536854600.0,0.77192051,0.007719205099999999
2009-03-30,2501.312,2508.138,2471.367,2484.487,9415166500.0,-0.57800716,-0.0057800716
2009-03-31,2436.778,2507.899,2423.571,2507.789,9546175200.0,0.93789986,0.0093789986
2009-04-01,2519.886,2566.536,2519.886,2548.222,12630762500.0,1.61229673,0.0161229673
2009-04-02,2558.768,2599.252,2558.264,2576.4,13514680600.0,1.10579063,0.0110579063
2009-04-03,2597.916,2612.37,2555.615,2570.503,12365521600.0,-0.22888527,-0.0022888527
2009-04-07,2570.625,2597.062,2543.646,2576.95,8608325700.0,0.25080694,0.0025080693999999996
2009-04-08,2563.722,2573.093,2479.348,2479.348,9932809400.0,-3.78750073,-0.0378750073
2009-04-09,2477.419,2517.741,2457.423,2517.669,7459370300.0,1.54560796,0.015456079599999999
2009-04-10,2540.108,2595.598,2530.622,2595.53,10414440800.0,3.09258286,0.030925828599999997
2009-04-13,2621.979,2668.282,2619.372,2656.518,13901454100.0,2.34973204,0.0234973204
2009-04-14,2651.197,2682.908,2637.383,2676.872,11049130400.0,0.76619093,0.0076619093
2009-04-15,2662.728,2690.642,2627.808,2686.99,12066529200.0,0.37797848,0.0037797848
2009-04-16,2690.515,2706.625,2643.316,2687.106,12372961300.0,0.0043171,4.3171e-05
2009-04-17,2675.668,2693.291,2628.625,2650.691,10152880800.0,-1.35517542,-0.013551754199999998
2009-04-20,2643.726,2708.452,2640.989,2707.667,9590369400.0,2.14947725,0.0214947725
2009-04-21,2670.277,2697.719,2634.529,2675.442,10818525200.0,-1.19013896,-0.011901389600000001
2009-04-22,2687.857,2713.305,2563.361,2576.281,12404641300.0,-3.70634086,-0.0370634086
2009-04-23,2555.527,2604.162,2543.907,2593.564,8088794200.0,0.67085073,0.0067085072999999995
2009-04-24,2605.703,2609.874,2570.379,2572.888,7336096900.0,-0.79720416,-0.0079720416
2009-04-27,2566.92,2576.519,2499.442,2513.292,7203939000.0,-2.31630759,-0.0231630759
2009-04-28,2490.526,2531.544,2485.802,2518.531,5926498300.0,0.2084517,0.0020845169999999997
2009-04-29,2518.854,2615.81,2514.141,2605.37,8188500600.0,3.44800203,0.0344800203
2009-04-30,2616.485,2640.017,2604.452,2622.926,8580934800.0,0.67383903,0.0067383903
2009-05-04,2635.129,2715.189,2632.303,2714.301,10291656500.0,3.48370484,0.0348370484
2009-05-05,2733.107,2751.252,2713.234,2727.014,10231372200.0,0.46837105,0.0046837105
2009-05-06,2721.817,2771.206,2713.539,2764.979,10580665000.0,1.39218207,0.0139218207
2009-05-07,2783.577,2797.474,2731.799,2767.076,12210116100.0,0.07584144,0.0007584143999999999
2009-05-08,2751.499,2800.223,2733.332,2789.219,10672498800.0,0.800231,0.00800231
2009-05-11,2808.139,2839.609,2725.267,2725.316,12536445200.0,-2.29107144,-0.0229107144
2009-05-12,2702.742,2788.612,2699.954,2788.562,8869594200.0,2.32068501,0.0232068501
2009-05-13,2792.42,2822.711,2775.572,2814.005,10711285600.0,0.91240575,0.0091240575
2009-05-14,2781.048,2804.477,2757.545,2792.597,8263932900.0,-0.76076624,-0.0076076624
2009-05-15,2800.571,2815.456,2773.322,2796.116,6493143100.0,0.12601174,0.0012601174000000002
2009-05-18,2782.585,2813.757,2740.92,2810.573,7483578600.0,0.51703864,0.0051703864
2009-05-19,2836.337,2849.629,2821.951,2840.084,9770361700.0,1.04999941,0.0104999941
2009-05-20,2843.545,2849.635,2812.599,2812.865,8793921500.0,-0.95838715,-0.0095838715
2009-05-21,2795.828,2808.287,2735.767,2750.01,8553539400.0,-2.23455445,-0.0223455445
2009-05-22,2733.017,2762.741,2719.121,2740.677,6149901200.0,-0.33938058,-0.0033938058
2009-05-25,2684.213,2761.387,2675.285,2752.716,7409167100.0,0.43927103,0.0043927103
2009-05-26,2757.31,2762.809,2718.555,2719.764,7231601200.0,-1.19707227,-0.0119707227
2009-05-27,2734.418,2768.568,2715.823,2759.712,6797664500.0,1.46880391,0.014688039100000001
2009-06-01,2798.927,2864.471,2798.927,2858.342,10856488300.0,3.57392366,0.0357392366
2009-06-02,2878.528,2892.781,2855.059,2865.099,10833839700.0,0.23639578,0.0023639578
2009-06-03,2865.732,2939.387,2864.709,2939.387,11207331000.0,2.59285979,0.0259285979
2009-06-04,2924.267,2961.04,2899.668,2953.751,13012771000.0,0.48867332,0.0048867332
2009-06-05,2966.065,2975.175,2937.18,2939.306,10847632400.0,-0.48903919,-0.0048903919
2009-06-08,2937.635,2978.233,2912.487,2948.478,9611636600.0,0.31204645,0.0031204644999999996
2009-06-09,2948.949,2960.902,2892.718,2960.556,9198988600.0,0.40963507,0.0040963507
2009-06-10,2972.423,2995.699,2966.585,2989.595,10179003900.0,0.98086305,0.0098086305
2009-06-11,2982.969,3000.857,2951.273,2961.629,8711599700.0,-0.93544443,-0.0093544443
2009-06-12,2955.569,2976.864,2883.318,2906.286,8006706700.0,-1.86866755,-0.0186866755
2009-06-15,2911.423,2967.099,2898.067,2966.192,7435209000.0,2.06125619,0.0206125619
2009-06-16,2936.508,2979.413,2929.041,2961.22,7017924200.0,-0.16762233,-0.0016762233000000002
2009-06-17,2957.576,3017.409,2930.494,3010.588,7729311800.0,1.6671507,0.016671507000000002
2009-06-18,3014.437,3061.747,3014.437,3057.428,9628131600.0,1.55584225,0.0155584225
2009-06-19,3061.903,3086.72,3047.27,3080.001,10251806900.0,0.7383003,0.007383003
2009-06-22,3106.387,3116.155,3072.534,3082.563,10395258300.0,0.08318179,0.0008318179000000001
2009-06-23,3036.404,3128.527,3028.454,3083.895,11150673400.0,0.0432108,0.000432108
2009-06-24,3079.495,3121.207,3068.242,3120.73,10942431300.0,1.19443107,0.0119443107
2009-06-25,3125.662,3141.166,3103.871,3117.921,8280688700.0,-0.09001099,-0.0009001098999999999
2009-06-26,3126.228,3137.082,3109.316,3128.421,7050090800.0,0.33676286,0.0033676286
2009-06-29,3132.113,3182.415,3122.164,3179.972,8499707500.0,1.64782809,0.0164782809
2009-06-30,3191.641,3195.716,3159.626,3166.474,8678234700.0,-0.42446915,-0.0042446915
2009-07-01,3153.537,3238.792,3150.654,3237.903,9695056500.0,2.25578988,0.0225578988
2009-07-02,3248.204,3285.093,3247.573,3282.359,11298929400.0,1.37298739,0.0137298739
2009-07-03,3254.93,3327.669,3249.11,3327.135,10573259200.0,1.36414085,0.0136414085
2009-07-06,3333.096,3378.055,3333.096,3374.753,13526404900.0,1.43120132,0.0143120132
2009-07-07,3368.33,3393.224,3327.354,3340.493,12960079900.0,-1.01518541,-0.0101518541
2009-07-08,3306.428,3368.066,3261.32,3352.269,11386759200.0,0.35252282,0.0035252282
2009-07-09,3348.221,3396.483,3334.68,3396.304,11308152300.0,1.3135879,0.013135879
2009-07-10,3398.911,3428.029,3375.965,3398.31,10617491200.0,0.05906421,0.0005906421
2009-07-13,3382.574,3403.74,3358.518,3361.011,9961965100.0,-1.09757497,-0.010975749699999999
2009-07-14,3375.873,3454.753,3375.873,3454.753,10752042500.0,2.78910126,0.027891012599999997
2009-07-15,3467.132,3497.508,3467.132,3493.305,13348300200.0,1.1159119,0.011159119
2009-07-16,3516.778,3543.019,3489.562,3501.24,12931332900.0,0.22714879,0.0022714879
2009-07-17,3499.51,3527.465,3482.871,3519.809,10654970400.0,0.53035496,0.0053035496000000005
2009-07-20,3532.519,3594.872,3515.534,3591.123,13646853900.0,2.02607585,0.020260758499999997
2009-07-21,3603.402,3610.326,3533.162,3539.832,13060096100.0,-1.42827188,-0.0142827188
2009-07-22,3532.632,3607.371,3532.384,3606.924,11523854600.0,1.89534419,0.0189534419
2009-07-23,3613.598,3653.837,3596.364,3651.969,11638160900.0,1.24884805,0.012488480500000001
2009-07-24,3672.206,3687.493,3591.88,3667.556,12797935200.0,0.42681085,0.0042681085
2009-07-27,3680.15,3744.242,3669.508,3743.626,13880804000.0,2.07413329,0.0207413329
2009-07-28,3745.549,3756.782,3705.045,3755.818,14626788500.0,0.32567356,0.0032567355999999995
2009-07-29,3741.784,3765.59,3453.641,3558.508,16740612600.0,-5.25344945,-0.0525344945
2009-07-30,3587.047,3656.922,3511.291,3634.818,13496887900.0,2.14443806,0.0214443806
2009-07-31,3670.191,3735.804,3635.548,3734.622,13223983400.0,2.74577709,0.027457770899999998
2009-08-03,3754.218,3789.935,3716.573,3787.033,13641589900.0,1.40338165,0.0140338165
2009-08-04,3803.061,3803.061,3712.431,3786.615,14103573900.0,-0.01103766,-0.00011037659999999999
2009-08-05,3781.401,3789.127,3691.976,3740.936,13344445300.0,-1.20632808,-0.0120632808
2009-08-06,3707.907,3739.578,3602.575,3663.12,11810152500.0,-2.08012112,-0.0208012112
2009-08-07,3655.462,3686.543,3539.697,3555.095,10057575100.0,-2.94898884,-0.0294898884
2009-08-10,3589.716,3613.457,3485.364,3544.539,8487068100.0,-0.29692596,-0.0029692596
2009-08-11,3558.645,3569.15,3509.717,3556.375,6449719700.0,0.33392213,0.0033392213
2009-08-12,3546.5,3546.5,3390.361,3397.4,9253538600.0,-4.47014165,-0.04470141650000001
2009-08-13,3398.889,3448.862,3338.848,3440.82,8708180000.0,1.27803615,0.012780361499999999
2009-08-14,3437.951,3454.945,3334.729,3344.462,8824862700.0,-2.80043711,-0.028004371099999998
2009-08-17,3283.436,3319.804,3137.477,3140.271,9172390200.0,-6.10534669,-0.0610534669
2009-08-18,3110.708,3186.815,3083.203,3171.986,7734303500.0,1.00994468,0.0100994468
2009-08-19,3178.281,3183.007,2982.222,3014.568,8160402000.0,-4.96275835,-0.049627583499999996
2009-08-20,3021.251,3146.568,3021.251,3144.39,7951921600.0,4.3064877,0.043064877
2009-08-21,3135.373,3221.166,3113.704,3203.624,8661680500.0,1.8837994,0.018837994
2009-08-24,3222.397,3241.524,3178.856,3229.6,8041406800.0,0.81083173,0.008108317299999999
2009-08-25,3210.851,3210.851,3019.119,3109.83,9753013900.0,-3.70850879,-0.0370850879
2009-08-26,3082.68,3203.786,3065.463,3172.386,8203640400.0,2.0115569,0.020115569
2009-08-27,3149.566,3212.27,3116.894,3156.301,8012520100.0,-0.50703162,-0.0050703162
2009-08-28,3152.037,3168.191,3030.731,3046.781,8401794600.0,-3.46988453,-0.034698845299999996
2009-08-31,3003.543,3003.543,2825.767,2830.271,8451731100.0,-7.10618847,-0.07106188470000001
2009-09-01,2804.584,2901.277,2795.486,2843.7,7053530600.0,0.47447753,0.0047447753
2009-09-02,2824.641,2904.786,2813.618,2890.926,6084338600.0,1.66072371,0.0166072371
2009-09-03,2898.449,3059.987,2892.649,3051.964,9315744700.0,5.57046427,0.0557046427
2009-09-04,3055.347,3099.385,3038.99,3077.142,8698471500.0,0.82497697,0.0082497697
2009-09-07,3097.789,3153.227,3078.126,3104.208,8279074000.0,0.87958242,0.0087958242
2009-09-08,3084.199,3170.967,3047.3,3170.967,8396563400.0,2.15059687,0.021505968700000003
2009-09-09,3188.311,3207.388,3143.739,3194.909,9119115500.0,0.75503782,0.0075503782
2009-09-10,3179.187,3204.124,3150.172,3162.914,6656600700.0,-1.00143697,-0.010014369700000001
2009-09-11,3152.815,3253.452,3152.689,3238.133,8068966000.0,2.37815508,0.0237815508
2009-09-14,3248.348,3298.905,3240.534,3293.394,8739388300.0,1.7065698,0.017065698
2009-09-15,3298.81,3325.743,3264.949,3302.642,8709217700.0,0.28080454,0.0028080454
2009-09-16,3290.387,3296.94,3212.445,3258.236,8824448100.0,-1.3445599,-0.013445598999999999
2009-09-17,3274.582,3329.116,3274.582,3320.096,9133340400.0,1.89857334,0.0189857334
2009-09-18,3325.061,3330.432,3170.962,3199.689,10048840400.0,-3.626612,-0.03626612
2009-09-21,3163.512,3210.643,3090.607,3208.604,7280197400.0,0.27862083,0.0027862082999999998
2009-09-22,3196.009,3237.217,3131.016,3131.026,7342510100.0,-2.41781161,-0.0241781161
2009-09-23,3130.142,3159.173,3041.415,3060.069,6601371600.0,-2.26625394,-0.0226625394
2009-09-24,3041.82,3122.055,2989.236,3080.926,6515210200.0,0.68158594,0.0068158594
2009-09-25,3057.106,3090.069,3028.407,3058.528,4582049200.0,-0.72698922,-0.0072698922
2009-09-28,3066.368,3088.081,2959.744,2972.643,4191835200.0,-2.80805015,-0.0280805015
2009-09-29,2975.531,2998.55,2923.926,2972.286,4593235200.0,-0.01200951,-0.00012009509999999999
2009-09-30,2992.98,3033.738,2988.292,3004.805,4218452400.0,1.09407372,0.0109407372
2009-10-09,3078.753,3164.031,3071.27,3163.708,5687104000.0,5.28829658,0.0528829658
2009-10-12,3181.581,3193.59,3151.256,3151.632,5896196000.0,-0.381704,-0.00381704
2009-10-13,3144.022,3199.921,3140.498,3198.517,5071370400.0,1.48764196,0.0148764196
2009-10-14,3209.065,3276.553,3204.314,3227.399,8097812000.0,0.90298098,0.0090298098
2009-10-15,3258.546,3287.628,3227.088,3239.643,6056201000.0,0.37937671,0.0037937671
2009-10-16,3250.102,3268.425,3188.434,3241.709,5563625500.0,0.06377246,0.0006377246
2009-10-19,3238.848,3330.789,3231.807,3329.158,7768314300.0,2.6976203,0.026976203
2009-10-20,3355.358,3379.63,3343.018,3377.574,8942627800.0,1.45430166,0.0145430166
2009-10-21,3375.027,3414.657,3358.55,3369.285,8348894000.0,-0.24541283,-0.0024541283
2009-10-22,3364.145,3381.145,3341.415,3347.32,6093658300.0,-0.65191873,-0.0065191873
2009-10-23,3354.984,3436.391,3354.984,3413.252,8672542900.0,1.96969516,0.0196969516
2009-10-26,3421.696,3432.895,3385.44,3414.239,6844252400.0,0.0289167,0.000289167
2009-10-27,3384.294,3392.102,3314.323,3314.722,7420955100.0,-2.91476373,-0.0291476373
2009-10-28,3303.773,3337.167,3258.274,3329.327,6259484900.0,0.4406101,0.004406101
2009-10-29,3265.186,3291.18,3239.005,3247.051,6130535400.0,-2.4712502,-0.024712502
2009-10-30,3305.376,3329.54,3276.318,3280.372,6064706200.0,1.02619269,0.010261926900000001
2009-11-02,3205.835,3394.724,3198.309,3392.803,8198115800.0,3.42738567,0.0342738567
2009-11-03,3402.528,3447.481,3397.255,3435.425,8379109800.0,1.25624742,0.0125624742
2009-11-04,3443.517,3476.34,3415.216,3453.888,8606527300.0,0.53742987,0.005374298699999999
2009-11-05,3458.865,3471.83,3432.26,3464.318,8064778400.0,0.30197852,0.0030197851999999997
2009-11-06,3491.075,3506.027,3474.364,3483.021,9219031500.0,0.53987538,0.0053987538
2009-11-09,3487.107,3495.887,3452.614,3495.788,7805090400.0,0.36654961,0.0036654961000000003
2009-11-10,3520.395,3532.186,3501.499,3503.776,8430098700.0,0.22850356,0.0022850356
2009-11-11,3500.586,3514.829,3468.859,3495.674,7262632100.0,-0.23123624,-0.0023123624000000002
2009-11-12,3506.952,3529.061,3487.68,3499.992,7996266100.0,0.1235241,0.001235241
2009-11-13,3489.538,3518.894,3445.36,3518.722,9121017100.0,0.53514408,0.0053514408
2009-11-16,3541.053,3625.887,3541.053,3625.798,12315732300.0,3.04303665,0.0304303665
2009-11-17,3644.962,3649.422,3619.986,3628.354,9739136800.0,0.07049483,0.0007049482999999999
2009-11-18,3633.851,3652.809,3612.794,3630.229,8922628300.0,0.05167632,0.0005167632
2009-11-19,3638.073,3653.899,3604.612,3642.437,9494009500.0,0.33628733,0.0033628733
2009-11-20,3630.576,3658.214,3597.306,3631.013,9475075100.0,-0.31363617,-0.0031363617
2009-11-23,3636.529,3666.27,3628.195,3665.509,9399094100.0,0.95003791,0.009500379100000001
2009-11-24,3680.746,3698.129,3538.858,3548.08,14756682200.0,-3.20362056,-0.0320362056
2009-11-25,3541.512,3630.301,3508.057,3629.629,11460232900.0,2.29839801,0.022983980100000002
2009-11-26,3635.79,3646.607,3472.948,3485.773,12788237900.0,-3.96338028,-0.0396338028
2009-11-27,3440.343,3480.931,3367.293,3382.51,8929468800.0,-2.96241322,-0.0296241322
2009-11-30,3415.077,3511.765,3415.077,3511.669,8441534100.0,3.8184366,0.038184366
2009-12-01,3507.559,3566.78,3485.524,3560.831,10151863900.0,1.3999611,0.013999611
2009-12-02,3578.869,3607.561,3570.287,3597.329,9805203300.0,1.02498546,0.010249854599999999
2009-12-03,3596.952,3603.122,3551.482,3590.876,8997857200.0,-0.17938309,-0.0017938309
2009-12-04,3581.627,3646.263,3530.058,3643.491,13413090100.0,1.46524135,0.014652413500000001
2009-12-07,3644.625,3672.798,3633.445,3668.832,9122554600.0,0.69551427,0.0069551427
2009-12-08,3670.807,3671.042,3590.941,3624.019,8294086400.0,-1.2214514,-0.012214514000000001
2009-12-09,3579.282,3603.696,3543.424,3554.478,6852150700.0,-1.91889171,-0.0191889171
2009-12-10,3579.826,3601.289,3544.901,3577.237,5756373800.0,0.64029092,0.0064029092
2009-12-11,3589.408,3614.952,3568.506,3575.02,5455091200.0,-0.06197521,-0.0006197521
2009-12-14,3572.531,3623.273,3495.639,3612.753,8378502100.0,1.05546263,0.010554626300000002
2009-12-15,3594.51,3620.322,3578.283,3583.341,6918649300.0,-0.81411599,-0.0081411599
2009-12-16,3568.28,3610.685,3550.667,3560.723,5696391200.0,-0.63119865,-0.0063119865
2009-12-17,3571.052,3582.439,3475.844,3480.153,6328620100.0,-2.26274271,-0.0226274271
2009-12-18,3450.045,3453.348,3385.675,3391.735,6611101500.0,-2.54063543,-0.0254063543
2009-12-21,3386.326,3404.642,3354.652,3396.622,4832980500.0,0.14408555,0.0014408555000000002
2009-12-22,3402.228,3404.754,3296.765,3305.543,5394268500.0,-2.68145823,-0.0268145823
2009-12-23,3303.729,3342.988,3296.292,3336.48,4806450400.0,0.9359128,0.009359128
2009-12-24,3346.763,3445.704,3339.298,3438.817,6437782300.0,3.06721455,0.0306721455
2009-12-25,3434.326,3441.956,3410.667,3424.783,4691457600.0,-0.40810546,-0.0040810546
2009-12-28,3432.82,3489.574,3432.82,3478.433,5537539000.0,1.56652261,0.0156652261
2009-12-29,3481.903,3501.247,3451.177,3500.737,5553576500.0,0.64120827,0.0064120827
2009-12-30,3503.816,3561.436,3498.377,3558.857,8842937000.0,1.66022183,0.0166022183
2009-12-31,3561.367,3579.518,3542.38,3575.684,6924189000.0,0.47282035,0.0047282035
2010-01-04,3592.468,3597.748,3535.229,3535.229,6610108000.0,-1.13139192,-0.0113139192
2010-01-05,3545.186,3577.526,3497.661,3564.038,8580964100.0,0.81491185,0.0081491185
2010-01-06,3558.7,3588.832,3541.173,3541.727,7847312500.0,-0.62600343,-0.0062600343
2010-01-07,3543.16,3558.556,3452.769,3471.456,8035003700.0,-1.98408855,-0.019840885500000002
2010-01-08,3456.908,3482.083,3426.698,3480.13,6079025300.0,0.24986634,0.0024986634
2010-01-11,3593.106,3594.528,3465.317,3482.052,8998017200.0,0.05522782,0.0005522782
2010-01-12,3477.842,3535.407,3437.661,3534.916,9374327800.0,1.51818525,0.015181852499999999
2010-01-13,3448.291,3490.112,3415.693,3421.144,11245790100.0,-3.21852061,-0.0321852061
2010-01-14,3433.472,3470.323,3411.812,3469.051,8335325200.0,1.40032106,0.0140032106
2010-01-15,3472.524,3500.072,3448.661,3482.738,7254310200.0,0.39454594,0.0039454594
2010-01-18,3471.777,3501.26,3458.042,3500.684,8285430700.0,0.51528424,0.0051528424
2010-01-19,3506.806,3528.39,3497.094,3507.482,7488323200.0,0.19419062,0.0019419062
2010-01-20,3512.246,3515.449,3387.818,3394.434,9249514600.0,-3.22305289,-0.0322305289
2010-01-21,3397.043,3425.18,3364.723,3408.574,7059506800.0,0.41656429,0.0041656429
2010-01-22,3364.452,3390.796,3293.194,3366.197,8893340400.0,-1.24324718,-0.0124324718
2010-01-25,3340.013,3372.426,3326.266,3328.014,5684917100.0,-1.13430676,-0.011343067600000001
2010-01-26,3328.113,3341.198,3222.14,3242.797,6175223100.0,-2.5605962,-0.025605962
2010-01-27,3243.038,3255.116,3183.365,3198.566,5269139400.0,-1.36397684,-0.0136397684
2010-01-28,3195.289,3220.306,3168.463,3206.57,4699071600.0,0.25023714,0.0025023714000000003
2010-01-29,3190.315,3249.455,3176.916,3204.155,5026261300.0,-0.07531412,-0.0007531412
2010-02-01,3198.23,3198.311,3116.439,3152.707,5700138000.0,-1.60566514,-0.0160566514
2010-02-02,3170.778,3211.941,3143.085,3146.189,5013003300.0,-0.20674297,-0.0020674296999999998
2010-02-03,3160.712,3231.102,3094.568,3230.715,6479889400.0,2.68661546,0.0268661546
2010-02-04,3206.431,3242.519,3190.437,3218.802,5897272600.0,-0.3687419,-0.003687419
2010-02-05,3147.721,3177.42,3129.921,3153.087,5910584500.0,-2.04159809,-0.0204159809
2010-02-08,3152.253,3172.306,3133.808,3150.988,3735595100.0,-0.06656968,-0.0006656968000000001
2010-02-09,3147.761,3178.947,3144.478,3169.19,3595315800.0,0.57766009,0.0057766009
2010-02-10,3195.142,3214.456,3182.834,3214.13,3421989400.0,1.41802795,0.014180279499999998
2010-02-11,3216.688,3238.349,3207.165,3220.398,3579105200.0,0.19501389,0.0019501389
2010-02-12,3232.879,3253.196,3228.738,3251.278,3405823800.0,0.95888769,0.0095888769
2010-02-22,3248.947,3261.949,3232.784,3233.345,3828377200.0,-0.55156772,-0.0055156772
2010-02-23,3225.393,3225.393,3152.934,3198.634,4274289800.0,-1.07353221,-0.0107353221
2010-02-24,3177.082,3244.816,3165.133,3244.483,4998943700.0,1.43339313,0.0143339313
2010-02-25,3252.153,3294.144,3249.329,3292.128,6758661700.0,1.46849282,0.0146849282
2010-02-26,3286.095,3301.149,3273.693,3281.666,5210728800.0,-0.31778837,-0.0031778837
2010-03-01,3290.007,3330.378,3287.556,3324.423,6050452000.0,1.30290529,0.0130290529
2010-03-02,3327.103,3339.894,3299.685,3311.236,5703437400.0,-0.39667034,-0.0039667034
2010-03-03,3313.023,3335.654,3293.916,3335.081,6062273200.0,0.72012384,0.0072012384
2010-03-04,3338.674,3345.909,3244.978,3250.573,6934681000.0,-2.53391147,-0.025339114700000002
2010-03-05,3253.164,3276.403,3239.677,3259.764,4562913800.0,0.28275015,0.0028275015
2010-03-08,3268.397,3293.93,3258.034,3286.178,4154087600.0,0.81030406,0.0081030406
2010-03-09,3285.62,3322.506,3255.982,3305.863,5419948600.0,0.59902416,0.0059902416000000005
2010-03-10,3304.036,3321.081,3267.761,3279.694,4642107900.0,-0.7915936,-0.007915936
2010-03-11,3282.199,3303.488,3251.704,3276.705,4748775400.0,-0.09113655,-0.0009113655
2010-03-12,3277.309,3284.263,3232.117,3233.126,3995734400.0,-1.3299641,-0.013299641
2010-03-15,3231.216,3234.821,3171.803,3183.183,3784430400.0,-1.54472792,-0.015447279199999999
2010-03-16,3183.775,3204.289,3169.098,3203.971,3084778000.0,0.65305702,0.0065305701999999995
2010-03-17,3214.216,3273.998,3207.271,3273.916,4580093400.0,2.18307219,0.0218307219
2010-03-18,3277.883,3295.368,3256.593,3267.555,4694801300.0,-0.19429332,-0.0019429331999999998
2010-03-19,3270.978,3296.411,3251.136,3293.871,4606218700.0,0.80537282,0.0080537282
2010-03-22,3297.824,3313.922,3288.506,3302.628,4943946200.0,0.26585741,0.0026585741
2010-03-23,3305.554,3309.12,3272.921,3275.573,4653953600.0,-0.81919611,-0.0081919611
2010-03-24,3282.052,3298.543,3271.033,3276.669,4454796600.0,0.03345979,0.00033459790000000004
2010-03-25,3270.39,3270.39,3222.821,3229.128,4498428500.0,-1.45089419,-0.0145089419
2010-03-26,3226.8,3285.388,3220.594,3275.002,4744496500.0,1.4206312,0.014206312
2010-03-29,3295.763,3363.605,3293.671,3358.54,8472491000.0,2.55077707,0.0255077707
2010-03-30,3361.353,3372.265,3350.313,3366.708,5643698000.0,0.24320091,0.0024320090999999998
2010-03-31,3369.193,3369.901,3338.745,3345.607,5312428700.0,-0.62675468,-0.0062675468
2010-04-01,3349.884,3392.481,3349.884,3391.935,6777266900.0,1.38474124,0.013847412400000002
2010-04-02,3400.139,3412.2,3391.806,3407.346,6907345200.0,0.45434243,0.0045434243000000004
2010-04-06,3422.849,3436.29,3386.888,3405.145,6519171000.0,-0.06459573,-0.0006459573000000001
2010-04-07,3403.088,3404.582,3369.017,3386.949,5401122800.0,-0.53436785,-0.0053436785
2010-04-08,3381.306,3381.306,3336.156,3346.744,6218532200.0,-1.18705655,-0.011870565500000001
2010-04-09,3348.773,3379.398,3342.471,3379.17,5128056700.0,0.96888199,0.0096888199
2010-04-12,3388.355,3393.557,3330.3,3351.478,7456515000.0,-0.81949118,-0.0081949118
2010-04-13,3350.726,3401.707,3324.048,3391.716,7990769500.0,1.20060463,0.0120060463
2010-04-14,3394.635,3404.516,3377.437,3403.707,6030613100.0,0.35353786,0.0035353786
2010-04-15,3407.025,3412.937,3365.881,3394.574,6105168500.0,-0.26832509,-0.0026832508999999997
2010-04-16,3388.286,3388.286,3348.781,3356.332,4714036800.0,-1.12656257,-0.011265625699999999
2010-04-19,3313.499,3313.499,3175.441,3176.423,8841630000.0,-5.36028617,-0.053602861700000004
2010-04-20,3176.414,3196.646,3130.96,3173.374,6413785900.0,-0.09598848,-0.0009598848
2010-04-21,3178.877,3237.537,3164.765,3236.679,6692833100.0,1.9948799,0.019948799
2010-04-22,3222.68,3231.985,3177.726,3201.541,7108168800.0,-1.08561893,-0.010856189300000001
2010-04-23,3198.784,3224.739,3172.578,3190.003,6125267900.0,-0.36038895,-0.0036038895
2010-04-26,3195.457,3207.715,3168.374,3171.997,5089419900.0,-0.56445088,-0.0056445088
2010-04-27,3163.101,3163.101,3060.854,3108.409,6529657400.0,-2.00466772,-0.0200466772
2010-04-28,3080.324,3122.115,3062.085,3097.353,4599540600.0,-0.35568035,-0.0035568034999999996
2010-04-29,3114.941,3130.696,3059.796,3060.064,4826097100.0,-1.20389894,-0.0120389894
2010-04-30,3060.12,3068.127,3014.069,3067.365,5447788100.0,0.23858978,0.0023858978
2010-05-04,3005.487,3056.082,2994.921,3019.449,4124861000.0,-1.56212254,-0.015621225400000001
2010-05-05,2981.777,3036.865,2943.361,3036.394,5967044100.0,0.56119511,0.0056119511
2010-05-06,3014.907,3014.907,2895.392,2896.856,5877041300.0,-4.59551692,-0.0459551692
2010-05-07,2835.879,2892.533,2817.153,2836.789,6111939900.0,-2.07352385,-0.0207352385
2010-05-10,2842.366,2872.314,2798.523,2858.233,5020917300.0,0.7559251,0.007559251
2010-05-11,2916.335,2922.125,2790.701,2800.817,5836349000.0,-2.00879354,-0.0200879354
2010-05-12,2781.708,2832.147,2756.422,2818.16,5300227100.0,0.61921218,0.0061921218
2010-05-13,2818.578,2886.972,2811.661,2886.911,5514577800.0,2.4395705,0.024395705
2010-05-14,2865.58,2888.093,2849.241,2868.023,4249871900.0,-0.65426333,-0.0065426333000000005
2010-05-17,2828.882,2828.882,2712.444,2714.715,5216684700.0,-5.34542436,-0.0534542436
2010-05-18,2711.407,2781.845,2686.973,2771.348,5450967100.0,2.08614901,0.0208614901
2010-05-19,2748.952,2803.695,2723.304,2762.174,4557622100.0,-0.33103024,-0.0033103024
2010-05-20,2739.219,2793.876,2721.072,2726.022,4217480300.0,-1.30882414,-0.0130882414
2010-05-21,2656.419,2769.094,2647.597,2768.791,5447538300.0,1.56891617,0.0156891617
2010-05-24,2787.751,2886.368,2787.751,2873.469,7450233800.0,3.78063928,0.0378063928
2010-05-25,2851.256,2855.332,2798.02,2813.943,5516832700.0,-2.07157272,-0.0207157272
2010-05-26,2814.444,2839.031,2797.628,2813.944,3985856400.0,3.554e-05,3.554e-07
2010-05-27,2808.048,2866.865,2771.586,2859.979,5344520900.0,1.63596006,0.0163596006
2010-05-28,2885.857,2893.687,2835.069,2850.302,5153498900.0,-0.33835913,-0.0033835913
2010-05-31,2835.334,2857.416,2772.792,2773.264,4621685400.0,-2.70280132,-0.0270280132
2010-06-01,2755.284,2782.288,2710.593,2744.162,4485142600.0,-1.0493772,-0.010493771999999998
2010-06-02,2729.328,2757.914,2700.075,2757.527,3958702000.0,0.48703393,0.0048703393
2010-06-03,2769.096,2787.512,2735.7,2736.076,3958725800.0,-0.77790716,-0.0077790716000000005
2010-06-04,2721.359,2748.476,2713.095,2744.391,3274629100.0,0.30390238,0.0030390238000000003
2010-06-07,2692.831,2716.401,2673.342,2695.715,3954199300.0,-1.77365397,-0.0177365397
2010-06-08,2694.106,2720.586,2672.058,2699.336,3514018200.0,0.13432429,0.0013432429000000002
2010-06-09,2711.642,2787.825,2687.331,2782.133,6020953300.0,3.06730989,0.0306730989
2010-06-10,2755.94,2776.259,2746.107,2750.023,4290633400.0,-1.15415043,-0.0115415043
2010-06-11,2766.196,2782.095,2755.949,2758.866,4055858500.0,0.32156095,0.0032156095
2010-06-17,2778.533,2784.916,2742.64,2742.733,3261235600.0,-0.58476925,-0.0058476925
2010-06-18,2739.032,2755.842,2686.614,2696.166,4180834400.0,-1.69783205,-0.016978320499999998
2010-06-21,2698.984,2784.47,2686.323,2780.663,5526148200.0,3.13396875,0.031339687500000005
2010-06-22,2772.886,2795.323,2766.443,2783.72,3909605200.0,0.10993781,0.0010993781
2010-06-23,2768.695,2788.219,2734.047,2758.495,3560035000.0,-0.90616154,-0.0090616154
2010-06-24,2753.712,2783.508,2739.807,2757.498,2922068200.0,-0.0361429,-0.00036142899999999997
2010-06-25,2744.122,2759.445,2715.655,2736.287,3067178200.0,-0.7692118,-0.007692118
2010-06-28,2734.507,2751.455,2710.087,2716.777,2771004400.0,-0.71301,-0.0071301
2010-06-29,2717.465,2724.231,2591.694,2592.019,4875855200.0,-4.59213252,-0.0459213252
2010-06-30,2572.912,2575.824,2546.843,2563.07,3569879400.0,-1.11685138,-0.0111685138
2010-07-01,2557.92,2574.098,2524.573,2526.071,3285764600.0,-1.44354231,-0.0144354231
2010-07-02,2523.035,2542.122,2462.202,2534.105,4491410000.0,0.31804332,0.0031804332000000004
2010-07-05,2507.354,2529.425,2476.49,2512.651,3217857400.0,-0.84661054,-0.0084661054
2010-07-06,2504.869,2563.411,2502.931,2562.902,3971476200.0,1.99991961,0.0199991961
2010-07-07,2561.106,2580.608,2548.559,2580.477,3572090900.0,0.68574608,0.0068574608
2010-07-08,2591.509,2602.23,2564.638,2575.921,3405696600.0,-0.1765565,-0.001765565
2010-07-09,2578.555,2662.163,2557.259,2647.104,5849304500.0,2.76339996,0.0276339996
2010-07-12,2647.421,2689.809,2636.648,2676.218,5846249100.0,1.09984345,0.010998434500000001
2010-07-13,2649.658,2649.658,2618.34,2634.593,4322850600.0,-1.55536657,-0.015553665699999998
2010-07-14,2640.925,2684.616,2640.542,2653.609,4668886000.0,0.72178131,0.0072178131000000005
2010-07-15,2650.334,2680.442,2607.788,2608.519,4044045900.0,-1.69919532,-0.0169919532
2010-07-16,2597.0,2621.332,2573.794,2616.128,3506330200.0,0.29169809,0.0029169809000000003
2010-07-19,2592.087,2691.937,2585.007,2682.472,5386807000.0,2.53596154,0.0253596154
2010-07-20,2685.459,2746.237,2685.459,2741.503,7312834500.0,2.20061943,0.0220061943
2010-07-21,2744.696,2766.205,2733.721,2747.335,7075709200.0,0.21273002,0.0021273002
2010-07-22,2738.027,2783.138,2734.071,2781.286,6106480600.0,1.2357794,0.012357794
2010-07-23,2787.521,2806.979,2769.44,2793.076,6451856500.0,0.42390463,0.0042390463
2010-07-26,2798.762,2811.953,2775.778,2811.055,5358002600.0,0.64369892,0.0064369892
2010-07-27,2803.755,2812.208,2785.374,2795.724,4979988400.0,-0.54538243,-0.0054538243
2010-07-28,2796.483,2866.404,2784.155,2863.724,7998595400.0,2.43228588,0.0243228588
2010-07-29,2866.772,2888.599,2851.996,2877.976,9596540900.0,0.49767366,0.0049767366
2010-07-30,2871.481,2876.136,2844.682,2868.846,6257559100.0,-0.31723684,-0.0031723684
2010-08-02,2868.279,2922.612,2867.45,2917.275,7174330000.0,1.68810037,0.016881003699999998
2010-08-03,2925.254,2929.614,2865.761,2865.971,8174836400.0,-1.75862749,-0.0175862749
2010-08-04,2858.354,2876.595,2818.248,2876.434,7131803900.0,0.36507697,0.0036507697
2010-08-05,2874.66,2877.31,2833.669,2850.829,6715758100.0,-0.8901647,-0.008901647
2010-08-06,2848.155,2898.534,2821.033,2897.659,7491489500.0,1.64268008,0.016426800800000002
2010-08-09,2894.103,2922.624,2888.045,2918.241,7472639100.0,0.71029752,0.0071029752
2010-08-10,2920.404,2925.296,2832.078,2832.638,7843503400.0,-2.93337665,-0.0293337665
2010-08-11,2823.15,2864.361,2823.15,2850.211,5497913300.0,0.62037578,0.0062037578
2010-08-12,2822.791,2860.369,2810.102,2816.386,5989322700.0,-1.18675424,-0.0118675424
2010-08-13,2818.41,2856.043,2799.221,2855.547,5850772100.0,1.39046991,0.013904699099999999
2010-08-16,2851.219,2927.688,2843.024,2922.083,8106804300.0,2.33006146,0.023300614600000002
2010-08-17,2927.258,2949.73,2917.834,2942.291,7645291200.0,0.69156146,0.0069156146
2010-08-18,2945.979,2962.749,2924.668,2937.362,7074760000.0,-0.16752252,-0.0016752252
2010-08-19,2940.767,2975.188,2928.013,2955.395,7692486500.0,0.6139182,0.006139182
2010-08-20,2943.334,2951.956,2892.64,2898.333,7166330600.0,-1.93077406,-0.0193077406
2010-08-23,2895.707,2920.541,2886.659,2896.192,4891551700.0,-0.07387005,-0.0007387005000000001
2010-08-24,2892.129,2933.118,2866.802,2911.827,6109379600.0,0.53984681,0.0053984681000000005
2010-08-25,2893.986,2904.662,2842.249,2843.023,6361062100.0,-2.3629151,-0.023629151
2010-08-26,2853.105,2868.878,2836.129,2850.093,4867044200.0,0.24867896,0.0024867896
2010-08-27,2847.448,2861.074,2833.422,2858.566,4078958200.0,0.29728854,0.0029728854
2010-08-30,2874.247,2921.085,2872.918,2915.01,6574988200.0,1.97455647,0.0197455647
2010-08-31,2905.154,2910.06,2889.808,2903.188,6576610400.0,-0.40555607,-0.0040555606999999995
2010-09-01,2907.663,2931.76,2859.166,2884.042,7697557800.0,-0.65948192,-0.006594819200000001
2010-09-02,2917.735,2931.547,2903.028,2921.393,7070085100.0,1.2950921,0.012950920999999999
2010-09-03,2926.939,2929.548,2891.878,2920.205,7264102700.0,-0.04066553,-0.0004066553
2010-09-06,2935.89,2980.424,2935.89,2975.09,9385568100.0,1.87949134,0.0187949134
2010-09-07,2979.298,2991.435,2959.902,2983.108,7351936100.0,0.26950445,0.0026950445
2010-09-08,2970.002,2982.72,2953.839,2980.967,7287200200.0,-0.07177078,-0.0007177078000000001
2010-09-09,2986.867,2986.867,2922.2,2926.46,8139555400.0,-1.82850062,-0.0182850062
2010-09-10,2928.001,2940.79,2890.035,2932.554,6508670400.0,0.20823794,0.0020823794000000002
2010-09-13,2933.594,2977.078,2925.416,2962.319,6727990000.0,1.01498557,0.010149855699999998
2010-09-14,2971.547,2984.466,2954.507,2965.009,7010590300.0,0.09080724,0.0009080723999999999
2010-09-15,2965.539,2965.539,2905.63,2913.194,7161964200.0,-1.7475495,-0.017475495
2010-09-16,2908.322,2917.849,2834.033,2857.789,7407428400.0,-1.90186441,-0.0190186441
2010-09-17,2864.717,2877.083,2847.681,2861.369,5193886700.0,0.12527167,0.0012527167
2010-09-20,2865.04,2872.219,2829.757,2849.828,5028310400.0,-0.4033384,-0.004033384
2010-09-21,2859.43,2869.38,2844.125,2857.476,3575188100.0,0.26836707,0.0026836707
2010-09-27,2869.928,2905.526,2864.209,2905.029,4907182300.0,1.66416096,0.0166416096
2010-09-28,2900.536,2900.536,2875.658,2880.907,5866082600.0,-0.83035316,-0.0083035316
2010-09-29,2877.269,2908.732,2866.854,2874.812,5678223600.0,-0.21156532,-0.0021156532
2010-09-30,2859.06,2935.595,2857.418,2935.574,6300024700.0,2.11359908,0.0211359908
2010-10-08,2965.652,3055.836,2963.237,3044.233,9999472000.0,3.70145668,0.0370145668
2010-10-11,3069.188,3154.204,3069.188,3132.895,15873490400.0,2.91245775,0.029124577500000002
2010-10-12,3121.636,3173.849,3106.224,3172.726,12736170500.0,1.27137999,0.0127137999
2010-10-13,3176.886,3221.646,3165.578,3217.577,14460777300.0,1.4136424,0.014136424000000002
2010-10-14,3245.133,3286.023,3215.031,3224.14,17961183800.0,0.20397336,0.0020397336
2010-10-15,3204.723,3327.683,3199.122,3327.683,19341414000.0,3.21149206,0.0321149206
2010-10-18,3345.804,3390.015,3288.781,3306.16,21788205100.0,-0.64678637,-0.006467863700000001
2010-10-19,3300.517,3375.867,3279.999,3375.674,13044179100.0,2.10256007,0.0210256007
2010-10-20,3304.221,3439.225,3301.009,3396.879,16652846000.0,0.62817085,0.006281708499999999
2010-10-21,3404.721,3418.091,3344.962,3374.685,12388324500.0,-0.65336446,-0.0065336446
2010-10-22,3365.597,3408.491,3346.111,3378.655,11636185700.0,0.11764061,0.0011764061
2010-10-25,3386.85,3481.347,3366.43,3481.081,14543310500.0,3.03156138,0.0303156138
2010-10-26,3491.474,3499.817,3436.463,3466.084,14263699900.0,-0.43081445,-0.0043081445000000005
2010-10-27,3451.427,3490.217,3398.095,3403.872,12376157000.0,-1.7948786,-0.017948786
2010-10-28,3390.426,3420.885,3371.439,3397.692,9834945600.0,-0.18155794,-0.0018155794
2010-10-29,3400.262,3404.6,3351.601,3379.983,10045897000.0,-0.52120675,-0.0052120675000000005
2010-11-01,3390.413,3472.995,3390.413,3472.995,12626914800.0,2.75184816,0.027518481600000002
2010-11-02,3484.232,3522.175,3449.724,3463.131,15491145000.0,-0.28401999,-0.0028401999
2010-11-03,3462.74,3474.707,3419.08,3420.341,12635930300.0,-1.2355871,-0.012355871000000001
2010-11-04,3426.46,3480.929,3419.643,3480.505,11679948100.0,1.7590059,0.017590059
2010-11-05,3538.988,3554.47,3498.276,3520.798,13768802700.0,1.15767683,0.0115767683
2010-11-08,3534.191,3549.305,3506.375,3548.566,12647075900.0,0.78868484,0.0078868484
2010-11-09,3547.44,3547.44,3498.623,3523.954,12245453300.0,-0.69357594,-0.0069357594
2010-11-10,3507.195,3508.275,3470.968,3499.111,12007857800.0,-0.70497515,-0.0070497515
2010-11-11,3490.738,3557.987,3484.891,3509.975,13897623300.0,0.31047886,0.0031047886
2010-11-12,3484.606,3497.061,3284.348,3291.833,16073385000.0,-6.21491606,-0.0621491606
2010-11-15,3298.737,3319.976,3241.758,3314.893,10231572400.0,0.70052156,0.0070052156
2010-11-16,3311.616,3311.616,3155.475,3169.538,10830707200.0,-4.38490775,-0.0438490775
2010-11-17,3124.109,3168.931,3087.507,3103.906,8325808000.0,-2.07071188,-0.0207071188
2010-11-18,3134.937,3158.629,3097.388,3147.962,6569729200.0,1.41937288,0.014193728800000001
2010-11-19,3168.165,3178.846,3076.213,3178.846,8334765400.0,0.98107919,0.0098107919
2010-11-22,3148.215,3200.472,3137.751,3171.941,8321277600.0,-0.21721719,-0.0021721719
2010-11-23,3156.478,3156.478,3061.623,3107.176,7739959100.0,-2.04180973,-0.020418097300000004
2010-11-24,3088.992,3177.412,3088.992,3177.043,7533208300.0,2.24856912,0.0224856912
2010-11-25,3197.965,3227.054,3172.282,3223.484,8344209400.0,1.46176807,0.0146176807
2010-11-26,3214.132,3224.517,3170.364,3194.853,6446782400.0,-0.88820047,-0.0088820047
2010-11-29,3183.54,3206.756,3159.459,3190.05,5899489200.0,-0.15033556,-0.0015033556
2010-11-30,3187.529,3205.782,3060.438,3136.985,8576235500.0,-1.66345355,-0.016634535500000002
2010-12-01,3127.262,3150.436,3111.645,3136.024,4888266800.0,-0.03063451,-0.0003063451
2010-12-02,3185.76,3194.226,3154.32,3155.059,6102390800.0,0.60697877,0.0060697877
2010-12-03,3161.93,3171.378,3134.419,3158.156,5047535400.0,0.09815981,0.0009815981
2010-12-06,3168.875,3185.332,3140.555,3165.57,5636263000.0,0.23475724,0.0023475724
2010-12-07,3152.733,3214.691,3112.223,3200.339,5848365300.0,1.0983488,0.010983488
2010-12-08,3194.895,3215.281,3166.766,3171.882,5951566300.0,-0.88918705,-0.0088918705
2010-12-09,3155.996,3175.052,3122.196,3123.366,6615296500.0,-1.5295651,-0.015295650999999999
2010-12-10,3107.379,3172.163,3101.083,3161.977,5710810500.0,1.23619838,0.0123619838
2010-12-13,3176.335,3261.344,3173.564,3261.061,9571373900.0,3.13360913,0.0313360913
2010-12-14,3270.201,3279.365,3254.181,3269.474,8410424100.0,0.25798352,0.0025798352
2010-12-15,3270.781,3282.772,3242.516,3247.644,7226978500.0,-0.6676915,-0.006676915
2010-12-16,3246.013,3258.394,3224.122,3230.665,5679962500.0,-0.52280977,-0.0052280977
2010-12-17,3229.297,3232.839,3212.579,3225.661,4491914700.0,-0.15489071,-0.0015489070999999998
2010-12-20,3239.022,3249.763,3117.998,3178.657,7475969300.0,-1.4571897,-0.014571897
2010-12-21,3184.7,3251.551,3168.889,3249.509,7985242000.0,2.22899168,0.0222899168
2010-12-22,3253.821,3263.45,3201.669,3215.453,6993625800.0,-1.04803526,-0.0104803526
2010-12-23,3210.67,3237.644,3183.152,3188.607,6131584700.0,-0.83490569,-0.0083490569
2010-12-24,3170.642,3187.724,3139.454,3162.955,5513776700.0,-0.80448923,-0.0080448923
2010-12-27,3176.107,3219.655,3092.263,3099.709,7001710700.0,-1.99958583,-0.0199958583
2010-12-28,3084.823,3095.358,3041.328,3044.931,5632574900.0,-1.76719815,-0.0176719815
2010-12-29,3049.928,3062.557,3025.22,3061.83,4519277500.0,0.55498795,0.0055498795
2010-12-30,3063.05,3079.909,3027.898,3064.098,5428142900.0,0.07407335,0.0007407335
2010-12-31,3069.053,3129.446,3067.108,3128.261,6256607800.0,2.09402571,0.020940257099999998
2011-01-04,3155.557,3194.358,3143.604,3189.682,8541044000.0,1.96342313,0.0196342313
2011-01-05,3170.181,3193.779,3158.871,3175.662,7926881000.0,-0.43954225,-0.0043954225
2011-01-06,3177.835,3198.052,3152.572,3159.643,5968109200.0,-0.50443026,-0.0050443026
2011-01-07,3156.362,3209.9,3141.125,3166.624,8409323300.0,0.22094268,0.0022094268
2011-01-10,3162.085,3182.782,3102.428,3108.187,6549440600.0,-1.84540381,-0.0184540381
2011-01-11,3096.249,3131.292,3084.513,3124.922,5698591700.0,0.53841677,0.0053841677
2011-01-12,3135.18,3153.43,3099.413,3142.337,5849851800.0,0.55729391,0.0055729390999999994
2011-01-13,3153.985,3157.036,3127.158,3141.284,5193698800.0,-0.03351009,-0.0003351009
2011-01-14,3129.667,3129.667,3083.511,3091.862,5335143900.0,-1.57330569,-0.0157330569
2011-01-17,3067.433,3078.88,2968.61,2974.35,6680756200.0,-3.80068709,-0.038006870899999996
2011-01-18,2965.424,2984.47,2947.6,2977.648,4296456400.0,0.11088137,0.0011088137
2011-01-19,2978.457,3045.605,2967.243,3044.851,5657194200.0,2.25691553,0.0225691553
2011-01-20,3037.862,3037.862,2944.498,2944.713,6104664300.0,-3.2887652,-0.032887651999999996
2011-01-21,2935.233,3030.265,2935.138,2983.456,7310296600.0,1.31568,0.0131568
2011-01-24,2986.092,2999.201,2943.92,2954.232,6547254500.0,-0.97953514,-0.0097953514
2011-01-25,2949.647,2960.587,2919.162,2938.654,4898268900.0,-0.52731133,-0.0052731133
2011-01-26,2939.773,2982.322,2939.356,2978.431,4337497900.0,1.35357888,0.013535788799999999
2011-01-27,2953.589,3037.159,2935.271,3026.466,8258591900.0,1.61276189,0.0161276189
2011-01-28,3020.122,3047.266,3011.375,3036.735,6301358900.0,0.33930664,0.0033930664
2011-01-31,3035.418,3076.547,3032.449,3076.508,6710591400.0,1.30972903,0.0130972903
2011-02-01,3083.493,3087.225,3062.83,3077.283,4986253000.0,0.0251909,0.000251909
2011-02-09,3055.398,3087.551,3031.749,3040.949,6039414500.0,-1.18071689,-0.0118071689
2011-02-10,3034.079,3105.324,3024.349,3104.163,6660366200.0,2.07875897,0.0207875897
2011-02-11,3100.274,3133.499,3092.582,3120.956,7597555300.0,0.54098319,0.005409831899999999
2011-02-14,3123.246,3227.432,3123.246,3219.143,12130233100.0,3.14605525,0.031460552499999996
2011-02-15,3223.222,3259.639,3215.619,3217.671,10955443800.0,-0.04572646,-0.00045726459999999997
2011-02-16,3211.135,3248.849,3195.467,3248.527,9133428300.0,0.95895447,0.0095895447
2011-02-17,3255.626,3265.257,3218.913,3245.907,8896469500.0,-0.08065194,-0.0008065194
2011-02-18,3240.051,3242.374,3203.12,3211.876,7537868400.0,-1.04842807,-0.0104842807
2011-02-21,3192.146,3258.28,3189.848,3257.908,7939977600.0,1.43318111,0.014331811100000001
2011-02-22,3267.615,3269.048,3161.833,3163.578,10786374100.0,-2.89541632,-0.028954163199999997
2011-02-23,3152.441,3182.185,3145.986,3174.742,7132485400.0,0.35289157,0.0035289157
2011-02-24,3170.236,3195.688,3157.969,3190.935,6648689300.0,0.5100572,0.005100572
2011-02-25,3190.872,3213.792,3159.847,3197.617,6161927500.0,0.20940571,0.0020940571
2011-02-28,3200.677,3241.597,3178.831,3239.559,7663066300.0,1.31166428,0.0131166428
2011-03-01,3241.714,3273.511,3235.754,3254.893,8856695400.0,0.47333603,0.0047333603
2011-03-02,3237.116,3257.419,3202.833,3243.298,8091064100.0,-0.35623291,-0.0035623291
2011-03-03,3248.156,3271.64,3221.038,3221.718,10121999700.0,-0.6653721,-0.0066537210000000005
2011-03-04,3223.507,3273.658,3217.477,3270.666,8001391500.0,1.51931361,0.015193136099999999
2011-03-07,3287.405,3337.466,3287.405,3334.51,11818719700.0,1.95201834,0.0195201834
2011-03-08,3335.71,3342.711,3311.722,3337.457,8487865500.0,0.0883788,0.0008837879999999999
2011-03-09,3344.1,3355.487,3322.698,3338.858,7802636100.0,0.04197807,0.0004197807
2011-03-10,3330.444,3330.444,3279.33,3280.259,7821264200.0,-1.75506116,-0.0175506116
2011-03-11,3263.081,3290.7,3240.181,3247.376,6720833500.0,-1.00245133,-0.0100245133
2011-03-14,3238.905,3263.906,3230.114,3262.92,6368978300.0,0.47866339,0.0047866339
2011-03-15,3250.595,3250.595,3147.957,3203.961,9603397900.0,-1.8069398,-0.018069398
2011-03-16,3204.919,3250.878,3202.931,3248.195,7885952000.0,1.38060357,0.013806035699999998
2011-03-17,3216.288,3240.381,3185.084,3197.1,8568711400.0,-1.57302748,-0.0157302748
2011-03-18,3228.915,3239.963,3205.144,3215.685,6134016100.0,0.58130806,0.0058130806
2011-03-21,3220.677,3236.279,3194.145,3207.11,5910503700.0,-0.26666169,-0.0026666169
2011-03-22,3217.8,3227.797,3175.93,3222.961,5724868400.0,0.4942456,0.0049424560000000005
2011-03-23,3222.325,3267.004,3216.653,3264.926,7207758500.0,1.30206354,0.013020635400000001
2011-03-24,3269.575,3273.37,3250.023,3251.361,6130424400.0,-0.41547649,-0.0041547649
2011-03-25,3256.179,3304.264,3254.683,3294.484,8689597900.0,1.32630612,0.013263061199999999
2011-03-28,3307.405,3328.07,3286.856,3290.571,9768430000.0,-0.11877429,-0.0011877429
2011-03-29,3288.564,3309.199,3256.337,3257.979,10528016400.0,-0.9904664,-0.009904664
2011-03-30,3256.722,3274.977,3233.109,3256.08,7833633700.0,-0.05828767,-0.0005828767
2011-03-31,3257.164,3264.956,3210.174,3223.288,6450388000.0,-1.00710056,-0.0100710056
2011-04-01,3227.564,3272.768,3220.911,3272.729,6309472200.0,1.53386852,0.0153386852
2011-04-06,3269.19,3315.299,3268.765,3311.067,10582367400.0,1.17143827,0.0117143827
2011-04-07,3313.467,3330.805,3302.818,3324.419,8468176200.0,0.40325369,0.0040325369
2011-04-08,3321.54,3353.889,3314.089,3353.358,7392921000.0,0.87049797,0.008704979699999999
2011-04-11,3363.37,3380.527,3331.174,3333.427,10442054500.0,-0.59435945,-0.0059435945
2011-04-12,3324.754,3350.156,3307.476,3326.771,10193850600.0,-0.19967439,-0.0019967439
2011-04-13,3311.324,3372.031,3296.507,3372.031,8703633800.0,1.36047837,0.013604783700000001
2011-04-14,3374.324,3378.703,3347.488,3353.56,8897224100.0,-0.54777076,-0.0054777076
2011-04-15,3345.134,3378.106,3323.563,3358.944,7851487400.0,0.16054581,0.0016054581000000002
2011-04-18,3346.149,3372.9,3335.599,3359.438,8658262400.0,0.014707,0.00014706999999999999
2011-04-19,3334.912,3334.912,3290.736,3295.812,8510693300.0,-1.89394774,-0.0189394774
2011-04-20,3300.418,3311.725,3281.827,3295.758,7234331800.0,-0.00163844,-1.63844e-05
2011-04-21,3312.271,3330.244,3301.936,3317.367,7324042400.0,0.655661,0.006556610000000001
2011-04-22,3317.083,3325.459,3291.638,3299.942,6717145500.0,-0.52526597,-0.0052526597
2011-04-25,3292.48,3292.48,3247.691,3249.574,7442182900.0,-1.52632986,-0.0152632986
2011-04-26,3242.529,3257.8,3216.21,3230.96,5909641700.0,-0.57281354,-0.0057281354
2011-04-27,3242.619,3256.413,3189.04,3209.503,6244356700.0,-0.66410602,-0.0066410602
2011-04-28,3224.413,3237.192,3160.406,3161.776,6505023500.0,-1.48705267,-0.0148705267
2011-04-29,3161.158,3193.599,3147.137,3192.723,5368306500.0,0.97878534,0.0097878534
2011-05-03,3192.845,3212.055,3164.926,3211.132,5499891000.0,0.57659246,0.0057659246
2011-05-04,3192.844,3193.446,3120.961,3129.028,6671634000.0,-2.55685534,-0.0255685534
2011-05-05,3115.003,3136.897,3105.854,3126.117,5256774700.0,-0.09303209,-0.0009303209
2011-05-06,3093.809,3141.683,3083.908,3121.396,5535218600.0,-0.15101802,-0.0015101802
2011-05-09,3126.26,3149.937,3118.141,3129.759,4602740400.0,0.26792499,0.0026792498999999997
2011-05-10,3135.146,3153.301,3121.746,3153.221,4093299500.0,0.74964238,0.007496423800000001
2011-05-11,3153.648,3164.65,3127.494,3145.085,4768853300.0,-0.25802188,-0.0025802188
2011-05-12,3123.158,3142.397,3101.136,3101.603,4879950100.0,-1.38253815,-0.013825381500000001
2011-05-13,3105.303,3128.442,3080.19,3128.093,4689595100.0,0.85407449,0.008540744900000001
2011-05-16,3120.436,3137.604,3098.776,3100.463,4519431900.0,-0.88328576,-0.0088328576
2011-05-17,3097.071,3136.231,3076.946,3116.028,5120373100.0,0.50202179,0.0050202179
2011-05-18,3109.294,3145.698,3106.552,3139.379,3964176800.0,0.74938351,0.0074938351
2011-05-19,3148.353,3154.935,3118.619,3120.639,4311078200.0,-0.59693334,-0.0059693333999999995
2011-05-20,3120.579,3133.429,3113.271,3121.596,3846801200.0,0.0306668,0.000306668
2011-05-23,3115.312,3115.312,3021.45,3022.98,5590247200.0,-3.1591532,-0.031591532
2011-05-24,3013.715,3029.746,2999.885,3026.223,4160894400.0,0.10727825,0.0010727825000000002
2011-05-25,3020.323,3030.988,2988.094,2990.343,3928970400.0,-1.18563635,-0.0118563635
2011-05-26,3011.466,3021.203,2977.596,2978.381,3700374700.0,-0.400021,-0.004000210000000001
2011-05-27,2980.721,2996.605,2962.067,2963.308,4277090500.0,-0.50608032,-0.0050608032
2011-05-30,2956.575,2982.583,2942.361,2954.506,3467116000.0,-0.29703291,-0.0029703291
2011-05-31,2958.607,3001.727,2946.146,3001.556,3968939900.0,1.5924828,0.015924828
2011-06-01,2996.085,3006.556,2985.711,3004.173,3841932700.0,0.08718811,0.0008718811
2011-06-02,2970.634,2984.491,2923.016,2955.705,5261786700.0,-1.61335582,-0.0161335582
2011-06-03,2951.579,2993.895,2951.201,2986.349,3907616400.0,1.03677464,0.010367746399999999
2011-06-07,2977.681,3006.569,2974.361,3004.262,3685233200.0,0.59982942,0.0059982942
2011-06-08,3003.581,3012.806,2965.923,3008.652,4290875800.0,0.14612574,0.0014612574
2011-06-09,3000.404,3004.06,2951.889,2951.889,4749663600.0,-1.88665888,-0.0188665888
2011-06-10,2947.927,2964.079,2925.868,2961.932,4220188200.0,0.34022282,0.0034022282
2011-06-13,2940.391,2957.523,2921.746,2950.348,3835166800.0,-0.39109608,-0.0039109608
2011-06-14,2947.655,3000.526,2943.531,2993.559,5598281500.0,1.46460689,0.0146460689
2011-06-15,2984.962,2999.15,2963.112,2963.119,4439085200.0,-1.01684984,-0.010168498399999998
2011-06-16,2939.681,2946.815,2915.401,2917.578,4113548200.0,-1.53692781,-0.0153692781
2011-06-17,2916.405,2934.061,2891.015,2892.157,4117653000.0,-0.8713049,-0.008713049
2011-06-20,2888.935,2896.081,2862.408,2874.896,3799198200.0,-0.59682099,-0.0059682099
2011-06-21,2883.354,2909.572,2877.054,2909.073,4203892300.0,1.18880822,0.0118880822
2011-06-22,2913.666,2921.034,2894.178,2908.582,3731880200.0,-0.01687823,-0.00016878230000000002
2011-06-23,2899.013,2966.54,2888.678,2957.629,4594111700.0,1.68628562,0.0168628562
2011-06-24,2946.609,3047.943,2944.051,3027.47,8545924000.0,2.36138474,0.023613847400000002
2011-06-27,3028.496,3056.023,3019.236,3036.491,6561577100.0,0.29797157,0.0029797157
2011-06-28,3040.183,3046.797,3013.996,3041.734,5576625400.0,0.17266641,0.0017266641
2011-06-29,3039.047,3043.815,2999.953,3000.169,5347684800.0,-1.3664903,-0.013664902999999999
2011-06-30,3003.23,3058.625,3003.23,3044.089,6250254900.0,1.46391753,0.0146391753
2011-07-01,3052.12,3071.206,3034.072,3049.745,5676665300.0,0.18580271,0.0018580271000000002
2011-07-04,3064.935,3124.582,3064.935,3121.98,8046403100.0,2.36855868,0.023685586800000002
2011-07-05,3122.899,3128.529,3105.086,3122.5,6776333500.0,0.0166561,0.000166561
2011-07-06,3116.121,3116.121,3084.834,3113.712,6155580700.0,-0.28144115,-0.0028144115
2011-07-07,3123.29,3140.102,3101.096,3101.68,7181036000.0,-0.38641981,-0.0038641980999999997
2011-07-08,3105.486,3124.386,3093.374,3109.183,5128259300.0,0.24190116,0.0024190116
2011-07-11,3097.874,3120.998,3086.263,3113.206,4792066000.0,0.1293909,0.001293909
2011-07-12,3089.136,3090.097,3054.8,3056.905,5710798400.0,-1.80845726,-0.0180845726
2011-07-13,3060.42,3108.497,3060.42,3106.247,5411436700.0,1.61411624,0.0161411624
2011-07-14,3112.587,3126.153,3092.473,3115.745,6031493500.0,0.30577092,0.0030577092
2011-07-15,3105.497,3130.775,3097.336,3128.889,6155032200.0,0.42185737,0.0042185737000000004
2011-07-18,3131.803,3137.922,3113.667,3122.6,6069131100.0,-0.20099786,-0.0020099786
2011-07-19,3108.472,3109.916,3088.377,3095.125,5338870900.0,-0.87987574,-0.008798757400000001
2011-07-20,3113.705,3119.543,3071.85,3091.567,4411833100.0,-0.11495497,-0.0011495497
2011-07-21,3092.271,3099.278,3058.255,3059.139,4408469100.0,-1.04891791,-0.010489179099999999
2011-07-22,3066.192,3083.191,3059.598,3067.985,3725725500.0,0.28916633,0.0028916633
2011-07-25,3050.897,3050.897,2958.878,2968.289,6718099600.0,-3.24955956,-0.032495595599999996
2011-07-26,2965.721,2980.857,2957.61,2977.766,4351545700.0,0.31927484,0.0031927484
2011-07-27,2961.576,3002.691,2951.516,3000.052,4838561200.0,0.74841341,0.0074841340999999995
2011-07-28,2973.642,2984.375,2956.71,2981.002,4813898400.0,-0.63498899,-0.0063498899
2011-07-29,2981.021,2995.974,2948.076,2972.079,4629825300.0,-0.29932888,-0.0029932888
2011-08-01,2969.106,2991.051,2958.832,2977.721,3388694900.0,0.18983345,0.0018983345
2011-08-02,2958.85,2958.85,2919.014,2956.383,3897835700.0,-0.71658829,-0.0071658829
2011-08-03,2930.193,2969.132,2927.096,2954.87,3866836200.0,-0.0511774,-0.000511774
2011-08-04,2962.913,2983.012,2951.838,2960.309,3298571900.0,0.18406901,0.0018406901000000001
2011-08-05,2881.737,2916.41,2868.157,2897.417,4931685400.0,-2.12450795,-0.0212450795
2011-08-08,2864.514,2888.769,2747.967,2793.897,7151776600.0,-3.57283746,-0.0357283746
2011-08-09,2720.953,2812.769,2697.062,2798.19,6984267600.0,0.15365634,0.0015365634
2011-08-10,2845.352,2858.553,2820.123,2824.12,5865931200.0,0.92667045,0.0092667045
2011-08-11,2779.715,2867.311,2777.761,2866.924,5899768900.0,1.51565797,0.015156579699999999
2011-08-12,2881.554,2894.224,2868.871,2875.365,5719740600.0,0.29442706,0.0029442706000000003
2011-08-15,2883.174,2917.883,2870.19,2917.883,5987547600.0,1.47869923,0.0147869923
2011-08-16,2920.829,2932.14,2888.334,2897.581,5096268100.0,-0.69577841,-0.0069577840999999994
2011-08-17,2893.849,2910.835,2881.631,2886.013,3917817900.0,-0.39922956,-0.0039922956
2011-08-18,2887.103,2889.997,2832.269,2834.254,4076888300.0,-1.79344306,-0.0179344306
2011-08-19,2789.346,2814.099,2782.556,2807.664,4325965000.0,-0.93816574,-0.0093816574
2011-08-22,2809.329,2829.687,2768.418,2777.787,3420968500.0,-1.06412306,-0.0106412306
2011-08-23,2788.699,2821.003,2777.287,2821.003,3262051400.0,1.55577083,0.015557708299999999
2011-08-24,2834.577,2845.47,2804.818,2810.016,3530156500.0,-0.3894714,-0.003894714
2011-08-25,2818.701,2904.438,2815.912,2903.837,7221684500.0,3.33880661,0.033388066099999995
2011-08-26,2889.382,2907.398,2876.828,2901.216,4560410200.0,-0.09025989,-0.0009025989
2011-08-29,2875.784,2875.784,2847.476,2852.809,4426785000.0,-1.66850727,-0.0166850727
2011-08-30,2875.144,2901.733,2838.33,2841.74,4313787200.0,-0.38800354,-0.0038800353999999997
2011-08-31,2843.993,2855.305,2823.77,2846.776,3210789900.0,0.17721537,0.0017721537
2011-09-01,2852.386,2869.249,2825.956,2834.535,3011870200.0,-0.42999519,-0.0042999519000000005
2011-09-02,2828.839,2836.624,2790.769,2803.854,2931711600.0,-1.08239976,-0.0108239976
2011-09-05,2780.834,2780.834,2743.383,2743.817,3200566000.0,-2.14123132,-0.0214123132
2011-09-06,2727.749,2745.36,2711.071,2723.303,2971398200.0,-0.74764461,-0.007476446100000001
2011-09-07,2738.789,2779.205,2730.055,2779.09,3326538100.0,2.04850507,0.0204850507
2011-09-08,2788.832,2789.112,2755.799,2756.105,2683873500.0,-0.82706929,-0.0082706929
2011-09-09,2770.153,2796.352,2739.62,2751.095,2707350300.0,-0.18177827,-0.0018177827
2011-09-13,2712.443,2726.185,2698.66,2720.283,2671376400.0,-1.1199904,-0.011199904
2011-09-14,2729.256,2736.905,2677.127,2733.108,3042478000.0,0.4714583,0.004714583
2011-09-15,2734.552,2754.193,2728.905,2729.051,3117192500.0,-0.14843907,-0.0014843907000000002
2011-09-16,2744.218,2755.889,2728.995,2733.987,2755593200.0,0.18086873,0.0018086873000000001
2011-09-19,2718.318,2718.318,2678.795,2679.27,2909094100.0,-2.00136284,-0.0200136284
2011-09-20,2675.043,2702.28,2664.1,2689.845,2559868100.0,0.39469706,0.0039469705999999995
2011-09-21,2691.701,2778.353,2677.349,2771.011,5619417100.0,3.01749729,0.0301749729
2011-09-22,2745.146,2754.917,2684.94,2685.688,4710266000.0,-3.07912888,-0.030791288799999997
2011-09-23,2644.294,2681.227,2631.425,2669.478,4259222400.0,-0.60356974,-0.0060356974
2011-09-26,2645.245,2679.56,2603.108,2610.919,3917512400.0,-2.19364984,-0.0219364984
2011-09-27,2634.925,2652.56,2613.423,2637.879,3502197400.0,1.03258661,0.0103258661
2011-09-28,2654.83,2660.099,2602.63,2610.59,3416955500.0,-1.03450537,-0.0103450537
2011-09-29,2593.559,2615.144,2577.286,2588.185,3709359300.0,-0.85823511,-0.0085823511
2011-09-30,2595.582,2607.566,2572.193,2581.351,3205082200.0,-0.26404604,-0.0026404604
2011-10-10,2588.349,2595.324,2552.284,2557.082,2832512200.0,-0.9401666,-0.009401666
2011-10-11,2625.163,2635.694,2526.649,2551.994,4502984800.0,-0.1989768,-0.0019897680000000003
2011-10-12,2537.398,2647.015,2523.344,2644.758,6594568000.0,3.63496152,0.0363496152
2011-10-13,2636.863,2672.91,2629.405,2662.601,6042620100.0,0.6746553,0.006746553
2011-10-14,2655.358,2665.443,2629.879,2653.782,3833694800.0,-0.33121748,-0.0033121748
2011-10-17,2658.947,2687.102,2653.384,2666.951,3615831500.0,0.49623518,0.0049623518
2011-10-18,2646.841,2651.732,2589.205,2592.209,3937344800.0,-2.80252618,-0.0280252618
2011-10-19,2599.917,2617.411,2580.663,2583.081,3111616600.0,-0.3521321,-0.003521321
2011-10-20,2566.603,2570.101,2500.486,2520.532,3984246200.0,-2.42148814,-0.024214881400000002
2011-10-21,2522.257,2538.117,2504.693,2507.877,2984350300.0,-0.50207655,-0.0050207655
2011-10-24,2517.059,2581.125,2501.956,2576.669,4634580100.0,2.74303724,0.0274303724
2011-10-25,2572.708,2633.968,2560.047,2625.425,5796737500.0,1.89221045,0.018922104500000002
2011-10-26,2613.272,2679.658,2611.012,2651.652,7309824000.0,0.99896207,0.0099896207
2011-10-27,2658.428,2672.84,2647.296,2657.478,4882039100.0,0.21971209,0.0021971209
2011-10-28,2694.542,2729.139,2689.376,2709.017,7164310500.0,1.93939517,0.019393951700000002
2011-10-31,2704.535,2709.317,2680.992,2695.307,5040711200.0,-0.50608763,-0.0050608763
2011-11-01,2672.508,2726.088,2669.05,2697.534,5520665100.0,0.0826251,0.0008262510000000001
2011-11-02,2658.547,2742.938,2653.722,2742.39,6436158400.0,1.66285207,0.0166285207
2011-11-03,2752.627,2781.039,2743.196,2744.301,8482076000.0,0.06968374,0.0006968374
2011-11-04,2770.572,2781.99,2748.978,2763.746,6195821800.0,0.7085593,0.007085593
2011-11-07,2750.991,2769.296,2733.168,2736.248,4537505600.0,-0.99495395,-0.0099495395
2011-11-08,2745.059,2756.091,2723.693,2727.71,4788425200.0,-0.31203312,-0.0031203312
2011-11-09,2739.154,2755.811,2710.054,2751.654,4687796000.0,0.87780593,0.0087780593
2011-11-10,2720.836,2729.572,2698.306,2699.588,5117370200.0,-1.89217104,-0.0189217104
2011-11-11,2705.243,2713.914,2685.101,2695.002,3663669600.0,-0.16987777,-0.0016987777
2011-11-14,2717.544,2751.88,2714.862,2750.195,4639094300.0,2.04797622,0.020479762199999998
2011-11-15,2746.773,2754.001,2732.913,2744.68,4175986400.0,-0.20053124,-0.0020053124
2011-11-16,2745.858,2746.29,2659.148,2670.116,5594923900.0,-2.71667371,-0.027166737099999998
2011-11-17,2671.953,2687.831,2660.651,2662.017,3524765200.0,-0.30332016,-0.0030332016
2011-11-18,2643.667,2646.209,2601.179,2606.495,4241471800.0,-2.0857117,-0.020857117
2011-11-21,2608.556,2613.262,2587.742,2609.687,2797189600.0,0.12246331,0.0012246331
2011-11-22,2592.229,2611.15,2580.781,2609.475,2906907800.0,-0.00812358,-8.12358e-05
2011-11-23,2613.291,2617.088,2578.157,2584.011,2853141200.0,-0.97582847,-0.0097582847
2011-11-24,2565.686,2604.236,2557.695,2588.915,3031960100.0,0.18978247,0.0018978247
2011-11-25,2585.137,2598.392,2563.65,2569.973,2391376600.0,-0.73165786,-0.0073165786
2011-11-28,2578.344,2589.354,2562.493,2573.321,2566693600.0,0.13027374,0.0013027374
2011-11-29,2595.086,2609.187,2580.293,2608.569,3002587800.0,1.3697475,0.013697474999999999
2011-11-30,2600.099,2601.9,2507.184,2521.52,4235264500.0,-3.33704035,-0.0333704035
2011-12-01,2596.153,2630.664,2577.722,2583.613,6352025200.0,2.46252261,0.0246252261
2011-12-02,2570.56,2575.692,2543.532,2557.311,3218370300.0,-1.01803173,-0.010180317299999998
2011-12-05,2561.2,2561.2,2517.179,2521.385,3206338800.0,-1.404835,-0.014048350000000001
2011-12-06,2515.044,2525.666,2499.574,2516.341,2629758100.0,-0.20004878,-0.0020004878000000003
2011-12-07,2517.341,2534.529,2509.777,2528.228,2326183900.0,0.47239226,0.0047239226
2011-12-08,2525.041,2549.101,2494.694,2525.001,2777774400.0,-0.1276388,-0.001276388
2011-12-09,2506.624,2525.162,2496.972,2503.461,2402905900.0,-0.85306897,-0.0085306897
2011-12-12,2497.922,2502.046,2476.116,2477.692,2190124900.0,-1.02933499,-0.0102933499
2011-12-13,2467.016,2472.656,2418.673,2421.928,3571753400.0,-2.25064294,-0.0225064294
2011-12-14,2415.944,2433.55,2392.299,2397.48,2532010900.0,-1.00944372,-0.010094437199999999
2011-12-15,2382.441,2384.473,2340.447,2340.788,3675083400.0,-2.36464955,-0.023646495500000003
2011-12-16,2339.976,2390.378,2332.14,2390.129,3630233900.0,2.10787991,0.0210787991
2011-12-19,2370.418,2387.89,2321.657,2384.408,3790975200.0,-0.23935947,-0.0023935947
2011-12-20,2376.709,2412.572,2373.86,2377.073,3240232700.0,-0.30762353,-0.0030762352999999997
2011-12-21,2397.275,2404.775,2337.693,2339.108,3120952500.0,-1.59713227,-0.0159713227
2011-12-22,2325.27,2358.468,2294.607,2341.335,3668385800.0,0.09520723,0.0009520723000000001
2011-12-23,2337.382,2382.709,2331.958,2359.159,3316190400.0,0.76127508,0.0076127508
2011-12-26,2345.555,2369.818,2334.794,2335.702,2822408700.0,-0.994295,-0.00994295
2011-12-27,2332.826,2346.384,2302.411,2305.035,2927731400.0,-1.31296715,-0.0131296715
2011-12-28,2295.866,2309.645,2267.114,2307.928,3288202000.0,0.12550786,0.0012550786
2011-12-29,2297.288,2323.488,2293.872,2311.361,3088770000.0,0.14874814,0.0014874814
2011-12-30,2318.673,2349.029,2318.673,2345.742,3586524300.0,1.48747859,0.0148747859
2012-01-04,2361.499,2365.988,2298.298,2298.753,3434456700.0,-2.00316147,-0.020031614700000002
2012-01-05,2290.78,2316.657,2272.153,2276.385,4301648000.0,-0.9730493,-0.009730493
2012-01-06,2274.352,2291.885,2254.567,2290.601,3519899200.0,0.62449893,0.0062449893
2012-01-09,2291.182,2368.889,2271.717,2368.57,5472734100.0,3.4038665,0.034038664999999996
2012-01-10,2365.768,2449.955,2361.281,2447.349,8115498900.0,3.32601528,0.0332601528
2012-01-11,2444.757,2453.146,2423.322,2435.608,5870567400.0,-0.47974359,-0.0047974359
2012-01-12,2426.82,2464.378,2423.321,2435.219,4712127500.0,-0.01597137,-0.0001597137
2012-01-13,2438.405,2445.787,2374.545,2394.334,4551399700.0,-1.67890444,-0.016789044399999998
2012-01-16,2376.953,2394.498,2345.633,2345.649,3052714500.0,-2.03334205,-0.020333420499999998
2012-01-17,2347.568,2462.429,2329.248,2460.601,6420564800.0,4.90064797,0.049006479699999994
2012-01-18,2464.92,2485.498,2414.527,2422.189,6389235800.0,-1.56108203,-0.0156108203
2012-01-19,2423.857,2480.206,2414.985,2468.35,5561572600.0,1.9057555,0.019057555
2012-01-20,2476.73,2510.34,2462.594,2504.086,5452978300.0,1.44776875,0.014477687500000001
2012-01-30,2508.877,2508.877,2460.396,2460.72,4351714800.0,-1.73180953,-0.0173180953
2012-01-31,2462.338,2472.839,2447.768,2464.26,3070150100.0,0.14386033,0.0014386033
2012-02-01,2458.233,2481.664,2423.45,2428.994,3501537400.0,-1.43109899,-0.0143109899
2012-02-02,2437.47,2486.238,2429.709,2486.238,4206698500.0,2.35669582,0.0235669582
2012-02-03,2478.336,2514.645,2470.28,2506.09,4994924000.0,0.79847545,0.0079847545
2012-02-06,2511.172,2520.758,2488.709,2504.322,4507990500.0,-0.07054814,-0.0007054813999999999
2012-02-07,2489.032,2489.032,2441.698,2457.954,3967916400.0,-1.85151909,-0.0185151909
2012-02-08,2456.422,2534.162,2450.999,2528.236,5618645600.0,2.85937003,0.0285937003
2012-02-09,2525.589,2546.025,2513.131,2529.231,5929975100.0,0.0393555,0.000393555
2012-02-10,2521.676,2560.027,2521.155,2533.624,6157587700.0,0.17368916,0.0017368916000000002
2012-02-13,2504.41,2553.446,2496.305,2531.981,5191397300.0,-0.06484782,-0.0006484782
2012-02-14,2528.967,2533.264,2506.537,2522.107,4043010100.0,-0.38997133,-0.0038997133
2012-02-15,2515.829,2562.071,2511.289,2549.607,5809037000.0,1.09035818,0.0109035818
2012-02-16,2544.641,2559.345,2519.043,2536.074,5439543100.0,-0.53078769,-0.0053078769
2012-02-17,2551.815,2558.345,2522.856,2537.086,3899471600.0,0.0399042,0.000399042
2012-02-20,2571.907,2574.746,2539.904,2540.706,5615332900.0,0.14268338,0.0014268338
2012-02-21,2544.835,2562.909,2520.786,2562.453,4789480800.0,0.85594319,0.0085594319
2012-02-22,2564.315,2598.863,2560.343,2597.476,7637665600.0,1.36677629,0.0136677629
2012-02-23,2595.779,2614.537,2590.518,2606.256,7037712600.0,0.33802045,0.0033802044999999997
2012-02-24,2607.339,2648.017,2602.776,2648.017,8599970800.0,1.60233684,0.0160233684
2012-02-27,2658.121,2693.843,2656.573,2656.573,10151403400.0,0.32310971,0.0032310971
2012-02-28,2652.342,2671.833,2641.459,2662.463,7759253600.0,0.22171422,0.0022171421999999997
2012-02-29,2655.858,2666.647,2631.784,2634.143,5912020600.0,-1.06367675,-0.0106367675
2012-03-01,2622.737,2647.785,2621.858,2633.345,4214844100.0,-0.03029448,-0.0003029448
2012-03-02,2637.961,2679.934,2637.961,2679.934,6412203400.0,1.76919469,0.017691946899999998
2012-03-05,2687.74,2694.612,2660.955,2662.698,7139545800.0,-0.64315017,-0.0064315017
2012-03-06,2654.799,2657.963,2615.6,2621.052,6244714800.0,-1.5640527,-0.015640527
2012-03-07,2596.479,2628.585,2594.128,2603.005,5694873300.0,-0.68854033,-0.0068854033000000005
2012-03-08,2612.403,2645.953,2612.403,2635.791,5754941300.0,1.25954426,0.0125954426
2012-03-09,2644.1,2664.414,2631.406,2664.302,5525892100.0,1.08168667,0.0108168667
2012-03-12,2663.243,2666.432,2636.423,2654.402,6232721600.0,-0.3715795,-0.003715795
2012-03-13,2653.681,2681.334,2649.169,2681.073,5840446900.0,1.00478375,0.0100478375
2012-03-14,2694.475,2705.754,2595.342,2605.106,10842654000.0,-2.83345511,-0.0283345511
2012-03-15,2602.661,2618.252,2575.437,2585.546,7256596000.0,-0.75083317,-0.007508331700000001
2012-03-16,2591.8,2624.316,2577.245,2623.52,5809125900.0,1.46870332,0.0146870332
2012-03-19,2617.662,2631.045,2598.63,2630.013,5764662500.0,0.24749192,0.0024749192
2012-03-20,2622.66,2622.66,2584.024,2584.445,5811406500.0,-1.73261501,-0.0173261501
2012-03-21,2597.375,2613.269,2569.075,2587.793,5800254400.0,0.12954425,0.0012954425
2012-03-22,2586.938,2599.244,2570.446,2583.747,4492677700.0,-0.15634945,-0.0015634945
2012-03-23,2575.327,2578.825,2544.525,2552.94,4332925600.0,-1.1923381,-0.011923381
2012-03-26,2551.425,2562.929,2540.696,2555.442,3181621100.0,0.09800465,0.0009800465
2012-03-27,2565.551,2571.899,2544.373,2547.143,3594460400.0,-0.32475791,-0.0032475791
2012-03-28,2538.458,2540.417,2471.034,2474.9,5000579000.0,-2.83623652,-0.0283623652
2012-03-29,2463.688,2476.478,2429.732,2443.122,4613130400.0,-1.28401148,-0.0128401148
2012-03-30,2447.939,2461.977,2438.488,2454.899,3702708600.0,0.48204715,0.0048204714999999995
2012-04-05,2449.208,2517.386,2441.269,2512.832,5433168700.0,2.35989342,0.0235989342
2012-04-06,2509.445,2525.534,2502.703,2519.83,4236857600.0,0.27849056,0.0027849056
2012-04-09,2510.533,2518.378,2491.592,2495.146,3537098600.0,-0.97958989,-0.009795898899999999
2012-04-10,2490.283,2519.812,2459.348,2519.788,4133590500.0,0.98759752,0.0098759752
2012-04-11,2494.517,2541.126,2489.325,2520.036,4251031000.0,0.0098421,9.8421e-05
2012-04-12,2522.828,2570.842,2516.568,2570.436,5648840900.0,1.99997143,0.0199997143
2012-04-13,2575.052,2593.788,2570.035,2580.454,5309264300.0,0.38973933,0.0038973933
2012-04-16,2564.231,2586.198,2559.781,2574.044,4083970000.0,-0.2484059,-0.0024840590000000003
2012-04-17,2572.364,2578.76,2541.535,2541.883,3781546700.0,-1.24943474,-0.012494347400000001
2012-04-18,2550.905,2602.106,2545.996,2599.908,5868840800.0,2.28275652,0.0228275652
2012-04-19,2598.329,2606.86,2585.301,2596.056,4644810900.0,-0.14815909,-0.0014815909
2012-04-20,2591.51,2627.375,2589.351,2626.839,6144637900.0,1.18576025,0.0118576025
2012-04-23,2624.751,2632.092,2599.112,2606.038,5866493800.0,-0.79186429,-0.0079186429
2012-04-24,2594.801,2640.295,2559.464,2604.866,7113955800.0,-0.04497248,-0.00044972480000000003
2012-04-25,2598.228,2631.438,2593.327,2625.99,6246805300.0,0.81094383,0.0081094383
2012-04-26,2632.718,2643.768,2617.089,2631.487,5896566700.0,0.20933058,0.0020933058
2012-04-27,2630.549,2637.918,2623.598,2626.157,4823358600.0,-0.20254708,-0.0020254708
2012-05-02,2660.673,2697.949,2643.527,2683.487,8014865400.0,2.1830378,0.021830378
2012-05-03,2679.517,2693.88,2675.811,2691.518,5936109000.0,0.29927479,0.0029927479000000003
2012-05-04,2689.624,2716.033,2677.14,2715.879,6321808600.0,0.90510262,0.0090510262
2012-05-07,2699.447,2717.778,2694.321,2717.778,6854731400.0,0.06992211,0.0006992210999999999
2012-05-08,2717.408,2717.825,2683.562,2709.116,6311084000.0,-0.31871625,-0.0031871624999999996
2012-05-09,2685.187,2685.187,2655.322,2657.514,5840028300.0,-1.90475417,-0.0190475417
2012-05-10,2657.87,2667.675,2649.38,2657.214,4696257600.0,-0.01128875,-0.0001128875
2012-05-11,2652.313,2666.566,2636.523,2636.917,4100614300.0,-0.76384514,-0.0076384514
2012-05-14,2653.806,2656.284,2613.349,2615.534,5208248400.0,-0.8109091,-0.008109091
2012-05-15,2597.644,2618.175,2591.598,2617.374,4576727100.0,0.07034892,0.0007034891999999999
2012-05-16,2610.161,2612.625,2574.082,2574.647,4328027400.0,-1.6324377,-0.016324377
2012-05-17,2577.961,2619.589,2571.201,2613.942,4372838900.0,1.52622864,0.0152622864
2012-05-18,2595.547,2603.191,2567.302,2573.976,4342212400.0,-1.52895512,-0.0152895512
2012-05-21,2572.369,2604.219,2563.973,2587.231,3860209000.0,0.51496207,0.0051496207
2012-05-22,2598.167,2627.602,2597.603,2627.525,4277352900.0,1.55741795,0.0155741795
2012-05-23,2621.786,2635.78,2598.29,2616.869,4371953100.0,-0.40555275,-0.0040555275
2012-05-24,2613.095,2630.414,2588.209,2595.26,4284406600.0,-0.8257578,-0.008257578
2012-05-25,2595.261,2602.17,2565.647,2573.103,3927300400.0,-0.85374876,-0.0085374876
2012-05-28,2562.596,2614.849,2545.336,2614.689,5633927500.0,1.61618093,0.0161618093
2012-05-29,2615.145,2658.255,2612.564,2650.854,7213563700.0,1.38314729,0.013831472899999999
2012-05-30,2646.37,2655.163,2636.518,2642.258,5185543600.0,-0.32427286,-0.0032427286
2012-05-31,2623.158,2645.591,2617.228,2632.042,4410746900.0,-0.386639,-0.00386639
2012-06-01,2633.601,2653.857,2623.289,2632.998,4419105600.0,0.03632161,0.00036321609999999995
2012-06-04,2598.733,2608.316,2558.92,2559.026,5247850200.0,-2.80942105,-0.0280942105
2012-06-05,2565.186,2573.887,2548.76,2558.842,3777991000.0,-0.00719024,-7.190239999999999e-05
2012-06-06,2564.226,2573.739,2547.334,2557.401,3385769400.0,-0.05631454,-0.0005631454000000001
2012-06-07,2579.425,2584.039,2536.258,2542.184,3484118600.0,-0.59501815,-0.0059501815
2012-06-08,2558.843,2559.128,2520.409,2524.329,4385642600.0,-0.70234885,-0.0070234885
2012-06-11,2529.599,2565.429,2523.774,2558.265,4009826000.0,1.34435725,0.0134435725
2012-06-12,2543.765,2553.915,2529.951,2540.178,3793667600.0,-0.7070026,-0.007070026
2012-06-13,2546.791,2581.115,2539.632,2580.636,4501456800.0,1.59272303,0.015927230299999998
2012-06-14,2573.329,2584.709,2558.565,2560.421,4024793400.0,-0.78333403,-0.0078333403
2012-06-15,2565.189,2580.17,2538.572,2568.054,4278607800.0,0.29811504,0.0029811504
2012-06-18,2576.629,2593.218,2572.987,2581.212,3569362800.0,0.5123724,0.005123724
2012-06-19,2577.362,2577.362,2556.103,2558.621,3270055300.0,-0.87520901,-0.0087520901
2012-06-20,2563.643,2570.663,2549.438,2552.611,2985063900.0,-0.23489215,-0.0023489215
2012-06-21,2547.048,2547.048,2502.419,2512.185,3539673200.0,-1.58371174,-0.0158371174
2012-06-25,2501.163,2501.163,2455.008,2456.518,4010673500.0,-2.2158798,-0.022158798
2012-06-26,2442.562,2465.12,2434.64,2454.915,3173400800.0,-0.06525497,-0.0006525496999999999
2012-06-27,2452.666,2470.762,2444.343,2447.195,3000755300.0,-0.31447117,-0.0031447117000000004
2012-06-28,2451.664,2459.189,2425.24,2425.729,3054311300.0,-0.87716753,-0.0087716753
2012-06-29,2418.862,2462.815,2417.486,2461.612,3799494100.0,1.47926665,0.014792666500000001
2012-07-02,2473.545,2473.966,2452.986,2465.238,4051007800.0,0.14730185,0.0014730185000000002
2012-07-03,2464.85,2490.547,2457.449,2468.721,3869335400.0,0.14128453,0.0014128453
2012-07-04,2474.527,2481.336,2455.995,2464.919,3445214200.0,-0.15400687,-0.0015400687
2012-07-05,2450.3,2450.3,2420.001,2430.37,3472614500.0,-1.40162821,-0.0140162821
2012-07-06,2435.059,2477.231,2420.356,2472.614,4961060500.0,1.73817155,0.0173817155
2012-07-09,2455.892,2470.205,2414.953,2416.036,4922330200.0,-2.2881857,-0.022881857000000002
2012-07-10,2411.003,2426.529,2402.371,2406.706,3554998400.0,-0.38616974,-0.0038616974
2012-07-11,2402.184,2427.795,2402.154,2425.572,3762431200.0,0.78389301,0.0078389301
2012-07-12,2420.036,2460.559,2404.584,2449.181,5671769100.0,0.97333742,0.0097333742
2012-07-13,2441.013,2467.99,2438.979,2450.633,3672525600.0,0.05928512,0.0005928512
2012-07-16,2452.595,2452.595,2399.61,2399.731,4277187000.0,-2.077096,-0.02077096
2012-07-17,2391.897,2421.929,2391.281,2414.201,3342432900.0,0.60298425,0.0060298425
2012-07-18,2412.062,2420.778,2373.647,2414.335,4175178800.0,0.00555049,5.55049e-05
2012-07-19,2407.443,2444.057,2401.291,2424.322,4694905200.0,0.41365428,0.0041365428
2012-07-20,2415.71,2423.804,2392.181,2398.455,3761975400.0,-1.06697873,-0.0106697873
2012-07-23,2379.885,2379.885,2357.507,2365.431,3239036900.0,-1.37688637,-0.0137688637
2012-07-24,2353.22,2392.353,2352.803,2375.992,3031007900.0,0.44647255,0.0044647255
2012-07-25,2368.384,2381.043,2357.468,2360.083,2489650100.0,-0.66957296,-0.0066957296
2012-07-26,2360.134,2374.874,2344.695,2347.488,3131409400.0,-0.53366767,-0.0053366767
2012-07-27,2353.942,2364.984,2341.293,2349.108,3109052500.0,0.06900994,0.0006900994
2012-07-30,2350.782,2367.029,2333.999,2335.793,3048485100.0,-0.56681089,-0.0056681089
2012-07-31,2336.882,2350.071,2329.505,2332.922,3209972300.0,-0.12291329,-0.0012291328999999998
2012-08-01,2332.129,2371.122,2331.949,2358.651,3142084800.0,1.10286585,0.0110286585
2012-08-02,2354.073,2358.559,2325.608,2334.882,3151615900.0,-1.00773705,-0.0100773705
2012-08-03,2340.25,2354.156,2329.934,2353.737,2976978500.0,0.80753546,0.0080753546
2012-08-06,2350.117,2388.363,2348.119,2385.611,4182066500.0,1.35418698,0.0135418698
2012-08-07,2383.257,2390.782,2379.452,2388.873,3828548900.0,0.13673646,0.0013673646
2012-08-08,2390.959,2405.183,2382.825,2389.795,3781045100.0,0.03859561,0.00038595610000000005
2012-08-09,2388.43,2412.142,2378.854,2411.7,3565895100.0,0.91660582,0.0091660582
2012-08-10,2409.937,2413.423,2395.912,2399.751,3470299500.0,-0.49545963,-0.0049545963
2012-08-13,2394.504,2394.504,2350.808,2351.931,4478354600.0,-1.99270674,-0.0199270674
2012-08-14,2352.659,2357.847,2324.906,2357.016,3985006600.0,0.21620532,0.0021620532000000002
2012-08-15,2350.022,2350.022,2330.15,2331.615,3058017600.0,-1.07767618,-0.010776761800000001
2012-08-16,2327.91,2335.397,2317.061,2319.67,2590290500.0,-0.51230585,-0.0051230584999999995
2012-08-17,2318.432,2322.885,2295.158,2313.476,2606571700.0,-0.26702074,-0.0026702073999999997
2012-08-20,2294.901,2307.406,2279.946,2301.788,2740203300.0,-0.5052138,-0.005052138
2012-08-21,2301.932,2327.375,2296.551,2313.703,3489510000.0,0.51764107,0.0051764107
2012-08-22,2315.14,2317.373,2285.755,2295.586,3170841200.0,-0.78303049,-0.0078303049
2012-08-23,2298.18,2311.653,2285.367,2302.199,3133534200.0,0.28807459,0.0028807459000000004
2012-08-24,2295.684,2299.298,2274.566,2275.677,3186959100.0,-1.15202899,-0.011520289900000001
2012-08-27,2268.485,2268.485,2228.151,2228.204,3738619100.0,-2.08610449,-0.0208610449
2012-08-28,2226.898,2250.6,2222.001,2238.411,3377361500.0,0.45808194,0.0045808194
2012-08-29,2230.199,2240.112,2214.429,2214.814,2901064800.0,-1.05418531,-0.0105418531
2012-08-30,2204.515,2223.195,2188.724,2211.37,3549131000.0,-0.15549838,-0.0015549837999999999
2012-08-31,2205.573,2218.866,2203.123,2204.868,2596498600.0,-0.29402588,-0.0029402588
2012-09-03,2201.123,2236.563,2197.708,2228.369,3854859200.0,1.0658688,0.010658688000000001
2012-09-04,2231.716,2234.875,2199.509,2204.407,3485268800.0,-1.07531562,-0.0107531562
2012-09-05,2199.743,2209.536,2186.962,2199.875,3475182400.0,-0.20558817,-0.0020558816999999997
2012-09-06,2204.436,2218.68,2199.857,2217.823,3169588400.0,0.81586454,0.0081586454
2012-09-07,2233.912,2341.522,2233.912,2317.179,9452976400.0,4.47988861,0.0447988861
2012-09-10,2320.557,2334.496,2313.572,2326.666,6533055400.0,0.40942025,0.0040942025
2012-09-11,2316.532,2316.532,2294.82,2311.89,4626071900.0,-0.63507182,-0.006350718199999999
2012-09-12,2325.925,2337.196,2298.297,2320.071,4962251800.0,0.35386632,0.0035386632
2012-09-13,2316.679,2325.534,2298.367,2298.461,4204984900.0,-0.93143701,-0.0093143701
2012-09-14,2324.012,2332.417,2298.83,2315.542,6157181400.0,0.74314944,0.0074314944
2012-09-17,2312.055,2314.989,2258.182,2258.705,4898473400.0,-2.45458731,-0.0245458731
2012-09-18,2249.425,2253.144,2228.042,2235.239,3322869600.0,-1.03891389,-0.010389138899999999
2012-09-19,2237.218,2249.243,2229.489,2246.236,3434970600.0,0.49198318,0.0049198318
2012-09-20,2236.191,2236.191,2194.221,2195.951,4254577900.0,-2.23863387,-0.0223863387
2012-09-21,2190.327,2217.473,2186.53,2199.063,3812059300.0,0.14171537,0.0014171537
2012-09-24,2183.969,2225.805,2172.879,2215.516,3750168600.0,0.74818229,0.007481822900000001
2012-09-25,2209.975,2225.334,2202.376,2210.154,2787701900.0,-0.24202037,-0.0024202037
2012-09-26,2208.906,2216.824,2181.083,2184.891,2745462600.0,-1.14304252,-0.0114304252
2012-09-27,2186.004,2266.297,2185.766,2251.717,5301690000.0,3.05855075,0.0305855075
2012-09-28,2235.057,2297.033,2234.323,2293.106,5787582500.0,1.83810843,0.0183810843
2012-10-08,2291.961,2305.18,2258.11,2270.054,3553442400.0,-1.00527407,-0.0100527407
2012-10-09,2281.753,2327.727,2281.753,2320.157,5254888700.0,2.20712811,0.022071281100000003
2012-10-10,2314.593,2325.749,2304.608,2324.117,4268623800.0,0.1706781,0.001706781
2012-10-11,2315.897,2321.352,2300.934,2302.533,4130065500.0,-0.92869679,-0.0092869679
2012-10-12,2311.284,2332.149,2287.009,2304.531,3687414500.0,0.086774,0.0008677400000000001
2012-10-15,2306.006,2307.882,2278.457,2294.857,2865174600.0,-0.41978173,-0.0041978173
2012-10-16,2293.244,2315.453,2287.59,2298.162,3205967900.0,0.14401769,0.0014401769000000001
2012-10-17,2307.358,2312.173,2280.818,2300.803,3334940900.0,0.11491792,0.0011491792
2012-10-18,2307.487,2341.12,2305.883,2336.077,5061510000.0,1.53311692,0.015331169200000001
2012-10-19,2335.105,2342.527,2328.733,2332.47,3592773200.0,-0.15440416,-0.0015440416
2012-10-22,2320.468,2347.895,2315.895,2341.592,3436828600.0,0.39108756,0.0039108756
2012-10-23,2340.89,2344.044,2309.252,2312.077,3722127200.0,-1.26046724,-0.012604672400000001
2012-10-24,2303.401,2321.43,2302.169,2307.779,3754244500.0,-0.18589346,-0.0018589346
2012-10-25,2306.733,2322.917,2288.601,2291.239,4435153100.0,-0.71670641,-0.0071670641
2012-10-26,2291.31,2293.176,2237.059,2247.907,4090051900.0,-1.89120384,-0.0189120384
2012-10-29,2241.802,2248.139,2227.646,2235.854,2758132500.0,-0.53618766,-0.005361876599999999
2012-10-30,2236.316,2257.951,2231.776,2239.882,3408312500.0,0.18015488,0.0018015487999999999
2012-10-31,2241.432,2256.095,2233.684,2254.82,3716979500.0,0.66691013,0.0066691013
2012-11-01,2256.609,2305.629,2256.412,2297.884,5076172900.0,1.9098642,0.019098642
2012-11-02,2297.898,2309.666,2284.719,2306.774,3983328800.0,0.38687767,0.0038687767000000002
2012-11-05,2302.742,2318.231,2290.135,2301.88,3951037200.0,-0.21215776,-0.0021215776
2012-11-06,2301.98,2304.048,2260.507,2292.206,3928062700.0,-0.42026517,-0.004202651700000001
2012-11-07,2288.763,2300.893,2277.02,2287.505,3306740300.0,-0.20508628,-0.0020508628
2012-11-08,2269.582,2275.401,2245.4,2245.405,3542647500.0,-1.84043314,-0.0184043314
2012-11-09,2241.756,2252.196,2235.231,2240.924,3050696800.0,-0.19956311,-0.0019956311
2012-11-12,2242.96,2254.703,2232.742,2251.848,3472168500.0,0.48747749,0.0048747749
2012-11-13,2250.842,2250.842,2208.723,2212.44,3408370400.0,-1.75002931,-0.017500293099999998
2012-11-14,2213.086,2225.124,2205.996,2223.11,2675879000.0,0.48227297,0.0048227297
2012-11-15,2210.751,2220.987,2193.516,2193.623,2831915100.0,-1.32638511,-0.0132638511
2012-11-16,2189.511,2191.611,2162.976,2177.24,3024778600.0,-0.74684666,-0.0074684666
2012-11-19,2175.184,2176.492,2149.538,2174.985,2697866600.0,-0.10357149,-0.0010357149
2012-11-20,2180.205,2184.334,2163.527,2164.881,2394891600.0,-0.46455493,-0.004645549299999999
2012-11-21,2165.408,2195.461,2151.38,2194.896,3050848200.0,1.38645034,0.013864503399999999
2012-11-22,2181.179,2185.577,2169.657,2177.546,2291235100.0,-0.79047025,-0.007904702500000001
2012-11-23,2184.409,2202.47,2179.727,2192.676,2866749300.0,0.69481885,0.0069481885
2012-11-26,2187.24,2191.359,2172.1,2175.599,2474269600.0,-0.77882004,-0.0077882004000000005
2012-11-27,2168.589,2173.464,2150.222,2150.638,3194674600.0,-1.14731621,-0.0114731621
2012-11-28,2142.5,2144.802,2126.03,2129.161,3000933900.0,-0.99863389,-0.0099863389
2012-11-29,2128.803,2140.877,2114.477,2115.676,2967062500.0,-0.63334807,-0.0063334807000000005
2012-11-30,2114.244,2142.856,2109.963,2139.661,3640691100.0,1.1336802,0.011336802
2012-12-03,2136.696,2152.608,2108.149,2108.85,4018676200.0,-1.43999447,-0.0143999447
2012-12-04,2104.928,2135.662,2102.135,2131.473,3622591500.0,1.07276478,0.0107276478
2012-12-05,2128.387,2219.094,2126.793,2207.878,8248710300.0,3.58461027,0.0358461027
2012-12-06,2205.605,2216.976,2191.227,2203.602,4857468900.0,-0.19367012,-0.0019367012
2012-12-07,2203.887,2250.529,2198.107,2246.757,7616974800.0,1.9583845,0.019583845
2012-12-10,2254.915,2276.28,2250.437,2271.046,7337547500.0,1.08106929,0.0108106929
2012-12-11,2263.209,2274.994,2254.299,2258.5,5146870300.0,-0.55243267,-0.005524326699999999
2012-12-12,2257.73,2273.211,2247.953,2267.767,4500645400.0,0.41031658,0.0041031658
2012-12-13,2260.601,2266.721,2242.557,2242.635,4194210000.0,-1.10822673,-0.011082267299999999
2012-12-14,2245.636,2357.106,2245.636,2355.865,11089256200.0,5.04897141,0.0504897141
2012-12-17,2359.201,2380.001,2358.664,2366.7,9408819500.0,0.459916,0.00459916
2012-12-18,2361.095,2398.63,2347.077,2368.12,8578484900.0,0.05999915,0.0005999915
2012-12-19,2362.802,2387.142,2358.033,2371.109,6329253000.0,0.12621827,0.0012621827
2012-12-20,2361.322,2391.924,2346.55,2384.816,6565546200.0,0.57808393,0.0057808393
2012-12-21,2386.376,2414.223,2365.032,2372.002,6871415800.0,-0.53731609,-0.0053731609
2012-12-24,2368.007,2396.725,2367.038,2381.217,5308700400.0,0.3884904,0.0038849040000000002
2012-12-25,2373.88,2459.302,2365.41,2448.395,9550235000.0,2.82116246,0.0282116246
2012-12-26,2445.987,2458.007,2441.642,2457.619,7159182800.0,0.3767366,0.003767366
2012-12-27,2464.779,2479.792,2443.681,2444.594,7325506700.0,-0.52998451,-0.0052998451000000005
2012-12-28,2448.076,2481.592,2444.381,2480.049,6716632100.0,1.45034308,0.0145034308
2012-12-31,2485.559,2522.952,2485.559,2522.952,8200229300.0,1.7299255,0.017299255
2013-01-04,2551.814,2558.529,2498.892,2524.409,9798818200.0,0.05774981,0.0005774981
2013-01-07,2518.047,2545.969,2511.603,2535.985,7516799300.0,0.45856278,0.0045856278
2013-01-08,2534.647,2540.513,2502.49,2525.33,7183710000.0,-0.42015233,-0.0042015233
2013-01-09,2518.104,2534.239,2504.299,2526.126,7023117000.0,0.03152063,0.0003152063
2013-01-10,2525.59,2553.352,2513.729,2530.569,7108586200.0,0.17588196,0.0017588196
2013-01-11,2533.495,2539.794,2473.696,2483.23,7423917600.0,-1.870686,-0.018706860000000002
2013-01-14,2474.176,2583.625,2473.998,2577.725,9355409100.0,3.80532613,0.0380532613
2013-01-15,2579.132,2605.41,2576.919,2595.856,9862080500.0,0.70337216,0.0070337216
2013-01-16,2591.365,2600.093,2540.521,2577.092,9353608400.0,-0.72284441,-0.0072284441
2013-01-17,2570.711,2575.058,2539.674,2552.758,6991523900.0,-0.94424258,-0.009442425800000001
2013-01-18,2568.692,2607.446,2553.451,2595.439,7794030300.0,1.67195637,0.0167195637
2013-01-21,2605.649,2611.201,2582.652,2610.898,8413374200.0,0.59562178,0.0059562178
2013-01-22,2610.392,2620.025,2578.181,2596.898,10576627500.0,-0.53621398,-0.0053621397999999995
2013-01-23,2588.198,2611.409,2576.362,2607.456,7573944400.0,0.40656198,0.0040656198
2013-01-24,2606.427,2663.404,2564.206,2582.755,11127717200.0,-0.94732183,-0.0094732183
2013-01-25,2580.881,2591.513,2567.107,2571.674,5848735900.0,-0.42903798,-0.0042903798
2013-01-28,2577.267,2651.967,2577.267,2651.863,9127479000.0,3.1181635,0.031181635
2013-01-29,2655.377,2685.531,2646.154,2675.866,10104022900.0,0.90513726,0.009051372600000001
2013-01-30,2678.433,2689.683,2662.062,2688.711,9987499000.0,0.48003151,0.0048003151
2013-01-31,2690.951,2696.881,2671.33,2686.882,9674010100.0,-0.06802516,-0.0006802516
2013-02-01,2677.187,2744.322,2671.274,2743.324,10387951500.0,2.10065049,0.0210065049
2013-02-04,2753.688,2768.504,2731.08,2748.028,12793917900.0,0.17147081,0.0017147081
2013-02-05,2727.93,2779.953,2725.362,2771.675,11613081900.0,0.86050797,0.0086050797
2013-02-06,2771.908,2787.456,2765.743,2775.844,8277927100.0,0.15041446,0.0015041446
2013-02-07,2771.53,2775.974,2722.874,2759.87,8997814200.0,-0.57546462,-0.0057546462
2013-02-08,2755.649,2791.303,2747.946,2771.725,7742964400.0,0.42954922,0.0042954922
2013-02-18,2784.065,2787.74,2731.506,2737.471,7643822700.0,-1.23583689,-0.012358368900000001
2013-02-19,2735.045,2740.739,2674.339,2685.606,8062643100.0,-1.89463194,-0.0189463194
2013-02-20,2686.093,2703.098,2665.231,2702.635,7001937700.0,0.63408408,0.006340840800000001
2013-02-21,2675.741,2675.741,2584.758,2610.549,10065798400.0,-3.40726735,-0.034072673500000004
2013-02-22,2607.65,2618.483,2591.146,2596.604,6020485200.0,-0.53417883,-0.0053417883
2013-02-25,2607.149,2628.696,2590.787,2604.96,5316194200.0,0.32180494,0.0032180494
2013-02-26,2587.375,2631.094,2564.672,2567.595,8000306500.0,-1.43437903,-0.014343790300000001
2013-02-27,2576.046,2615.249,2569.38,2594.677,6322674300.0,1.05476136,0.0105476136
2013-02-28,2611.94,2673.711,2593.997,2673.327,8692259500.0,3.03120581,0.030312058099999997
2013-03-01,2671.842,2680.854,2626.995,2668.836,7334375300.0,-0.16799292,-0.0016799292
2013-03-04,2619.42,2619.574,2528.694,2545.715,11061910300.0,-4.61328459,-0.046132845900000004
2013-03-05,2547.893,2623.171,2541.766,2622.807,8966115200.0,3.02830443,0.0302830443
2013-03-06,2634.87,2658.139,2620.431,2650.202,9582965200.0,1.04449165,0.010444916500000002
2013-03-07,2639.783,2658.969,2592.867,2619.479,9408266600.0,-1.15927012,-0.0115927012
2013-03-08,2622.684,2632.624,2601.961,2606.927,5942955700.0,-0.47917926,-0.0047917926
2013-03-11,2600.278,2611.652,2574.172,2592.372,5094643600.0,-0.5583202,-0.005583202000000001
2013-03-12,2590.391,2619.512,2530.251,2555.615,7193514100.0,-1.41789064,-0.0141789064
2013-03-13,2551.726,2556.773,2515.058,2527.486,5643046000.0,-1.1006744,-0.011006743999999999
2013-03-14,2517.745,2546.699,2514.463,2534.273,4760575600.0,0.2685277,0.002685277
2013-03-15,2533.722,2600.091,2504.458,2539.873,8137218500.0,0.22097067,0.0022097067
2013-03-18,2526.077,2544.619,2499.828,2502.493,5981277800.0,-1.47172713,-0.014717271300000001
2013-03-19,2507.396,2532.07,2491.854,2525.097,5453647600.0,0.90325927,0.0090325927
2013-03-20,2526.968,2610.174,2526.83,2610.174,9070062200.0,3.36925671,0.0336925671
2013-03-21,2611.58,2626.538,2598.509,2614.988,6955275600.0,0.18443215,0.0018443214999999998
2013-03-22,2612.256,2625.531,2603.344,2618.308,5564714100.0,0.12696043,0.0012696043000000002
2013-03-25,2628.407,2641.609,2607.613,2613.097,5626140200.0,-0.19902166,-0.0019902165999999997
2013-03-26,2601.964,2607.357,2554.974,2575.05,6396296100.0,-1.45601177,-0.0145601177
2013-03-27,2575.726,2611.939,2566.345,2583.53,5690651700.0,0.32931399,0.0032931399
2013-03-28,2535.988,2535.988,2495.083,2499.302,8757840500.0,-3.26019051,-0.0326019051
2013-03-29,2502.782,2509.109,2482.488,2495.083,5240213700.0,-0.16880713,-0.0016880713
2013-04-01,2486.428,2507.825,2483.732,2493.187,4734602200.0,-0.07598946,-0.0007598946
2013-04-02,2495.843,2524.463,2475.0,2486.391,5568415200.0,-0.27258284,-0.0027258283999999997
2013-04-03,2493.877,2507.143,2474.927,2483.547,4556422100.0,-0.11438265,-0.0011438265
2013-04-08,2443.24,2473.309,2429.5,2472.299,5329677200.0,-0.45290063,-0.0045290063
2013-04-09,2477.29,2505.294,2477.29,2489.43,5238982400.0,0.69291781,0.0069291781
2013-04-10,2487.984,2495.572,2466.19,2485.309,4750491300.0,-0.1655399,-0.0016553989999999999
2013-04-11,2502.5,2508.593,2476.396,2477.876,4298995800.0,-0.2990775,-0.0029907749999999998
2013-04-12,2476.322,2489.118,2460.182,2462.112,3991727800.0,-0.63619003,-0.0063619003
2013-04-15,2453.967,2461.668,2430.149,2436.818,4653973400.0,-1.02732938,-0.010273293800000001
2013-04-16,2419.508,2461.046,2416.617,2459.592,5528061300.0,0.93457944,0.009345794400000001
2013-04-17,2457.881,2465.202,2437.345,2458.473,4469216400.0,-0.04549535,-0.0004549535
2013-04-18,2440.707,2478.413,2434.73,2464.851,4286070700.0,0.25942933,0.0025942933000000002
2013-04-19,2469.951,2542.453,2469.323,2533.827,7552087600.0,2.79838416,0.0279838416
2013-04-22,2525.113,2539.046,2518.257,2530.67,6251188300.0,-0.12459414,-0.0012459414000000001
2013-04-23,2532.201,2532.201,2448.2,2449.471,6065398200.0,-3.20859693,-0.0320859693
2013-04-24,2452.781,2511.202,2446.587,2495.579,6305091600.0,1.88236562,0.0188236562
2013-04-25,2486.857,2505.482,2456.566,2467.875,6055792700.0,-1.11012314,-0.0111012314
2013-04-26,2477.724,2488.585,2439.796,2447.306,4712337800.0,-0.83347009,-0.0083347009
2013-05-02,2434.603,2453.749,2423.077,2449.639,4701608800.0,0.09532931,0.0009532931000000001
2013-05-03,2457.543,2521.119,2457.543,2492.912,6233009100.0,1.76650519,0.0176650519
2013-05-06,2502.978,2533.855,2500.455,2525.983,6041878000.0,1.32660118,0.0132660118
2013-05-07,2519.364,2539.298,2507.756,2529.938,5449064300.0,0.15657271,0.0015657271
2013-05-08,2542.266,2562.007,2531.251,2542.798,5955429400.0,0.50831285,0.005083128500000001
2013-05-09,2542.374,2543.305,2507.792,2527.794,6024014500.0,-0.59005867,-0.0059005867
2013-05-10,2519.517,2546.975,2515.158,2540.836,4881672800.0,0.51594394,0.0051594394
2013-05-13,2542.412,2547.602,2516.728,2530.768,5409214700.0,-0.39624753,-0.0039624753000000006
2013-05-14,2525.998,2526.145,2479.872,2493.338,5488006400.0,-1.47899768,-0.0147899768
2013-05-15,2493.968,2507.43,2491.927,2506.925,4418966000.0,0.54493214,0.0054493214
2013-05-16,2501.117,2553.058,2487.763,2552.709,7079618200.0,1.82630115,0.0182630115
2013-05-17,2550.452,2598.706,2547.776,2592.048,8185080100.0,1.54106872,0.0154106872
2013-05-20,2597.151,2627.616,2590.053,2609.607,8633780300.0,0.67741801,0.0067741801
2013-05-21,2607.393,2617.4,2594.249,2614.853,7150599400.0,0.20102644,0.0020102644
2013-05-22,2613.411,2630.068,2603.75,2618.034,7419181700.0,0.1216512,0.001216512
2013-05-23,2604.93,2624.076,2579.347,2582.849,8482537000.0,-1.3439474,-0.013439474
2013-05-24,2591.419,2608.35,2572.884,2597.228,6073966900.0,0.55671083,0.0055671083
2013-05-27,2593.522,2611.972,2589.739,2599.587,6419508000.0,0.09082761,0.0009082761
2013-05-28,2600.632,2644.359,2585.901,2644.359,8419611200.0,1.72227358,0.0172227358
2013-05-29,2648.927,2661.229,2640.881,2642.561,7927770900.0,-0.06799379,-0.0006799379
2013-05-30,2633.955,2647.443,2623.581,2634.323,7014636800.0,-0.31174304,-0.0031174304
2013-05-31,2638.71,2645.565,2604.746,2606.426,6252853300.0,-1.05898176,-0.0105898176
2013-06-03,2605.969,2625.936,2596.051,2602.623,5977446800.0,-0.14590861,-0.0014590860999999999
2013-06-04,2600.499,2600.499,2556.056,2565.666,6631575000.0,-1.41999052,-0.0141999052
2013-06-05,2565.329,2570.027,2545.19,2560.539,4563719300.0,-0.19983115,-0.0019983115
2013-06-06,2552.817,2557.678,2525.306,2527.845,5249652900.0,-1.27684054,-0.0127684054
2013-06-07,2526.913,2538.891,2475.687,2484.16,6103089400.0,-1.72815184,-0.0172815184
2013-06-13,2448.717,2448.717,2375.204,2399.937,6973006600.0,-3.39040158,-0.0339040158
2013-06-14,2404.423,2420.356,2396.487,2416.771,5596453400.0,0.70143508,0.0070143508
2013-06-17,2422.762,2427.532,2394.385,2403.839,5039571100.0,-0.53509414,-0.0053509414
2013-06-18,2413.088,2424.202,2393.321,2418.745,4863037900.0,0.62009145,0.0062009145
2013-06-19,2408.28,2408.28,2366.346,2400.765,5434626000.0,-0.74336071,-0.0074336071000000005
2013-06-20,2386.104,2386.104,2320.226,2321.466,5520102000.0,-3.30307215,-0.0330307215
2013-06-21,2283.151,2332.842,2269.565,2317.394,5870579800.0,-0.1754064,-0.0017540639999999998
2013-06-24,2308.069,2308.069,2164.325,2171.21,8659725900.0,-6.30812024,-0.0630812024
2013-06-25,2146.053,2169.211,2023.171,2165.421,10755488200.0,-0.26662552,-0.0026662552000000003
2013-06-26,2170.326,2181.021,2131.86,2168.297,7925642600.0,0.13281482,0.0013281482
2013-06-27,2172.848,2200.213,2153.175,2160.735,7540675300.0,-0.34875296,-0.0034875296
2013-06-28,2149.03,2227.461,2139.372,2200.639,7945132700.0,1.84677899,0.0184677899
2013-07-01,2187.092,2213.965,2166.353,2213.317,5772622700.0,0.57610539,0.0057610539
2013-07-02,2211.803,2226.113,2191.801,2221.984,6183885000.0,0.39158422,0.0039158422
2013-07-03,2211.044,2211.044,2169.137,2203.828,6583602200.0,-0.81710759,-0.0081710759
2013-07-04,2187.181,2245.908,2176.08,2221.979,7258114500.0,0.82361237,0.0082361237
2013-07-05,2227.35,2252.033,2225.047,2226.849,6182177500.0,0.21917399,0.0021917399
2013-07-08,2194.423,2205.214,2162.189,2163.619,5478249300.0,-2.83943815,-0.0283943815
2013-07-09,2160.699,2174.786,2149.787,2162.669,4149443300.0,-0.04390792,-0.00043907920000000006
2013-07-10,2163.098,2224.135,2157.468,2224.065,6114978100.0,2.83889953,0.0283889953
2013-07-11,2232.157,2351.223,2232.157,2326.688,12579319200.0,4.61420867,0.0461420867
2013-07-12,2319.023,2331.986,2274.073,2275.373,8973308200.0,-2.20549554,-0.0220549554
2013-07-15,2289.762,2336.04,2274.673,2307.297,7475788400.0,1.40302271,0.014030227099999999
2013-07-16,2300.83,2317.848,2281.942,2317.848,6562415700.0,0.45728833,0.0045728833
2013-07-17,2311.443,2326.925,2281.609,2282.836,6765524800.0,-1.51053909,-0.0151053909
2013-07-18,2272.947,2282.435,2241.93,2245.328,5714429200.0,-1.643044,-0.01643044
2013-07-19,2248.133,2257.916,2188.752,2190.478,7053528200.0,-2.44285022,-0.0244285022
2013-07-22,2170.089,2203.058,2159.813,2202.189,5328349500.0,0.53463217,0.0053463217
2013-07-23,2211.587,2276.742,2206.756,2265.845,7480973100.0,2.89057842,0.028905784200000003
2013-07-24,2253.376,2265.578,2217.192,2249.151,6959230700.0,-0.73676708,-0.0073676708
2013-07-25,2255.223,2268.839,2227.853,2237.683,6577431600.0,-0.50988128,-0.0050988128
2013-07-26,2226.429,2238.42,2209.806,2224.008,4894109800.0,-0.6111232,-0.006111231999999999
2013-07-29,2205.083,2205.083,2169.017,2175.97,5460092500.0,-2.15997424,-0.0215997424
2013-07-30,2184.007,2221.589,2162.979,2189.388,5519362300.0,0.61664453,0.0061664453
2013-07-31,2211.75,2235.384,2187.21,2193.021,4832705500.0,0.16593678,0.0016593678
2013-08-01,2206.004,2245.56,2200.626,2245.364,6260399700.0,2.38679885,0.0238679885
2013-08-02,2263.495,2274.71,2244.252,2247.263,6089089300.0,0.08457426,0.0008457426
2013-08-05,2249.976,2278.329,2243.22,2278.329,5534215100.0,1.38239272,0.013823927199999999
2013-08-06,2270.672,2302.484,2256.715,2293.641,7374689500.0,0.67207151,0.0067207151
2013-08-07,2292.379,2313.879,2276.862,2280.623,7304869500.0,-0.56756921,-0.005675692100000001
2013-08-08,2277.253,2297.628,2267.073,2276.782,5309843000.0,-0.16841889,-0.0016841889
2013-08-09,2288.51,2301.59,2258.334,2286.01,6460001700.0,0.4053089,0.004053089
2013-08-12,2296.22,2352.89,2293.176,2352.794,9786321600.0,2.92142204,0.0292142204
2013-08-13,2352.883,2360.827,2340.733,2359.068,7839363600.0,0.26666168,0.0026666168
2013-08-14,2362.619,2386.599,2340.833,2349.08,7594212800.0,-0.42338754,-0.0042338754
2013-08-15,2348.839,2362.089,2319.784,2321.576,6195185300.0,-1.17084135,-0.011708413499999999
2013-08-16,2314.261,2423.081,2295.023,2304.144,12036956300.0,-0.75086924,-0.0075086924
2013-08-19,2286.203,2340.194,2284.077,2331.43,7248322400.0,1.18421418,0.011842141799999999
2013-08-20,2325.862,2353.409,2303.666,2312.465,7308634500.0,-0.81344926,-0.0081344926
2013-08-21,2320.584,2321.642,2291.053,2308.589,5500738400.0,-0.16761335,-0.0016761335
2013-08-22,2302.668,2329.143,2297.016,2303.932,5533810400.0,-0.20172495,-0.0020172494999999998
2013-08-23,2314.866,2321.037,2251.92,2286.929,6896713300.0,-0.73799921,-0.0073799921
2013-08-26,2294.759,2336.381,2288.496,2335.616,7037104300.0,2.12892486,0.0212892486
2013-08-27,2332.8,2345.105,2322.461,2340.881,6599033300.0,0.22542233,0.0022542233
2013-08-28,2326.096,2345.358,2307.043,2328.056,8925617400.0,-0.54787065,-0.0054787065000000005
2013-08-29,2338.564,2342.32,2308.145,2318.311,6608541500.0,-0.41858959,-0.0041858959
2013-08-30,2315.913,2334.413,2303.609,2313.91,8765451500.0,-0.18983648,-0.0018983648
2013-09-02,2319.957,2329.867,2297.449,2320.344,7951024900.0,0.27805749,0.0027805749000000004
2013-09-03,2326.231,2354.856,2321.304,2354.502,8055400500.0,1.47210931,0.0147210931
2013-09-04,2352.537,2360.663,2345.437,2350.699,7872576300.0,-0.16152036,-0.0016152036
2013-09-05,2350.927,2351.218,2336.754,2341.735,6295138300.0,-0.38133338,-0.0038133338
2013-09-06,2336.767,2361.178,2335.932,2357.782,7334011600.0,0.68526114,0.006852611400000001
2013-09-09,2374.26,2449.249,2372.686,2440.609,14988964000.0,3.51292019,0.0351292019
2013-09-10,2446.454,2475.195,2435.826,2474.894,15485599200.0,1.40477233,0.014047723299999999
2013-09-11,2483.791,2504.469,2471.624,2482.889,16691497400.0,0.32304414,0.0032304414
2013-09-12,2480.468,2527.383,2469.718,2507.455,14517317500.0,0.98941193,0.0098941193
2013-09-13,2502.54,2515.781,2481.454,2488.902,11077504900.0,-0.73991358,-0.0073991358
2013-09-16,2501.077,2503.694,2467.129,2478.39,10538328200.0,-0.42235492,-0.0042235492
2013-09-17,2480.81,2481.71,2426.462,2427.322,9945998200.0,-2.06053123,-0.0206053123
2013-09-18,2426.04,2439.626,2407.243,2432.51,7104075900.0,0.21373349,0.0021373349
2013-09-23,2441.516,2473.163,2439.993,2472.288,8012835200.0,1.63526563,0.0163526563
2013-09-24,2470.715,2470.746,2420.085,2443.885,9785301300.0,-1.14885483,-0.011488548300000002
2013-09-25,2440.835,2455.037,2423.276,2429.03,9051841800.0,-0.60784366,-0.0060784366
2013-09-26,2422.631,2422.631,2382.535,2384.443,8623677000.0,-1.83558869,-0.0183558869
2013-09-27,2382.218,2402.196,2379.856,2394.971,6597150800.0,0.44152869,0.0044152869
2013-09-30,2406.205,2415.075,2397.22,2409.037,5951399200.0,0.587314,0.00587314
2013-10-08,2406.415,2446.703,2392.572,2441.811,8478550600.0,1.36046063,0.013604606299999999
2013-10-09,2432.94,2453.746,2424.769,2453.583,7627764500.0,0.48210119,0.0048210119
2013-10-10,2455.64,2455.979,2422.017,2429.317,9032970600.0,-0.98900261,-0.0098900261
2013-10-11,2442.364,2471.165,2439.634,2468.508,9338826100.0,1.61325179,0.0161325179
2013-10-14,2472.267,2483.131,2462.551,2472.542,10008130100.0,0.16341855,0.0016341855
2013-10-15,2475.324,2479.134,2449.416,2467.517,8917349600.0,-0.20323214,-0.0020323214000000003
2013-10-16,2459.077,2459.077,2409.718,2421.371,8897983400.0,-1.87013909,-0.0187013909
2013-10-17,2432.645,2440.919,2407.777,2413.33,7122247400.0,-0.33208459,-0.0033208459
2013-10-18,2415.118,2435.712,2410.599,2426.054,6029163000.0,0.5272383,0.005272383
2013-10-21,2431.915,2472.785,2423.562,2471.322,8490979500.0,1.86591065,0.0186591065
2013-10-22,2470.255,2470.255,2439.859,2445.891,9070302900.0,-1.02904437,-0.0102904437
2013-10-23,2451.556,2474.372,2412.483,2418.491,9154535500.0,-1.12024616,-0.0112024616
2013-10-24,2412.235,2422.943,2395.474,2400.511,6456082100.0,-0.74343878,-0.0074343878
2013-10-25,2400.517,2413.332,2353.993,2368.559,7707018200.0,-1.33104993,-0.0133104993
2013-10-28,2372.571,2377.249,2351.862,2365.954,6287615200.0,-0.10998248,-0.0010998248
2013-10-29,2369.216,2408.616,2327.904,2372.053,10673783300.0,0.25778185,0.0025778184999999997
2013-10-30,2371.853,2407.851,2365.506,2407.471,9217812600.0,1.49313696,0.0149313696
2013-10-31,2398.395,2398.395,2370.226,2373.718,8273696400.0,-1.40201066,-0.0140201066
2013-11-01,2373.962,2395.005,2365.146,2384.96,6305576200.0,0.47360301,0.0047360301
2013-11-04,2397.21,2404.896,2376.355,2380.454,5179846100.0,-0.18893399,-0.0018893399
2013-11-05,2366.884,2385.688,2343.801,2383.769,6208448800.0,0.13925915,0.0013925915
2013-11-06,2371.324,2383.54,2352.787,2353.568,6377666300.0,-1.26694323,-0.0126694323
2013-11-07,2351.871,2356.672,2328.253,2340.552,5482174700.0,-0.55303267,-0.0055303267
2013-11-08,2329.084,2342.672,2306.041,2307.945,5378850800.0,-1.3931329,-0.013931329
2013-11-11,2305.94,2325.228,2295.003,2315.889,4573945700.0,0.34420231,0.0034420231000000003
2013-11-12,2319.362,2342.529,2316.603,2340.0,5268754500.0,1.04111207,0.0104111207
2013-11-13,2325.36,2325.563,2287.547,2288.116,5984883100.0,-2.21726496,-0.0221726496
2013-11-14,2291.269,2305.696,2279.006,2304.501,5731035600.0,0.71609132,0.0071609132
2013-11-15,2306.549,2377.211,2306.549,2350.734,8639177100.0,2.00620438,0.0200620438
2013-11-18,2367.883,2429.566,2361.038,2428.903,11003463300.0,3.3253018,0.033253018
2013-11-19,2427.928,2427.928,2405.076,2412.163,7864829600.0,-0.68920002,-0.006892000200000001
2013-11-20,2428.767,2435.427,2406.417,2424.85,7229180100.0,0.52595948,0.0052595948000000005
2013-11-21,2412.451,2415.383,2382.878,2409.989,8770667700.0,-0.61286265,-0.0061286265
2013-11-22,2415.29,2418.999,2393.581,2397.962,7500067500.0,-0.49904792,-0.0049904792
2013-11-25,2385.784,2418.853,2380.689,2388.629,6614473400.0,-0.3892055,-0.0038920549999999997
2013-11-26,2387.826,2399.022,2380.412,2387.416,5918586400.0,-0.05078227,-0.0005078227
2013-11-27,2386.362,2422.806,2383.78,2414.481,7529408800.0,1.13365245,0.0113365245
2013-11-28,2419.15,2460.556,2417.235,2439.53,9066040600.0,1.03744863,0.010374486300000001
2013-11-29,2442.676,2446.395,2432.387,2438.944,6180374600.0,-0.02402102,-0.0002402102
2013-12-02,2423.969,2464.863,2397.007,2418.788,11965512300.0,-0.82642324,-0.0082642324
2013-12-03,2410.693,2448.333,2406.663,2442.784,7445575200.0,0.9920671,0.009920670999999999
2013-12-04,2439.824,2486.64,2434.694,2475.135,10265023500.0,1.32434959,0.013243495899999999
2013-12-05,2476.453,2481.747,2460.576,2468.197,7770893200.0,-0.28030794,-0.0028030793999999997
2013-12-06,2463.043,2470.813,2445.623,2452.287,6611408900.0,-0.64460009,-0.006446000899999999
2013-12-09,2460.028,2468.948,2445.94,2450.872,5716488400.0,-0.05770124,-0.0005770124
2013-12-10,2456.23,2466.66,2444.526,2453.322,6694142400.0,0.09996442,0.0009996442
2013-12-11,2440.503,2440.503,2400.742,2412.763,6807514400.0,-1.65322775,-0.0165322775
2013-12-12,2406.766,2423.309,2402.769,2410.015,5014771900.0,-0.11389432,-0.0011389432
2013-12-13,2388.659,2416.26,2386.246,2406.639,5150119600.0,-0.14008212,-0.0014008212
2013-12-16,2408.678,2412.734,2367.43,2367.923,6458167400.0,-1.60871655,-0.0160871655
2013-12-17,2369.255,2373.286,2351.183,2356.376,4848389100.0,-0.48764255,-0.0048764255
2013-12-18,2356.703,2368.583,2350.451,2357.226,4001520700.0,0.03607234,0.0003607234
2013-12-19,2366.205,2370.991,2331.194,2332.41,4809568000.0,-1.05276287,-0.0105276287
2013-12-20,2335.052,2338.875,2278.096,2278.136,6520420700.0,-2.32694938,-0.0232694938
2013-12-23,2283.8,2295.765,2259.575,2284.602,4558028500.0,0.28382853,0.0028382853000000004
2013-12-24,2291.125,2312.832,2270.245,2288.248,4559916800.0,0.15959016,0.0015959016
2013-12-25,2291.748,2305.609,2281.6,2305.11,4400532600.0,0.73689565,0.0073689565
2013-12-26,2299.972,2301.493,2263.922,2265.334,5149756300.0,-1.72555757,-0.0172555757
2013-12-27,2268.535,2315.182,2264.386,2303.478,5338915700.0,1.68381351,0.0168381351
2013-12-30,2313.38,2316.621,2295.641,2299.458,4841430800.0,-0.17451871,-0.0017451870999999999
2013-12-31,2289.01,2333.074,2287.117,2330.026,5663107000.0,1.32935674,0.0132935674
2014-01-02,2323.433,2325.991,2310.653,2321.978,4519429100.0,-0.34540387,-0.0034540387000000002
2014-01-03,2311.968,2314.836,2280.887,2290.779,5978264500.0,-1.34363891,-0.0134363891
2014-01-06,2286.371,2286.371,2229.334,2238.637,6630040300.0,-2.27616894,-0.022761689399999997
2014-01-07,2222.306,2246.791,2218.647,2238.001,4375310300.0,-0.02841014,-0.0002841014
2014-01-08,2240.635,2262.584,2228.418,2241.911,5134885400.0,0.17470948,0.0017470948
2014-01-09,2236.967,2258.894,2220.802,2222.221,5598704100.0,-0.87826858,-0.0087826858
2014-01-10,2216.521,2224.494,2200.215,2204.851,5416929300.0,-0.78165043,-0.0078165043
2014-01-13,2206.996,2222.072,2183.597,2193.679,5012277200.0,-0.50670091,-0.0050670090999999995
2014-01-14,2192.844,2214.124,2179.908,2212.846,5404994700.0,0.87373768,0.0087373768
2014-01-15,2210.024,2215.903,2193.802,2208.941,4896239500.0,-0.17646958,-0.0017646957999999998
2014-01-16,2209.448,2227.262,2201.56,2211.844,5229890200.0,0.13142044,0.0013142044
2014-01-17,2203.821,2205.972,2175.876,2178.488,5027315500.0,-1.50806296,-0.0150806296
2014-01-20,2173.651,2182.463,2156.458,2165.993,4056015400.0,-0.57356295,-0.0057356295000000005
2014-01-21,2168.42,2197.923,2168.42,2187.41,4030624700.0,0.98878436,0.0098878436
2014-01-22,2190.432,2244.133,2187.534,2243.796,7064137500.0,2.57775177,0.0257775177
2014-01-23,2242.245,2248.924,2228.057,2231.889,5634595100.0,-0.53066322,-0.0053066321999999996
2014-01-24,2225.758,2257.355,2222.893,2245.678,6116767000.0,0.61781746,0.0061781746
2014-01-27,2233.015,2233.231,2211.799,2215.919,7034424600.0,-1.32516772,-0.0132516772
2014-01-28,2220.785,2233.257,2205.972,2219.855,5326913000.0,0.17762382,0.0017762382
2014-01-29,2225.711,2233.057,2219.928,2227.781,5022271700.0,0.35705035,0.0035705035
2014-01-30,2223.163,2223.163,2200.224,2202.45,4363230400.0,-1.13705072,-0.0113705072
2014-02-07,2187.343,2212.498,2177.117,2212.483,5045931500.0,0.45553815,0.0045553815
2014-02-10,2221.54,2270.194,2221.54,2267.534,8306571600.0,2.48819991,0.0248819991
2014-02-11,2267.735,2296.516,2262.599,2285.562,9922982900.0,0.79504872,0.0079504872
2014-02-12,2286.187,2294.317,2276.444,2291.246,7659216100.0,0.24869157,0.0024869157
2014-02-13,2288.451,2307.474,2278.261,2279.554,9621778900.0,-0.51029003,-0.005102900299999999
2014-02-14,2278.4,2295.852,2274.429,2295.575,6708299700.0,0.70281292,0.007028129199999999
2014-02-17,2308.791,2315.579,2293.552,2311.647,8783166600.0,0.7001296,0.007001296000000001
2014-02-18,2310.309,2310.309,2276.108,2282.442,8704974300.0,-1.26338494,-0.0126338494
2014-02-19,2280.927,2317.42,2274.152,2308.656,9935256100.0,1.14850673,0.0114850673
2014-02-20,2314.088,2331.698,2286.203,2287.436,10643953300.0,-0.9191495,-0.009191495
2014-02-21,2284.03,2287.869,2250.652,2264.294,7636899300.0,-1.01170044,-0.0101170044
2014-02-24,2246.715,2246.715,2194.164,2214.509,8921593900.0,-2.19869858,-0.021986985799999997
2014-02-25,2216.515,2225.209,2150.095,2157.909,9323755100.0,-2.5558713,-0.025558713
2014-02-26,2147.737,2164.698,2137.079,2163.405,7799329700.0,0.254691,0.00254691
2014-02-27,2170.81,2180.063,2150.135,2154.108,9010429600.0,-0.42973923,-0.0042973923
2014-02-28,2149.446,2180.474,2133.548,2178.971,7666805700.0,1.15421325,0.0115421325
2014-03-03,2173.907,2194.224,2167.91,2190.37,8207231400.0,0.52313684,0.0052313684
2014-03-04,2183.858,2188.601,2161.589,2184.273,7306925000.0,-0.2783548,-0.0027835480000000003
2014-03-05,2187.352,2189.093,2159.595,2163.976,6133201500.0,-0.92923366,-0.0092923366
2014-03-06,2159.397,2181.427,2136.454,2173.634,6909376700.0,0.44630809,0.0044630809
2014-03-07,2170.043,2189.39,2161.436,2168.358,6426517700.0,-0.24272716,-0.0024272716
2014-03-10,2149.676,2149.676,2095.067,2097.787,7141640700.0,-3.2545825,-0.032545825
2014-03-11,2092.608,2118.79,2088.729,2108.661,5762124300.0,0.51835577,0.0051835577
2014-03-12,2102.801,2130.586,2090.757,2114.134,7006974700.0,0.2595486,0.002595486
2014-03-13,2119.547,2149.436,2115.986,2140.333,6922602800.0,1.23923082,0.0123923082
2014-03-14,2129.87,2140.384,2109.575,2122.836,5861773700.0,-0.81748961,-0.0081748961
2014-03-17,2132.793,2143.196,2118.953,2143.038,5240944500.0,0.95165147,0.009516514700000001
2014-03-18,2146.124,2152.462,2134.923,2138.133,5535413200.0,-0.22888068,-0.0022888068
2014-03-19,2131.283,2131.283,2101.285,2120.87,5930390500.0,-0.80738663,-0.0080738663
2014-03-20,2116.185,2134.792,2086.497,2086.967,6763128500.0,-1.59854211,-0.015985421099999998
2014-03-21,2079.871,2163.225,2077.759,2158.798,10402480700.0,3.4418848,0.034418848
2014-03-24,2161.898,2186.731,2150.871,2176.554,10449198400.0,0.82249474,0.0082249474
2014-03-25,2170.78,2191.491,2164.669,2174.44,8687751000.0,-0.09712601,-0.0009712601
2014-03-26,2181.231,2186.078,2165.217,2171.047,5827617600.0,-0.15604018,-0.0015604018
2014-03-27,2168.344,2186.893,2146.916,2155.707,7127513200.0,-0.70657153,-0.0070657153
2014-03-28,2154.515,2172.668,2144.584,2151.965,7008607300.0,-0.17358574,-0.0017358573999999999
2014-03-31,2156.054,2165.254,2134.422,2146.305,5545748800.0,-0.26301543,-0.0026301543
2014-04-01,2143.717,2170.095,2141.151,2163.115,4886640300.0,0.78320649,0.0078320649
2014-04-02,2166.067,2182.683,2164.008,2180.727,6503925700.0,0.81419619,0.0081419619
2014-04-03,2188.642,2196.138,2160.747,2165.008,7153603200.0,-0.72081466,-0.0072081466000000005
2014-04-04,2157.982,2186.154,2155.277,2185.472,4794588800.0,0.94521591,0.009452159100000001
2014-04-08,2179.92,2243.97,2178.905,2237.316,9721911700.0,2.37221067,0.0237221067
2014-04-09,2239.791,2246.793,2228.994,2238.62,6635726800.0,0.05828412,0.0005828412
2014-04-10,2241.452,2290.742,2229.515,2273.761,11454540500.0,1.56976173,0.0156976173
2014-04-11,2269.565,2281.105,2261.133,2270.666,9061589700.0,-0.13611809,-0.0013611809
2014-04-14,2267.943,2275.83,2255.456,2268.613,6226499800.0,-0.090414,-0.0009041399999999999
2014-04-15,2261.411,2261.474,2225.685,2229.463,6821813000.0,-1.72572404,-0.0172572404
2014-04-16,2223.468,2245.315,2221.153,2232.526,5167801000.0,0.13738734,0.0013738734
2014-04-17,2238.779,2241.622,2221.954,2224.803,4833362800.0,-0.34593102,-0.0034593102
2014-04-18,2215.879,2228.77,2203.047,2224.479,5075799500.0,-0.01456309,-0.0001456309
2014-04-21,2209.942,2231.707,2186.755,2187.248,5627828000.0,-1.67369528,-0.0167369528
2014-04-22,2184.017,2196.849,2165.075,2196.795,5709469400.0,0.43648457,0.0043648457
2014-04-23,2191.231,2205.594,2187.388,2194.668,4776353100.0,-0.09682287,-0.0009682287
2014-04-24,2192.769,2209.454,2186.763,2190.474,4505891100.0,-0.19109952,-0.0019109952
2014-04-25,2195.815,2201.712,2167.64,2167.826,6024538300.0,-1.03393147,-0.0103393147
2014-04-28,2165.773,2171.385,2132.695,2134.969,6048518700.0,-1.51566593,-0.0151566593
2014-04-29,2134.413,2159.379,2131.783,2158.47,4820493100.0,1.1007654,0.011007654
2014-04-30,2158.762,2164.175,2153.124,2158.659,4533462400.0,0.0087562,8.7562e-05
2014-05-05,2152.59,2161.703,2131.232,2156.47,4934407300.0,-0.10140555,-0.0010140555
2014-05-06,2151.388,2173.618,2150.112,2157.328,4808651900.0,0.03978724,0.0003978724
2014-05-07,2151.472,2153.723,2136.99,2137.316,4460747000.0,-0.92762899,-0.0092762899
2014-05-08,2132.036,2168.206,2128.318,2135.496,4833245200.0,-0.08515353,-0.0008515353
2014-05-09,2138.84,2141.559,2120.595,2133.911,4918113500.0,-0.07422163,-0.0007422163
2014-05-12,2150.313,2184.332,2139.483,2180.054,8347256000.0,2.1623676,0.021623676
2014-05-13,2180.059,2185.046,2167.767,2174.852,6491251800.0,-0.23861794,-0.0023861794
2014-05-14,2175.094,2184.221,2168.997,2172.372,4851420600.0,-0.11403075,-0.0011403075
2014-05-15,2169.278,2171.453,2142.338,2144.084,4673403200.0,-1.30217108,-0.013021710799999999
2014-05-16,2143.926,2150.5,2132.186,2145.952,4225319700.0,0.08712345,0.0008712345000000001
2014-05-19,2139.362,2139.362,2105.713,2115.143,4289360700.0,-1.43567983,-0.0143567983
2014-05-20,2124.708,2131.567,2110.72,2115.771,3729968300.0,0.02969066,0.0002969066
2014-05-21,2106.762,2136.1,2096.514,2135.905,3894604200.0,0.95161527,0.0095161527
2014-05-22,2134.087,2160.909,2128.858,2130.868,4625273600.0,-0.2358251,-0.002358251
2014-05-23,2130.775,2148.583,2128.663,2148.414,3762310500.0,0.82342032,0.0082342032
2014-05-26,2161.892,2165.421,2147.445,2155.976,3955065600.0,0.35198058,0.0035198058
2014-05-27,2154.395,2160.027,2145.752,2147.28,3589717100.0,-0.40334401,-0.0040334401
2014-05-28,2147.467,2171.172,2142.007,2169.352,5005626000.0,1.02790507,0.0102790507
2014-05-29,2171.26,2178.092,2154.925,2155.164,4489155600.0,-0.65402019,-0.0065402019
2014-05-30,2156.381,2166.907,2146.218,2156.464,4392386300.0,0.06032024,0.0006032024
2014-06-03,2157.64,2168.995,2149.291,2149.918,4198295400.0,-0.30355248,-0.0030355248000000002
2014-06-04,2149.407,2149.452,2117.313,2128.274,4181724900.0,-1.00673607,-0.010067360700000002
2014-06-05,2126.607,2150.93,2123.524,2150.602,3647742400.0,1.04911304,0.0104911304
2014-06-06,2149.214,2149.783,2123.98,2134.716,3573805800.0,-0.73867689,-0.0073867689
2014-06-09,2128.225,2153.903,2126.665,2134.281,3931106000.0,-0.02037742,-0.0002037742
2014-06-10,2138.671,2161.526,2132.447,2161.268,5050790200.0,1.26445393,0.0126445393
2014-06-11,2156.151,2163.61,2152.08,2160.766,4256371800.0,-0.02322711,-0.0002322711
2014-06-12,2156.761,2160.988,2148.413,2153.41,4302584300.0,-0.34043483,-0.0034043483000000003
2014-06-13,2150.987,2183.645,2150.569,2176.242,5925287600.0,1.06027185,0.010602718499999999
2014-06-16,2176.438,2196.343,2174.277,2191.855,6329687500.0,0.7174294,0.007174294
2014-06-17,2185.681,2185.681,2168.445,2169.674,4993366500.0,-1.01197388,-0.0101197388
2014-06-18,2169.252,2172.549,2158.497,2160.239,4946389700.0,-0.43485796,-0.0043485796
2014-06-19,2161.426,2166.407,2119.498,2126.907,5316264500.0,-1.54297742,-0.0154297742
2014-06-20,2124.963,2137.034,2120.807,2136.729,4239371900.0,0.46179734,0.0046179734
2014-06-23,2137.926,2147.227,2132.454,2134.11,4117925800.0,-0.12257053,-0.0012257053
2014-06-24,2131.686,2145.213,2130.292,2144.821,4016435600.0,0.5018954,0.005018954
2014-06-25,2141.726,2141.726,2126.035,2133.371,3766610000.0,-0.53384408,-0.0053384408
2014-06-26,2135.156,2151.114,2134.891,2149.076,4435116600.0,0.73615888,0.0073615888
2014-06-27,2146.374,2159.526,2138.927,2150.258,5272289600.0,0.05500038,0.0005500038
2014-06-30,2152.306,2168.221,2152.306,2165.118,5430418800.0,0.69107986,0.0069107986
2014-07-01,2169.199,2171.15,2157.133,2164.559,5332310000.0,-0.02581845,-0.0002581845
2014-07-02,2163.998,2171.51,2155.609,2170.867,5968550100.0,0.29142195,0.0029142194999999997
2014-07-03,2169.003,2184.964,2164.843,2180.192,6369069000.0,0.42955188,0.0042955188
2014-07-04,2180.445,2183.798,2174.073,2178.695,5285110600.0,-0.06866368,-0.0006866368000000001
2014-07-07,2178.546,2186.202,2171.083,2176.289,5024233400.0,-0.11043308,-0.0011043308
2014-07-08,2174.828,2180.778,2163.359,2180.473,5074359900.0,0.19225388,0.0019225388
2014-07-09,2178.135,2178.51,2148.26,2148.71,6202204600.0,-1.45670228,-0.014567022800000001
2014-07-10,2146.601,2151.774,2139.522,2142.847,5573249700.0,-0.27286139,-0.0027286139
2014-07-11,2136.317,2154.735,2134.795,2148.009,6137427400.0,0.24089447,0.0024089447
2014-07-14,2149.542,2171.902,2145.278,2171.758,6615886300.0,1.10562851,0.0110562851
2014-07-15,2170.089,2176.272,2165.206,2174.976,7181569400.0,0.14817489,0.0014817489
2014-07-16,2172.824,2183.248,2166.774,2170.868,8156023000.0,-0.18887565,-0.0018887565
2014-07-17,2166.831,2166.932,2147.084,2157.068,5945356800.0,-0.63569042,-0.0063569042
2014-07-18,2147.663,2176.325,2145.446,2164.144,6547329500.0,0.32803787,0.0032803787000000003
2014-07-21,2164.223,2171.94,2158.955,2166.295,5417226000.0,0.09939265,0.0009939265
2014-07-22,2162.436,2197.592,2162.236,2192.698,7854258300.0,1.21880907,0.012188090700000001
2014-07-23,2191.394,2210.282,2190.555,2197.833,8421387200.0,0.23418638,0.0023418638
2014-07-24,2199.833,2239.815,2199.833,2237.015,11943553400.0,1.78275601,0.0178275601
2014-07-25,2243.067,2260.89,2239.066,2260.454,9897283800.0,1.04778019,0.010477801899999998
2014-07-28,2272.383,2331.472,2272.383,2323.897,17986933300.0,2.80664858,0.0280664858
2014-07-29,2326.038,2342.77,2316.217,2331.369,13426964100.0,0.32152888,0.0032152888
2014-07-30,2324.69,2339.038,2316.058,2322.011,12302283200.0,-0.40139506,-0.0040139506
2014-07-31,2321.967,2350.551,2316.585,2350.251,11098776900.0,1.21618718,0.0121618718
2014-08-01,2341.227,2371.5,2328.966,2329.402,12631739000.0,-0.88709674,-0.0088709674
2014-08-04,2336.63,2375.62,2332.138,2375.62,11671375400.0,1.98411438,0.019841143800000002
2014-08-05,2376.797,2380.774,2353.795,2369.353,11186178900.0,-0.26380482,-0.0026380482
2014-08-06,2358.206,2371.667,2334.334,2363.221,11634182900.0,-0.25880483,-0.0025880483
2014-08-07,2363.608,2369.204,2326.268,2327.457,11672921000.0,-1.51335825,-0.0151335825
2014-08-08,2329.184,2339.27,2319.288,2331.134,8673969400.0,0.15798358,0.0015798358000000002
2014-08-11,2338.008,2367.004,2337.014,2365.349,9160117100.0,1.46774059,0.014677405900000001
2014-08-12,2361.17,2361.17,2344.716,2357.052,9182260800.0,-0.35077276,-0.0035077276
2014-08-13,2358.459,2370.513,2335.694,2358.901,11044778900.0,0.07844545,0.0007844545
2014-08-14,2357.198,2363.18,2334.08,2335.945,9796949300.0,-0.97316505,-0.0097316505
2014-08-15,2337.985,2366.902,2333.123,2360.635,9359254600.0,1.05695982,0.0105695982
2014-08-18,2366.272,2379.804,2361.197,2374.562,10450955400.0,0.58996838,0.0058996838
2014-08-19,2378.886,2379.474,2358.965,2374.768,11585002000.0,0.00867528,8.67528e-05
2014-08-20,2371.649,2375.475,2360.837,2366.14,10128808800.0,-0.3633197,-0.0036331970000000003
2014-08-21,2365.731,2367.46,2333.299,2354.244,10069021100.0,-0.50275977,-0.005027597700000001
2014-08-22,2352.316,2368.457,2350.986,2365.364,8982393800.0,0.47233847,0.0047233847
2014-08-25,2367.019,2367.606,2338.455,2342.863,9737371700.0,-0.95127008,-0.009512700800000001
2014-08-26,2339.6,2350.391,2317.184,2324.092,9384422200.0,-0.80119922,-0.0080119922
2014-08-27,2323.79,2336.737,2322.885,2327.595,6767622100.0,0.15072553,0.0015072553
2014-08-28,2328.059,2336.363,2309.639,2311.278,7049065500.0,-0.70102402,-0.0070102402
2014-08-29,2317.304,2338.774,2313.262,2338.287,6321142300.0,1.16857427,0.0116857427
2014-09-01,2340.925,2355.552,2338.53,2355.317,7732087000.0,0.72831094,0.0072831093999999996
2014-09-02,2359.862,2387.655,2349.949,2386.46,11443673300.0,1.3222424,0.013222424
2014-09-03,2389.694,2414.26,2389.679,2408.838,12973420400.0,0.9377069,0.009377069
2014-09-04,2411.934,2427.297,2404.082,2426.224,11127229800.0,0.72175879,0.0072175879
2014-09-05,2433.174,2450.634,2427.987,2449.259,13355176400.0,0.9494177,0.009494177
2014-09-09,2452.227,2454.893,2437.078,2445.224,11819434400.0,-0.1647437,-0.0016474369999999999
2014-09-10,2435.593,2437.081,2422.646,2432.433,10917551700.0,-0.52310136,-0.0052310136
2014-09-11,2430.678,2461.473,2417.269,2423.454,13298258300.0,-0.36913658,-0.0036913658
2014-09-12,2418.752,2438.358,2412.622,2438.358,10916017000.0,0.61499001,0.006149900099999999
2014-09-15,2433.001,2439.254,2418.959,2437.189,12224715900.0,-0.0479421,-0.000479421
2014-09-16,2440.339,2442.924,2386.98,2388.765,18674279100.0,-1.98687915,-0.0198687915
2014-09-17,2395.361,2405.371,2379.091,2401.326,12526902800.0,0.52583657,0.0052583657
2014-09-18,2396.379,2414.946,2389.622,2408.664,11592637600.0,0.30558117,0.0030558117
2014-09-19,2409.313,2430.149,2402.313,2425.211,10181357700.0,0.68697834,0.0068697834
2014-09-22,2419.326,2419.326,2374.108,2378.92,10224087000.0,-1.90874114,-0.0190874114
2014-09-23,2379.521,2402.482,2379.521,2399.462,8403334100.0,0.86350108,0.0086350108
2014-09-24,2391.419,2443.978,2387.07,2441.864,14271353000.0,1.76714614,0.017671461399999998
2014-09-25,2453.423,2462.668,2429.587,2436.965,13866189100.0,-0.20062542,-0.0020062542
2014-09-26,2430.808,2439.649,2420.499,2437.201,10029949400.0,0.00968418,9.68418e-05
2014-09-29,2443.91,2453.665,2435.611,2447.799,12340172700.0,0.43484308,0.0043484308
2014-09-30,2452.166,2454.885,2444.204,2450.988,11580422900.0,0.1302803,0.001302803
2014-10-08,2460.87,2478.383,2445.268,2478.383,12195360400.0,1.11771253,0.0111771253
2014-10-09,2480.197,2488.113,2461.112,2481.955,13792392000.0,0.14412623,0.0014412623
2014-10-10,2472.096,2482.136,2457.684,2466.789,14763430700.0,-0.61105056,-0.0061105056
2014-10-13,2457.412,2460.389,2430.546,2454.946,13159336200.0,-0.48009781,-0.0048009781000000005
2014-10-14,2451.094,2467.904,2436.336,2446.562,12739370500.0,-0.34151464,-0.0034151463999999997
2014-10-15,2444.538,2465.498,2431.188,2463.874,13580188200.0,0.7076052,0.007076052
2014-10-16,2448.968,2480.3,2441.822,2444.395,15816660300.0,-0.79058426,-0.0079058426
2014-10-17,2443.222,2456.105,2410.401,2441.732,13275998800.0,-0.10894311,-0.0010894311
2014-10-20,2448.453,2456.621,2441.896,2454.711,9143540100.0,0.53154892,0.0053154892
2014-10-21,2453.406,2459.255,2432.552,2433.391,9624191200.0,-0.86853401,-0.0086853401
2014-10-22,2434.886,2447.467,2417.562,2418.641,8865619300.0,-0.60615002,-0.006061500199999999
2014-10-23,2415.44,2424.662,2392.532,2395.936,10349183900.0,-0.93875031,-0.0093875031
2014-10-24,2397.848,2404.993,2385.725,2390.706,7497486900.0,-0.2182863,-0.0021828629999999997
2014-10-27,2377.542,2377.542,2361.68,2368.832,7386244700.0,-0.91495985,-0.0091495985
2014-10-28,2373.155,2416.766,2373.155,2416.653,10152305500.0,2.01875861,0.0201875861
2014-10-29,2423.813,2461.268,2415.703,2451.384,15858406200.0,1.43715295,0.0143715295
2014-10-30,2450.361,2474.376,2443.759,2468.925,18962635300.0,0.71555497,0.0071555497000000004
2014-10-31,2473.501,2512.189,2466.504,2508.325,23917241200.0,1.59583624,0.0159583624
2014-11-03,2515.824,2524.172,2502.06,2512.548,20580122800.0,0.16835936,0.0016835936000000001
2014-11-04,2511.036,2517.46,2498.605,2513.172,21824700500.0,0.02483535,0.0002483535
2014-11-05,2516.87,2519.399,2499.228,2503.448,19049186200.0,-0.38692139,-0.0038692138999999997
2014-11-06,2505.167,2510.985,2482.983,2506.067,14965111700.0,0.10461571,0.0010461571
2014-11-07,2508.765,2541.549,2489.419,2502.153,20876091100.0,-0.15618098,-0.0015618098
2014-11-10,2529.83,2565.73,2514.71,2565.73,22659973500.0,2.54089178,0.0254089178
2014-11-11,2578.438,2602.373,2532.572,2558.612,32371165600.0,-0.27742592,-0.0027742592
2014-11-12,2545.403,2594.318,2539.601,2594.318,18468626100.0,1.39552226,0.013955222599999999
2014-11-13,2597.389,2607.519,2567.463,2579.75,21981561500.0,-0.56153486,-0.005615348599999999
2014-11-14,2569.211,2581.932,2557.666,2581.093,16504996500.0,0.05205931,0.0005205931
2014-11-17,2613.513,2614.086,2565.943,2567.101,15847809500.0,-0.54209593,-0.0054209593
2014-11-18,2565.273,2570.211,2534.927,2541.416,14294135600.0,-1.00054497,-0.0100054497
2014-11-19,2538.233,2550.5,2531.318,2537.223,12214697400.0,-0.16498676,-0.0016498676000000002
2014-11-20,2528.78,2545.473,2522.836,2537.099,10614986400.0,-0.00488723,-4.88723e-05
2014-11-21,2537.538,2585.362,2530.032,2583.455,15102813900.0,1.82712618,0.0182712618
2014-11-24,2614.16,2667.671,2602.944,2649.258,27983972000.0,2.54709294,0.0254709294
2014-11-25,2650.085,2686.063,2643.843,2685.561,22261169900.0,1.37030821,0.0137030821
2014-11-26,2695.263,2723.36,2690.31,2723.018,24396248500.0,1.39475514,0.013947551400000001
2014-11-27,2737.03,2754.49,2718.704,2754.49,26546473000.0,1.15577642,0.0115577642
2014-11-28,2753.925,2809.543,2740.374,2808.819,37532366200.0,1.97237964,0.0197237964
2014-12-01,2825.611,2855.332,2808.653,2819.812,36548741700.0,0.39137445,0.0039137445
2014-12-02,2807.338,2944.506,2804.293,2923.94,36146532200.0,3.69272845,0.036927284500000004
2014-12-03,2936.124,3028.225,2912.246,2967.549,46615668500.0,1.49144647,0.014914464700000001
2014-12-04,2975.403,3104.89,2968.876,3104.351,42681292800.0,4.6099323,0.046099323
2014-12-05,3143.968,3195.798,3011.936,3124.885,52488126000.0,0.66145871,0.0066145871
2014-12-08,3108.272,3270.881,3075.7,3252.881,48446234400.0,4.09602273,0.0409602273
2014-12-09,3233.097,3387.827,3074.516,3106.913,63287456700.0,-4.48734522,-0.0448734522
2014-12-10,3120.212,3229.047,3058.191,3221.546,42501870800.0,3.68961088,0.0368961088
2014-12-11,3185.161,3254.424,3158.443,3183.012,36709169100.0,-1.19613378,-0.011961337800000001
2014-12-12,3182.923,3239.447,3167.928,3193.227,30106532500.0,0.32092245,0.0032092245000000003
2014-12-15,3176.829,3226.221,3143.297,3217.228,29019383400.0,0.75162211,0.0075162211000000005
2014-12-16,3221.358,3303.402,3207.688,3303.402,35812384700.0,2.67851703,0.0267851703
2014-12-17,3325.82,3368.194,3275.736,3360.598,44814077000.0,1.73142718,0.0173142718
2014-12-18,3359.09,3393.711,3322.229,3345.927,35597020700.0,-0.43655921,-0.004365592099999999
2014-12-19,3345.629,3397.183,3280.916,3383.167,41121159000.0,1.11299499,0.0111299499
2014-12-22,3396.251,3455.207,3357.661,3394.481,54980167100.0,0.33442038,0.0033442038000000003
2014-12-23,3358.798,3431.779,3316.913,3324.924,36973609300.0,-2.04912032,-0.020491203200000002
2014-12-24,3332.146,3340.357,3188.495,3230.385,31744958700.0,-2.84334319,-0.0284334319
2014-12-25,3254.48,3335.779,3226.322,3335.419,30979954700.0,3.25143907,0.0325143907
2014-12-26,3343.64,3453.338,3335.012,3445.839,38461412400.0,3.3105286,0.033105286
2014-12-29,3502.183,3524.28,3405.836,3455.455,42501503700.0,0.27906121,0.0027906121
2014-12-30,3450.814,3491.826,3422.174,3457.554,32823387300.0,0.06074453,0.0006074453
2014-12-31,3462.389,3542.34,3452.498,3533.705,34593476000.0,2.20245295,0.0220245295
2015-01-05,3566.089,3669.042,3551.51,3641.541,45119809800.0,3.05164127,0.030516412700000002
2015-01-06,3608.428,3683.226,3587.231,3641.059,42096218500.0,-0.01323615,-0.0001323615
2015-01-07,3620.924,3671.19,3601.698,3643.79,32019123200.0,0.07500565,0.0007500565
2015-01-08,3650.073,3659.945,3552.1,3559.259,29500304500.0,-2.31986476,-0.0231986476
2015-01-09,3547.574,3689.753,3536.395,3546.723,34998267200.0,-0.35220814,-0.0035220814
2015-01-12,3531.515,3560.527,3461.322,3513.576,26656717500.0,-0.93458102,-0.0093458102
2015-01-13,3506.451,3550.158,3494.768,3514.04,18715396500.0,0.01320592,0.0001320592
2015-01-14,3522.907,3547.242,3471.56,3502.423,19601251000.0,-0.33058815,-0.0033058815000000003
2015-01-15,3501.719,3604.121,3482.27,3604.121,23781233800.0,2.90364699,0.0290364699
2015-01-16,3616.248,3662.158,3601.258,3635.146,28268161400.0,0.86082016,0.008608201599999999
2015-01-19,3414.013,3497.252,3330.981,3355.155,32950527500.0,-7.70233163,-0.07702331629999999
2015-01-20,3336.793,3419.204,3325.681,3396.222,29784323200.0,1.2239971,0.012239971
2015-01-21,3420.491,3557.794,3409.43,3548.885,33792821000.0,4.49508307,0.0449508307
2015-01-22,3551.052,3576.756,3520.053,3567.613,26885359900.0,0.52771504,0.0052771504000000006
2015-01-23,3582.088,3627.806,3548.626,3571.732,28017217200.0,0.11545535,0.0011545535
2015-01-26,3580.118,3611.617,3559.376,3607.985,23976620300.0,1.01499777,0.0101499777
2015-01-27,3614.038,3616.258,3510.017,3574.931,28766917900.0,-0.91613463,-0.0091613463
2015-01-28,3547.239,3583.312,3512.393,3525.323,21622021400.0,-1.38766315,-0.0138766315
2015-01-29,3474.915,3505.582,3453.901,3481.798,21161886000.0,-1.23463864,-0.0123463864
2015-01-30,3496.885,3514.217,3431.936,3434.39,19647915700.0,-1.36159536,-0.0136159536
2015-02-02,3360.193,3407.256,3347.085,3353.96,19518369900.0,-2.3419006,-0.023419006000000003
2015-02-03,3388.602,3441.709,3360.717,3437.445,19284609600.0,2.48914716,0.0248914716
2015-02-04,3446.144,3476.817,3399.565,3401.768,19130434900.0,-1.03789297,-0.0103789297
2015-02-05,3487.951,3487.951,3366.862,3366.946,25043060900.0,-1.02364418,-0.010236441800000001
2015-02-06,3352.33,3374.051,3285.935,3312.42,19266418600.0,-1.61944979,-0.0161944979
2015-02-09,3305.734,3376.526,3298.597,3345.921,17235382000.0,1.01137537,0.0101137537
2015-02-10,3345.077,3407.18,3339.548,3406.943,15930908800.0,1.82377289,0.0182377289
2015-02-11,3415.977,3445.655,3412.136,3434.124,14461377200.0,0.797812,0.00797812
2015-02-12,3435.361,3453.582,3405.627,3442.874,15608169100.0,0.25479569,0.0025479569000000004
2015-02-13,3458.827,3509.505,3452.079,3469.828,20108997100.0,0.78289243,0.0078289243
2015-02-16,3473.289,3504.475,3466.607,3499.483,16564134300.0,0.85465331,0.0085465331
2015-02-17,3511.544,3536.82,3511.093,3522.322,16532831300.0,0.65263926,0.006526392600000001
2015-02-25,3529.55,3529.55,3463.955,3478.729,16553935100.0,-1.23762109,-0.0123762109
2015-02-26,3473.713,3569.33,3456.871,3566.295,22932843800.0,2.51718372,0.025171837199999998
2015-02-27,3565.233,3594.813,3560.455,3572.843,22278643800.0,0.18360792,0.0018360792
2015-03-02,3603.452,3608.691,3566.527,3601.265,24817612500.0,0.79550095,0.0079550095
2015-03-03,3579.315,3579.315,3504.201,3507.9,26186648900.0,-2.59256123,-0.025925612299999998
2015-03-04,3514.667,3540.912,3497.172,3530.822,19966398100.0,0.65343938,0.0065343938
2015-03-05,3513.249,3517.083,3467.676,3496.344,21750880500.0,-0.9764865,-0.009764865000000001
2015-03-06,3501.184,3516.243,3472.392,3478.52,18151805400.0,-0.50978965,-0.0050978965
2015-03-09,3449.696,3546.705,3417.486,3537.75,23394041100.0,1.70273565,0.0170273565
2015-03-10,3523.64,3551.205,3511.985,3520.611,19426765700.0,-0.48446046,-0.0048446046
2015-03-11,3524.575,3568.916,3512.218,3524.653,18894782500.0,0.11480962,0.0011480962
2015-03-12,3557.686,3603.341,3536.534,3592.844,26566462500.0,1.9346869,0.019346869
2015-03-13,3604.671,3641.392,3594.742,3617.657,24686476800.0,0.6906228,0.0069062279999999995
2015-03-16,3641.773,3705.739,3621.119,3705.671,27543830700.0,2.43290063,0.024329006299999997
2015-03-17,3733.961,3762.575,3716.809,3757.122,37162566600.0,1.3884395,0.013884395
2015-03-18,3769.086,3846.055,3763.848,3846.055,41519001100.0,2.36705116,0.0236705116
2015-03-19,3851.249,3859.126,3809.706,3839.739,39154763000.0,-0.16422022,-0.0016422022
2015-03-20,3852.492,3916.863,3832.416,3892.574,40181755200.0,1.37600498,0.0137600498
2015-03-23,3923.083,3972.296,3922.21,3972.061,39111992200.0,2.04201641,0.0204201641
2015-03-24,3980.066,3989.858,3883.782,3973.046,46858131200.0,0.02479821,0.00024798210000000003
2015-03-25,3961.578,3980.716,3913.988,3940.412,37996885100.0,-0.8213849,-0.008213849
2015-03-26,3921.745,3991.997,3892.878,3949.999,34675631500.0,0.24329943,0.0024329943
2015-03-27,3957.542,3993.032,3932.87,3971.697,29875606400.0,0.54931659,0.0054931659
2015-03-30,3999.024,4101.651,3999.024,4088.178,42829702000.0,2.93277659,0.0293277659
2015-03-31,4138.885,4166.018,4037.771,4051.204,43606563500.0,-0.90441267,-0.0090441267
2015-04-01,4057.501,4139.499,4046.939,4123.895,32951285300.0,1.79430609,0.017943060900000002
2015-04-02,4149.946,4156.842,4068.649,4124.776,33907048700.0,0.0213633,0.00021363300000000002
2015-04-03,4104.672,4170.558,4092.383,4170.538,32130376600.0,1.10944206,0.011094420599999998
2015-04-07,4213.894,4260.471,4197.019,4260.044,41536265400.0,2.14614997,0.0214614997
2015-04-08,4277.45,4304.78,4204.826,4295.803,45867671500.0,0.83940448,0.0083940448
2015-04-09,4316.958,4332.166,4212.611,4262.138,43969990200.0,-0.78367188,-0.0078367188
2015-04-10,4249.383,4351.687,4231.196,4344.416,34819017000.0,1.93043961,0.0193043961
2015-04-13,4394.047,4432.024,4361.589,4421.073,43415303600.0,1.76449493,0.0176449493
2015-04-14,4432.126,4474.353,4385.908,4438.184,43443212600.0,0.38703274,0.0038703274
2015-04-15,4439.314,4475.997,4379.609,4380.513,47215413100.0,-1.29942787,-0.012994278699999999
2015-04-16,4355.491,4513.765,4335.63,4513.546,42260374800.0,3.03692741,0.0303692741
2015-04-17,4578.679,4630.27,4553.904,4596.136,55280266300.0,1.82982515,0.0182982515
2015-04-20,4615.034,4671.168,4492.6,4521.919,68643907500.0,-1.61476945,-0.0161476945
2015-04-21,4520.461,4620.058,4504.558,4619.164,49031499100.0,2.15052503,0.021505250299999997
2015-04-22,4637.055,4740.933,4632.589,4739.814,51621379200.0,2.6119445,0.026119444999999998
2015-04-23,4764.481,4782.044,4693.967,4740.892,49743095400.0,0.02274351,0.00022743510000000001
2015-04-24,4682.626,4730.43,4618.318,4702.641,48015293600.0,-0.80683129,-0.0080683129
2015-04-27,4753.871,4810.485,4735.31,4807.592,51307654800.0,2.23174595,0.0223174595
2015-04-28,4811.319,4839.078,4703.567,4741.861,60863854500.0,-1.36723333,-0.013672333299999999
2015-04-29,4722.903,4797.927,4695.793,4774.326,39505698000.0,0.68464681,0.0068464681
2015-04-30,4788.412,4818.725,4749.485,4749.886,39972744400.0,-0.51190472,-0.0051190472
2015-05-04,4757.637,4795.915,4699.398,4787.741,37784385300.0,0.7969665,0.007969665
2015-05-05,4785.192,4785.192,4572.983,4596.837,46041962600.0,-3.98735019,-0.0398735019
2015-05-06,4626.231,4700.909,4511.761,4553.327,37607370200.0,-0.9465204,-0.009465204
2015-05-07,4520.818,4546.338,4467.459,4470.089,29775920300.0,-1.82806989,-0.0182806989
2015-05-08,4515.554,4559.058,4445.592,4558.404,30240796700.0,1.97568773,0.0197568773
2015-05-11,4582.091,4690.954,4535.149,4690.532,37383842000.0,2.89855836,0.0289855836
2015-05-12,4692.122,4748.004,4660.016,4747.421,37705389100.0,1.2128475,0.012128475000000001
2015-05-13,4746.713,4758.002,4678.845,4718.436,37073042400.0,-0.61054202,-0.0061054202
2015-05-14,4717.955,4735.284,4670.168,4700.778,33772515200.0,-0.37423417,-0.0037423417
2015-05-15,4690.755,4690.755,4592.05,4617.47,32843116600.0,-1.77221728,-0.0177221728
2015-05-18,4582.058,4623.383,4565.061,4575.14,26918048900.0,-0.91673579,-0.0091673579
2015-05-19,4577.637,4740.005,4577.637,4731.222,31478595200.0,3.41152402,0.0341152402
2015-05-20,4751.572,4843.1,4745.21,4754.919,36318074800.0,0.50086426,0.005008642599999999
2015-05-21,4768.689,4841.615,4746.029,4840.976,30505453700.0,1.80985207,0.0180985207
2015-05-22,4895.925,4951.991,4870.598,4951.335,45584671800.0,2.27968492,0.022796849199999997
2015-05-25,4949.11,5099.839,4949.11,5099.495,46573659000.0,2.99232429,0.0299232429
2015-05-26,5140.798,5199.295,5063.146,5198.918,48794935900.0,1.94966364,0.0194966364
2015-05-27,5216.17,5226.844,5126.861,5181.434,47079873000.0,-0.33630075,-0.0033630074999999996
2015-05-28,5174.101,5213.183,4831.329,4834.007,57182904700.0,-6.70522871,-0.0670522871
2015-05-29,4839.53,4924.303,4665.521,4840.829,42787885900.0,0.14112516,0.0014112516
2015-06-01,4862.756,5079.319,4835.774,5076.179,41750374100.0,4.86177058,0.0486177058
2015-06-02,5091.272,5162.556,5047.081,5161.87,41297319600.0,1.68810044,0.0168810044
2015-06-03,5176.597,5186.967,5059.495,5143.59,41425827000.0,-0.35413523,-0.0035413523000000003
2015-06-04,5156.012,5194.233,4863.465,5181.416,48276726800.0,0.73540076,0.0073540076
2015-06-05,5254.905,5288.34,5104.178,5230.552,54596119600.0,0.9483122,0.009483122
2015-06-08,5259.408,5370.609,5202.595,5353.751,63731323700.0,2.35537282,0.0235537282
2015-06-09,5379.47,5380.426,5251.208,5317.461,57042726300.0,-0.67784251,-0.0067784251
2015-06-10,5254.3042,5374.8296,5209.6795,5309.112,44216567600.0,-0.15701102,-0.0015701102
2015-06-11,5305.1407,5329.2951,5248.1626,5306.59,39233875500.0,-0.04750324,-0.00047503240000000004
2015-06-12,5329.2781,5351.6481,5283.0859,5335.1151,43013138600.0,0.53754106,0.0053754106
2015-06-15,5354.0138,5362.4515,5207.3081,5221.1665,47574570300.0,-2.13582271,-0.0213582271
2015-06-16,5165.0245,5204.303,5015.2646,5064.8212,41167563800.0,-2.99445153,-0.029944515300000002
2015-06-17,5072.3064,5158.3671,4949.2934,5138.8307,39712418700.0,1.46124606,0.014612460599999998
2015-06-18,5107.6946,5121.2184,4926.4292,4930.5491,36439581400.0,-4.05309325,-0.0405309325
2015-06-19,4847.0568,4910.4499,4634.6909,4637.0517,35810474400.0,-5.95263112,-0.0595263112
2015-06-23,4641.4248,4786.955,4455.3304,4786.0906,36508794400.0,3.21408752,0.0321408752
2015-06-24,4811.5949,4883.7317,4744.3058,4880.1261,43463872300.0,1.9647664,0.019647664
2015-06-25,4906.2416,4919.2631,4667.2235,4706.5159,44613598200.0,-3.55749414,-0.035574941400000004
2015-06-26,4573.8723,4650.1861,4278.6752,4336.1947,44663979000.0,-7.86826621,-0.0786826621
2015-06-29,4446.8419,4451.1659,4000.9261,4191.5486,52566248200.0,-3.33578425,-0.0333578425
2015-06-30,4161.0672,4475.7674,4016.0126,4472.9976,52704528000.0,6.7146782,0.067146782
2015-07-01,4408.9843,4526.1271,4235.6964,4253.021,43172141100.0,-4.91787878,-0.0491787878
2015-07-02,4287.7344,4312.1904,4000.0612,4107.9961,45706219400.0,-3.40992673,-0.0340992673
2015-07-03,4017.2019,4164.6289,3785.9015,3885.9169,42930085000.0,-5.40602266,-0.0540602266
2015-07-06,4218.266,4218.266,3832.4678,3998.537,64809453000.0,2.89816028,0.0289816028
2015-07-07,3877.8539,3960.6359,3743.6237,3928.0025,67938500700.0,-1.76400769,-0.0176400769
2015-07-08,3651.0604,3762.6222,3612.2536,3663.0375,58146709700.0,-6.74554051,-0.06745540509999999
2015-07-09,3621.6804,3930.2641,3537.826,3897.6263,50387061000.0,6.40421508,0.0640421508
2015-07-10,3916.2717,4179.1114,3887.5509,4106.5561,50070180200.0,5.36043694,0.0536043694
2015-07-13,4132.2308,4278.1612,4072.4297,4211.8116,50209218600.0,2.56310878,0.025631087799999997
2015-07-14,4178.6295,4258.5132,4062.5004,4112.1488,45442200900.0,-2.36626918,-0.023662691800000003
2015-07-15,4068.8803,4114.2425,3899.5079,3966.7585,42195636700.0,-3.53562838,-0.0353562838
2015-07-16,3949.639,4067.0223,3856.3213,3997.3555,33053134500.0,0.77133508,0.007713350799999999
2015-07-17,4023.7567,4190.1857,4000.2307,4151.4956,33110713100.0,3.85605183,0.0385605183
2015-07-20,4157.0598,4221.693,4106.389,4160.612,35267347200.0,0.21959315,0.0021959314999999997
2015-07-21,4109.7606,4201.4824,4081.7039,4166.0057,31837494500.0,0.12963718,0.0012963718
2015-07-22,4148.5601,4187.4305,4094.7116,4157.1604,31894599700.0,-0.21232088,-0.0021232088
2015-07-23,4158.932,4262.0619,4148.8235,4250.805,35447175900.0,2.25260974,0.0225260974
2015-07-24,4255.1977,4299.6497,4154.617,4176.2787,39204537300.0,-1.75322792,-0.0175322792
2015-07-27,4097.7963,4156.3128,3817.1693,3818.7314,36505451100.0,-8.56138504,-0.0856138504
2015-07-28,3690.9741,3883.4461,3627.4214,3811.0926,38352721600.0,-0.20003502,-0.0020003502
2015-07-29,3839.9585,3934.0033,3769.1894,3930.3791,27697284500.0,3.12998168,0.031299816800000005
2015-07-30,3915.7795,3968.5338,3802.8821,3815.4118,27154866500.0,-2.92509443,-0.0292509443
2015-07-31,3777.1546,3863.6237,3757.9889,3816.6993,22237676700.0,0.03374472,0.0003374472
2015-08-03,3766.0719,3829.2354,3742.5781,3829.2354,24580503000.0,0.32845396,0.0032845395999999997
2015-08-04,3827.3726,3948.4489,3801.0281,3948.1554,22023655600.0,3.10558082,0.0310558082
2015-08-05,3937.6232,3962.2774,3858.6598,3866.8998,20048426900.0,-2.05806489,-0.020580648899999998
2015-08-06,3802.928,3888.6926,3793.237,3831.8516,14727869400.0,-0.90636432,-0.0090636432
2015-08-07,3866.4298,3926.6488,3857.9076,3906.9448,18334915300.0,1.95971055,0.0195971055
2015-08-10,3947.4724,4101.7313,3932.8417,4084.3646,30678054000.0,4.54113915,0.0454113915
2015-08-11,4083.5887,4110.1328,4042.0037,4066.6692,32203419100.0,-0.43324732,-0.0043324732
2015-08-12,4025.6735,4078.0297,4015.3547,4016.1262,25514619600.0,-1.24285988,-0.0124285988
2015-08-13,4010.0129,4075.7003,3967.8205,4075.463,24283697900.0,1.47746353,0.0147746353
2015-08-14,4097.9177,4113.1585,4056.7265,4073.54,25339299600.0,-0.04718482,-0.00047184820000000004
2015-08-17,4058.1129,4081.7718,4009.9896,4077.8721,25693963800.0,0.1063473,0.0010634730000000001
2015-08-18,4084.3108,4103.0535,3816.5535,3825.4122,31988107000.0,-6.19097151,-0.0619097151
2015-08-19,3748.2663,3898.74,3668.1924,3886.1357,26904983900.0,1.58737142,0.0158737142
2015-08-20,3848.4034,3880.824,3761.4541,3761.4541,21216796500.0,-3.20836969,-0.0320836969
2015-08-21,3714.2891,3757.7794,3578.1749,3589.5358,21798640300.0,-4.57052766,-0.0457052766
2015-08-24,3454.5977,3468.1493,3266.5499,3275.5342,25543665200.0,-8.74769378,-0.0874769378
2015-08-25,3070.0069,3200.1081,3019.5561,3042.9266,27608130600.0,-7.1013638,-0.07101363799999999
2015-08-26,3062.566,3192.9316,2952.0082,3025.692,30827062300.0,-0.56638238,-0.0056638237999999995
2015-08-27,3092.8123,3206.7238,3028.3984,3205.6375,26729493000.0,5.94725108,0.0594725108
2015-08-28,3246.236,3353.2435,3223.6221,3342.2863,29949842600.0,4.26276521,0.0426276521
2015-08-31,3307.3962,3368.2789,3205.5365,3366.5359,28025040300.0,0.72553928,0.0072553928
2015-09-01,3296.5289,3370.5039,3190.5783,3362.0827,35245852800.0,-0.13227841,-0.0013227841
2015-09-02,3220.8505,3387.0204,3213.6371,3365.8318,34778941200.0,0.11151124,0.0011151124
2015-09-07,3347.2934,3422.2246,3240.2427,3250.485,20422443100.0,-3.4269924,-0.034269924
2015-09-08,3221.789,3340.2192,3170.807,3334.0233,15459963100.0,2.5700257,0.025700257
2015-09-09,3344.8238,3426.6509,3330.2896,3399.3054,22046742100.0,1.9580577,0.019580577
2015-09-10,3349.2806,3398.3164,3337.3105,3357.561,14488297100.0,-1.22802735,-0.012280273500000001
2015-09-11,3349.8772,3383.1338,3315.4782,3347.1878,10854750800.0,-0.30895046,-0.0030895045999999996
2015-09-14,3367.642,3373.9212,3187.5659,3281.1317,20545725100.0,-1.97348054,-0.0197348054
2015-09-15,3208.744,3240.0789,3131.9795,3152.2319,14355564100.0,-3.92851649,-0.039285164899999996
2015-09-16,3149.1577,3345.9177,3131.3703,3309.2484,15970999400.0,4.98112147,0.049811214699999995
2015-09-17,3287.6567,3354.9052,3236.9986,3236.9986,16940188100.0,-2.18326917,-0.0218326917
2015-09-18,3254.4432,3280.877,3227.8338,3251.2732,10690348100.0,0.44098258,0.0044098258
2015-09-21,3222.6029,3312.5497,3211.9336,3308.2467,12278866800.0,1.75234428,0.0175234428
2015-09-22,3312.3655,3371.4139,3303.1842,3339.03,14622198500.0,0.93050195,0.009305019500000001
2015-09-23,3290.0712,3315.9351,3253.3326,3263.0275,12317143900.0,-2.276185,-0.02276185
2015-09-24,3278.8962,3300.8572,3255.9021,3284.9991,10201123800.0,0.67335013,0.0067335013
2015-09-25,3272.665,3290.858,3201.9137,3231.9514,12141927800.0,-1.61484671,-0.016148467099999998
2015-09-28,3226.6072,3246.5541,3186.5066,3242.7524,7421946800.0,0.33419438,0.0033419438000000003
2015-09-29,3197.2209,3208.4165,3159.0419,3178.8544,8715063300.0,-1.97048655,-0.019704865499999998
2015-09-30,3195.901,3223.9076,3186.767,3202.9475,7855934900.0,0.7579177,0.007579177
2015-10-08,3324.981,3337.3306,3294.6049,3296.482,13208176800.0,2.92026329,0.029202632899999997
2015-10-09,3302.3596,3352.3794,3293.965,3340.1159,12435250000.0,1.32365049,0.0132365049
2015-10-12,3351.1391,3486.6306,3347.2512,3447.6934,22140046800.0,3.22077147,0.0322077147
2015-10-13,3422.4772,3452.0453,3413.9674,3445.0431,14543378600.0,-0.07687168,-0.0007687168
2015-10-14,3431.1352,3458.7015,3403.2305,3406.1116,15217393800.0,-1.13007294,-0.0113007294
2015-10-15,3403.3891,3486.815,3402.3162,3486.815,17115829900.0,2.3693704,0.023693704000000003
2015-10-16,3508.5177,3537.5387,3487.1044,3534.0653,20896470900.0,1.35511348,0.0135511348
2015-10-19,3548.9525,3572.9945,3502.5045,3534.1821,20760674400.0,0.00330498,3.3049799999999997e-05
2015-10-20,3527.875,3577.7981,3510.4368,3577.7027,17902510800.0,1.23141929,0.0123141929
2015-10-21,3580.8378,3601.2434,3417.4123,3473.2544,28207605000.0,-2.91942368,-0.0291942368
2015-10-22,3453.2013,3530.7657,3442.3065,3524.5339,18430558000.0,1.47641071,0.0147641071
2015-10-23,3536.8425,3581.8362,3515.8216,3571.2411,19829447800.0,1.32520218,0.0132520218
2015-10-26,3614.7023,3620.7564,3561.1922,3589.2611,20424886300.0,0.50458649,0.0050458649
2015-10-27,3569.4486,3601.0529,3486.102,3592.8794,19205614000.0,0.10080905,0.0010080905
2015-10-28,3575.8048,3598.1717,3517.2104,3524.9199,17097709800.0,-1.89150518,-0.0189150518
2015-10-29,3539.9777,3561.814,3507.9657,3533.3065,12701044600.0,0.23792314,0.0023792314
2015-10-30,3530.2233,3574.4733,3497.5677,3534.0788,13914191400.0,0.02185771,0.0002185771
2015-11-02,3489.2252,3543.4501,3474.7116,3475.9623,13000256800.0,-1.64445965,-0.0164445965
2015-11-03,3484.7218,3501.704,3452.6203,3465.4927,10140187600.0,-0.30120004,-0.0030120004
2015-11-04,3477.1592,3628.5377,3477.1592,3628.5377,20542386500.0,4.70481441,0.0470481441
2015-11-05,3630.7817,3781.4085,3627.3009,3705.9697,39804656800.0,2.13397259,0.0213397259
2015-11-06,3698.342,3801.705,3694.6567,3793.3739,29875307600.0,2.35847044,0.0235847044
2015-11-09,3796.3792,3891.773,3796.3792,3840.3547,35680482300.0,1.23849642,0.0123849642
2015-11-10,3806.6685,3876.4901,3798.8214,3833.2379,28651960300.0,-0.18531622,-0.0018531622
2015-11-11,3828.4476,3843.1121,3781.4102,3833.6457,23223429600.0,0.01063853,0.0001063853
2015-11-12,3841.7376,3843.8997,3771.2743,3795.3241,21753764700.0,-0.99961246,-0.0099961246
2015-11-13,3756.2044,3793.7134,3727.5847,3746.2422,20348989100.0,-1.29322025,-0.0129322025
2015-11-16,3682.7349,3764.4087,3680.0734,3764.1262,16169090100.0,0.47738504,0.0047738504
2015-11-17,3790.4261,3852.7743,3750.1565,3758.3869,24853307100.0,-0.15247363,-0.0015247363
2015-11-18,3760.4555,3771.8467,3706.3103,3715.5796,18568949500.0,-1.13898066,-0.011389806600000002
2015-11-19,3725.622,3775.232,3714.675,3774.969,15463198900.0,1.59838858,0.0159838858
2015-11-20,3778.8843,3793.5447,3757.0264,3774.3833,18695168900.0,-0.01551536,-0.0001551536
2015-11-23,3774.4356,3802.8513,3743.405,3753.3351,17562681200.0,-0.55765931,-0.0055765931
2015-11-24,3745.7607,3754.1688,3702.7369,3753.8887,14338328300.0,0.01474955,0.0001474955
2015-11-25,3747.7594,3781.857,3735.7162,3781.6069,15194494100.0,0.7383863,0.007383863000000001
2015-11-26,3795.2454,3805.8435,3756.8234,3759.4286,17352546800.0,-0.5864782,-0.005864782
2015-11-27,3739.0958,3742.7417,3534.3904,3556.9924,20893935800.0,-5.3847598,-0.053847598
2015-11-30,3554.89,3587.9703,3455.0679,3566.4122,17320116300.0,0.26482486,0.0026482486
2015-12-01,3562.3186,3617.3054,3536.1156,3591.696,13653655400.0,0.70894217,0.0070894217
2015-12-02,3587.7576,3725.8542,3573.4025,3721.9545,21353886500.0,3.62665716,0.0362665716
2015-12-03,3709.5469,3758.4457,3693.137,3749.2985,19776212600.0,0.73466777,0.007346677700000001
2015-12-04,3719.7338,3726.1236,3667.2911,3677.5922,15119952200.0,-1.91252577,-0.0191252577
2015-12-07,3681.5817,3699.337,3658.5778,3687.6073,11388315000.0,0.27232764,0.0027232764
2015-12-08,3668.8385,3668.8385,3619.4449,3623.0202,12578108300.0,-1.75146361,-0.0175146361
2015-12-09,3613.4203,3655.1585,3611.4904,3635.9382,11332542200.0,0.35655335,0.0035655335
2015-12-10,3634.366,3678.3183,3615.9911,3623.0842,12021562500.0,-0.35352636,-0.0035352635999999996
2015-12-11,3605.3723,3630.7435,3578.1463,3608.0587,11032248100.0,-0.41471573,-0.0041471573
2015-12-14,3573.8838,3712.5026,3570.9978,3711.322,15176911900.0,2.86201829,0.0286201829
2015-12-15,3707.7304,3717.3573,3679.2297,3694.3885,12648171000.0,-0.45626599,-0.0045626599
2015-12-16,3703.9503,3713.0897,3677.4495,3685.4398,11134272300.0,-0.24222412,-0.0024222412
2015-12-17,3712.7833,3768.8435,3709.8511,3755.8881,17792407500.0,1.91153034,0.019115303400000002
2015-12-18,3754.9603,3810.218,3750.925,3767.9128,17346598000.0,0.32015597,0.0032015597000000003
2015-12-21,3762.097,3877.82,3759.989,3865.965,21743527500.0,2.60229483,0.0260229483
2015-12-22,3872.0975,3880.4675,3841.5929,3876.7325,18030366100.0,0.27852037,0.0027852037000000002
2015-12-23,3877.8722,3926.6857,3862.9646,3866.3814,20701714700.0,-0.26700578,-0.0026700578000000003
2015-12-24,3858.1348,3867.6786,3787.0836,3829.4022,14718139700.0,-0.95642918,-0.0095642918
2015-12-25,3832.0849,3848.0247,3813.204,3838.201,11962401300.0,0.22976954,0.0022976954
2015-12-28,3847.5323,3853.3891,3727.6316,3727.6316,15398844000.0,-2.88076106,-0.028807610600000002
2015-12-29,3723.0498,3762.0518,3710.4803,3761.8745,10188555500.0,0.9186235,0.009186235000000001
2015-12-30,3762.9141,3765.657,3726.278,3765.1752,10562995500.0,0.08774083,0.0008774083000000001
2015-12-31,3760.9039,3772.6166,3727.3247,3731.0047,10187355600.0,-0.90754077,-0.0090754077
2016-01-04,3725.8561,3726.2446,3468.9485,3469.0662,11537067400.0,-7.02058885,-0.07020588850000001
2016-01-05,3382.1769,3518.217,3377.2799,3478.7797,16211698400.0,0.2800033,0.002800033
2016-01-06,3482.4064,3543.7394,3468.4666,3539.8082,14596614400.0,1.7543077,0.017543077
2016-01-07,3481.1499,3481.1499,3284.7374,3294.3839,4410264100.0,-6.93326548,-0.0693326548
2016-01-08,3371.871,3418.8508,3237.9307,3361.5632,18595945100.0,2.03920678,0.020392067800000004
2016-01-11,3303.1246,3342.4807,3192.4499,3192.4499,17463838700.0,-5.03079341,-0.0503079341
2016-01-12,3214.8234,3242.2532,3174.5497,3215.7099,12822579600.0,0.72859405,0.0072859405
2016-01-13,3240.4838,3257.2953,3155.8787,3155.8787,12066649400.0,-1.86059072,-0.0186059072
2016-01-14,3076.6445,3226.6576,3072.0389,3221.5714,13453767100.0,2.08159775,0.0208159775
2016-01-15,3200.888,3216.7977,3101.0522,3118.7301,12460177900.0,-3.19227132,-0.0319227132
2016-01-18,3068.2348,3165.6164,3066.727,3130.7289,10112838600.0,0.38473352,0.0038473352
2016-01-19,3132.7047,3227.908,3119.2163,3223.1251,12765389300.0,2.95126799,0.029512679899999998
2016-01-20,3204.2183,3225.9496,3154.4259,3174.3781,13065050400.0,-1.51241415,-0.015124141499999999
2016-01-21,3136.3841,3202.5381,3081.3454,3081.3454,11118973300.0,-2.93073783,-0.0293073783
2016-01-22,3114.895,3132.1708,3053.9581,3113.4626,8995108700.0,1.04231093,0.0104231093
2016-01-25,3129.0279,3149.3322,3105.1004,3128.886,8154006100.0,0.49537772,0.0049537772
2016-01-26,3099.5957,3106.5302,2934.6469,2940.5085,12693392100.0,-6.02059327,-0.0602059327
2016-01-27,2953.1826,2963.5438,2839.2899,2930.3519,13222936600.0,-0.34540284,-0.0034540283999999997
2016-01-28,2909.3341,2941.8866,2841.8442,2853.7562,9922275600.0,-2.61387378,-0.0261387378
2016-01-29,2855.5983,2965.3093,2854.3712,2946.0902,11330425900.0,3.23552517,0.0323552517
2016-02-01,2939.0401,2944.5172,2869.5614,2901.0477,8679534200.0,-1.52889073,-0.015288907300000001
2016-02-02,2901.5284,2972.4258,2901.5119,2961.3337,8860196300.0,2.07807683,0.020780768300000002
2016-02-03,2931.2883,2954.71,2909.8982,2948.6386,7738900000.0,-0.42869535,-0.004286953499999999
2016-02-04,2960.3335,2999.2061,2960.2065,2984.7598,9177972400.0,1.22501279,0.012250127900000001
2016-02-05,2982.0563,2988.3597,2962.8471,2963.7894,7685080800.0,-0.7025825,-0.007025825
2016-02-15,2888.4277,2961.4926,2886.0183,2946.7066,7291943400.0,-0.57638373,-0.0057638373
2016-02-16,2962.1871,3042.0886,2962.1871,3037.0353,11257964300.0,3.06541208,0.030654120800000004
2016-02-17,3034.0902,3065.7845,3027.0458,3063.3199,12829160700.0,0.86546903,0.0086546903
2016-02-18,3079.5272,3093.5129,3049.8407,3053.6985,12440146400.0,-0.31408408,-0.0031408408
2016-02-19,3047.9417,3065.9677,3032.6336,3051.585,8733801200.0,-0.06921115,-0.0006921115
2016-02-22,3083.9325,3128.2069,3071.3289,3118.8675,14094696800.0,2.20483781,0.0220483781
2016-02-23,3117.2027,3119.2209,3061.4294,3089.3632,11256739100.0,-0.94599402,-0.0094599402
2016-02-24,3077.6062,3109.5454,3055.2511,3109.5454,11178265000.0,0.65328026,0.006532802599999999
2016-02-25,3104.4097,3104.4357,2905.4565,2918.7501,15782975200.0,-6.135794,-0.06135794
2016-02-26,2942.0954,2964.3851,2902.948,2948.0306,10694972900.0,1.00318626,0.010031862600000002
2016-02-29,2939.5802,2939.8745,2821.2149,2877.4666,12934102000.0,-2.39359795,-0.023935979500000003
2016-03-01,2881.3353,2950.4361,2863.3228,2930.6937,11604591800.0,1.84979037,0.0184979037
2016-03-02,2933.9209,3054.7237,2933.1162,3051.3327,17597234700.0,4.11639742,0.0411639742
2016-03-03,3050.3886,3078.4437,3040.2463,3058.4219,17310574400.0,0.23233127,0.0023233127
2016-03-04,3047.5371,3101.6556,3032.4235,3093.8895,21917253400.0,1.15966996,0.0115966996
2016-03-07,3108.9994,3130.9032,3083.5843,3104.8397,13246203700.0,0.3539299,0.003539299
2016-03-08,3100.1492,3109.2499,3001.8285,3107.6727,13623574200.0,0.09124465,0.0009124465
2016-03-09,3045.9238,3072.9156,3020.1335,3071.907,11146624500.0,-1.15088375,-0.0115088375
2016-03-10,3056.2104,3074.1602,3012.6908,3013.1457,7607219700.0,-1.91286064,-0.019128606399999998
2016-03-11,2990.2135,3026.4368,2982.1722,3018.2844,7333356400.0,0.1705427,0.0017054269999999998
2016-03-14,3039.5689,3106.8002,3033.9997,3065.6904,11710865500.0,1.57062734,0.015706273399999998
2016-03-15,3061.3427,3077.0846,3028.5781,3074.7796,9831194100.0,0.29648134,0.0029648134
2016-03-16,3068.8664,3100.3518,3064.5209,3090.0328,12473644800.0,0.49607458,0.0049607458
2016-03-17,3096.8076,3147.8413,3077.5717,3124.2039,12166177700.0,1.1058491,0.011058490999999998
2016-03-18,3136.223,3197.668,3130.102,3171.963,19730256400.0,1.52868063,0.0152868063
2016-03-21,3203.2929,3267.7751,3198.3608,3249.4372,23326946400.0,2.44246859,0.0244246859
2016-03-22,3231.6146,3249.6772,3218.7276,3225.7903,16102089700.0,-0.72772294,-0.007277229400000001
2016-03-23,3217.7288,3242.2466,3202.9759,3236.0924,12567928600.0,0.3193667,0.003193667
2016-03-24,3211.496,3221.9061,3181.8128,3181.8507,13313112200.0,-1.67614806,-0.0167614806
2016-03-25,3176.8101,3204.4423,3174.3179,3197.8169,9739533000.0,0.50178973,0.005017897300000001
2016-03-28,3206.9532,3229.6237,3161.8782,3169.7283,10344193300.0,-0.87836799,-0.0087836799
2016-03-29,3171.3138,3178.0748,3122.7605,3135.4098,9729474700.0,-1.08269532,-0.0108269532
2016-03-30,3161.2886,3216.6755,3161.2886,3216.2753,11780251200.0,2.57910465,0.0257910465
2016-03-31,3229.1995,3241.9268,3208.6649,3218.0879,12155207400.0,0.05635712,0.0005635712
2016-04-01,3213.674,3222.6124,3165.8555,3221.8948,11812213900.0,0.11829696,0.0011829696
2016-04-05,3211.3046,3271.9301,3205.2065,3264.4858,14604777200.0,1.32192398,0.0132192398
2016-04-06,3250.5215,3267.64,3236.1961,3257.5276,12019630500.0,-0.21314842,-0.0021314842
2016-04-07,3266.2883,3270.8202,3208.6443,3209.2902,11240946700.0,-1.48079789,-0.014807978900000001
2016-04-08,3189.8456,3197.7736,3163.305,3185.7258,10100562500.0,-0.73425582,-0.0073425582
2016-04-11,3213.507,3251.5717,3213.507,3230.0957,12521270900.0,1.3927721,0.013927720999999999
2016-04-12,3227.3673,3232.2642,3198.9027,3218.4497,9286943700.0,-0.36054659,-0.0036054659
2016-04-13,3237.8575,3296.5228,3237.8575,3261.3831,19561386600.0,1.33397766,0.013339776599999999
2016-04-14,3277.0982,3286.0716,3252.0499,3275.8321,11315732700.0,0.4430329,0.004430329
2016-04-15,3279.8566,3282.9846,3261.7299,3272.2053,9980752900.0,-0.11071385,-0.0011071385
2016-04-18,3252.6706,3252.6706,3221.6623,3228.4531,9709006900.0,-1.33708603,-0.0133708603
2016-04-19,3243.9712,3250.7253,3221.5773,3238.3029,8087144000.0,0.30509348,0.0030509347999999998
2016-04-20,3244.1419,3248.4218,3107.3693,3181.0264,16220785800.0,-1.76871966,-0.0176871966
2016-04-21,3160.7958,3198.557,3150.9395,3160.6033,10475265100.0,-0.64202862,-0.006420286200000001
2016-04-22,3142.5611,3175.3799,3137.9927,3174.9012,7707849200.0,0.45237882,0.0045237882
2016-04-25,3164.7384,3172.2694,3137.113,3162.0331,6751935100.0,-0.4053071,-0.004053071
2016-04-26,3159.7706,3181.0954,3150.4041,3179.1605,5902073400.0,0.54165783,0.0054165783
2016-04-27,3181.9305,3188.8264,3162.6914,3165.9156,6000414700.0,-0.41661627,-0.0041661627
2016-04-28,3169.3333,3174.7662,3135.6425,3160.5809,6987066000.0,-0.16850418,-0.0016850418
2016-04-29,3153.5371,3171.2887,3149.3966,3156.7451,5802977600.0,-0.12136377,-0.0012136376999999999
2016-05-03,3159.823,3218.485,3151.4045,3213.5397,9816483500.0,1.79915065,0.0179915065
2016-05-04,3203.4653,3222.8816,3198.2919,3209.4614,9086240800.0,-0.1269099,-0.0012690989999999999
2016-05-05,3204.1686,3217.282,3196.5661,3213.9199,7473368100.0,0.13891739,0.0013891739
2016-05-06,3213.1358,3216.893,3130.1469,3130.3544,10868024000.0,-2.60011147,-0.026001114699999998
2016-05-09,3115.4301,3115.4301,3055.0057,3065.6154,9923047700.0,-2.06810449,-0.0206810449
2016-05-10,3055.2119,3084.7245,3055.1831,3069.1124,6884993500.0,0.11407171,0.0011407171000000001
2016-05-11,3080.6361,3102.8768,3063.0883,3082.8086,8179425800.0,0.44625932,0.0044625932
2016-05-12,3059.3831,3095.3489,3035.0228,3090.1372,7876572600.0,0.23772478,0.0023772478
2016-05-13,3081.6797,3103.0955,3064.691,3074.9351,6262975500.0,-0.4919555,-0.004919555
2016-05-16,3064.5261,3095.5554,3053.6619,3095.3085,5946185600.0,0.66256358,0.006625635800000001
2016-05-17,3095.5229,3105.2013,3073.459,3086.0249,6527812500.0,-0.29992487,-0.0029992487
2016-05-18,3071.5292,3072.6122,3039.4618,3068.0358,8271536900.0,-0.58292141,-0.0058292141
2016-05-19,3060.3426,3086.977,3058.145,3062.5002,6044416600.0,-0.18042814,-0.0018042814
2016-05-20,3047.7778,3078.5316,3041.5169,3078.2183,5608084200.0,0.51324405,0.005132440499999999
2016-05-23,3078.515,3098.4782,3076.5039,3087.2225,5969721600.0,0.29251337,0.0029251337
2016-05-24,3083.2441,3083.2571,3052.5905,3063.5556,5873438500.0,-0.76660817,-0.007666081700000001
2016-05-25,3079.7486,3089.1022,3054.8697,3059.2259,5665280300.0,-0.14132925,-0.0014132925
2016-05-26,3056.6004,3072.524,3027.444,3064.2111,6039298100.0,0.16295626,0.0016295626
2016-05-27,3059.732,3073.7562,3052.1793,3062.4993,6046875000.0,-0.0558643,-0.0005586429999999999
2016-05-30,3056.3138,3075.2613,3037.6647,3066.7095,6309857900.0,0.13747595,0.0013747595
2016-05-31,3068.5964,3170.926,3068.5964,3169.5598,13886311100.0,3.35376729,0.0335376729
2016-06-01,3172.9619,3181.7926,3159.8175,3160.547,11314848200.0,-0.28435494,-0.0028435494
2016-06-02,3158.0259,3168.824,3151.0654,3167.0997,8600342700.0,0.20732804,0.0020732804
2016-06-03,3172.946,3201.7492,3162.088,3189.3255,10149178300.0,0.7017714,0.007017714
2016-06-06,3192.7793,3197.2204,3168.554,3178.7883,7669375100.0,-0.33038961,-0.0033038961
2016-06-07,3182.4374,3186.6167,3168.1792,3177.0536,6892831400.0,-0.05457111,-0.0005457111
2016-06-08,3171.8134,3174.9719,3148.3517,3163.9864,7629177500.0,-0.41129932,-0.004112993200000001
2016-06-13,3134.0453,3145.6057,3065.7674,3066.3413,9297594700.0,-3.08614158,-0.0308614158
2016-06-14,3058.4433,3078.7494,3055.6553,3075.9834,6627945700.0,0.31444967,0.0031444967000000003
2016-06-15,3043.9577,3128.6733,3042.2328,3116.3682,8739325700.0,1.31290696,0.013129069600000001
2016-06-16,3104.3619,3112.4755,3089.4777,3094.6748,8297470300.0,-0.69611158,-0.0069611158
2016-06-17,3096.0901,3131.0485,3096.0901,3110.3572,8540298500.0,0.50675438,0.005067543799999999
2016-06-20,3114.9064,3118.7254,3089.7127,3112.6744,6358714100.0,0.07449948,0.0007449948000000001
2016-06-21,3124.8984,3155.4927,3097.9402,3106.3175,8796534500.0,-0.20422631,-0.0020422631
2016-06-22,3100.4496,3134.0608,3096.9919,3133.9611,6648711300.0,0.88991547,0.0088991547
2016-06-23,3129.7207,3129.7207,3102.4811,3117.3168,6775173800.0,-0.53109466,-0.005310946600000001
2016-06-24,3110.6465,3130.5391,3033.9651,3077.1554,10479220800.0,-1.28833232,-0.012883323200000001
2016-06-27,3065.128,3120.6405,3064.9664,3120.5443,8326725900.0,1.41003279,0.014100327900000001
2016-06-28,3107.3979,3139.4301,3099.7012,3136.4013,9202463700.0,0.50814853,0.005081485300000001
2016-06-29,3142.4842,3158.0762,3139.1325,3151.3898,10372366800.0,0.47788846,0.0047788846
2016-06-30,3152.8331,3163.7205,3148.1987,3153.921,7969261700.0,0.08032012,0.0008032012
2016-07-01,3156.932,3170.2583,3148.2948,3154.2003,7174628300.0,0.00885564,8.85564e-05
2016-07-04,3136.3852,3210.6016,3134.0233,3204.6962,13331052900.0,1.60090975,0.0160090975
2016-07-05,3199.1572,3216.7029,3197.9956,3207.3827,13022689500.0,0.0838301,0.0008383010000000001
2016-07-06,3197.6249,3217.5158,3183.4511,3216.8035,12489745800.0,0.29372235,0.0029372235000000003
2016-07-07,3206.5507,3220.5404,3190.1235,3209.9542,11859520200.0,-0.21292255,-0.0021292255
2016-07-08,3199.7542,3204.9283,3183.9594,3192.2804,8973485500.0,-0.55059353,-0.0055059353
2016-07-11,3199.0383,3235.9623,3197.6255,3203.3298,13852951100.0,0.34612874,0.0034612874
2016-07-12,3201.9062,3273.4738,3200.3034,3273.1823,17253421700.0,2.18062155,0.0218062155
2016-07-13,3274.0202,3300.9912,3271.7752,3282.8681,17519609000.0,0.29591386,0.0029591386
2016-07-14,3277.4816,3281.9503,3259.0653,3276.7637,10752579800.0,-0.18594716,-0.0018594716
2016-07-15,3278.8357,3285.026,3265.2906,3276.2775,10266502600.0,-0.01483781,-0.0001483781
2016-07-18,3269.7077,3281.6375,3251.7659,3262.0222,11031251800.0,-0.43510661,-0.0043510661
2016-07-19,3260.4349,3264.7303,3226.1987,3248.2341,8888686100.0,-0.42268566,-0.0042268566
2016-07-20,3246.8626,3254.5076,3232.2568,3237.6051,7270125500.0,-0.32722395,-0.0032722395
2016-07-21,3238.3367,3271.3739,3238.3034,3252.5227,8600482500.0,0.46076033,0.0046076033
2016-07-22,3251.242,3253.7694,3220.8937,3225.1621,8602912800.0,-0.84121165,-0.0084121165
2016-07-25,3220.1658,3243.7902,3218.1419,3230.885,7020318500.0,0.17744534,0.0017744534
2016-07-26,3228.234,3269.7457,3228.0075,3269.5882,8105108900.0,1.19791327,0.011979132699999999
2016-07-27,3270.0837,3276.5112,3157.4093,3218.243,16018866500.0,-1.57038737,-0.0157038737
2016-07-28,3204.4645,3235.7816,3195.2696,3221.1365,11277996400.0,0.08990931,0.0008990931
2016-07-29,3217.1923,3225.4184,3198.6839,3203.9304,8804483700.0,-0.5341624,-0.0053416240000000005
2016-08-01,3196.425,3199.9751,3156.7488,3176.8091,8700349700.0,-0.84650091,-0.0084650091
2016-08-02,3173.7576,3189.0529,3165.5422,3189.0529,6216763900.0,0.38541189,0.0038541189
2016-08-03,3179.6842,3197.1573,3173.5356,3193.5073,7286410200.0,0.13967783,0.0013967783
2016-08-04,3190.546,3201.5539,3170.4189,3201.2888,7350437300.0,0.24366627,0.0024366627
2016-08-05,3201.3543,3224.873,3192.8614,3205.1101,7719636600.0,0.11936755,0.0011936755000000001
2016-08-08,3199.5723,3234.4795,3187.2521,3234.1833,8667605100.0,0.90708896,0.0090708896
2016-08-09,3232.603,3257.3336,3229.1741,3256.9813,9106525900.0,0.70490748,0.0070490748
2016-08-10,3255.1822,3261.8609,3242.7509,3243.3409,9043037200.0,-0.41880498,-0.0041880497999999995
2016-08-11,3239.5583,3274.0261,3232.6127,3233.3604,10104121300.0,-0.30772282,-0.0030772282
2016-08-12,3231.8065,3294.2337,3231.1366,3294.2337,11625404400.0,1.88266362,0.0188266362
2016-08-15,3303.4688,3417.9147,3302.3776,3393.4239,22054342100.0,3.01102499,0.0301102499
2016-08-16,3403.3839,3418.6884,3372.0206,3378.2451,19638974000.0,-0.44730044,-0.0044730044
2016-08-17,3377.7713,3394.3887,3356.9244,3373.0476,13884768800.0,-0.15385207,-0.0015385207
2016-08-18,3369.9472,3394.7912,3349.6879,3364.4851,14238016900.0,-0.25385055,-0.0025385055
2016-08-19,3358.555,3374.045,3341.1922,3365.0197,11996150800.0,0.0158895,0.00015889500000000002
2016-08-22,3364.681,3372.8331,3335.4695,3336.7949,10795100800.0,-0.83877072,-0.0083877072
2016-08-23,3332.621,3359.6477,3324.9603,3341.8298,9292451600.0,0.1508903,0.001508903
2016-08-24,3341.9304,3348.1291,3323.7251,3329.8631,8119142900.0,-0.35808825,-0.0035808825
2016-08-25,3314.0846,3315.0812,3279.8064,3308.9721,10058915300.0,-0.62738315,-0.0062738315
2016-08-26,3312.4991,3328.9453,3301.7359,3307.0902,8153069100.0,-0.05687265,-0.0005687264999999999
2016-08-29,3306.5749,3315.0789,3297.0697,3307.7812,7703633300.0,0.0208945,0.00020894499999999999
2016-08-30,3310.3188,3325.1218,3304.5966,3311.9872,7572598700.0,0.12715472,0.0012715472
2016-08-31,3310.5654,3333.9729,3304.6552,3327.7938,7957080500.0,0.47725426,0.0047725426
2016-09-01,3326.7389,3329.3455,3301.2129,3301.5767,8494721900.0,-0.78782225,-0.007878222499999999
2016-09-02,3298.7217,3320.4252,3295.7554,3314.1142,8279180300.0,0.37974281,0.0037974281
2016-09-05,3321.0053,3338.4197,3314.6293,3319.6803,7829247700.0,0.16795136,0.0016795135999999999
2016-09-06,3322.018,3347.9511,3300.1257,3342.6259,9828399800.0,0.69119909,0.0069119909000000005
2016-09-07,3344.0657,3357.3567,3337.7508,3340.8172,10294010600.0,-0.05411015,-0.0005411015000000001
2016-09-08,3338.0082,3343.395,3328.2264,3339.564,7191615800.0,-0.03751178,-0.0003751178
2016-09-09,3339.3733,3344.951,3318.044,3318.044,8265703600.0,-0.6443955,-0.006443955
2016-09-12,3271.8702,3276.7163,3234.573,3262.6043,12291768200.0,-1.67085488,-0.0167085488
2016-09-13,3265.3373,3269.2224,3246.3857,3260.333,6718028800.0,-0.06961617,-0.0006961617000000001
2016-09-14,3245.7371,3254.995,3231.3355,3238.7299,7043269700.0,-0.6626041,-0.006626041
2016-09-19,3242.7429,3264.8995,3242.7429,3263.1242,5883108200.0,0.75320576,0.007532057599999999
2016-09-20,3264.6649,3265.0353,3252.3885,3257.4034,5278420600.0,-0.17531665,-0.0017531665
2016-09-21,3257.7097,3270.9022,3254.3214,3266.6363,5914297900.0,0.28344356,0.0028344356
2016-09-22,3281.4718,3303.1993,3277.9791,3291.1211,7575354200.0,0.74954166,0.0074954166
2016-09-23,3292.2788,3293.9162,3275.025,3275.6665,5799398600.0,-0.46958467,-0.0046958467
2016-09-26,3267.6905,3267.6905,3220.2838,3220.2838,7045218600.0,-1.69073073,-0.0169073073
2016-09-27,3214.8704,3240.7756,3214.4414,3240.7546,5846055000.0,0.6356831,0.006356830999999999
2016-09-28,3243.647,3243.647,3227.996,3230.8904,4472749800.0,-0.30437973,-0.0030437973
2016-09-29,3234.857,3257.7668,3234.8032,3244.3874,5545255600.0,0.41774862,0.0041774862
2016-09-30,3240.1775,3260.9405,3239.0364,3253.2848,4497802200.0,0.27423975,0.0027423975
2016-10-10,3265.3644,3294.6409,3258.9584,3293.8689,8051926000.0,1.2474807,0.012474807000000001
2016-10-11,3296.8672,3308.0042,3292.8775,3306.5573,8771316300.0,0.38521266,0.0038521265999999998
2016-10-12,3299.1388,3302.561,3289.7532,3300.0099,6866978100.0,-0.1980126,-0.001980126
2016-10-13,3299.1557,3307.4091,3292.3974,3302.6455,8122419800.0,0.07986643,0.0007986643
2016-10-14,3298.734,3306.6859,3285.729,3305.8481,8231627100.0,0.09697075,0.0009697074999999999
2016-10-17,3305.9635,3309.0097,3271.5413,3277.8787,8611350900.0,-0.84605823,-0.0084605823
2016-10-18,3272.6815,3321.3324,3272.6815,3321.3324,10286071400.0,1.32566528,0.0132566528
2016-10-19,3323.3038,3332.5201,3309.8313,3316.2407,10116772500.0,-0.15330293,-0.0015330293
2016-10-20,3317.1792,3324.9031,3312.1741,3318.6044,7923887100.0,0.07127649,0.0007127648999999999
2016-10-21,3315.7156,3341.5603,3309.1787,3327.74,10978517600.0,0.27528439,0.0027528439
2016-10-24,3332.5125,3382.8259,3330.9674,3367.5778,15301434500.0,1.19714281,0.011971428099999999
2016-10-25,3367.4753,3373.9139,3356.5853,3367.4547,11119169300.0,-0.00365545,-3.6554500000000004e-05
2016-10-26,3365.1975,3367.831,3349.5744,3354.8003,9802478600.0,-0.37578531,-0.0037578531
2016-10-27,3351.4603,3352.3545,3335.1332,3345.695,7762985100.0,-0.27141109,-0.0027141109000000004
2016-10-28,3347.1438,3370.7485,3337.2888,3340.1262,9313330900.0,-0.16644673,-0.0016644672999999999
2016-10-31,3332.406,3340.4695,3317.3279,3336.2778,7135286300.0,-0.1152172,-0.0011521720000000001
2016-11-01,3338.7099,3359.3941,3334.4568,3359.0515,7493819900.0,0.68260803,0.0068260803000000005
2016-11-02,3350.71,3356.3974,3331.3841,3333.3524,9119710400.0,-0.76507014,-0.0076507013999999995
2016-11-03,3326.9045,3379.9889,3324.8378,3365.085,12622350400.0,0.95197255,0.0095197255
2016-11-04,3362.2055,3377.6394,3348.4263,3354.1749,10406965500.0,-0.32421469,-0.0032421469000000003
2016-11-07,3353.4441,3362.7416,3342.3122,3356.5916,9987798800.0,0.07205051,0.0007205051
2016-11-08,3367.6974,3383.9174,3361.1292,3371.1177,10314828200.0,0.4327634,0.004327634
2016-11-09,3370.5999,3373.096,3322.0798,3353.0547,13911005900.0,-0.53581636,-0.0053581636
2016-11-10,3374.906,3403.0158,3374.906,3390.6119,13470553500.0,1.12008909,0.0112008909
2016-11-11,3387.9481,3422.6715,3382.8925,3417.2211,19878149600.0,0.7847905,0.007847904999999999
2016-11-14,3409.2241,3452.6159,3408.1392,3430.2482,21324710500.0,0.38121911,0.0038121911000000004
2016-11-15,3428.8663,3434.9216,3415.9948,3429.8697,13456632000.0,-0.01103419,-0.00011034189999999999
2016-11-16,3432.4336,3435.6366,3419.2435,3429.5921,12980851100.0,-0.0080936,-8.0936e-05
2016-11-17,3423.4654,3437.669,3412.8771,3436.535,12156173100.0,0.20244098,0.0020244098
2016-11-18,3437.4898,3443.1185,3413.2698,3417.4554,11595120500.0,-0.55519877,-0.005551987699999999
2016-11-21,3412.6523,3463.1423,3412.0801,3441.1106,14643452900.0,0.69218753,0.0069218753
2016-11-22,3443.2201,3469.2189,3443.2201,3468.3637,16852344600.0,0.79198559,0.0079198559
2016-11-23,3473.8949,3492.9564,3465.7639,3474.7289,16238850400.0,0.1835217,0.001835217
2016-11-24,3468.8071,3508.1648,3467.0108,3488.7402,14574630100.0,0.40323434,0.0040323434
2016-11-25,3490.0399,3521.3029,3463.9477,3521.2984,15362150600.0,0.93323659,0.0093323659
2016-11-28,3538.6754,3553.3603,3528.3196,3535.0807,20737548300.0,0.39139824,0.0039139824
2016-11-29,3525.9011,3583.7185,3521.3787,3564.0404,23691835600.0,0.81920902,0.0081920902
2016-11-30,3557.6357,3567.0689,3527.0231,3538.001,17856017800.0,-0.73061461,-0.007306146100000001
2016-12-01,3543.9555,3575.97,3543.245,3565.036,18017076100.0,0.76413206,0.0076413206
2016-12-02,3559.7711,3562.5497,3516.7881,3528.9547,19635548000.0,-1.01208796,-0.010120879599999999
2016-12-05,3473.6876,3496.8838,3457.3433,3469.4073,18085235500.0,-1.68739485,-0.0168739485
2016-12-06,3466.2417,3477.5901,3456.8067,3459.1533,11552909000.0,-0.29555481,-0.0029555481
2016-12-07,3458.3687,3475.7473,3445.7561,3475.7473,11434510300.0,0.47971277,0.0047971277
2016-12-08,3481.8067,3484.3402,3466.512,3470.1426,11738392200.0,-0.16125165,-0.0016125165
2016-12-09,3464.8733,3507.9276,3461.7612,3493.7004,15030330800.0,0.67887124,0.0067887124
2016-12-12,3489.2683,3495.8022,3400.793,3409.1794,18746775100.0,-2.41924007,-0.024192400699999998
2016-12-13,3394.2072,3416.2147,3370.5956,3405.0355,12110509700.0,-0.12155124,-0.0012155124000000001
2016-12-14,3399.4113,3412.2795,3378.2656,3378.9453,12400774400.0,-0.76622402,-0.0076622402
2016-12-15,3363.8597,3378.0367,3327.1429,3340.4338,11496066000.0,-1.13974914,-0.0113974914
2016-12-16,3335.3625,3356.2916,3330.4928,3346.0305,9077542200.0,0.16754411,0.0016754411
2016-12-19,3342.3449,3344.8584,3324.9986,3328.9827,8164067800.0,-0.50949326,-0.005094932599999999
2016-12-20,3328.2985,3329.1022,3289.2682,3309.0641,8756959200.0,-0.59833895,-0.0059833895
2016-12-21,3313.7451,3342.4761,3313.7451,3338.536,10825499500.0,0.89064156,0.0089064156
2016-12-22,3335.1218,3340.3628,3322.7196,3335.672,9227724900.0,-0.08578611,-0.0008578610999999999
2016-12-23,3333.4009,3334.8937,3300.8843,3307.5991,9744471300.0,-0.84159654,-0.0084159654
2016-12-26,3293.2236,3322.4212,3267.0481,3322.4006,8979398200.0,0.44749982,0.0044749982
2016-12-27,3319.2061,3330.2324,3315.8318,3316.3852,7548635900.0,-0.18105583,-0.0018105583
2016-12-28,3315.7526,3320.5467,3293.1737,3301.8887,6900043700.0,-0.4371175,-0.004371175
2016-12-29,3297.036,3312.113,3288.0959,3297.7648,7008792300.0,-0.12489518,-0.0012489518
2016-12-30,3302.5993,3313.5497,3295.7513,3310.0808,7174411600.0,0.37346508,0.0037346508000000002
2017-01-03,3313.9534,3345.2629,3313.9534,3342.2272,8656789600.0,0.97116663,0.0097116663
2017-01-04,3340.5576,3369.5658,3338.1527,3368.3117,9005082700.0,0.78045263,0.0078045263
2017-01-05,3368.3402,3373.4119,3361.462,3367.7892,8833635700.0,-0.01551222,-0.0001551222
2017-01-06,3366.8522,3368.8705,3346.8914,3347.6665,8745911400.0,-0.59750474,-0.0059750474
2017-01-09,3345.7483,3366.2219,3344.3472,3363.9014,8370794200.0,0.48496169,0.0048496169
2017-01-10,3361.6394,3370.5051,3354.0878,3358.2716,8381916000.0,-0.16735925,-0.0016735925
2017-01-11,3355.8008,3366.6315,3334.2978,3334.4954,9107143800.0,-0.70798919,-0.0070798919
2017-01-12,3332.6857,3343.1279,3315.9629,3317.6241,8123913500.0,-0.50596261,-0.0050596261
2017-01-13,3317.9625,3338.174,3309.3741,3319.9122,8418058900.0,0.06896803,0.0006896803
2017-01-16,3314.1507,3322.7819,3264.2071,3319.4455,15777913500.0,-0.0140576,-0.000140576
2017-01-17,3305.6001,3327.3767,3292.2044,3326.3563,6945332800.0,0.2081914,0.002081914
2017-01-18,3323.3389,3350.9619,3320.4062,3339.3653,7062322700.0,0.39108859,0.0039108859
2017-01-19,3330.9522,3346.4959,3324.6835,3329.2891,6615980800.0,-0.30173997,-0.0030173997000000003
2017-01-20,3326.9773,3358.4121,3326.374,3354.8891,6530046200.0,0.76893292,0.0076893292
2017-01-23,3359.0543,3378.7388,3355.8475,3364.0808,7555749800.0,0.27397925,0.0027397925
2017-01-24,3363.1374,3371.32,3355.899,3364.4509,6619422600.0,0.01100152,0.00011001520000000001
2017-01-25,3361.6561,3376.4415,3357.2183,3375.9042,5837693100.0,0.34042108,0.0034042108
2017-01-26,3378.2609,3395.8848,3378.2609,3387.9606,6531664700.0,0.35713099,0.0035713099
2017-02-03,3390.9315,3392.4773,3362.5653,3364.4923,5518886100.0,-0.69269696,-0.0069269696
2017-02-06,3368.1081,3381.3348,3358.7516,3373.2051,6852136000.0,0.25896329,0.0025896329
2017-02-07,3371.7695,3376.7099,3354.6251,3365.6849,6375446200.0,-0.2229393,-0.002229393
2017-02-08,3361.7811,3383.6859,3347.4302,3383.2878,7540287900.0,0.52301093,0.0052301093
2017-02-09,3381.8992,3406.5888,3379.7872,3396.2924,9755851500.0,0.38437759,0.0038437759
2017-02-10,3398.3173,3422.3256,3398.0295,3413.4868,12376872000.0,0.50626972,0.005062697200000001
2017-02-13,3416.9168,3439.5432,3416.8746,3436.275,12014453800.0,0.66759303,0.006675930300000001
2017-02-14,3438.511,3440.6748,3424.4028,3435.8042,9480946500.0,-0.01370088,-0.00013700880000000002
2017-02-15,3435.3882,3448.0322,3417.0811,3421.7131,12764333800.0,-0.41012523,-0.0041012523
2017-02-16,3421.8299,3440.9331,3418.3514,3440.9331,10827696200.0,0.56170694,0.0056170694
2017-02-17,3443.6166,3457.5562,3419.6143,3421.4419,11460003600.0,-0.566451,-0.00566451
2017-02-20,3421.6434,3472.6035,3421.6434,3471.3926,13262886200.0,1.45993126,0.0145993126
2017-02-21,3475.0584,3490.0855,3472.017,3482.823,11484200900.0,0.32927419,0.0032927419000000004
2017-02-22,3483.2008,3489.946,3473.524,3489.7567,10281599400.0,0.19908276,0.0019908276
2017-02-23,3487.5745,3492.9616,3460.118,3473.3236,9953633000.0,-0.47089529,-0.0047089529000000005
2017-02-24,3468.9588,3473.8517,3455.2514,3473.8517,9553513300.0,0.01520446,0.00015204459999999998
2017-02-27,3471.1319,3472.8356,3441.3938,3446.2228,9867216000.0,-0.79533908,-0.0079533908
2017-02-28,3445.0274,3460.9089,3441.3589,3452.8103,7521526000.0,0.19115131,0.0019115131
2017-03-01,3452.2058,3472.6962,3449.109,3458.4376,10326035400.0,0.16297739,0.0016297739
2017-03-02,3463.4829,3468.471,3434.001,3435.0963,8989807700.0,-0.67490881,-0.0067490881
2017-03-03,3424.6627,3428.8824,3412.8312,3427.8628,8099465200.0,-0.21057634,-0.0021057634
2017-03-06,3427.2533,3449.0342,3425.9041,3446.484,8307088200.0,0.54323061,0.005432306099999999
2017-03-07,3446.1628,3454.0386,3440.0574,3453.9565,8033472000.0,0.21681517,0.0021681517
2017-03-08,3452.2006,3457.0351,3441.2575,3448.7313,7958769000.0,-0.15128158,-0.0015128158
2017-03-09,3442.8953,3443.0455,3414.6782,3426.9438,8457038100.0,-0.63175406,-0.0063175406
2017-03-10,3423.9776,3436.2388,3423.9369,3427.8916,7001619900.0,0.0276573,0.000276573
2017-03-13,3425.6723,3458.098,3412.6879,3458.098,9168412400.0,0.88119473,0.008811947300000001
2017-03-14,3456.6584,3465.3915,3448.9034,3456.6934,7707796300.0,-0.0406177,-0.00040617699999999997
2017-03-15,3452.2139,3463.9191,3445.2676,3463.6436,7910495400.0,0.20106498,0.0020106498
2017-03-16,3472.2694,3492.1267,3472.2694,3481.5066,10633391300.0,0.51572858,0.0051572858
2017-03-17,3485.3114,3488.4969,3441.4685,3445.8051,10375556000.0,-1.02546122,-0.010254612199999999
2017-03-20,3449.0515,3454.063,3429.8254,3449.6126,8873432200.0,0.11049667,0.0011049667
2017-03-21,3449.7696,3466.7026,3445.6416,3466.3468,8770785500.0,0.48510375,0.0048510375
2017-03-22,3450.7544,3464.3328,3433.4994,3450.0502,10493589400.0,-0.47013761,-0.0047013761
2017-03-23,3452.4056,3470.8164,3435.6912,3461.9782,9431806200.0,0.3457341,0.003457341
2017-03-24,3464.1966,3499.3179,3461.1108,3489.5997,12564583300.0,0.79785309,0.007978530900000001
2017-03-27,3488.7647,3505.9789,3474.5206,3478.0385,10701537700.0,-0.33130448,-0.0033130448
2017-03-28,3480.249,3482.2923,3461.4678,3469.8093,8419482000.0,-0.23660463,-0.0023660463000000002
2017-03-29,3472.9665,3483.0571,3455.5529,3465.1933,10485170600.0,-0.13303325,-0.0013303325
2017-03-30,3461.6159,3467.3049,3422.366,3436.758,11637692200.0,-0.8205978,-0.008205978000000001
2017-03-31,3434.8222,3456.3051,3430.8197,3456.0455,9157749100.0,0.56121205,0.0056121205
2017-04-05,3476.4231,3504.5379,3475.1486,3503.8932,14339901700.0,1.38446383,0.0138446383
2017-04-06,3507.9879,3517.7779,3495.7246,3514.0469,13676700400.0,0.28978338,0.0028978337999999997
2017-04-07,3514.4521,3526.815,3506.3885,3517.4634,14029320400.0,0.09722409,0.0009722409
2017-04-10,3519.4597,3522.7955,3502.0826,3505.1392,14188738000.0,-0.3503718,-0.0035037180000000003
2017-04-11,3503.8294,3520.1315,3466.139,3517.328,16594583200.0,0.34774083,0.0034774083
2017-04-12,3514.5723,3523.0975,3497.9991,3509.4387,18182453700.0,-0.2242981,-0.002242981
2017-04-13,3500.2838,3518.4385,3496.5699,3514.5662,12998181300.0,0.14610599,0.0014610598999999999
2017-04-14,3516.8103,3517.4664,3476.9468,3486.5045,13547407800.0,-0.79843993,-0.0079843993
2017-04-17,3475.7381,3480.5696,3453.6759,3479.9417,11716496100.0,-0.18823438,-0.0018823438000000001
2017-04-18,3474.8892,3489.0845,3462.6297,3462.7429,11092782300.0,-0.49422667,-0.0049422667
2017-04-19,3452.9904,3459.3524,3418.514,3445.8761,12134926400.0,-0.48709363,-0.0048709363
2017-04-20,3444.5225,3465.6088,3440.7151,3461.5481,11418420800.0,0.45480451,0.0045480451
2017-04-21,3461.389,3475.5622,3449.5421,3466.7865,10441911000.0,0.15133113,0.0015133113000000001
2017-04-24,3458.2279,3458.2279,3403.9792,3431.2587,11466079100.0,-1.02480496,-0.0102480496
2017-04-25,3427.7322,3449.6716,3422.6521,3440.9743,9407214800.0,0.28314974,0.0028314974
2017-04-26,3440.2526,3466.5651,3439.1505,3445.1832,11194002900.0,0.1223171,0.001223171
2017-04-27,3435.1017,3449.2723,3399.5392,3446.7202,12329842500.0,0.04461301,0.0004461301
2017-04-28,3439.5735,3439.904,3417.2375,3439.753,10163235100.0,-0.20213999,-0.0020213999
2017-05-02,3427.9169,3436.3064,3418.6652,3426.5766,9279746200.0,-0.38306239,-0.0038306239
2017-05-03,3421.7586,3432.2248,3403.0782,3413.1282,9166962400.0,-0.39247335,-0.0039247335
2017-05-04,3404.9379,3421.3953,3391.277,3404.3864,10348207500.0,-0.25612281,-0.0025612280999999996
2017-05-05,3393.4831,3395.4532,3366.5568,3382.5502,10989533300.0,-0.64141368,-0.0064141368
2017-05-08,3369.1084,3374.1571,3339.5743,3358.8125,12374928700.0,-0.70176933,-0.0070176933
2017-05-09,3342.5981,3358.0463,3327.5901,3352.5324,7677166800.0,-0.18697382,-0.0018697382000000002
2017-05-10,3350.6502,3369.4345,3336.003,3337.7007,9208262800.0,-0.44240288,-0.0044240288
2017-05-11,3322.9455,3359.6003,3312.8921,3356.6459,10925289000.0,0.56761231,0.0056761231
2017-05-12,3350.9371,3387.2677,3349.1671,3385.3787,9338646600.0,0.85599735,0.0085599735
2017-05-15,3391.5881,3406.581,3391.5881,3399.1937,8297761100.0,0.40807842,0.0040807842
2017-05-16,3390.925,3428.8531,3373.552,3428.6491,10524241600.0,0.86654079,0.0086654079
2017-05-17,3423.19,3433.9695,3408.1541,3409.9656,9973683700.0,-0.54492307,-0.005449230699999999
2017-05-18,3387.6655,3409.9319,3383.935,3398.1127,8575958900.0,-0.34759588,-0.0034759588
2017-05-19,3395.2318,3405.9448,3392.3776,3403.8492,7147352500.0,0.1688143,0.001688143
2017-05-22,3400.5882,3424.1776,3391.1748,3411.2387,9253955900.0,0.21709246,0.0021709246
2017-05-23,3405.0254,3434.7662,3401.5338,3424.194,11691103300.0,0.37978286,0.0037978286
2017-05-24,3409.7169,3424.1669,3383.8922,3424.1669,8355316100.0,-0.00079143,-7.9143e-06
2017-05-25,3414.3992,3490.4176,3413.2246,3485.6581,13072163100.0,1.79580032,0.0179580032
2017-05-26,3479.6206,3498.3148,3473.04,3480.4345,10324115300.0,-0.14985979,-0.0014985978999999998
2017-05-31,3495.073,3515.0812,3474.9215,3492.8845,10482974400.0,0.35771396,0.0035771396
2017-06-01,3485.2223,3499.8142,3476.4283,3497.7382,10312772400.0,0.13895965,0.0013895964999999998
2017-06-02,3491.5893,3498.1189,3470.2017,3486.5074,8266801000.0,-0.3210875,-0.003210875
2017-06-05,3480.1692,3484.1244,3462.3144,3468.7538,7973815200.0,-0.50920873,-0.0050920873
2017-06-06,3464.3765,3492.8816,3460.4534,3492.8816,6408938800.0,0.69557545,0.0069557544999999995
2017-06-07,3493.8846,3537.0947,3491.1328,3533.8718,10441996800.0,1.17353534,0.011735353399999999
2017-06-08,3531.2419,3562.2724,3528.179,3560.9786,9022490500.0,0.76705669,0.0076705669
2017-06-09,3561.2411,3590.8872,3560.6336,3576.1703,10118826500.0,0.42661587,0.0042661587
2017-06-12,3570.2191,3603.6901,3565.9012,3574.3894,9038116700.0,-0.04979908,-0.0004979908000000001
2017-06-13,3569.1594,3584.4094,3559.2134,3582.2674,7517713800.0,0.22040128,0.0022040128000000003
2017-06-14,3571.2483,3571.2483,3530.274,3535.2987,8381078300.0,-1.31114444,-0.0131114444
2017-06-15,3530.7465,3542.2796,3508.9461,3528.7926,8263253500.0,-0.18403254,-0.0018403254
2017-06-16,3522.9745,3536.1401,3514.3892,3518.7611,7645270700.0,-0.2842757,-0.002842757
2017-06-19,3520.0602,3554.91,3520.0602,3553.6653,7979714100.0,0.99194572,0.0099194572
2017-06-20,3560.7871,3563.6964,3539.5149,3546.494,8050955900.0,-0.2018001,-0.002018001
2017-06-21,3567.1256,3587.9863,3545.5666,3587.955,8785982400.0,1.16907007,0.0116907007
2017-06-22,3583.5583,3635.5273,3581.3375,3590.3425,13552698700.0,0.06654208,0.0006654208000000001
2017-06-23,3583.4359,3623.2352,3569.3225,3622.8831,10512913400.0,0.90633693,0.0090633693
2017-06-26,3627.0208,3671.9435,3627.0208,3668.0919,13463799500.0,1.24786803,0.0124786803
2017-06-27,3665.5775,3676.5328,3648.7635,3674.7152,9755870200.0,0.18056527,0.0018056527
2017-06-28,3664.1629,3672.1887,3644.0268,3646.1666,9792085800.0,-0.77689286,-0.0077689286
2017-06-29,3649.2525,3669.1345,3644.7331,3668.8279,8558949800.0,0.62151027,0.0062151027
2017-06-30,3654.7348,3669.7584,3646.2272,3666.7977,8151002800.0,-0.05533647,-0.0005533647
2017-07-03,3667.2316,3667.5957,3633.7825,3650.8463,8882086000.0,-0.43502264,-0.004350226400000001
2017-07-04,3646.828,3646.8455,3611.6911,3619.9841,9507141300.0,-0.84534372,-0.0084534372
2017-07-05,3611.8984,3660.7291,3610.4586,3659.6795,8823242500.0,1.09656283,0.0109656283
2017-07-06,3654.5576,3666.7745,3629.56,3660.0967,10237924500.0,0.01139991,0.0001139991
2017-07-07,3647.6416,3657.1131,3631.8702,3655.9293,10373549700.0,-0.11386038,-0.0011386038
2017-07-10,3647.9379,3667.8455,3641.5277,3653.6868,12059191000.0,-0.06133871,-0.0006133871
2017-07-11,3646.8783,3701.2087,3645.9946,3670.8086,11876082600.0,0.46861707,0.004686170700000001
2017-07-12,3672.6328,3691.5814,3640.5893,3658.8236,12228779200.0,-0.32649482,-0.0032649482000000002
2017-07-13,3656.3502,3690.4832,3652.5658,3686.9205,12566954900.0,0.76792169,0.0076792169
2017-07-14,3682.6153,3703.094,3672.7425,3703.094,10551400500.0,0.43867233,0.0043867233
2017-07-17,3700.6179,3716.47,3621.3652,3663.5575,17882160000.0,-1.06766126,-0.0106766126
2017-07-18,3648.4942,3667.5408,3622.0414,3667.1807,12462205600.0,0.09889841,0.0009889841
2017-07-19,3660.8665,3731.0468,3658.2035,3729.7466,18247778700.0,1.70610355,0.0170610355
2017-07-20,3725.1436,3750.1938,3723.0689,3747.8843,14241003900.0,0.48629845,0.0048629845
2017-07-21,3738.1847,3751.6947,3722.0656,3728.5976,11794122600.0,-0.51460233,-0.0051460233
2017-07-24,3724.3778,3755.1902,3719.8488,3743.4686,13486872200.0,0.39883628,0.0039883628
2017-07-25,3742.6405,3752.1559,3713.2766,3719.559,12167205900.0,-0.63870176,-0.0063870176
2017-07-26,3722.8761,3738.5316,3684.1819,3705.3884,13632521000.0,-0.38097527,-0.0038097527
2017-07-27,3700.8558,3716.6888,3672.4971,3712.1947,14500290400.0,0.18368655,0.0018368655
2017-07-28,3703.4895,3725.5378,3696.7776,3721.8914,11141139200.0,0.26121205,0.0026121204999999996
2017-07-31,3722.4282,3746.5207,3713.655,3737.8732,14842903900.0,0.42939996,0.0042939996
2017-08-01,3738.7364,3770.4043,3737.0954,3770.3828,15254653900.0,0.86973523,0.008697352299999999
2017-08-02,3768.1938,3784.3511,3759.2764,3760.8525,17229338300.0,-0.25276744,-0.0025276744000000003
2017-08-03,3755.1081,3766.3452,3718.4351,3727.8264,14615394400.0,-0.87815462,-0.0087815462
2017-08-04,3724.7225,3738.7312,3707.003,3707.5796,15747006000.0,-0.54312615,-0.0054312614999999995
2017-08-07,3701.2161,3730.7774,3689.9552,3726.7948,12423153000.0,0.51826804,0.0051826804
2017-08-08,3724.3287,3737.3344,3718.8116,3732.2129,13724192800.0,0.1453823,0.001453823
2017-08-09,3728.0319,3738.999,3713.5668,3731.044,12467998900.0,-0.03131922,-0.0003131922
2017-08-10,3724.962,3746.8614,3688.1766,3715.9208,13008512800.0,-0.40533427,-0.0040533427
2017-08-11,3687.9314,3700.4944,3645.0945,3647.3503,15038742100.0,-1.84531651,-0.0184531651
2017-08-14,3651.3754,3698.3663,3651.3754,3694.6831,11530845100.0,1.29773112,0.0129773112
2017-08-15,3695.78,3719.2931,3692.2802,3706.0566,10644485700.0,0.30783425,0.0030783424999999997
2017-08-16,3701.1337,3707.144,3679.7338,3701.4207,10413414100.0,-0.12508983,-0.0012508983000000002
2017-08-17,3707.0668,3722.6239,3704.4126,3721.277,10865625100.0,0.53645077,0.0053645077
2017-08-18,3707.1891,3733.4914,3700.4112,3724.6748,9656170500.0,0.09130737,0.0009130736999999999
2017-08-21,3731.8399,3744.2631,3728.6157,3740.9941,10031307300.0,0.43814026,0.0043814026
2017-08-22,3745.7543,3758.2924,3734.5556,3752.298,10029285600.0,0.302163,0.00302163
2017-08-23,3747.6108,3772.4568,3741.7204,3756.0884,10496157300.0,0.10101543,0.0010101543
2017-08-24,3755.8902,3765.7082,3729.0876,3734.6458,8994737200.0,-0.57087581,-0.0057087581
2017-08-25,3736.2916,3795.9693,3736.2916,3795.7544,12994090000.0,1.63626227,0.0163626227
2017-08-28,3805.6567,3866.9422,3805.6567,3842.7119,18557632500.0,1.23710586,0.0123710586
2017-08-29,3839.1779,3847.9303,3825.7597,3834.5376,12822707000.0,-0.21272217,-0.0021272216999999997
2017-08-30,3834.2682,3854.7062,3827.8607,3834.3005,14135285700.0,-0.00618327,-6.183270000000001e-05
2017-08-31,3835.8394,3840.199,3800.8861,3822.0928,13294493500.0,-0.31838141,-0.0031838140999999997
2017-09-01,3825.3392,3843.6176,3818.1586,3830.5383,15864551100.0,0.22096533,0.0022096533
2017-09-04,3828.5447,3847.0906,3813.5537,3845.6163,14956632000.0,0.39362614,0.0039362614
2017-09-05,3845.5451,3865.2938,3841.9514,3857.0464,12496415500.0,0.29722414,0.0029722414
2017-09-06,3846.7471,3858.2481,3831.3835,3849.4499,13139872300.0,-0.19695122,-0.0019695122
2017-09-07,3851.688,3858.1617,3828.835,3829.8713,12388418100.0,-0.50860774,-0.0050860774
2017-09-08,3830.0707,3843.0186,3813.9833,3825.9895,10603650400.0,-0.10135589,-0.0010135589
2017-09-11,3828.3422,3850.7409,3817.5108,3825.6453,12388399700.0,-0.00899637,-8.99637e-05
2017-09-12,3832.2422,3849.3885,3822.0037,3837.9341,14419024200.0,0.32122163,0.0032122162999999996
2017-09-13,3835.5493,3847.7841,3822.9441,3842.6061,9541078500.0,0.12173216,0.0012173216000000001
2017-09-14,3843.572,3854.4931,3820.0876,3829.9554,11535858300.0,-0.32922188,-0.0032922188000000002
2017-09-15,3826.1448,3843.297,3818.5234,3831.2965,12242700600.0,0.03501607,0.00035016070000000004
2017-09-18,3832.9626,3862.3589,3832.9626,3843.1428,11793440500.0,0.3091982,0.0030919819999999996
2017-09-19,3849.8794,3857.303,3820.2885,3832.1161,11243298700.0,-0.28691882,-0.0028691882
2017-09-20,3830.1549,3850.9426,3827.8858,3842.4353,10112954200.0,0.26928203,0.0026928203
2017-09-21,3843.2577,3860.7977,3837.384,3837.8176,11109819200.0,-0.12017639,-0.0012017638999999999
2017-09-22,3826.4589,3842.252,3816.8225,3837.7304,10061980200.0,-0.00227212,-2.27212e-05
2017-09-25,3829.219,3835.3894,3811.1192,3817.7915,10394897600.0,-0.51954926,-0.0051954926000000005
2017-09-26,3810.3333,3821.6928,3808.3827,3820.7816,8186940700.0,0.07832015,0.0007832015
2017-09-27,3818.9646,3832.566,3818.8147,3821.2,8565581100.0,0.01095064,0.00010950639999999999
2017-09-28,3821.5904,3827.3308,3813.7532,3822.5386,9354406900.0,0.03503088,0.0003503088
2017-09-29,3825.2021,3852.2236,3825.2021,3836.5013,9330602800.0,0.36527296,0.0036527295999999997
2017-10-09,3910.1149,3918.8391,3876.0322,3882.2076,13553585100.0,1.1913537,0.011913537
2017-10-10,3883.0037,3900.7418,3855.4666,3889.8637,11253258600.0,0.19720996,0.0019720996
2017-10-11,3886.8184,3913.0695,3885.497,3902.6868,10441815100.0,0.32965422,0.0032965422
2017-10-12,3902.0156,3917.4435,3897.5472,3912.9536,9434092100.0,0.26307005,0.0026307005
2017-10-13,3912.975,3927.1744,3908.8885,3921.0017,9014206800.0,0.20567839,0.0020567839
2017-10-16,3926.2754,3947.4239,3913.3224,3913.4462,12135503300.0,-0.19269311,-0.0019269311
2017-10-17,3910.7894,3924.6141,3900.4758,3913.0688,8224122700.0,-0.00964367,-9.64367e-05
2017-10-18,3914.8152,3944.4106,3914.8152,3944.1626,10096984100.0,0.79461419,0.0079461419
2017-10-19,3940.5831,3944.0349,3923.6455,3931.2495,10652725200.0,-0.32739776,-0.0032739775999999997
2017-10-20,3918.5265,3928.9607,3910.1974,3926.852,7298018000.0,-0.11186011,-0.0011186011
2017-10-23,3930.8914,3936.2729,3920.6562,3930.7981,8148498000.0,0.10049016,0.0010049015999999999
2017-10-24,3926.2299,3959.4951,3922.0288,3959.3953,9305815400.0,0.72751638,0.0072751638
2017-10-25,3958.1669,3978.0893,3954.0011,3976.949,8820545800.0,0.44334295,0.0044334295
2017-10-26,3980.0479,4013.5988,3973.5535,3993.5752,12989546500.0,0.4180642,0.004180642
2017-10-27,3992.5539,4024.4645,3991.354,4021.9676,12667284600.0,0.71095193,0.0071095193000000004
2017-10-30,4022.1641,4033.3394,3960.2698,4009.7218,15738760300.0,-0.30447287,-0.0030447287000000003
2017-10-31,3995.3935,4009.2828,3983.2565,4006.7179,10917877900.0,-0.07491542,-0.0007491542
2017-11-01,4007.9116,4032.4581,3991.3235,3996.6221,13041738000.0,-0.25197182,-0.0025197182000000003
2017-11-02,3994.0946,3999.2262,3971.3761,3997.1343,12610057900.0,0.01281582,0.0001281582
2017-11-03,3992.3496,3999.3373,3963.0263,3992.6979,12940443900.0,-0.11098952,-0.0011098952
2017-11-06,3989.1824,4021.6382,3975.4069,4020.8896,12208115900.0,0.70608147,0.0070608147
2017-11-07,4022.4018,4064.2178,4021.3639,4054.2465,15211666300.0,0.82959005,0.0082959005
2017-11-08,4051.4935,4089.1457,4040.5772,4048.0057,15082771900.0,-0.15393243,-0.0015393243
2017-11-09,4043.0663,4076.6102,4038.4004,4075.8998,12105633500.0,0.68908253,0.006890825299999999
2017-11-10,4070.2763,4116.7142,4067.657,4111.9112,14181716500.0,0.88352025,0.0088352025
2017-11-13,4115.5507,4137.6455,4115.5507,4128.0733,15144630900.0,0.39305567,0.003930556700000001
2017-11-14,4129.2736,4133.5462,4086.8903,4099.351,14323693600.0,-0.6957798,-0.006957797999999999
2017-11-15,4084.2131,4102.8071,4055.7167,4073.6696,12063569600.0,-0.62647478,-0.0062647478000000005
2017-11-16,4063.4943,4107.617,4062.2734,4105.0122,12138441400.0,0.76939475,0.0076939475
2017-11-17,4094.0787,4122.3756,4081.3723,4120.8508,19178411900.0,0.38583564,0.0038583564
2017-11-20,4093.734,4144.5144,4060.9636,4143.8334,13744725800.0,0.55771493,0.0055771493000000005
2017-11-21,4131.8482,4220.2636,4129.9783,4217.7015,18035082100.0,1.78260304,0.017826030399999998
2017-11-22,4228.3721,4260.6395,4191.145,4227.5666,18647700300.0,0.23389754,0.0023389754
2017-11-23,4213.3781,4214.1895,4086.9018,4102.3966,17814722800.0,-2.96080492,-0.0296080492
2017-11-24,4089.4723,4116.5942,4057.4894,4104.2034,13085804000.0,0.04404255,0.0004404255
2017-11-27,4088.9318,4088.9318,4037.1457,4049.9475,14345526800.0,-1.32195934,-0.0132195934
2017-11-28,4034.2057,4056.4753,4010.2955,4055.8235,10205809500.0,0.1450883,0.001450883
2017-11-29,4061.3545,4069.2418,4004.687,4053.7529,12455364200.0,-0.05105252,-0.0005105252
2017-11-30,4034.0091,4052.797,3988.0018,4006.0993,10798334500.0,-1.17554279,-0.011755427899999999
2017-12-01,4003.5604,4027.1064,3984.3776,3998.1365,9738691300.0,-0.19876692,-0.0019876692
2017-12-04,3989.0466,4032.9859,3982.3182,4018.8571,10264721900.0,0.51825644,0.005182564400000001
2017-12-05,4007.9361,4045.9331,4006.5432,4040.1704,15408707600.0,0.53033237,0.0053033237
2017-12-06,4027.1231,4031.7533,3964.8087,4015.8211,10928620500.0,-0.60268003,-0.0060268003
2017-12-07,4003.5826,4017.9465,3955.9939,3971.0569,9025404500.0,-1.11469607,-0.0111469607
2017-12-08,3962.8288,4014.1387,3955.44,4003.3792,8928286100.0,0.81394704,0.0081394704
2017-12-11,4006.8784,4069.4997,4005.2687,4069.4997,9714894600.0,1.65161721,0.0165161721
2017-12-12,4068.5053,4070.1503,4015.4546,4016.0163,8433871800.0,-1.31425,-0.0131425
2017-12-13,4013.8319,4052.6878,4004.7436,4050.0927,7754613100.0,0.84851249,0.0084851249
2017-12-14,4050.9028,4057.6245,4013.8546,4026.1516,8076886200.0,-0.59112474,-0.005911247400000001
2017-12-15,4018.7313,4020.2668,3974.9277,3980.8558,8904438900.0,-1.1250396,-0.011250396000000001
2017-12-18,3983.2965,4008.0688,3967.9343,3985.2914,7785337500.0,0.11142328,0.0011142328
2017-12-19,3985.8233,4035.6296,3985.8233,4035.3294,7752898500.0,1.25556691,0.0125556691
2017-12-20,4036.019,4044.8485,4015.6285,4030.4898,9060450300.0,-0.11993073,-0.0011993073
2017-12-21,4023.076,4080.781,4014.6526,4067.8485,9683608900.0,0.92690223,0.0092690223
2017-12-22,4064.9131,4076.8028,4048.4913,4054.5984,7347368400.0,-0.32572747,-0.0032572747000000003
2017-12-25,4057.4173,4086.9342,4026.4496,4041.5401,9192696200.0,-0.32206149,-0.0032206149
2017-12-26,4040.6173,4056.8554,4015.2996,4053.6224,9111879000.0,0.29895287,0.0029895286999999998
2017-12-27,4045.2793,4047.7366,3986.7385,3991.2075,10515357700.0,-1.53973148,-0.015397314799999999
2017-12-28,3992.997,4036.6975,3980.2358,4018.8974,11854288600.0,0.6937725,0.0069377250000000005
2017-12-29,4022.8826,4043.14,4012.8749,4030.8549,9048668300.0,0.29753186,0.0029753186
2018-01-02,4045.2086,4087.7789,4045.2086,4087.4012,14693543500.0,1.40283641,0.0140283641
2018-01-03,4091.4607,4140.0543,4088.7302,4111.3925,15185221800.0,0.58695731,0.0058695731
2018-01-04,4114.1213,4137.642,4105.8858,4128.8119,13454379400.0,0.42368614,0.0042368614
2018-01-05,4133.3439,4151.2818,4123.2817,4138.7505,14900987200.0,0.24071332,0.0024071332
2018-01-08,4140.8545,4166.3182,4127.3081,4160.1595,17387766600.0,0.51728173,0.0051728173
2018-01-09,4157.5394,4191.2843,4153.5021,4189.2977,13903429400.0,0.70041065,0.0070041065
2018-01-10,4187.2044,4211.0549,4175.1355,4207.8132,15112166600.0,0.44197146,0.0044197146
2018-01-11,4197.1136,4211.799,4181.9572,4205.5863,12157853900.0,-0.05292298,-0.0005292298
2018-01-12,4205.1444,4227.3923,4199.0251,4225.001,11135479400.0,0.46164075,0.0046164075
2018-01-15,4229.8357,4262.9314,4216.3585,4225.2393,17090789700.0,0.00564024,5.64024e-05
2018-01-16,4215.6247,4260.2118,4213.1275,4258.473,16149496300.0,0.7865519,0.007865519
2018-01-17,4261.7833,4283.3449,4230.5367,4248.1164,21431103200.0,-0.24319985,-0.0024319985
2018-01-18,4259.375,4292.6372,4246.684,4271.4168,17203284600.0,0.5484878,0.0054848779999999995
2018-01-19,4281.9371,4316.5714,4269.6167,4285.395,20949057000.0,0.32724973,0.0032724973
2018-01-22,4276.4811,4338.4832,4275.8977,4336.5974,17464319500.0,1.19481168,0.011948116799999998
2018-01-23,4346.8885,4383.5722,4346.7925,4382.6129,20186758500.0,1.06109689,0.0106109689
2018-01-24,4389.4547,4397.8196,4349.0865,4389.8853,21981888900.0,0.16593754,0.0016593754
2018-01-25,4381.9768,4392.1963,4336.2386,4365.0794,19537495000.0,-0.56506943,-0.0056506943
2018-01-26,4352.2211,4403.3375,4351.4871,4381.2996,17722723700.0,0.37159003,0.0037159003
2018-01-29,4387.0577,4395.9053,4287.1124,4302.0181,19110035400.0,-1.80954299,-0.0180954299
2018-01-30,4286.6834,4308.5115,4251.5706,4256.1021,13903473000.0,-1.06731304,-0.0106731304
2018-01-31,4234.1101,4287.8576,4232.7727,4275.8986,14521016400.0,0.46513217,0.0046513217
2018-02-01,4276.3425,4287.3888,4214.2909,4245.8978,19000293400.0,-0.70162562,-0.007016256199999999
2018-02-02,4213.9386,4271.7647,4181.7793,4271.2326,14606682700.0,0.59668888,0.0059668887999999995
2018-02-05,4204.458,4274.1464,4200.1409,4274.1464,16134779900.0,0.06821918,0.0006821918
2018-02-06,4182.3257,4211.5234,4131.5562,4148.8856,21491045000.0,-2.93066237,-0.0293066237
2018-02-07,4205.7365,4212.5677,4048.4228,4050.4972,20312749300.0,-2.37144162,-0.0237144162
2018-02-08,4022.8802,4071.6653,3974.6779,4012.0472,15926998500.0,-0.94926618,-0.0094926618
2018-02-09,3896.1691,3911.2917,3759.1463,3840.6527,20634982800.0,-4.2719961,-0.042719961
2018-02-12,3846.2671,3907.843,3828.0697,3890.1046,11618263700.0,1.28759104,0.0128759104
2018-02-13,3925.5955,3986.9807,3925.5955,3935.6324,11256588500.0,1.17034899,0.011703489899999999
2018-02-14,3945.0943,3971.4041,3923.1267,3966.9614,7108133800.0,0.79603471,0.007960347100000001
2018-02-22,4020.9731,4058.7878,4009.9202,4052.7332,10581157100.0,2.16215363,0.0216215363
2018-02-23,4061.7545,4085.2008,4035.2319,4071.0889,9945874600.0,0.4529215,0.004529215
2018-02-26,4093.3988,4128.7435,4048.9834,4118.4186,13788100100.0,1.16258085,0.011625808500000001
2018-02-27,4120.8712,4120.8712,4051.8054,4058.9806,12593447000.0,-1.44322386,-0.014432238600000001
2018-02-28,4016.7911,4051.7124,3991.7063,4023.6415,10934359300.0,-0.87063979,-0.008706397900000001
2018-03-01,3994.8686,4061.0328,3986.8947,4049.0863,11019985200.0,0.63238238,0.0063238238
2018-03-02,4014.951,4044.4183,4006.9435,4016.461,9616500000.0,-0.80574474,-0.008057447399999999
2018-03-05,4021.6575,4042.8346,3995.8715,4018.097,8795254800.0,0.04073238,0.00040732379999999996
2018-03-06,4034.9854,4067.5525,3998.9317,4066.5647,13876244400.0,1.20623519,0.012062351899999999
2018-03-07,4063.5028,4089.6964,4027.9363,4036.6536,10695242600.0,-0.7355373,-0.007355372999999999
2018-03-08,4038.9527,4078.2263,4029.7144,4077.6001,9115581000.0,1.01436745,0.0101436745
2018-03-09,4088.0704,4110.6738,4076.4537,4108.8652,11370180800.0,0.76675248,0.0076675248
2018-03-12,4130.7082,4139.5259,4112.7658,4127.6662,14090673900.0,0.45757159,0.0045757159
2018-03-13,4124.3312,4130.2829,4087.5629,4091.2533,11176643000.0,-0.88216678,-0.0088216678
2018-03-14,4076.0626,4089.0942,4066.4896,4073.3447,9901340900.0,-0.43772895,-0.0043772895
2018-03-15,4058.7058,4098.989,4058.7058,4096.1627,8816115600.0,0.56017847,0.0056017847
2018-03-16,4096.8857,4110.0451,4055.822,4056.4226,8489618800.0,-0.97017875,-0.0097017875
2018-03-19,4054.6167,4074.518,4033.5216,4074.2479,8150288200.0,0.439434,0.00439434
2018-03-20,4045.7428,4080.1925,4040.308,4077.7041,8060528000.0,0.08483038,0.0008483038
2018-03-21,4097.0243,4110.1158,4046.2408,4061.0502,9760948800.0,-0.40841365,-0.0040841365
2018-03-22,4062.0668,4072.3771,4003.721,4020.349,8909525900.0,-1.00223336,-0.010022333599999999
2018-03-23,3896.7359,3928.5114,3834.9373,3904.9355,18008044900.0,-2.87073336,-0.0287073336
2018-03-26,3862.6948,3883.901,3829.9155,3879.893,11513912800.0,-0.64130381,-0.006413038100000001
2018-03-27,3927.492,3936.778,3881.8726,3913.2689,11370071100.0,0.86022733,0.0086022733
2018-03-28,3865.0454,3907.2811,3835.8825,3842.7155,10149490800.0,-1.80292747,-0.0180292747
2018-03-29,3854.5914,3913.9578,3794.2617,3894.0498,11662906600.0,1.33588604,0.0133588604
2018-03-30,3893.7468,3915.3473,3879.2128,3898.4977,9751227000.0,0.11422299,0.0011422299
2018-04-02,3897.0052,3937.0183,3882.8856,3886.9189,11124266600.0,-0.29700672,-0.0029700672
2018-04-03,3850.1546,3878.1504,3839.9333,3862.4796,9513736900.0,-0.62875765,-0.006287576499999999
2018-04-04,3873.6267,3898.6126,3852.4958,3854.8625,8873060900.0,-0.19720751,-0.0019720751
2018-04-09,3851.9548,3870.6736,3827.4133,3852.9292,8410546200.0,-0.05015224,-0.0005015224
2018-04-10,3860.7225,3927.4247,3851.7957,3927.1729,10617372200.0,1.92694171,0.0192694171
2018-04-11,3934.1698,3958.7071,3924.9603,3938.3434,11193302100.0,0.28444126,0.0028444126
2018-04-12,3935.673,3937.7837,3896.1789,3898.6354,8269949000.0,-1.00824118,-0.0100824118
2018-04-13,3920.7375,3929.952,3866.186,3871.1443,7154420300.0,-0.70514673,-0.0070514673
2018-04-16,3862.4738,3869.156,3789.6121,3808.863,9921777000.0,-1.6088602,-0.016088602
2018-04-17,3812.8746,3822.6264,3745.4442,3748.6412,9061079000.0,-1.58109651,-0.0158109651
2018-04-18,3785.3059,3789.6591,3708.1068,3766.282,10667670600.0,0.47059185,0.0047059185
2018-04-19,3774.784,3824.0321,3767.7974,3811.843,9905406000.0,1.20970761,0.0120970761
2018-04-20,3801.2075,3815.444,3750.1033,3760.8543,9928292500.0,-1.33763904,-0.0133763904
2018-04-23,3754.6896,3787.3951,3735.1842,3766.3257,9035629100.0,0.1454829,0.001454829
2018-04-24,3769.8787,3854.4292,3769.8787,3843.4886,11421952500.0,2.04875802,0.0204875802
2018-04-25,3824.5929,3838.6921,3817.032,3828.7015,7817261200.0,-0.3847312,-0.003847312
2018-04-26,3823.3921,3828.7129,3744.8852,3755.4941,8715064100.0,-1.91206862,-0.0191206862
2018-04-27,3771.0369,3776.9751,3714.6444,3756.8765,8953172600.0,0.03681007,0.0003681007
2018-05-02,3769.9251,3787.3025,3744.5475,3763.6461,8330103500.0,0.18019224,0.0018019224
2018-05-03,3756.1657,3797.5269,3732.3718,3793.0001,9396111800.0,0.77993518,0.0077993518
2018-05-04,3784.3161,3801.5243,3770.9389,3774.5981,7155428800.0,-0.48515686,-0.0048515686
2018-05-07,3782.5404,3834.5872,3776.0296,3834.1877,8728619500.0,1.57870052,0.0157870052
2018-05-08,3834.6141,3892.0732,3833.729,3878.6767,9421515700.0,1.160324,0.011603239999999999
2018-05-09,3876.1296,3878.9382,3855.7392,3871.6152,6671296600.0,-0.18205952,-0.0018205952
2018-05-10,3882.8357,3894.4902,3867.3084,3893.0565,7066780900.0,0.55380762,0.0055380761999999995
2018-05-11,3902.1481,3903.3378,3871.9523,3872.8383,7335660400.0,-0.51934001,-0.0051934000999999995
2018-05-14,3886.8736,3919.2999,3886.8736,3909.2933,8197599900.0,0.9412993,0.009412993
2018-05-15,3920.1395,3924.3427,3892.9198,3924.0975,7604955500.0,0.37869249,0.0037869249
2018-05-16,3909.8183,3923.3433,3889.1877,3892.8442,7191364600.0,-0.79644555,-0.0079644555
2018-05-17,3895.4895,3899.5137,3858.8525,3864.0507,5903012300.0,-0.739652,-0.00739652
2018-05-18,3860.1644,3903.0637,3841.896,3903.0637,7261395600.0,1.00963996,0.010096399599999998
2018-05-21,3925.5394,3937.4607,3913.6046,3921.2421,9264173700.0,0.46574695,0.0046574695
2018-05-22,3918.8153,3918.8153,3881.169,3906.2081,7536877800.0,-0.38339892,-0.0038339892
2018-05-23,3898.2683,3898.2683,3854.5825,3854.5825,8372231900.0,-1.32162954,-0.0132162954
2018-05-24,3853.2916,3859.1034,3823.9235,3827.217,6834502200.0,-0.70994719,-0.007099471899999999
2018-05-25,3823.7448,3841.1244,3804.1349,3816.498,7083638600.0,-0.28007296,-0.0028007296
2018-05-28,3816.2649,3846.5525,3799.3207,3833.2599,7152113200.0,0.43919583,0.0043919583
2018-05-29,3824.1909,3841.7794,3800.6749,3804.0093,8155266200.0,-0.76307375,-0.0076307375
2018-05-30,3755.1764,3767.8872,3722.0719,3723.3724,8791328500.0,-2.11978714,-0.021197871400000002
2018-05-31,3749.2954,3804.7919,3742.5287,3802.3759,9266689400.0,2.12182644,0.0212182644
2018-06-01,3789.6716,3802.5366,3753.8395,3770.5891,7782181300.0,-0.83597206,-0.0083597206
2018-06-04,3785.1869,3813.4065,3776.6185,3807.5781,7662434100.0,0.98098729,0.009809872899999999
2018-06-05,3811.2852,3845.5648,3800.9256,3845.3164,7868736000.0,0.9911366,0.009911366
2018-06-06,3839.683,3848.3295,3830.8956,3837.3511,7311723700.0,-0.2071429,-0.002071429
2018-06-07,3846.9367,3859.8476,3827.6874,3831.0128,8025614700.0,-0.16517384,-0.0016517384
2018-06-08,3819.4477,3819.4607,3759.2717,3779.6159,8333733500.0,-1.34160084,-0.013416008399999999
2018-06-11,3770.208,3792.548,3756.5148,3779.9818,6870983400.0,0.00968088,9.680879999999999e-05
2018-06-12,3783.1858,3830.471,3765.2644,3825.9534,7320624400.0,1.21618575,0.0121618575
2018-06-13,3814.6174,3817.4528,3782.0728,3788.3391,6637797000.0,-0.98313534,-0.0098313534
2018-06-14,3774.6396,3808.1616,3759.2484,3773.3655,6847132200.0,-0.39525501,-0.0039525501000000005
2018-06-15,3763.0405,3780.3368,3737.4282,3753.4338,8548889300.0,-0.52822076,-0.0052822076
2018-06-19,3702.6681,3712.8162,3583.0208,3621.1166,16070654200.0,-3.52523068,-0.0352523068
2018-06-20,3602.5512,3649.3359,3578.1743,3635.4436,8671809800.0,0.39565144,0.0039565144000000005
2018-06-21,3633.5558,3673.5625,3589.4899,3592.965,9390855200.0,-1.16845713,-0.0116845713
2018-06-22,3567.8939,3609.0751,3542.4564,3608.9046,7511786400.0,0.4436336,0.004436336
2018-06-25,3625.7984,3631.0253,3559.0343,3560.4777,7987707800.0,-1.34187254,-0.0134187254
2018-06-26,3521.5876,3541.782,3478.2134,3531.1112,8498526900.0,-0.82479101,-0.0082479101
2018-06-27,3525.1323,3537.6569,3441.785,3459.2621,8149181700.0,-2.03474476,-0.020347447600000002
2018-06-28,3434.9441,3477.0565,3416.9476,3423.5255,7591805100.0,-1.03307003,-0.0103307003
2018-06-29,3431.9619,3512.3834,3425.2159,3510.9845,7725703100.0,2.55464725,0.0255464725
2018-07-02,3504.4571,3506.8996,3383.5006,3407.9638,8435144900.0,-2.93423967,-0.029342396700000002
2018-07-03,3410.4767,3422.0398,3319.2889,3409.2801,9527869300.0,0.03862424,0.0003862424
2018-07-04,3398.7788,3418.3311,3359.0861,3363.7473,7515799700.0,-1.33555468,-0.0133555468
2018-07-05,3365.5547,3398.4852,3330.7113,3342.4379,8158798100.0,-0.63350181,-0.006335018100000001
2018-07-06,3347.0624,3396.2458,3295.7296,3365.1227,8609757900.0,0.67869025,0.006786902500000001
2018-07-09,3378.9056,3459.3153,3378.9056,3459.1837,7660154500.0,2.79517297,0.027951729699999997
2018-07-10,3464.9064,3474.1396,3437.2706,3467.5155,6954882300.0,0.24086029,0.0024086029
2018-07-11,3398.9265,3427.5705,3375.1441,3407.5297,7204095000.0,-1.72993603,-0.0172993603
2018-07-12,3403.3302,3499.097,3403.3302,3481.0559,9635356400.0,2.15775669,0.021577566899999998
2018-07-13,3488.4966,3499.7643,3474.9123,3492.6897,7295589700.0,0.33420319,0.0033420319
2018-07-16,3488.967,3506.2355,3459.7312,3472.0859,6828199900.0,-0.58991212,-0.0058991212
2018-07-17,3466.4236,3467.1852,3420.9714,3449.3773,6198307600.0,-0.65403336,-0.0065403336
2018-07-18,3456.6065,3479.2635,3430.1563,3431.3227,6653033000.0,-0.52341621,-0.0052341621
2018-07-19,3444.8032,3466.5056,3417.9627,3428.343,6847771600.0,-0.08683823,-0.0008683823
2018-07-20,3426.4558,3505.928,3398.9532,3492.8938,10198472700.0,1.88285711,0.0188285711
2018-07-23,3471.8555,3527.5335,3464.6475,3525.7503,11903662700.0,0.94066702,0.0094066702
2018-07-24,3530.6641,3596.5128,3530.6641,3581.7057,15691243500.0,1.58704943,0.0158704943
2018-07-25,3589.5055,3589.9841,3566.314,3577.7522,9675850100.0,-0.11038037,-0.0011038037
2018-07-26,3583.3173,3593.9227,3528.6442,3536.2456,9034964100.0,-1.16013065,-0.011601306499999998
2018-07-27,3533.7714,3545.4058,3512.7034,3521.2269,7017810400.0,-0.42470749,-0.0042470749
2018-07-30,3520.8538,3550.902,3489.5494,3515.0794,8211699500.0,-0.17458403,-0.0017458403
2018-07-31,3510.4744,3528.154,3493.1545,3517.6568,6798081700.0,0.07332409,0.0007332408999999999
2018-08-01,3530.0298,3543.606,3446.7765,3447.3882,9034861700.0,-1.99759681,-0.019975968099999998
2018-08-02,3434.3516,3434.3516,3322.096,3370.9579,10130872700.0,-2.21704942,-0.022170494199999998
2018-08-03,3366.6637,3381.3417,3315.2008,3315.2839,7079691000.0,-1.65157803,-0.0165157803
2018-08-06,3312.8153,3344.246,3257.6856,3273.2728,7797508300.0,-1.26719464,-0.0126719464
2018-08-07,3284.9785,3368.962,3263.4986,3368.8695,9178391600.0,2.92052346,0.0292052346
2018-08-08,3362.1485,3368.1602,3311.7694,3314.5075,7928486500.0,-1.61365704,-0.0161365704
2018-08-09,3303.4765,3408.3911,3299.6157,3397.5298,9195757200.0,2.50481557,0.025048155699999998
2018-08-10,3398.4139,3424.0411,3380.5731,3405.0191,6896729900.0,0.22043368,0.0022043367999999997
2018-08-13,3369.9812,3396.1883,3336.6956,3390.3441,7619153200.0,-0.43098143,-0.0043098143
2018-08-14,3386.4832,3391.729,3356.6142,3372.9137,6065144600.0,-0.51411891,-0.0051411891
2018-08-15,3371.959,3372.1369,3288.7088,3291.976,6817405500.0,-2.39963744,-0.0239963744
2018-08-16,3251.8556,3315.2031,3231.5561,3276.7276,7654736600.0,-0.463199,-0.00463199
2018-08-17,3305.8954,3311.5729,3224.0999,3229.6198,6739541300.0,-1.43764773,-0.0143764773
2018-08-20,3238.215,3267.2498,3209.0115,3267.2498,7090422800.0,1.16515263,0.0116515263
2018-08-21,3271.8402,3331.7077,3270.0302,3326.6489,7520558300.0,1.81801526,0.0181801526
2018-08-22,3328.9693,3328.9693,3299.3938,3307.9545,5078705700.0,-0.56195891,-0.0056195891
2018-08-23,3308.4589,3336.1123,3285.8141,3320.0257,6111233400.0,0.36491433,0.0036491433
2018-08-24,3308.4778,3353.0445,3291.8654,3325.3347,6376589700.0,0.1599084,0.001599084
2018-08-27,3339.3894,3406.5735,3339.2646,3406.5735,9427008200.0,2.44302626,0.0244302626
2018-08-28,3408.1502,3416.5929,3388.8143,3400.1705,7544536300.0,-0.18796013,-0.0018796013
2018-08-29,3393.0527,3398.7139,3377.1231,3386.5736,6702040400.0,-0.39988877,-0.0039988877
2018-08-30,3385.8052,3402.5626,3349.4688,3351.0942,6838529000.0,-1.04764887,-0.0104764887
2018-08-31,3333.3801,3356.5757,3310.8726,3334.5036,7620563000.0,-0.49508008,-0.004950800799999999
2018-09-03,3320.6898,3325.607,3291.7842,3321.8248,6642985500.0,-0.38023051,-0.0038023051
2018-09-04,3324.186,3370.963,3307.9585,3363.8984,6708880700.0,1.26658095,0.0126658095
2018-09-05,3349.6983,3354.1991,3298.1412,3298.1412,6430188800.0,-1.9547915,-0.019547915
2018-09-06,3286.6645,3311.4973,3253.7552,3262.8808,6230028800.0,-1.06909916,-0.0106909916
2018-09-07,3273.8906,3316.6149,3253.725,3277.6438,6394740800.0,0.45245294,0.0045245294
2018-09-10,3271.3818,3277.884,3227.8481,3230.0681,6381705100.0,-1.45152136,-0.0145152136
2018-09-11,3229.7052,3245.617,3209.1121,3224.2116,5849130500.0,-0.18131197,-0.0018131197
2018-09-12,3216.9911,3225.6014,3194.9785,3202.0248,5462789900.0,-0.68813101,-0.0068813100999999995
2018-09-13,3239.6852,3249.593,3191.3975,3236.5662,6729032700.0,1.07873618,0.010787361799999999
2018-09-14,3242.8307,3254.1043,3227.9439,3242.0902,6013064000.0,0.17067471,0.0017067471
2018-09-17,3224.9267,3230.7878,3200.5096,3204.9224,5225954700.0,-1.14641474,-0.0114641474
2018-09-18,3193.6423,3270.107,3193.6423,3269.4319,7042503500.0,2.01282565,0.0201282565
2018-09-19,3261.997,3335.9913,3258.3097,3312.4823,8917066600.0,1.31675475,0.013167547500000001
2018-09-20,3314.8758,3332.3093,3303.073,3310.1258,6456105700.0,-0.07114,-0.0007113999999999999
2018-09-21,3320.6958,3410.4856,3307.767,3410.4856,10841600500.0,3.0319029,0.030319029
2018-09-25,3375.9717,3394.3771,3367.0253,3379.8043,6905469300.0,-0.89961676,-0.0089961676
2018-09-26,3388.5576,3448.2595,3383.2352,3417.2413,9317334300.0,1.10766768,0.0110766768
2018-09-27,3415.9532,3423.71,3394.732,3403.5902,6976524100.0,-0.3994772,-0.003994772
2018-09-28,3409.9598,3444.9884,3404.6973,3438.8649,8437775600.0,1.0363968,0.010363968
2018-10-08,3361.5594,3364.4641,3285.253,3290.8988,9788898900.0,-4.3027599,-0.043027599
2018-10-09,3290.1705,3309.7978,3276.1322,3288.6906,6672327400.0,-0.06710021,-0.0006710020999999999
2018-10-10,3295.4288,3315.731,3256.5815,3281.5978,6449282800.0,-0.21567246,-0.0021567246000000003
2018-10-11,3179.5408,3209.5202,3099.0402,3124.1139,12094134200.0,-4.79900066,-0.047990006599999996
2018-10-12,3123.3715,3184.122,3094.9657,3170.7262,9861115100.0,1.49201666,0.0149201666
2018-10-15,3173.8467,3183.1297,3120.2306,3126.4516,6960502300.0,-1.39635519,-0.0139635519
2018-10-16,3128.5764,3166.0918,3089.3668,3100.9738,6888772100.0,-0.81491106,-0.0081491106
2018-10-17,3140.6838,3149.1344,3062.554,3118.2463,7683713800.0,0.55700245,0.0055700245
2018-10-18,3097.7903,3097.7903,3043.3817,3044.3918,7377196800.0,-2.36846268,-0.0236846268
2018-10-19,3017.7488,3137.7475,3009.4983,3134.9455,9883968800.0,2.97444304,0.0297444304
2018-10-22,3159.5614,3297.3803,3159.5614,3270.2732,14586204500.0,4.31674809,0.0431674809
2018-10-23,3273.1271,3276.0205,3163.5704,3183.4257,12101324100.0,-2.65566498,-0.026556649800000002
2018-10-24,3169.4571,3245.3971,3164.293,3188.2018,11090974400.0,0.1500302,0.001500302
2018-10-25,3107.8402,3197.3212,3099.8887,3194.3084,10695181700.0,0.19153744,0.0019153744
2018-10-26,3204.2845,3218.1021,3151.9244,3173.635,10129935400.0,-0.64719487,-0.0064719487
2018-10-29,3157.4879,3158.8114,3062.5803,3076.8889,9183978900.0,-3.04843185,-0.0304843185
2018-10-30,3061.93,3146.6276,3050.7709,3110.2605,11607010100.0,1.08458905,0.0108458905
2018-10-31,3116.6582,3168.9187,3106.0279,3153.8234,11120745500.0,1.40061902,0.0140061902
2018-11-01,3185.202,3217.8034,3173.0992,3177.0338,13265337900.0,0.73594482,0.0073594482
2018-11-02,3258.6093,3290.2455,3222.4354,3290.2455,15346610400.0,3.56344021,0.0356344021
2018-11-05,3269.4695,3279.8781,3230.3632,3262.8351,10970668300.0,-0.83308069,-0.0083308069
2018-11-06,3254.9778,3254.9778,3213.895,3243.1504,8386913800.0,-0.60330049,-0.0060330049
2018-11-07,3243.8775,3270.5003,3218.4219,3221.9101,9161552800.0,-0.654928,-0.006549279999999999
2018-11-08,3251.7281,3253.5735,3207.7084,3212.7737,7641454000.0,-0.28357092,-0.0028357092
2018-11-09,3193.3039,3193.3039,3166.3106,3167.4442,8428276200.0,-1.41091481,-0.0141091481
2018-11-12,3160.2465,3206.5127,3152.4399,3205.1407,8806239100.0,1.19012357,0.011901235699999999
2018-11-13,3164.9222,3254.7684,3161.0979,3237.3823,12649346400.0,1.005934,0.010059340000000002
2018-11-14,3233.6409,3239.2448,3200.2285,3204.9427,11380865900.0,-1.0020318,-0.010020317999999999
2018-11-15,3201.2814,3242.3836,3198.7814,3242.3715,9855881000.0,1.16784615,0.011678461499999999
2018-11-16,3242.879,3282.39,3223.7215,3257.6735,12687683500.0,0.47193852,0.0047193852
2018-11-19,3258.7919,3294.6031,3251.0665,3294.6031,11595659500.0,1.13361882,0.0113361882
2018-11-20,3268.0768,3278.7845,3213.6833,3218.4076,10936115400.0,-2.31273685,-0.0231273685
2018-11-21,3187.1025,3230.2578,3185.2393,3226.4918,8411972600.0,0.25118633,0.0025118633
2018-11-22,3232.9731,3235.4524,3199.6981,3214.4273,6509829100.0,-0.37392006,-0.0037392006
2018-11-23,3208.593,3212.1952,3139.3857,3143.4752,8463825500.0,-2.20730144,-0.0220730144
2018-11-26,3148.6721,3169.4418,3131.636,3141.2434,5937914000.0,-0.07099786,-0.0007099786
2018-11-27,3152.7743,3162.0121,3126.289,3137.2413,5540783200.0,-0.12740496,-0.0012740496000000002
2018-11-28,3137.7477,3179.4108,3126.6179,3178.9326,7488195500.0,1.32891595,0.013289159500000002
2018-11-29,3198.8259,3204.8565,3137.6542,3137.6542,8049846600.0,-1.29849875,-0.0129849875
2018-11-30,3136.1962,3175.154,3132.423,3172.69,7092104400.0,1.11662401,0.0111662401
2018-12-03,3260.6862,3273.6397,3228.3611,3260.9502,12148715700.0,2.7818728,0.027818728
2018-12-04,3256.2282,3267.94,3243.6951,3267.7095,7941503900.0,0.20728007,0.0020728007000000003
2018-12-05,3224.2556,3266.9039,3219.9785,3252.0041,7615305200.0,-0.48062412,-0.0048062412
2018-12-06,3218.113,3223.5219,3179.8948,3181.673,7632877100.0,-2.16270023,-0.0216270023
2018-12-07,3187.4919,3193.8191,3176.7061,3181.5646,5336192400.0,-0.00340701,-3.40701e-05
2018-12-10,3153.5228,3170.1523,3134.3845,3144.7631,6343727300.0,-1.15671076,-0.0115671076
2018-12-11,3148.2256,3161.9557,3143.6072,3159.8158,5322387700.0,0.47865927,0.0047865927
2018-12-12,3181.566,3182.2107,3160.2784,3170.6092,5330991400.0,0.3415832,0.0034158319999999997
2018-12-13,3178.891,3234.0817,3169.4234,3219.6924,9044275500.0,1.54806843,0.0154806843
2018-12-14,3207.3481,3210.7221,3165.9109,3165.9109,8430125000.0,-1.67039249,-0.0167039249
2018-12-17,3158.2844,3167.5125,3134.3653,3161.1966,6649700700.0,-0.14890817,-0.0014890817
2018-12-18,3139.9493,3165.0018,3114.4684,3128.4265,6382031900.0,-1.03663594,-0.0103663594
2018-12-19,3133.7416,3137.0099,3086.7579,3091.1255,5552229900.0,-1.19232464,-0.0119232464
2018-12-20,3083.5441,3097.7202,3044.2929,3067.4169,6974946300.0,-0.76698924,-0.0076698924
2018-12-21,3055.3258,3057.4007,3007.6096,3029.3951,7675810100.0,-1.23953806,-0.0123953806
2018-12-24,3015.4974,3040.3524,3007.3292,3038.1981,5729961500.0,0.29058606,0.0029058606
2018-12-25,3006.8787,3030.1418,2964.875,3017.2815,7868942500.0,-0.68845412,-0.006884541199999999
2018-12-26,3012.869,3029.0608,2996.4829,3002.0327,5564703200.0,-0.50538208,-0.0050538208
2018-12-27,3042.9491,3047.2348,2990.5057,2990.5057,8054178500.0,-0.38397317,-0.0038397316999999997
2018-12-28,2994.795,3024.3525,2984.8177,3010.6536,7105377900.0,0.67372886,0.0067372885999999995
2019-01-02,3017.0674,3018.7759,2958.4883,2969.5353,6866302100.0,-1.36575991,-0.013657599099999999
2019-01-03,2963.0186,3000.4413,2953.2548,2964.8421,7086710300.0,-0.15804493,-0.0015804493
2019-01-04,2940.1916,3036.8147,2935.8295,3035.8741,10331897200.0,2.39581056,0.0239581056
2019-01-07,3055.1535,3061.749,3035.9123,3054.303,10116435900.0,0.60703769,0.0060703769
2019-01-08,3049.8747,3055.51,3038.5339,3047.7035,8617058500.0,-0.21607221,-0.0021607221
2019-01-09,3065.2307,3117.9614,3062.8474,3078.4759,10736435000.0,1.0096914,0.010096913999999999
2019-01-10,3077.4817,3092.5411,3062.5721,3072.6864,8527175600.0,-0.18806384,-0.0018806384000000002
2019-01-11,3082.2615,3102.8333,3071.0264,3094.7782,7178642400.0,0.71897347,0.0071897347
2019-01-14,3092.4984,3097.4064,3064.3827,3067.7845,6612170200.0,-0.87223375,-0.0087223375
2019-01-15,3071.5185,3129.3708,3064.6705,3127.9904,8877296200.0,1.96252051,0.0196252051
2019-01-16,3126.1347,3135.0117,3117.2926,3128.6517,8021434100.0,0.02114137,0.0002114137
2019-01-17,3132.6285,3141.7099,3110.0608,3111.4168,8017487100.0,-0.55087308,-0.0055087308
2019-01-18,3124.5025,3171.6864,3120.3458,3168.1739,10396383400.0,1.82415612,0.0182415612
2019-01-21,3170.8773,3199.2134,3170.8773,3185.6364,9391502200.0,0.55118502,0.0055118502000000005
2019-01-22,3181.9494,3181.9494,3135.3378,3143.3171,7299052800.0,-1.328441,-0.01328441
2019-01-23,3136.096,3157.6269,3131.8673,3141.0532,5987047800.0,-0.07202264,-0.0007202263999999999
2019-01-24,3146.6046,3165.6296,3125.3008,3158.7817,7293463600.0,0.5644126,0.005644126
2019-01-25,3165.1814,3203.1747,3164.4082,3184.4696,8396772900.0,0.81322176,0.0081322176
2019-01-28,3203.1189,3228.8678,3174.7243,3183.7777,8262243100.0,-0.02172732,-0.00021727320000000002
2019-01-29,3177.261,3200.9898,3148.2345,3193.9698,7765833400.0,0.32012599,0.0032012599000000004
2019-01-30,3181.6551,3202.896,3167.8934,3168.4829,6374651700.0,-0.79796935,-0.007979693500000001
2019-01-31,3182.6987,3216.0673,3178.0105,3201.6331,8624783900.0,1.04624835,0.0104624835
2019-02-01,3225.7335,3247.4956,3207.7168,3247.3971,8201964100.0,1.42939552,0.0142939552
2019-02-11,3239.8079,3307.0638,3239.8079,3306.4725,9881843400.0,1.81916157,0.0181916157
2019-02-12,3306.3523,3335.3606,3298.6337,3330.3353,12223246200.0,0.72169964,0.0072169964
2019-02-13,3337.7794,3405.5773,3329.1436,3397.0276,16382833200.0,2.00257013,0.0200257013
2019-02-14,3392.8547,3415.3994,3381.9821,3402.1403,15112729000.0,0.15050511,0.0015050511
2019-02-15,3391.242,3395.0294,3335.8705,3338.7047,14366860300.0,-1.86457919,-0.0186457919
2019-02-18,3366.423,3445.7448,3366.423,3445.7448,18288608900.0,3.20603676,0.0320603676
2019-02-19,3454.7216,3480.7938,3419.0731,3439.6078,17908378500.0,-0.17810373,-0.0017810373
2019-02-20,3449.9321,3463.7735,3421.505,3451.9273,14739031100.0,0.35816584,0.0035816584000000003
2019-02-21,3450.1411,3500.2519,3431.631,3442.7056,18014328700.0,-0.26714641,-0.0026714641
2019-02-22,3439.3781,3520.1182,3417.9784,3520.1182,18723797400.0,2.24859773,0.0224859773
2019-02-25,3575.8528,3729.4831,3574.6885,3729.4831,34255712200.0,5.94766676,0.0594766676
2019-02-26,3734.7059,3762.1128,3679.2705,3684.6935,35803869800.0,-1.20095999,-0.012009599900000001
2019-02-27,3682.8116,3737.6317,3638.3334,3678.3921,28623600700.0,-0.17101558,-0.0017101558
2019-02-28,3675.2642,3695.4646,3650.0537,3669.3703,18481022000.0,-0.24526477,-0.0024526477
2019-03-01,3699.2157,3749.7143,3668.7653,3749.7143,20471100400.0,2.1895855,0.021895855000000002
2019-03-04,3783.0367,3886.5797,3764.7764,3794.104,32349012600.0,1.18381552,0.0118381552
2019-03-05,3785.3762,3816.1621,3770.7858,3816.0132,23085316600.0,0.57745386,0.0057745386
2019-03-06,3822.8588,3855.1556,3787.5225,3848.0903,31807737100.0,0.84059196,0.0084059196
2019-03-07,3841.1456,3845.182,3778.8004,3808.8497,32984654800.0,-1.01974218,-0.0101974218
2019-03-08,3721.4016,3774.5431,3656.1917,3657.579,31799007700.0,-3.97155866,-0.0397155866
2019-03-11,3663.9772,3731.9091,3650.8125,3729.9546,23091286500.0,1.97878433,0.0197878433
2019-03-12,3758.3151,3804.72,3723.6785,3755.3519,27492638200.0,0.68090105,0.0068090105000000005
2019-03-13,3758.713,3763.0926,3708.8145,3724.1941,23368224800.0,-0.82969055,-0.0082969055
2019-03-14,3710.2934,3747.819,3673.8509,3698.4858,19081723700.0,-0.69030505,-0.0069030505
2019-03-15,3713.936,3782.2364,3713.936,3745.005,17517454400.0,1.25779042,0.0125779042
2019-03-18,3753.6436,3851.7479,3733.6781,3851.7479,21692806000.0,2.8502739,0.028502739
2019-03-19,3856.5885,3868.335,3815.2187,3833.9626,18172711000.0,-0.46174621,-0.0046174621
2019-03-20,3825.3356,3855.1465,3790.5119,3835.4397,17563209000.0,0.03852672,0.0003852672
2019-03-21,3840.2783,3864.0696,3823.4661,3836.8913,19631031000.0,0.03784703,0.0003784703
2019-03-22,3838.1255,3845.5808,3786.5917,3833.8013,17135699300.0,-0.08053395,-0.0008053395
2019-03-25,3776.4426,3807.1793,3741.6062,3742.8252,19858632900.0,-2.37299987,-0.0237299987
2019-03-26,3766.5287,3770.843,3687.5472,3700.4388,17304657900.0,-1.13247073,-0.0113247073
2019-03-27,3724.4058,3750.2642,3703.4508,3743.3878,13875845400.0,1.16064614,0.0116064614
2019-03-28,3731.0612,3755.716,3710.0814,3728.3953,13327212900.0,-0.40050619,-0.0040050619
2019-03-29,3739.7739,3876.379,3739.7739,3872.3412,21563910300.0,3.86080038,0.0386080038
2019-04-01,3901.1698,3982.9091,3901.1698,3973.928,27138270400.0,2.62339486,0.026233948599999998
2019-04-02,3986.3443,3988.0975,3956.5059,3971.2852,22600034100.0,-0.06650347,-0.0006650346999999999
2019-04-03,3947.8697,4026.4972,3939.7837,4022.1566,23191736800.0,1.28098078,0.0128098078
2019-04-04,4039.7415,4072.1138,4021.7055,4062.2309,26041093900.0,0.99633863,0.0099633863
2019-04-08,4097.1027,4122.6034,4017.4887,4057.2286,26750557600.0,-0.1231417,-0.001231417
2019-04-09,4063.8139,4084.243,4038.2825,4075.4301,18295680800.0,0.44861904,0.0044861904
2019-04-10,4062.4425,4115.378,4035.4741,4085.847,19468761300.0,0.25560247,0.0025560247000000003
2019-04-11,4083.4618,4097.1249,3990.239,3997.5778,16904964100.0,-2.16036479,-0.021603647900000002
2019-04-12,3986.7822,4006.9335,3961.464,3988.6168,13586211800.0,-0.22416074,-0.0022416073999999998
2019-04-15,4056.4919,4085.3882,3974.2264,3975.5244,18264557100.0,-0.32824412,-0.0032824411999999997
2019-04-16,3958.0963,4085.7891,3943.4879,4085.7891,20204196600.0,2.77358881,0.0277358881
2019-04-17,4080.7172,4106.6158,4057.5032,4087.2398,18036711700.0,0.03550599,0.0003550599
2019-04-18,4085.1148,4094.0533,4056.2356,4072.0753,14656212300.0,-0.37102056,-0.0037102056
2019-04-19,4076.2953,4120.6356,4046.2042,4120.6078,15079491000.0,1.191837,0.011918370000000001
2019-04-22,4125.9717,4126.0907,4015.4748,4025.6109,18935374500.0,-2.3054099,-0.023054098999999998
2019-04-23,4021.6277,4061.0858,4005.2832,4019.0053,15561165000.0,-0.16408938,-0.0016408938
2019-04-24,4033.6292,4044.3375,3967.8058,4030.0887,14549869500.0,0.2757747,0.0027577469999999996
2019-04-25,4013.6027,4022.5631,3938.3251,3941.816,15972207100.0,-2.19034137,-0.0219034137
2019-04-26,3921.8909,3943.8331,3887.2525,3889.2748,14200806800.0,-1.33291863,-0.0133291863
2019-04-29,3896.5824,3953.2288,3875.452,3900.3339,15387092700.0,0.28434864,0.0028434864
2019-04-30,3887.1799,3923.1082,3885.147,3913.211,11623337600.0,0.33015379,0.0033015379
2019-05-06,3775.0765,3791.6119,3647.1405,3684.6168,19747288200.0,-5.84160169,-0.0584160169
2019-05-07,3702.2656,3738.1767,3671.8341,3720.6684,13284765400.0,0.97843553,0.0097843553
2019-05-08,3648.5489,3722.9325,3642.4981,3667.4574,11286735500.0,-1.43014626,-0.014301462599999998
2019-05-09,3637.346,3656.8966,3584.8227,3599.7001,10103739400.0,-1.84752794,-0.0184752794
2019-05-10,3643.0557,3732.9238,3589.2906,3730.4513,14800384700.0,3.63228037,0.0363228037
2019-05-13,3675.7597,3702.9012,3658.0004,3668.7255,10339186000.0,-1.65464699,-0.0165464699
2019-05-14,3630.4388,3683.2619,3630.4388,3645.1503,10231346000.0,-0.64259918,-0.0064259918
2019-05-15,3674.9931,3741.0406,3674.9931,3727.0923,11016176900.0,2.24797315,0.0224797315
2019-05-16,3720.039,3745.1405,3707.9032,3743.9635,11625827400.0,0.45266386,0.0045266386
2019-05-17,3744.8751,3745.3555,3637.5826,3648.7609,12845324500.0,-2.54282928,-0.0254282928
2019-05-20,3635.7357,3644.5,3583.8324,3617.7924,10896347700.0,-0.84874018,-0.008487401799999999
2019-05-21,3619.4369,3690.0884,3610.6817,3666.7762,11102292000.0,1.35396934,0.013539693399999999
2019-05-22,3663.1533,3679.2727,3634.7479,3649.3796,9834612800.0,-0.47443855,-0.0047443855
2019-05-23,3629.5284,3631.4743,3578.1129,3583.9646,9989778100.0,-1.79249646,-0.0179249646
2019-05-24,3584.9016,3623.3904,3580.7853,3593.9139,8093404800.0,0.27760598,0.0027760598
2019-05-27,3592.6027,3648.0267,3556.2567,3637.1971,10883087100.0,1.20434716,0.0120434716
2019-05-28,3633.0182,3683.2306,3627.7878,3672.2605,11788624000.0,0.96402254,0.0096402254
2019-05-29,3642.5415,3693.2273,3637.3481,3663.909,9335544100.0,-0.22742123,-0.0022742123
2019-05-30,3648.8495,3650.9718,3612.6248,3641.1833,9420256100.0,-0.62025831,-0.0062025831
2019-05-31,3640.9963,3668.1796,3627.5448,3629.7893,8922226700.0,-0.31292025,-0.0031292025
2019-06-03,3640.6126,3672.8136,3613.1274,3632.0127,10072318000.0,0.06125424,0.0006125424
2019-06-04,3632.5602,3636.128,3584.4612,3598.4666,8709709400.0,-0.92362287,-0.0092362287
2019-06-05,3627.7947,3634.4536,3593.9515,3597.105,8864202000.0,-0.03783834,-0.00037838339999999996
2019-06-06,3601.0356,3601.0356,3557.0167,3564.6778,8553440300.0,-0.9014805,-0.009014805
2019-06-10,3578.0084,3623.7301,3568.2787,3610.7435,9237506100.0,1.29228229,0.012922822899999999
2019-06-11,3617.5239,3723.1419,3617.5239,3719.2759,14348280600.0,3.00581861,0.0300581861
2019-06-12,3706.8635,3711.8793,3683.9394,3691.0957,11917885300.0,-0.75767974,-0.007576797400000001
2019-06-13,3689.5834,3697.5917,3654.2742,3685.3933,9633171800.0,-0.15449071,-0.0015449071000000001
2019-06-14,3690.4763,3709.6521,3650.9096,3654.8799,10181700400.0,-0.82795505,-0.0082795505
2019-06-17,3654.4433,3683.7743,3645.4982,3654.8248,7297667800.0,-0.00150757,-1.50757e-05
2019-06-18,3661.1299,3675.6452,3638.78,3667.6185,7069226600.0,0.35004961,0.0035004961
2019-06-19,3761.3381,3771.347,3715.1331,3715.9381,12559571500.0,1.31746527,0.013174652700000001
2019-06-20,3718.9416,3845.7912,3717.1857,3828.5183,16887207300.0,3.02965757,0.030296575699999998
2019-06-21,3832.7321,3856.0856,3817.3068,3833.9383,15363515500.0,0.14156913,0.0014156912999999998
2019-06-24,3836.3051,3853.5452,3819.7692,3841.2659,10008462100.0,0.19112462,0.0019112462
2019-06-25,3837.4259,3838.0578,3755.0099,3801.3098,12407591200.0,-1.04018053,-0.0104018053
2019-06-26,3779.5125,3809.758,3771.7164,3794.331,8182028300.0,-0.18358935,-0.0018358935
2019-06-27,3807.5376,3854.0801,3805.8328,3834.8172,10531635800.0,1.06701814,0.010670181400000001
2019-06-28,3832.0599,3835.2326,3803.0546,3825.5873,8476613900.0,-0.24068683,-0.0024068683
2019-07-01,3899.3313,3936.668,3886.909,3935.8116,15837034000.0,2.88123865,0.0288123865
2019-07-02,3931.0486,3942.4257,3918.9378,3937.1691,13186349600.0,0.03449098,0.00034490979999999996
2019-07-03,3927.4365,3927.4365,3878.8405,3893.5341,11199260300.0,-1.10828361,-0.0110828361
2019-07-04,3895.1978,3906.8894,3854.693,3873.1019,9934225600.0,-0.5247726,-0.005247726
2019-07-05,3875.3736,3900.3095,3857.928,3893.2025,7400652700.0,0.51897937,0.0051897937000000005
2019-07-08,3875.7547,3875.7547,3775.0259,3802.7897,10953908600.0,-2.32232462,-0.0232232462
2019-07-09,3798.0954,3811.0993,3774.7641,3793.1297,7484273200.0,-0.25402404,-0.0025402404
2019-07-10,3807.9497,3810.396,3774.2304,3786.739,7283394800.0,-0.16848092,-0.0016848092
2019-07-11,3806.1855,3830.7387,3774.4137,3785.221,7531196500.0,-0.04008726,-0.0004008726
2019-07-12,3783.0733,3820.2354,3774.5224,3808.7311,7546596700.0,0.62110244,0.0062110244
2019-07-15,3792.6409,3844.8683,3745.8549,3824.1878,10120522200.0,0.40582282,0.0040582282
2019-07-16,3819.2474,3828.3256,3799.8665,3806.8449,8073095200.0,-0.45350545,-0.0045350545
2019-07-17,3800.1064,3820.2713,3787.8973,3804.6384,9518388500.0,-0.05796138,-0.0005796138
2019-07-18,3793.1893,3793.3916,3767.9958,3768.4019,8749644500.0,-0.95242954,-0.0095242954
2019-07-19,3787.5079,3828.1514,3787.5079,3807.9551,8808614900.0,1.04960142,0.010496014199999999
2019-07-22,3813.5022,3816.5387,3765.4428,3781.6832,9210137700.0,-0.68992148,-0.0068992148
2019-07-23,3783.5411,3792.9647,3768.7614,3789.9135,7131334600.0,0.21763589,0.0021763589
2019-07-24,3803.5867,3840.0579,3803.5738,3819.8325,9094068400.0,0.78943754,0.0078943754
2019-07-25,3821.3898,3851.0665,3812.9532,3851.0665,9374041700.0,0.81767983,0.0081767983
2019-07-26,3835.2281,3863.5878,3832.5223,3858.5688,8325930000.0,0.19481097,0.0019481097
2019-07-29,3857.9394,3862.7467,3842.426,3854.2704,8481437000.0,-0.11139882,-0.0011139881999999999
2019-07-30,3861.5698,3890.7298,3861.5698,3870.3176,9412395500.0,0.41634858,0.0041634858
2019-07-31,3856.745,3856.745,3830.0914,3835.3589,8215115500.0,-0.90325145,-0.0090325145
2019-08-01,3819.3242,3831.2641,3791.546,3803.4694,8411418000.0,-0.83146065,-0.0083146065
2019-08-02,3729.1309,3754.5326,3720.0584,3747.4379,10833589700.0,-1.47316816,-0.0147316816
2019-08-05,3724.4097,3739.5031,3675.6884,3675.6884,10132598100.0,-1.91462812,-0.0191462812
2019-08-06,3609.1118,3649.8953,3575.8626,3636.3289,12983387100.0,-1.07080622,-0.0107080622
2019-08-07,3654.6323,3659.0778,3621.431,3621.431,8423871600.0,-0.40969616,-0.0040969616
2019-08-08,3651.3571,3675.4603,3646.9386,3669.2936,8845770700.0,1.32164882,0.013216488200000001
2019-08-09,3686.7493,3689.1774,3628.1163,3633.5296,8529558000.0,-0.97468352,-0.0097468352
2019-08-12,3647.8661,3699.1047,3643.3161,3699.1047,8208305600.0,1.80472178,0.0180472178
2019-08-13,3675.5868,3686.4302,3658.0126,3665.7515,7650030200.0,-0.90165601,-0.0090165601
2019-08-14,3712.0657,3717.5579,3680.6086,3682.4015,9120259000.0,0.45420427,0.0045420427
2019-08-15,3618.0092,3694.2985,3612.1108,3694.0006,8859883200.0,0.31498738,0.0031498738
2019-08-16,3697.9407,3738.0964,3687.0751,3710.5386,8831916900.0,0.4476989,0.004476989
2019-08-19,3736.0344,3791.0946,3720.6894,3791.0946,13932701300.0,2.17100558,0.021710055800000003
2019-08-20,3786.026,3799.8977,3778.7306,3787.7324,10860208800.0,-0.08868679,-0.0008868679
2019-08-21,3778.3091,3792.5955,3775.4474,3781.7579,8229988000.0,-0.1577329,-0.0015773290000000001
2019-08-22,3793.8552,3797.329,3771.2048,3793.5061,8580779200.0,0.31065447,0.0031065447
2019-08-23,3796.8821,3829.3607,3788.0345,3820.8638,8795458300.0,0.7211719,0.007211719
2019-08-26,3756.3618,3778.8665,3753.1646,3765.9105,9385926900.0,-1.43824284,-0.014382428400000001
2019-08-27,3791.4587,3848.2358,3790.873,3816.9459,12473147800.0,1.35519418,0.0135519418
2019-08-28,3818.8125,3822.5883,3790.1384,3802.5844,8875081200.0,-0.37625632,-0.0037625631999999997
2019-08-29,3805.494,3808.5954,3774.3968,3790.1867,8408338700.0,-0.32603353,-0.0032603353
2019-08-30,3816.678,3828.9698,3778.9189,3799.5863,9669515000.0,0.24799834,0.0024799834
2019-09-02,3803.689,3855.7768,3799.8166,3848.3198,11028934900.0,1.28260016,0.012826001600000001
2019-09-03,3852.5794,3856.6813,3833.7571,3853.6106,9771463100.0,0.13748338,0.0013748337999999998
2019-09-04,3848.6483,3886.0012,3846.4215,3886.0012,12662861500.0,0.84052603,0.0084052603
2019-09-05,3909.2087,3970.0038,3909.2087,3925.323,18165623100.0,1.01188337,0.010118833700000001
2019-09-06,3946.6854,3948.5397,3922.3361,3948.5075,12188237600.0,0.59063929,0.005906392900000001
2019-09-09,3980.9577,3985.239,3954.8755,3972.9484,14680975400.0,0.61899085,0.0061899085
2019-09-10,3976.8697,3976.9225,3938.7441,3959.265,13088938600.0,-0.34441424,-0.0034441424
2019-09-11,3969.6757,3971.2237,3922.9531,3930.0999,13159487500.0,-0.73662915,-0.007366291499999999
2019-09-12,3944.6917,3975.9311,3933.4366,3972.3799,11024127300.0,1.07579963,0.0107579963
2019-09-16,3981.3616,3982.204,3943.3734,3957.7154,11025980500.0,-0.36916157,-0.0036916157
2019-09-17,3947.1577,3947.1577,3879.4852,3891.2208,11369431700.0,-1.68012586,-0.0168012586
2019-09-18,3902.9947,3923.1462,3902.5109,3910.0837,8205615200.0,0.48475532,0.0048475532
2019-09-19,3923.9631,3924.3823,3897.0666,3924.3823,8598423800.0,0.36568527,0.0036568527
2019-09-20,3933.4594,3942.224,3921.4124,3935.6511,10345595500.0,0.28714837,0.0028714837
2019-09-23,3925.1858,3925.1858,3868.214,3890.6616,9403622500.0,-1.14312725,-0.0114312725
2019-09-24,3895.8661,3927.0115,3886.1404,3901.0758,8778323000.0,0.2676717,0.0026767170000000003
2019-09-25,3887.5548,3889.839,3867.2277,3870.9837,8952083500.0,-0.77137953,-0.0077137953
2019-09-26,3884.7022,3890.7452,3840.2472,3841.1388,10269830100.0,-0.77099007,-0.007709900699999999
2019-09-27,3843.4584,3859.5003,3832.2466,3852.6534,7400394700.0,0.29977047,0.0029977047
2019-09-30,3842.0741,3857.2319,3813.5491,3814.5282,6593131300.0,-0.98958292,-0.009895829200000001
2019-10-08,3818.5894,3861.6429,3818.5894,3837.6791,7665786000.0,0.60691385,0.0060691385
2019-10-09,3822.6068,3845.3403,3805.0671,3843.2392,7585451200.0,0.14488184,0.0014488184
2019-10-10,3838.4865,3877.142,3829.4328,3874.6391,7922269400.0,0.81701654,0.0081701654
2019-10-11,3885.5198,3922.3694,3868.8417,3911.7253,9341257700.0,0.95715237,0.009571523699999999
2019-10-14,3944.8593,3983.8117,3934.7325,3953.2411,12239361100.0,1.06131686,0.0106131686
2019-10-15,3953.1645,3953.1645,3928.151,3936.2498,8527394900.0,-0.42980682,-0.0042980682
2019-10-16,3939.276,3964.0456,3919.0169,3922.6854,8322970700.0,-0.34460211,-0.0034460211
2019-10-17,3929.386,3935.8123,3913.9173,3925.2216,6486374500.0,0.06465469,0.0006465469
2019-10-18,3935.4199,3940.5409,3864.9652,3869.3777,8232114000.0,-1.4226942,-0.014226942
2019-10-21,3865.3436,3884.7447,3856.0374,3880.8398,7418291800.0,0.29622593,0.0029622593
2019-10-22,3896.3149,3897.4352,3870.5486,3895.8809,6891856600.0,0.38757333,0.0038757333
2019-10-23,3892.6766,3901.4243,3862.1965,3871.0848,7019862500.0,-0.63646966,-0.006364696600000001
2019-10-24,3877.9239,3890.1955,3852.5828,3870.6678,7133457500.0,-0.01077217,-0.00010772169999999999
2019-10-25,3871.7687,3899.7223,3849.0337,3896.7923,7745362000.0,0.67493521,0.0067493521
2019-10-28,3904.9824,3927.7959,3897.8175,3926.585,9740602000.0,0.76454421,0.007645442099999999
2019-10-29,3929.7077,3932.3745,3910.226,3910.226,8225707500.0,-0.41662157,-0.0041662157
2019-10-30,3904.7172,3908.0999,3883.4468,3891.2255,7787292300.0,-0.48591821,-0.0048591821000000006
