S_INFO_WINDCODE,ETF_CLASS_NAME,FUND_NAME,FUND_FULLNAME,FUND_MANAGER,S_INFO_INDEXWINDCODE,ENTRY_DT,REMOVE_DT
520820.SH,跨境主题指数ETF,恒生港股通ETF,汇添富恒指港股通交易型开放式指数证券投资基金,汇添富基金,HSISC.HI,20251119,
520820.SH,跨境ETF,恒生港股通ETF,汇添富恒指港股通交易型开放式指数证券投资基金,汇添富基金,HSISC.HI,20251119,
159142.SZ,主题指数ETF,科创创业人工智能ETF景顺,景顺长城中证科创创业人工智能交易型开放式指数证券投资基金,景顺长城基金,932456.CSI,20251205,
159142.SZ,股票型ETF,科创创业人工智能ETF景顺,景顺长城中证科创创业人工智能交易型开放式指数证券投资基金,景顺长城基金,932456.CSI,20251205,
159141.SZ,主题指数ETF,科创创业人工智能ETF永赢,永赢中证科创创业人工智能交易型开放式指数证券投资基金,永赢基金,932456.CSI,20251203,
159141.SZ,股票型ETF,科创创业人工智能ETF永赢,永赢中证科创创业人工智能交易型开放式指数证券投资基金,永赢基金,932456.CSI,20251203,
520530.SH,跨境ETF,港股通科技ETF东财,西藏东财中证港股通科技交易型开放式指数证券投资基金,东财基金,931573.CSI,20251118,
520530.SH,跨境主题指数ETF,港股通科技ETF东财,西藏东财中证港股通科技交易型开放式指数证券投资基金,东财基金,931573.CSI,20251118,
159253.SZ,行业指数ETF,中证银行ETF,博时中证银行交易型开放式指数证券投资基金,博时基金,399986.SZ,20251127,
159253.SZ,股票型ETF,中证银行ETF,博时中证银行交易型开放式指数证券投资基金,博时基金,399986.SZ,20251127,
563510.SH,策略指数ETF,A500红利低波ETF,易方达中证A500红利低波动交易型开放式指数证券投资基金,易方达基金,932422.CSI,20251117,
563510.SH,股票型ETF,A500红利低波ETF,易方达中证A500红利低波动交易型开放式指数证券投资基金,易方达基金,932422.CSI,20251117,
520590.SH,跨境行业指数ETF,恒生科技ETF鹏华,鹏华恒生科技交易型开放式指数证券投资基金(QDII),鹏华基金,HSTECH.HI,20251117,
520590.SH,跨境ETF,恒生科技ETF鹏华,鹏华恒生科技交易型开放式指数证券投资基金(QDII),鹏华基金,HSTECH.HI,20251117,
159118.SZ,跨境策略指数ETF,港股通红利低波ETF基金,华夏标普港股通低波红利交易型开放式指数证券投资基金,华夏基金,SPAHLVHP.SPI,20251117,
159130.SZ,跨境行业指数ETF,恒生生物科技ETF鹏华,鹏华恒生生物科技交易型开放式指数证券投资基金,鹏华基金,HSBIO.HI,20251119,
159130.SZ,跨境ETF,恒生生物科技ETF鹏华,鹏华恒生生物科技交易型开放式指数证券投资基金,鹏华基金,HSBIO.HI,20251119,
159118.SZ,跨境ETF,港股通红利低波ETF基金,华夏标普港股通低波红利交易型开放式指数证券投资基金,华夏基金,SPAHLVHP.SPI,20251117,
159123.SZ,股票型ETF,光伏ETF嘉实,嘉实中证光伏产业交易型开放式指数证券投资基金,嘉实基金,931151.CSI,20251119,
159123.SZ,主题指数ETF,光伏ETF嘉实,嘉实中证光伏产业交易型开放式指数证券投资基金,嘉实基金,931151.CSI,20251119,
515730.SH,股票型ETF,家居家电ETF,永赢中证家居家电交易型开放式指数证券投资基金,永赢基金,931241.CSI,20251114,
159133.SZ,股票型ETF,化工ETF天弘,天弘中证细分化工产业主题交易型开放式指数证券投资基金,天弘基金,000813.CSI,20251117,
515730.SH,主题指数ETF,家居家电ETF,永赢中证家居家电交易型开放式指数证券投资基金,永赢基金,931241.CSI,20251114,
159133.SZ,主题指数ETF,化工ETF天弘,天弘中证细分化工产业主题交易型开放式指数证券投资基金,天弘基金,000813.CSI,20251117,
520950.SH,跨境规模指数ETF,港股通50ETF摩根,摩根恒生港股通50交易型开放式指数证券投资基金,摩根基金,HSSC50.HI,20251029,
520950.SH,跨境ETF,港股通50ETF摩根,摩根恒生港股通50交易型开放式指数证券投资基金,摩根基金,HSSC50.HI,20251029,
159108.SZ,主题指数ETF,工业软件ETF,博时国证工业软件主题交易型开放式指数证券投资基金,博时基金,980034.CNI,20251112,
159108.SZ,股票型ETF,工业软件ETF,博时国证工业软件主题交易型开放式指数证券投资基金,博时基金,980034.CNI,20251112,
159121.SZ,跨境ETF,恒生汽车ETF,易方达恒生港股通汽车主题交易型开放式指数证券投资基金,易方达基金,HSSCAM.HI,20251114,
159121.SZ,跨境主题指数ETF,恒生汽车ETF,易方达恒生港股通汽车主题交易型开放式指数证券投资基金,易方达基金,HSSCAM.HI,20251114,
512620.SH,股票型ETF,农业ETF天弘,天弘中证农业主题交易型开放式指数证券投资基金,天弘基金,000949.CSI,20251112,
512620.SH,主题指数ETF,农业ETF天弘,天弘中证农业主题交易型开放式指数证券投资基金,天弘基金,000949.CSI,20251112,
159127.SZ,跨境主题指数ETF,港股通红利ETF南方,南方中证港股通高股息投资交易型开放式指数证券投资基金,南方基金,930914.CSI,20251112,
159127.SZ,跨境ETF,港股通红利ETF南方,南方中证港股通高股息投资交易型开放式指数证券投资基金,南方基金,930914.CSI,20251112,
515370.SH,主题指数ETF,光伏ETF华夏,华夏中证光伏产业交易型开放式指数证券投资基金,华夏基金,931151.CSI,20251106,
515370.SH,股票型ETF,光伏ETF华夏,华夏中证光伏产业交易型开放式指数证券投资基金,华夏基金,931151.CSI,20251106,
520570.SH,跨境ETF,恒生科技ETF南方,南方恒生科技交易型开放式指数证券投资基金(QDII),南方基金,HSTECH.HI,20251029,
520570.SH,跨境行业指数ETF,恒生科技ETF南方,南方恒生科技交易型开放式指数证券投资基金(QDII),南方基金,HSTECH.HI,20251029,
159129.SZ,股票型ETF,化工ETF嘉实,嘉实中证细分化工产业主题交易型开放式指数证券投资基金,嘉实基金,000813.CSI,20251106,
563530.SH,主题指数ETF,卫星ETF易方达,易方达中证卫星产业交易型开放式指数证券投资基金,易方达基金,931594.CSI,20251105,
563530.SH,股票型ETF,卫星ETF易方达,易方达中证卫星产业交易型开放式指数证券投资基金,易方达基金,931594.CSI,20251105,
159129.SZ,主题指数ETF,化工ETF嘉实,嘉实中证细分化工产业主题交易型开放式指数证券投资基金,嘉实基金,000813.CSI,20251106,
159100.SZ,跨境ETF,巴西ETF,华夏布拉德斯科巴西伊博维斯帕交易型开放式指数证券投资基金(QDII),华夏基金,IBOVESPA.GI,20251105,
159131.SZ,跨境ETF,港股信息技术ETF,华宝中证港股通信息技术综合交易型开放式指数证券投资基金,华宝基金,930967.CSI,20251105,
159131.SZ,跨境行业指数ETF,港股信息技术ETF,华宝中证港股通信息技术综合交易型开放式指数证券投资基金,华宝基金,930967.CSI,20251105,
520870.SH,跨境主题指数ETF,巴西ETF,易方达伊塔乌巴西IBOVESPA交易型开放式指数证券投资基金(QDII),易方达基金,IBOVESPA.GI,20251105,
520870.SH,跨境ETF,巴西ETF,易方达伊塔乌巴西IBOVESPA交易型开放式指数证券投资基金(QDII),易方达基金,IBOVESPA.GI,20251105,
159100.SZ,跨境主题指数ETF,巴西ETF,华夏布拉德斯科巴西伊博维斯帕交易型开放式指数证券投资基金(QDII),华夏基金,IBOVESPA.GI,20251105,
159128.SZ,跨境ETF,港股科技ETF天弘,天弘国证港股通科技交易型开放式指数证券投资基金,天弘基金,987008.CNI,20251031,
159119.SZ,策略指数ETF,800现金流ETF,招商中证800自由现金流交易型开放式指数证券投资基金,招商基金,932368.CSI,20251103,
159128.SZ,跨境主题指数ETF,港股科技ETF天弘,天弘国证港股通科技交易型开放式指数证券投资基金,天弘基金,987008.CNI,20251031,
159120.SZ,跨境行业指数ETF,港股科技30ETF,国联安恒生港股通科技主题交易型开放式指数证券投资基金,国联安基金,HSSCITI.HI,20251105,
159120.SZ,跨境ETF,港股科技30ETF,国联安恒生港股通科技主题交易型开放式指数证券投资基金,国联安基金,HSSCITI.HI,20251105,
159119.SZ,股票型ETF,800现金流ETF,招商中证800自由现金流交易型开放式指数证券投资基金,招商基金,932368.CSI,20251103,
563570.SH,股票型ETF,金融科技ETF兴业,兴业中证金融科技主题交易型开放式指数证券投资基金,兴业基金,930986.CSI,20251029,
563570.SH,主题指数ETF,金融科技ETF兴业,兴业中证金融科技主题交易型开放式指数证券投资基金,兴业基金,930986.CSI,20251029,
520650.SH,跨境主题指数ETF,港股通互联网ETF南方,南方中证港股通互联网交易型开放式指数证券投资基金,南方基金,931637.CSI,20251029,
561660.SH,主题指数ETF,通用航空ETF基金,平安中证通用航空主题交易型开放式指数证券投资基金,平安基金,931855.CSI,20251029,
561660.SH,股票型ETF,通用航空ETF基金,平安中证通用航空主题交易型开放式指数证券投资基金,平安基金,931855.CSI,20251029,
520650.SH,跨境ETF,港股通互联网ETF南方,南方中证港股通互联网交易型开放式指数证券投资基金,南方基金,931637.CSI,20251029,
563380.SH,行业指数ETF,航空航天ETF,华泰柏瑞中证全指航空航天交易型开放式指数证券投资基金,华泰柏瑞基金,932088.CSI,20251029,
563980.SH,股票型ETF,800红利低波ETF,鑫元中证800红利低波动交易型开放式指数证券投资基金,鑫元基金,931848.CSI,20251024,
563980.SH,策略指数ETF,800红利低波ETF,鑫元中证800红利低波动交易型开放式指数证券投资基金,鑫元基金,931848.CSI,20251024,
563380.SH,股票型ETF,航空航天ETF,华泰柏瑞中证全指航空航天交易型开放式指数证券投资基金,华泰柏瑞基金,932088.CSI,20251029,
159125.SZ,跨境主题指数ETF,港股通科技ETF招商,招商国证港股通科技交易型开放式指数证券投资基金,招商基金,987008.CNI,20251024,
159125.SZ,跨境ETF,港股通科技ETF招商,招商国证港股通科技交易型开放式指数证券投资基金,招商基金,987008.CNI,20251024,
563590.SH,股票型ETF,A500红利低波动ETF,国寿安保中证A500红利低波动交易型开放式指数证券投资基金,国寿安保基金,932422.CSI,20251027,
563590.SH,策略指数ETF,A500红利低波动ETF,国寿安保中证A500红利低波动交易型开放式指数证券投资基金,国寿安保基金,932422.CSI,20251027,
159260.SZ,行业指数ETF,证券指数ETF,博时中证全指证券公司交易型开放式指数证券投资基金,博时基金,399975.SZ,20251024,
159295.SZ,规模指数ETF,创业综指ETF西部利得,西部利得创业板综合交易型开放式指数证券投资基金,西部利得基金,399102.SZ,20251023,
159260.SZ,股票型ETF,证券指数ETF,博时中证全指证券公司交易型开放式指数证券投资基金,博时基金,399975.SZ,20251024,
159295.SZ,股票型ETF,创业综指ETF西部利得,西部利得创业板综合交易型开放式指数证券投资基金,西部利得基金,399102.SZ,20251023,
159105.SZ,跨境行业指数ETF,恒生生物科技ETF易方达,易方达恒生生物科技交易型开放式指数证券投资基金,易方达基金,HSBIO.HI,20251020,
159126.SZ,跨境ETF,港股通50ETF南方,南方中证港股通50交易型开放式指数证券投资基金,南方基金,930931.CSI,20251022,
159122.SZ,股票型ETF,创业板新能源ETF富国,富国创业板新能源交易型开放式指数证券投资基金,富国基金,399266.SZ,20251022,
159126.SZ,跨境规模指数ETF,港股通50ETF南方,南方中证港股通50交易型开放式指数证券投资基金,南方基金,930931.CSI,20251022,
159122.SZ,主题指数ETF,创业板新能源ETF富国,富国创业板新能源交易型开放式指数证券投资基金,富国基金,399266.SZ,20251022,
159105.SZ,跨境ETF,恒生生物科技ETF易方达,易方达恒生生物科技交易型开放式指数证券投资基金,易方达基金,HSBIO.HI,20251020,
520960.SH,跨境ETF,恒指港股通ETF,嘉实恒指港股通交易型开放式指数证券投资基金,嘉实基金,HSISC.HI,20251022,
520960.SH,跨境主题指数ETF,恒指港股通ETF,嘉实恒指港股通交易型开放式指数证券投资基金,嘉实基金,HSISC.HI,20251022,
563750.SH,股票型ETF,中证500指数ETF,汇添富中证500交易型开放式指数证券投资基金,汇添富基金,000905.SH,20251022,
563750.SH,规模指数ETF,中证500指数ETF,汇添富中证500交易型开放式指数证券投资基金,汇添富基金,000905.SH,20251022,
510670.SH,股票型ETF,上证180ETF华夏,华夏上证180交易型开放式指数证券投资基金,华夏基金,000010.SH,20251020,
510670.SH,规模指数ETF,上证180ETF华夏,华夏上证180交易型开放式指数证券投资基金,华夏基金,000010.SH,20251020,
530100.SH,规模指数ETF,上证580ETF易方达,易方达上证580交易型开放式指数证券投资基金,易方达基金,950580.CSI,20251010,
159106.SZ,主题指数ETF,民企300ETF,前海开源中证民企300交易型开放式指数证券投资基金,前海开源基金,931265.CSI,20250926,
530100.SH,股票型ETF,上证580ETF易方达,易方达上证580交易型开放式指数证券投资基金,易方达基金,950580.CSI,20251010,
159106.SZ,股票型ETF,民企300ETF,前海开源中证民企300交易型开放式指数证券投资基金,前海开源基金,931265.CSI,20250926,
512630.SH,主题指数ETF,卫星ETF广发,广发中证卫星产业交易型开放式指数证券投资基金,广发基金,931594.CSI,20251013,
512630.SH,股票型ETF,卫星ETF广发,广发中证卫星产业交易型开放式指数证券投资基金,广发基金,931594.CSI,20251013,
159285.SZ,跨境ETF,港股通消费ETF华安,华安国证港股通消费主题交易型开放式指数证券投资基金,华安基金,987024.CNI,20251009,
159285.SZ,跨境主题指数ETF,港股通消费ETF华安,华安国证港股通消费主题交易型开放式指数证券投资基金,华安基金,987024.CNI,20251009,
589950.SH,股票型ETF,科创100ETF富国,富国上证科创板100交易型开放式指数证券投资基金,富国基金,000698.SH,20250929,
563890.SH,策略指数ETF,国企红利ETF创金合信,创金合信中证国有企业红利交易型开放式指数证券投资基金,创金合信基金,000824.CSI,20250924,
159117.SZ,跨境策略指数ETF,港股通红利低波ETF,鹏华标普港股通低波红利交易型开放式指数证券投资基金,鹏华基金,SPAHLVHP.SPI,20250930,
159117.SZ,跨境ETF,港股通红利低波ETF,鹏华标普港股通低波红利交易型开放式指数证券投资基金,鹏华基金,SPAHLVHP.SPI,20250930,
589950.SH,规模指数ETF,科创100ETF富国,富国上证科创板100交易型开放式指数证券投资基金,富国基金,000698.SH,20250929,
563890.SH,股票型ETF,国企红利ETF创金合信,创金合信中证国有企业红利交易型开放式指数证券投资基金,创金合信基金,000824.CSI,20250924,
588140.SH,规模指数ETF,科创200ETF广发,广发上证科创板200交易型开放式指数证券投资基金,广发基金,000699.SH,20250926,
589110.SH,股票型ETF,科创人工智能ETF国泰,国泰上证科创板人工智能交易型开放式指数证券投资基金,国泰基金,950180.CSI,20250926,
589110.SH,主题指数ETF,科创人工智能ETF国泰,国泰上证科创板人工智能交易型开放式指数证券投资基金,国泰基金,950180.CSI,20250926,
588140.SH,股票型ETF,科创200ETF广发,广发上证科创板200交易型开放式指数证券投资基金,广发基金,000699.SH,20250926,
563670.SH,股票型ETF,金融科技ETF指数,鹏华中证金融科技主题交易型开放式指数证券投资基金,鹏华基金,930986.CSI,20250926,
563670.SH,主题指数ETF,金融科技ETF指数,鹏华中证金融科技主题交易型开放式指数证券投资基金,鹏华基金,930986.CSI,20250926,
520560.SH,跨境主题指数ETF,香港大盘30ETF,华宝港股通恒生中国(香港上市)30交易型开放式指数证券投资基金,华宝基金,HSFML25.HI,20250924,
520560.SH,跨境ETF,香港大盘30ETF,华宝港股通恒生中国(香港上市)30交易型开放式指数证券投资基金,华宝基金,HSFML25.HI,20250924,
589720.SH,主题指数ETF,科创创新药ETF国泰,国泰上证科创板创新药交易型开放式指数证券投资基金,国泰基金,950161.CSI,20250723,
589720.SH,股票型ETF,科创创新药ETF国泰,国泰上证科创板创新药交易型开放式指数证券投资基金,国泰基金,950161.CSI,20250723,
589120.SH,股票型ETF,科创创新药ETF汇添富,汇添富上证科创板创新药交易型开放式指数证券投资基金,汇添富基金,950161.CSI,20250910,
589120.SH,主题指数ETF,科创创新药ETF汇添富,汇添富上证科创板创新药交易型开放式指数证券投资基金,汇添富基金,950161.CSI,20250910,
159109.SZ,跨境规模指数ETF,恒生50ETF,景顺长城恒生港股通50交易型开放式指数证券投资基金,景顺长城基金,HSSC50.HI,20250925,
563690.SH,股票型ETF,红利低波ETF永赢,永赢中证红利低波动交易型开放式指数证券投资基金,永赢基金,h30269.CSI,20250923,
563690.SH,策略指数ETF,红利低波ETF永赢,永赢中证红利低波动交易型开放式指数证券投资基金,永赢基金,h30269.CSI,20250923,
159109.SZ,跨境ETF,恒生50ETF,景顺长城恒生港股通50交易型开放式指数证券投资基金,景顺长城基金,HSSC50.HI,20250925,
515720.SH,股票型ETF,金融科技ETF富国,富国中证金融科技主题交易型开放式指数证券投资基金,富国基金,930986.CSI,20250922,
515720.SH,主题指数ETF,金融科技ETF富国,富国中证金融科技主题交易型开放式指数证券投资基金,富国基金,930986.CSI,20250922,
520920.SH,跨境ETF,恒生科技ETF天弘,天弘恒生科技交易型开放式指数证券投资基金(QDII),天弘基金,HSTECH.HI,20250922,
520580.SH,跨境主题指数ETF,新兴亚洲ETF,招商利安新兴亚洲精选交易型开放式指数证券投资基金(QDII),招商基金,EMASIAUP.SG,20250116,
530380.SH,规模指数ETF,上证380ETF易方达,易方达上证380交易型开放式指数证券投资基金,易方达基金,000009.SH,20250922,
513730.SH,跨境主题指数ETF,东南亚科技ETF,华泰柏瑞南方东英新交所泛东南亚科技交易型开放式指数证券投资基金(QDII),华泰柏瑞基金,ASIATECP.SG,20231115,
520920.SH,跨境行业指数ETF,恒生科技ETF天弘,天弘恒生科技交易型开放式指数证券投资基金(QDII),天弘基金,HSTECH.HI,20250922,
520580.SH,跨境ETF,新兴亚洲ETF,招商利安新兴亚洲精选交易型开放式指数证券投资基金(QDII),招商基金,EMASIAUP.SG,20250116,
530380.SH,股票型ETF,上证380ETF易方达,易方达上证380交易型开放式指数证券投资基金,易方达基金,000009.SH,20250922,
513730.SH,跨境ETF,东南亚科技ETF,华泰柏瑞南方东英新交所泛东南亚科技交易型开放式指数证券投资基金(QDII),华泰柏瑞基金,ASIATECP.SG,20231115,
159279.SZ,股票型ETF,创业板人工智能ETF华安,华安创业板人工智能交易型开放式指数证券投资基金,华安基金,970070.CNI,20250917,
159279.SZ,主题指数ETF,创业板人工智能ETF华安,华安创业板人工智能交易型开放式指数证券投资基金,华安基金,970070.CNI,20250917,
159275.SZ,行业指数ETF,农牧渔ETF,华宝中证全指农牧渔交易型开放式指数证券投资基金,华宝基金,930910.CSI,20250919,
159275.SZ,股票型ETF,农牧渔ETF,华宝中证全指农牧渔交易型开放式指数证券投资基金,华宝基金,930910.CSI,20250919,
589780.SH,规模指数ETF,科创200ETF富国,富国上证科创板200交易型开放式指数证券投资基金,富国基金,000699.SH,20250917,
563600.SH,规模指数ETF,A500增强ETF易方达,易方达中证A500增强策略交易型开放式指数证券投资基金,易方达基金,000510.SH,20250910,
563600.SH,股票型ETF,A500增强ETF易方达,易方达中证A500增强策略交易型开放式指数证券投资基金,易方达基金,000510.SH,20250910,
159288.SZ,规模指数ETF,创业板综ETF银华,银华创业板综合交易型开放式指数证券投资基金,银华基金,399102.SZ,20250917,
159288.SZ,股票型ETF,创业板综ETF银华,银华创业板综合交易型开放式指数证券投资基金,银华基金,399102.SZ,20250917,
589780.SH,股票型ETF,科创200ETF富国,富国上证科创板200交易型开放式指数证券投资基金,富国基金,000699.SH,20250917,
159269.SZ,跨境ETF,港股通科技ETF南方,南方中证港股通科技交易型开放式指数证券投资基金,南方基金,931573.CSI,20250630,
159269.SZ,跨境主题指数ETF,港股通科技ETF南方,南方中证港股通科技交易型开放式指数证券投资基金,南方基金,931573.CSI,20250630,
520720.SH,跨境主题指数ETF,香港汽车ETF,国泰中证港股通汽车产业主题交易型开放式指数证券投资基金,国泰基金,931239.CSI,20250917,
520720.SH,跨境ETF,香港汽车ETF,国泰中证港股通汽车产业主题交易型开放式指数证券投资基金,国泰基金,931239.CSI,20250917,
551060.SH,债券型ETF,科创债ETF中银,中银上证AAA科技创新公司债交易型开放式指数证券投资基金,中银基金,950167.CSI,20250917,
159112.SZ,债券型ETF,科创债ETF银华,银华中证AAA科技创新公司债交易型开放式指数证券投资基金,银华基金,932160.CSI,20250917,
551520.SH,债券型ETF,科创债ETF汇添富,汇添富中证AAA科技创新公司债交易型开放式指数证券投资基金,汇添富基金,932160.CSI,20250917,
551580.SH,债券型ETF,科创债ETF泰康,泰康中证AAA科技创新公司债交易型开放式指数证券投资基金,泰康基金,932160.CSI,20250917,
159110.SZ,债券型ETF,科创债ETF万家,万家深证AAA科技创新公司债交易型开放式指数证券投资基金,万家基金,921130.CNI,20250917,
159111.SZ,债券型ETF,科创债ETF天弘,天弘中证AAA科技创新公司债交易型开放式指数证券投资基金,天弘基金,932160.CSI,20250917,
159113.SZ,债券型ETF,科创债ETF大成,大成中证AAA科技创新公司债交易型开放式指数证券投资基金,大成基金,932160.CSI,20250917,
551300.SH,债券型ETF,科创债ETF摩根,摩根上证AAA科技创新公司债交易型开放式指数证券投资基金,摩根基金,950167.CSI,20250917,
551510.SH,债券型ETF,科创债ETF华泰柏瑞,华泰柏瑞中证AAA科技创新公司债交易型开放式指数证券投资基金,华泰柏瑞基金,932160.CSI,20250917,
551560.SH,债券型ETF,科创债ETF兴业,兴业中证AAA科技创新公司债交易型开放式指数证券投资基金,兴业基金,932160.CSI,20250917,
551800.SH,债券型ETF,科创债ETF国泰,国泰中证AAA科技创新公司债交易型开放式指数证券投资基金,国泰基金,932160.CSI,20250917,
159115.SZ,债券型ETF,科创债ETF华安,华安中证AAA科技创新公司债交易型开放式指数证券投资基金,华安基金,932160.CSI,20250917,
159116.SZ,债券型ETF,科创债ETF工银,工银瑞信中证AAA科技创新公司债交易型开放式指数证券投资基金,工银瑞信基金,932160.CSI,20250917,
511150.SH,债券型ETF,科创债ETF永赢,永赢上证AAA科技创新公司债交易型开放式指数证券投资基金,永赢基金,950167.CSI,20250917,
589960.SH,主题指数ETF,科创新能源ETF易方达,易方达上证科创板新能源交易型开放式指数证券投资基金,易方达基金,000692.SH,20250910,
159297.SZ,跨境ETF,港股通创新药ETF南方,南方国证港股通创新药交易型开放式指数证券投资基金,南方基金,987018.CNI,20250912,
159297.SZ,跨境主题指数ETF,港股通创新药ETF南方,南方国证港股通创新药交易型开放式指数证券投资基金,南方基金,987018.CNI,20250912,
589960.SH,股票型ETF,科创新能源ETF易方达,易方达上证科创板新能源交易型开放式指数证券投资基金,易方达基金,000692.SH,20250910,
159107.SZ,主题指数ETF,创业板软件ETF富国,富国创业板软件交易型开放式指数证券投资基金,富国基金,399264.SZ,20250910,
159107.SZ,股票型ETF,创业板软件ETF富国,富国创业板软件交易型开放式指数证券投资基金,富国基金,399264.SZ,20250910,
159272.SZ,股票型ETF,机器人ETF富国,富国国证机器人产业交易型开放式指数证券投资基金,富国基金,980022.CNI,20250908,
159272.SZ,主题指数ETF,机器人ETF富国,富国国证机器人产业交易型开放式指数证券投资基金,富国基金,980022.CNI,20250908,
560570.SH,策略指数ETF,A500红利ETF,国联安中证A500红利低波动交易型开放式指数证券投资基金,国联安基金,932422.CSI,20250910,
560570.SH,股票型ETF,A500红利ETF,国联安中证A500红利低波动交易型开放式指数证券投资基金,国联安基金,932422.CSI,20250910,
511270.SH,债券型ETF,10年地方债ETF,上证10年期地方政府债交易型开放式指数证券投资基金,海富通基金,h40109.SH,20181012,
511060.SH,债券型ETF,5年地方债ETF,海富通上证5年期地方政府债交易型开放式指数证券投资基金,海富通基金,h40045.CSI,20191107,
159892.SZ,跨境ETF,恒生医药ETF,华夏恒生生物科技交易型开放式指数证券投资基金(QDII),华夏基金,HSBIO.HI,20210929,
159892.SZ,跨境行业指数ETF,恒生医药ETF,华夏恒生生物科技交易型开放式指数证券投资基金(QDII),华夏基金,HSBIO.HI,20210929,
159615.SZ,跨境ETF,恒生生物科技ETF,南方恒生生物科技交易型开放式指数证券投资基金(QDII),南方基金,HSBIO.HI,20220617,
513280.SH,跨境行业指数ETF,恒生生物科技ETF,汇添富恒生生物科技交易型开放式指数证券投资基金(QDII),汇添富基金,HSBIO.HI,20220705,
513280.SH,跨境ETF,恒生生物科技ETF,汇添富恒生生物科技交易型开放式指数证券投资基金(QDII),汇添富基金,HSBIO.HI,20220705,
159615.SZ,跨境行业指数ETF,恒生生物科技ETF,南方恒生生物科技交易型开放式指数证券投资基金(QDII),南方基金,HSBIO.HI,20220617,
159102.SZ,跨境行业指数ETF,港股通生物科技ETF,华安恒生生物科技交易型开放式指数证券投资基金,华安基金,HSBIO.HI,20250905,
159102.SZ,跨境ETF,港股通生物科技ETF,华安恒生生物科技交易型开放式指数证券投资基金,华安基金,HSBIO.HI,20250905,
159290.SZ,规模指数ETF,创业板综指增强ETF东财,西藏东财创业板综合增强策略交易型开放式指数证券投资基金,东财基金,399102.SZ,20250909,
159290.SZ,股票型ETF,创业板综指增强ETF东财,西藏东财创业板综合增强策略交易型开放式指数证券投资基金,东财基金,399102.SZ,20250909,
563230.SH,主题指数ETF,卫星ETF,富国中证卫星产业交易型开放式指数证券投资基金,富国基金,931594.CSI,20250904,
563230.SH,股票型ETF,卫星ETF,富国中证卫星产业交易型开放式指数证券投资基金,富国基金,931594.CSI,20250904,
159716.SZ,股票型ETF,深证100ETF华宝,华宝深证100交易型开放式指数证券投资基金,华宝基金,399088.SZ,20210618,20250910
159716.SZ,股票型ETF,深证100ETF华宝,华宝深证100交易型开放式指数证券投资基金,华宝基金,399330.SZ,20250911,
159716.SZ,规模指数ETF,深证100ETF华宝,华宝深证100交易型开放式指数证券投资基金,华宝基金,399330.SZ,20250911,
159716.SZ,规模指数ETF,深证100ETF华宝,华宝深证100交易型开放式指数证券投资基金,华宝基金,399088.SZ,20210618,20250910
159289.SZ,股票型ETF,创业板综指ETF鹏华,鹏华创业板综合交易型开放式指数证券投资基金,鹏华基金,399102.SZ,20250903,
159289.SZ,规模指数ETF,创业板综指ETF鹏华,鹏华创业板综合交易型开放式指数证券投资基金,鹏华基金,399102.SZ,20250903,
589820.SH,股票型ETF,科创200ETF建信,建信上证科创板200交易型开放式指数证券投资基金,建信基金,000699.SH,20250827,
589820.SH,规模指数ETF,科创200ETF建信,建信上证科创板200交易型开放式指数证券投资基金,建信基金,000699.SH,20250827,
588550.SH,股票型ETF,科创综指增强ETF易方达,易方达上证科创板综合增强策略交易型开放式指数证券投资基金,易方达基金,000680.SH,20250827,
588550.SH,规模指数ETF,科创综指增强ETF易方达,易方达上证科创板综合增强策略交易型开放式指数证券投资基金,易方达基金,000680.SH,20250827,
159299.SZ,股票型ETF,金融科技ETF易方达,易方达中证金融科技主题交易型开放式指数证券投资基金,易方达基金,930986.CSI,20250903,
159299.SZ,主题指数ETF,金融科技ETF易方达,易方达中证金融科技主题交易型开放式指数证券投资基金,易方达基金,930986.CSI,20250903,
159103.SZ,股票型ETF,金融科技ETF汇添富,汇添富中证金融科技主题交易型开放式指数证券投资基金,汇添富基金,930986.CSI,20250829,
159103.SZ,主题指数ETF,金融科技ETF汇添富,汇添富中证金融科技主题交易型开放式指数证券投资基金,汇添富基金,930986.CSI,20250829,
159298.SZ,规模指数ETF,创业板50ETF大成,大成创业板50交易型开放式指数证券投资基金,大成基金,399673.SZ,20250829,
159298.SZ,股票型ETF,创业板50ETF大成,大成创业板50交易型开放式指数证券投资基金,大成基金,399673.SZ,20250829,
561680.SH,策略指数ETF,中证A500红利低波ETF,平安中证A500红利低波动交易型开放式指数证券投资基金,平安基金,932422.CSI,20250827,
589560.SH,主题指数ETF,科创人工智能ETF汇添富,汇添富上证科创板人工智能交易型开放式指数证券投资基金,汇添富基金,950180.CSI,20250825,
561680.SH,股票型ETF,中证A500红利低波ETF,平安中证A500红利低波动交易型开放式指数证券投资基金,平安基金,932422.CSI,20250827,
589560.SH,股票型ETF,科创人工智能ETF汇添富,汇添富上证科创板人工智能交易型开放式指数证券投资基金,汇添富基金,950180.CSI,20250825,
159296.SZ,股票型ETF,A500红利低波ETF,华宝中证A500红利低波动交易型开放式指数证券投资基金,华宝基金,932422.CSI,20250827,
589020.SH,股票型ETF,科创半导体ETF鹏华,鹏华上证科创板半导体材料设备主题交易型开放式指数证券投资基金,鹏华基金,950125.CSI,20250827,
159296.SZ,策略指数ETF,A500红利低波ETF,华宝中证A500红利低波动交易型开放式指数证券投资基金,华宝基金,932422.CSI,20250827,
589020.SH,主题指数ETF,科创半导体ETF鹏华,鹏华上证科创板半导体材料设备主题交易型开放式指数证券投资基金,鹏华基金,950125.CSI,20250827,
159101.SZ,跨境ETF,港股通科技ETF基金,华夏国证港股通科技交易型开放式指数证券投资基金,华夏基金,987008.CNI,20250826,
563320.SH,主题指数ETF,通用航空ETF,华泰柏瑞中证通用航空主题交易型开放式指数证券投资基金,华泰柏瑞基金,931855.CSI,20250825,
563320.SH,股票型ETF,通用航空ETF,华泰柏瑞中证通用航空主题交易型开放式指数证券投资基金,华泰柏瑞基金,931855.CSI,20250825,
159101.SZ,跨境主题指数ETF,港股通科技ETF基金,华夏国证港股通科技交易型开放式指数证券投资基金,华夏基金,987008.CNI,20250826,
159292.SZ,股票型ETF,创业板综增强ETF华宝,华宝创业板综合增强策略交易型开放式指数证券投资基金,华宝基金,399102.SZ,20250820,
159292.SZ,规模指数ETF,创业板综增强ETF华宝,华宝创业板综合增强策略交易型开放式指数证券投资基金,华宝基金,399102.SZ,20250820,
159281.SZ,跨境ETF,港股通央企红利ETF天弘,天弘中证港股通央企红利交易型开放式指数证券投资基金,天弘基金,931233.CSI,20250820,
159286.SZ,跨境ETF,港股创新药ETF鹏华,鹏华国证港股通创新药交易型开放式指数证券投资基金,鹏华基金,987018.CNI,20250820,
159286.SZ,跨境主题指数ETF,港股创新药ETF鹏华,鹏华国证港股通创新药交易型开放式指数证券投资基金,鹏华基金,987018.CNI,20250820,
159281.SZ,跨境策略指数ETF,港股通央企红利ETF天弘,天弘中证港股通央企红利交易型开放式指数证券投资基金,天弘基金,931233.CSI,20250820,
159291.SZ,股票型ETF,创业板综增强ETF招商,招商创业板综合增强策略交易型开放式指数证券投资基金,招商基金,399102.SZ,20250820,
560770.SH,股票型ETF,机器人指数ETF,招商中证机器人交易型开放式指数证券投资基金,招商基金,h30590.CSI,20250821,
560770.SH,主题指数ETF,机器人指数ETF,招商中证机器人交易型开放式指数证券投资基金,招商基金,h30590.CSI,20250821,
159291.SZ,规模指数ETF,创业板综增强ETF招商,招商创业板综合增强策略交易型开放式指数证券投资基金,招商基金,399102.SZ,20250820,
588690.SH,股票型ETF,科创指数增强ETF,银华上证科创板综合增强策略交易型开放式指数证券投资基金,银华基金,000680.SH,20250820,
530530.SH,股票型ETF,上证580ETF华夏,华夏上证580交易型开放式指数证券投资基金,华夏基金,950580.CSI,20250820,
159500.SZ,股票型ETF,500ETF,富国中证500交易型开放式指数证券投资基金,富国基金,000905.SH,20250820,
159500.SZ,规模指数ETF,500ETF,富国中证500交易型开放式指数证券投资基金,富国基金,000905.SH,20250820,
588690.SH,规模指数ETF,科创指数增强ETF,银华上证科创板综合增强策略交易型开放式指数证券投资基金,银华基金,000680.SH,20250820,
530530.SH,规模指数ETF,上证580ETF华夏,华夏上证580交易型开放式指数证券投资基金,华夏基金,950580.CSI,20250820,
159259.SZ,风格指数ETF,成长ETF,易方达国证成长100交易型开放式指数证券投资基金,易方达基金,980080.CNI,20250820,
159259.SZ,股票型ETF,成长ETF,易方达国证成长100交易型开放式指数证券投资基金,易方达基金,980080.CNI,20250820,
589090.SH,主题指数ETF,科创AIETF鹏华,鹏华上证科创板人工智能交易型开放式指数证券投资基金,鹏华基金,950180.CSI,20250813,
589090.SH,股票型ETF,科创AIETF鹏华,鹏华上证科创板人工智能交易型开放式指数证券投资基金,鹏华基金,950180.CSI,20250813,
159287.SZ,规模指数ETF,创业板综ETF博时,博时创业板综合交易型开放式指数证券投资基金,博时基金,399102.SZ,20250815,
159287.SZ,股票型ETF,创业板综ETF博时,博时创业板综合交易型开放式指数证券投资基金,博时基金,399102.SZ,20250815,
520840.SH,跨境行业指数ETF,港股通恒生科技ETF,华安恒生港股通科技主题交易型开放式指数证券投资基金,华安基金,HSSCITI.HI,20250814,
520840.SH,跨境ETF,港股通恒生科技ETF,华安恒生港股通科技主题交易型开放式指数证券投资基金,华安基金,HSSCITI.HI,20250814,
159283.SZ,股票型ETF,通用航空ETF南方,南方中证通用航空主题交易型开放式指数证券投资基金,南方基金,931855.CSI,20250813,
159283.SZ,主题指数ETF,通用航空ETF南方,南方中证通用航空主题交易型开放式指数证券投资基金,南方基金,931855.CSI,20250813,
159369.SZ,股票型ETF,创业板50ETF易方达,易方达创业板50交易型开放式指数证券投资基金,易方达基金,399673.SZ,20250813,
159369.SZ,规模指数ETF,创业板50ETF易方达,易方达创业板50交易型开放式指数证券投资基金,易方达基金,399673.SZ,20250813,
563620.SH,股票型ETF,自由现金流全指ETF,兴业中证全指自由现金流交易型开放式指数证券投资基金,兴业基金,932365.CSI,20250806,
563620.SH,策略指数ETF,自由现金流全指ETF,兴业中证全指自由现金流交易型开放式指数证券投资基金,兴业基金,932365.CSI,20250806,
520620.SH,跨境ETF,港股通消费ETF,嘉实恒生消费交易型开放式指数证券投资基金,嘉实基金,HSCGSI.HI,20250811,
520670.SH,跨境行业指数ETF,港股通科技ETF嘉实,嘉实恒生港股通科技主题交易型开放式指数证券投资基金,嘉实基金,HSSCITI.HI,20250804,
520670.SH,跨境ETF,港股通科技ETF嘉实,嘉实恒生港股通科技主题交易型开放式指数证券投资基金,嘉实基金,HSSCITI.HI,20250804,
520620.SH,跨境行业指数ETF,港股通消费ETF,嘉实恒生消费交易型开放式指数证券投资基金,嘉实基金,HSCGSI.HI,20250811,
159280.SZ,跨境ETF,港股通互联网ETF汇添富,汇添富国证港股通互联网交易型开放式指数证券投资基金,汇添富基金,987022.CNI,20250806,
589050.SH,规模指数ETF,科创综指ETF兴业,兴业上证科创板综合价格交易型开放式指数证券投资基金,兴业基金,000681.SH,20250730,
512370.SH,股票型ETF,A500增强ETF基金,华夏中证A500增强策略交易型开放式指数证券投资基金,华夏基金,000510.SH,20250806,
159280.SZ,跨境主题指数ETF,港股通互联网ETF汇添富,汇添富国证港股通互联网交易型开放式指数证券投资基金,汇添富基金,987022.CNI,20250806,
512370.SH,规模指数ETF,A500增强ETF基金,华夏中证A500增强策略交易型开放式指数证券投资基金,华夏基金,000510.SH,20250806,
589050.SH,股票型ETF,科创综指ETF兴业,兴业上证科创板综合价格交易型开放式指数证券投资基金,兴业基金,000681.SH,20250730,
159277.SZ,跨境ETF,港股通红利ETF富国,富国中证港股通高股息投资交易型开放式指数证券投资基金,富国基金,930914.CSI,20250805,
159277.SZ,跨境主题指数ETF,港股通红利ETF富国,富国中证港股通高股息投资交易型开放式指数证券投资基金,富国基金,930914.CSI,20250805,
512030.SH,规模指数ETF,中证A50增强ETF易方达,易方达中证A50增强策略交易型开放式指数证券投资基金,易方达基金,930050.CSI,20250728,
512030.SH,股票型ETF,中证A50增强ETF易方达,易方达中证A50增强策略交易型开放式指数证券投资基金,易方达基金,930050.CSI,20250728,
159278.SZ,股票型ETF,机器人ETF鹏华,鹏华国证机器人产业交易型开放式指数证券投资基金,鹏华基金,980022.CNI,20250730,
159278.SZ,主题指数ETF,机器人ETF鹏华,鹏华国证机器人产业交易型开放式指数证券投资基金,鹏华基金,980022.CNI,20250730,
589850.SH,股票型ETF,科创50ETF东财,西藏东财上证科创板50成份交易型开放式指数证券投资基金,东财基金,000688.SH,20250801,
159271.SZ,跨境ETF,恒生指数ETF,鹏华恒生交易型开放式指数证券投资基金,鹏华基金,HSI.HI,20250730,
589850.SH,规模指数ETF,科创50ETF东财,西藏东财上证科创板50成份交易型开放式指数证券投资基金,东财基金,000688.SH,20250801,
159271.SZ,跨境规模指数ETF,恒生指数ETF,鹏华恒生交易型开放式指数证券投资基金,鹏华基金,HSI.HI,20250730,
589200.SH,股票型ETF,科创200ETF工银,工银瑞信上证科创板200交易型开放式指数证券投资基金,工银瑞信基金,000699.SH,20250723,
589200.SH,规模指数ETF,科创200ETF工银,工银瑞信上证科创板200交易型开放式指数证券投资基金,工银瑞信基金,000699.SH,20250723,
520970.SH,跨境主题指数ETF,港股通创新药ETF嘉实,嘉实中证港股通创新药交易型开放式指数证券投资基金,嘉实基金,931250.CSI,20250730,
520970.SH,跨境ETF,港股通创新药ETF嘉实,嘉实中证港股通创新药交易型开放式指数证券投资基金,嘉实基金,931250.CSI,20250730,
520510.SH,跨境主题指数ETF,港股通医疗ETF,华夏中证港股通医疗主题交易型开放式指数证券投资基金,华夏基金,932069.CSI,20250728,
520510.SH,跨境ETF,港股通医疗ETF,华夏中证港股通医疗主题交易型开放式指数证券投资基金,华夏基金,932069.CSI,20250728,
159273.SZ,股票型ETF,云计算ETF汇添富,汇添富中证沪港深云计算产业交易型开放式指数证券投资基金,汇添富基金,931470.CSI,20250728,
159273.SZ,主题指数ETF,云计算ETF汇添富,汇添富中证沪港深云计算产业交易型开放式指数证券投资基金,汇添富基金,931470.CSI,20250728,
560120.SH,股票型ETF,现金流500ETF,华夏中证500自由现金流交易型开放式指数证券投资基金,华夏基金,932367.CSI,20250723,
560120.SH,策略指数ETF,现金流500ETF,华夏中证500自由现金流交易型开放式指数证券投资基金,华夏基金,932367.CSI,20250723,
159256.SZ,股票型ETF,创业板软件ETF华夏,华夏创业板软件交易型开放式指数证券投资基金,华夏基金,399264.SZ,20250724,
159256.SZ,主题指数ETF,创业板软件ETF华夏,华夏创业板软件交易型开放式指数证券投资基金,华夏基金,399264.SZ,20250724,
159255.SZ,主题指数ETF,通用航空ETF易方达,易方达国证通用航空产业交易型开放式指数证券投资基金,易方达基金,980076.CNI,20250725,
159255.SZ,股票型ETF,通用航空ETF易方达,易方达国证通用航空产业交易型开放式指数证券投资基金,易方达基金,980076.CNI,20250725,
588980.SH,规模指数ETF,科创100ETF广发,广发上证科创板100交易型开放式指数证券投资基金,广发基金,000698.SH,20250723,
588980.SH,股票型ETF,科创100ETF广发,广发上证科创板100交易型开放式指数证券投资基金,广发基金,000698.SH,20250723,
159267.SZ,股票型ETF,航天ETF,华安国证航天航空行业交易型开放式指数证券投资基金,华安基金,CN5082.CNI,20250721,
520690.SH,跨境行业指数ETF,港股创新药精选ETF,博时恒生港股通创新药精选交易型开放式指数证券投资基金,博时基金,HSSCPB.HI,20250723,
520690.SH,跨境ETF,港股创新药精选ETF,博时恒生港股通创新药精选交易型开放式指数证券投资基金,博时基金,HSSCPB.HI,20250723,
159266.SZ,跨境ETF,港股通央企红利ETF,永赢中证港股通央企红利交易型开放式指数证券投资基金,永赢基金,931233.CSI,20250723,
159267.SZ,行业指数ETF,航天ETF,华安国证航天航空行业交易型开放式指数证券投资基金,华安基金,CN5082.CNI,20250721,
159258.SZ,股票型ETF,机器人ETF南方,南方中证机器人交易型开放式指数证券投资基金,南方基金,h30590.CSI,20250724,
159258.SZ,主题指数ETF,机器人ETF南方,南方中证机器人交易型开放式指数证券投资基金,南方基金,h30590.CSI,20250724,
159266.SZ,跨境策略指数ETF,港股通央企红利ETF,永赢中证港股通央企红利交易型开放式指数证券投资基金,永赢基金,931233.CSI,20250723,
512520.SH,规模指数ETF,MSCIETF,华泰柏瑞MSCI中国A股国际通交易型开放式指数证券投资基金,华泰柏瑞基金,716567L.MI,20180426,
512520.SH,股票型ETF,MSCIETF,华泰柏瑞MSCI中国A股国际通交易型开放式指数证券投资基金,华泰柏瑞基金,716567L.MI,20180426,
159276.SZ,股票型ETF,现金流ETF汇添富,汇添富国证自由现金流交易型开放式指数证券投资基金,汇添富基金,980092.CNI,20250717,
159276.SZ,策略指数ETF,现金流ETF汇添富,汇添富国证自由现金流交易型开放式指数证券投资基金,汇添富基金,980092.CNI,20250717,
159257.SZ,股票型ETF,航空ETF基金,汇添富国证通用航空产业交易型开放式指数证券投资基金,汇添富基金,980076.CNI,20250716,
159257.SZ,主题指数ETF,航空ETF基金,汇添富国证通用航空产业交易型开放式指数证券投资基金,汇添富基金,980076.CNI,20250716,
588920.SH,主题指数ETF,科创芯片ETF指数,鹏华上证科创板芯片交易型开放式指数证券投资基金,鹏华基金,000685.SH,20250716,
588920.SH,股票型ETF,科创芯片ETF指数,鹏华上证科创板芯片交易型开放式指数证券投资基金,鹏华基金,000685.SH,20250716,
589550.SH,股票型ETF,科创价值ETF华夏,华夏上证智选科创板价值50策略交易型开放式指数证券投资基金,华夏基金,950228.SH,20250716,
589550.SH,策略指数ETF,科创价值ETF华夏,华夏上证智选科创板价值50策略交易型开放式指数证券投资基金,华夏基金,950228.SH,20250716,
520860.SH,跨境主题指数ETF,港股通科技ETF富国,富国中证港股通科技交易型开放式指数证券投资基金,富国基金,931573.CSI,20250716,
520860.SH,跨境ETF,港股通科技ETF富国,富国中证港股通科技交易型开放式指数证券投资基金,富国基金,931573.CSI,20250716,
562870.SH,行业指数ETF,证券ETF嘉实,嘉实中证全指证券公司交易型开放式指数证券投资基金,嘉实基金,399975.SZ,20250717,
563580.SH,策略指数ETF,自由现金流ETF800,万家中证800自由现金流交易型开放式指数证券投资基金,万家基金,932368.CSI,20250716,
562870.SH,股票型ETF,证券ETF嘉实,嘉实中证全指证券公司交易型开放式指数证券投资基金,嘉实基金,399975.SZ,20250717,
563580.SH,股票型ETF,自由现金流ETF800,万家中证800自由现金流交易型开放式指数证券投资基金,万家基金,932368.CSI,20250716,
159270.SZ,规模指数ETF,创业板200ETF南方,南方创业板中盘200交易型开放式指数证券投资基金,南方基金,399019.SZ,20250716,
159270.SZ,股票型ETF,创业板200ETF南方,南方创业板中盘200交易型开放式指数证券投资基金,南方基金,399019.SZ,20250716,
159242.SZ,股票型ETF,创业板人工智能ETF大成,大成创业板人工智能交易型开放式指数证券投资基金,大成基金,970070.CNI,20250716,
159251.SZ,跨境主题指数ETF,港股科技ETF基金,万家国证港股通科技交易型开放式指数证券投资基金,万家基金,987008.CNI,20250714,
159251.SZ,跨境ETF,港股科技ETF基金,万家国证港股通科技交易型开放式指数证券投资基金,万家基金,987008.CNI,20250714,
159248.SZ,股票型ETF,人工智能ETF基金,万家中证人工智能主题交易型开放式指数证券投资基金,万家基金,930713.CSI,20250710,
159248.SZ,主题指数ETF,人工智能ETF基金,万家中证人工智能主题交易型开放式指数证券投资基金,万家基金,930713.CSI,20250710,
159242.SZ,主题指数ETF,创业板人工智能ETF大成,大成创业板人工智能交易型开放式指数证券投资基金,大成基金,970070.CNI,20250716,
159268.SZ,跨境ETF,港股通消费50ETF,汇添富国证港股通消费主题交易型开放式指数证券投资基金,汇添富基金,987024.CNI,20250710,
159268.SZ,跨境主题指数ETF,港股通消费50ETF,汇添富国证港股通消费主题交易型开放式指数证券投资基金,汇添富基金,987024.CNI,20250710,
512060.SH,股票型ETF,中证A100ETF天弘,天弘中证A100交易型开放式指数证券投资基金,天弘基金,000903.SH,20250709,
512060.SH,规模指数ETF,中证A100ETF天弘,天弘中证A100交易型开放式指数证券投资基金,天弘基金,000903.SH,20250709,
551000.SH,债券型ETF,科创债ETF博时,博时上证AAA科技创新公司债交易型开放式指数证券投资基金,博时基金,950167.CSI,20250710,
511120.SH,债券型ETF,科创债ETF广发,广发上证AAA科技创新公司债交易型开放式指数证券投资基金,广发基金,950167.CSI,20250710,
551030.SH,债券型ETF,科创债ETF鹏华,鹏华上证AAA科技创新公司债交易型开放式指数证券投资基金,鹏华基金,950167.CSI,20250710,
551500.SH,债券型ETF,科创债ETF易方达,易方达中证AAA科技创新公司债交易型开放式指数证券投资基金,易方达基金,932160.CSI,20250710,
551550.SH,债券型ETF,科创债ETF华夏,华夏中证AAA科技创新公司债交易型开放式指数证券投资基金,华夏基金,932160.CSI,20250710,
551900.SH,债券型ETF,科创债ETF招商,招商中证AAA科技创新公司债交易型开放式指数证券投资基金,招商基金,932160.CSI,20250710,
159700.SZ,债券型ETF,科创债ETF南方,南方中证AAA科技创新公司债交易型开放式指数证券投资基金,南方基金,932160.CSI,20250710,
159400.SZ,债券型ETF,科创债ETF景顺,景顺长城深证AAA科技创新公司债交易型开放式指数证券投资基金,景顺长城基金,921130.CNI,20250710,
159600.SZ,债券型ETF,科创债ETF嘉实,嘉实中证AAA科技创新公司债交易型开放式指数证券投资基金,嘉实基金,932160.CSI,20250710,
159200.SZ,债券型ETF,科创债ETF富国,富国中证AAA科技创新公司债交易型开放式指数证券投资基金,富国基金,932160.CSI,20250710,
159311.SZ,股票型ETF,数字经济ETF易方达,易方达中证数字经济主题交易型开放式指数证券投资基金,易方达基金,931582.CSI,20250707,
159311.SZ,主题指数ETF,数字经济ETF易方达,易方达中证数字经济主题交易型开放式指数证券投资基金,易方达基金,931582.CSI,20250707,
513350.SH,跨境行业指数ETF,标普油气ETF,富国标普石油天然气勘探及生产精选行业交易型开放式指数证券投资基金(QDII),富国基金,SPSIOP.SPI,20231120,
159518.SZ,跨境行业指数ETF,标普油气ETF,嘉实标普石油天然气勘探及生产精选行业交易型开放式指数证券投资基金(QDII),嘉实基金,SPSIOP.SPI,20231101,
159518.SZ,跨境ETF,标普油气ETF,嘉实标普石油天然气勘探及生产精选行业交易型开放式指数证券投资基金(QDII),嘉实基金,SPSIOP.SPI,20231101,
513350.SH,跨境ETF,标普油气ETF,富国标普石油天然气勘探及生产精选行业交易型开放式指数证券投资基金(QDII),富国基金,SPSIOP.SPI,20231120,
159246.SZ,主题指数ETF,创业板人工智能ETF富国,富国创业板人工智能交易型开放式指数证券投资基金,富国基金,970070.CNI,20250702,
159246.SZ,股票型ETF,创业板人工智能ETF富国,富国创业板人工智能交易型开放式指数证券投资基金,富国基金,970070.CNI,20250702,
588710.SH,主题指数ETF,科创半导体设备ETF,华泰柏瑞上证科创板半导体材料设备主题交易型开放式指数证券投资基金,华泰柏瑞基金,950125.CSI,20250526,
588710.SH,股票型ETF,科创半导体设备ETF,华泰柏瑞上证科创板半导体材料设备主题交易型开放式指数证券投资基金,华泰柏瑞基金,950125.CSI,20250526,
588170.SH,主题指数ETF,科创半导体ETF,华夏上证科创板半导体材料设备主题交易型开放式指数证券投资基金,华夏基金,950125.CSI,20250324,
588170.SH,股票型ETF,科创半导体ETF,华夏上证科创板半导体材料设备主题交易型开放式指数证券投资基金,华夏基金,950125.CSI,20250324,
159263.SZ,股票型ETF,价值ETF,易方达国证价值100交易型开放式指数证券投资基金,易方达基金,980081.CNI,20250630,
159263.SZ,风格指数ETF,价值ETF,易方达国证价值100交易型开放式指数证券投资基金,易方达基金,980081.CNI,20250630,
588520.SH,规模指数ETF,科创增强ETF,永赢上证科创板综合价格增强策略交易型开放式指数证券投资基金,永赢基金,000681.SH,20250627,
588520.SH,股票型ETF,科创增强ETF,永赢上证科创板综合价格增强策略交易型开放式指数证券投资基金,永赢基金,000681.SH,20250627,
520880.SH,跨境行业指数ETF,港股通创新药ETF,华宝恒生港股通创新药精选交易型开放式指数证券投资基金,华宝基金,HSSCPB.HI,20250627,
520880.SH,跨境ETF,港股通创新药ETF,华宝恒生港股通创新药精选交易型开放式指数证券投资基金,华宝基金,HSSCPB.HI,20250627,
159262.SZ,跨境ETF,港股通科技ETF,广发恒生港股通科技主题交易型开放式指数证券投资基金,广发基金,HSSCITI.HI,20250626,
159262.SZ,跨境行业指数ETF,港股通科技ETF,广发恒生港股通科技主题交易型开放式指数证券投资基金,广发基金,HSSCITI.HI,20250626,
159237.SZ,跨境ETF,港股汽车ETF基金,工银瑞信中证港股通汽车产业主题交易型开放式指数证券投资基金,工银瑞信基金,931239.CSI,20250625,
159237.SZ,跨境主题指数ETF,港股汽车ETF基金,工银瑞信中证港股通汽车产业主题交易型开放式指数证券投资基金,工银瑞信基金,931239.CSI,20250625,
159223.SZ,策略指数ETF,现金流ETF永赢,永赢国证自由现金流交易型开放式指数证券投资基金,永赢基金,980092.CNI,20250625,
159223.SZ,股票型ETF,现金流ETF永赢,永赢国证自由现金流交易型开放式指数证券投资基金,永赢基金,980092.CNI,20250625,
159261.SZ,主题指数ETF,创业板新能源ETF鹏华,鹏华创业板新能源交易型开放式指数证券投资基金,鹏华基金,399266.SZ,20250625,
159261.SZ,股票型ETF,创业板新能源ETF鹏华,鹏华创业板新能源交易型开放式指数证券投资基金,鹏华基金,399266.SZ,20250625,
562260.SH,股票型ETF,汽车配件ETF(退市),海富通中证汽车零部件主题交易型开放式指数证券投资基金,海富通基金,931230.CSI,20240419,20250622
562260.SH,主题指数ETF,汽车配件ETF(退市),海富通中证汽车零部件主题交易型开放式指数证券投资基金,海富通基金,931230.CSI,20240419,20250622
159249.SZ,规模指数ETF,A500增强ETF工银,工银瑞信中证A500增强策略交易型开放式指数证券投资基金,工银瑞信基金,000510.SH,20250620,
159249.SZ,股票型ETF,A500增强ETF工银,工银瑞信中证A500增强策略交易型开放式指数证券投资基金,工银瑞信基金,000510.SH,20250620,
589380.SH,主题指数ETF,科创AIETF富国,富国上证科创板人工智能交易型开放式指数证券投资基金,富国基金,950180.CSI,20250620,
589380.SH,股票型ETF,科创AIETF富国,富国上证科创板人工智能交易型开放式指数证券投资基金,富国基金,950180.CSI,20250620,
563630.SH,股票型ETF,A500增强ETF国联安,国联安中证A500增强策略交易型开放式指数证券投资基金,国联安基金,000510.SH,20250619,
563630.SH,规模指数ETF,A500增强ETF国联安,国联安中证A500增强策略交易型开放式指数证券投资基金,国联安基金,000510.SH,20250619,
159265.SZ,跨境主题指数ETF,港股消费50ETF,鹏华国证港股通消费主题交易型开放式指数证券投资基金,鹏华基金,987024.CNI,20250618,
159265.SZ,跨境ETF,港股消费50ETF,鹏华国证港股通消费主题交易型开放式指数证券投资基金,鹏华基金,987024.CNI,20250618,
520980.SH,跨境行业指数ETF,港股通科技30ETF,汇添富恒生港股通中国科技交易型开放式指数证券投资基金,汇添富基金,HSSCT.HI,20250618,
520980.SH,跨境ETF,港股通科技30ETF,汇添富恒生港股通中国科技交易型开放式指数证券投资基金,汇添富基金,HSSCT.HI,20250618,
561090.SH,规模指数ETF,中证A500增强ETF,华安中证A500增强策略交易型开放式指数证券投资基金,华安基金,000510.SH,20250618,
561090.SH,股票型ETF,中证A500增强ETF,华安中证A500增强策略交易型开放式指数证券投资基金,华安基金,000510.SH,20250618,
159365.SZ,跨境主题指数ETF,恒指ETF,富国恒指港股通交易型开放式指数证券投资基金,富国基金,HSISC.HI,20250618,
159365.SZ,跨境ETF,恒指ETF,富国恒指港股通交易型开放式指数证券投资基金,富国基金,HSISC.HI,20250618,
159203.SZ,风格指数ETF,大盘成长ETF,博时国证大盘成长交易型开放式指数证券投资基金,博时基金,399372.SZ,20250618,
159203.SZ,股票型ETF,大盘成长ETF,博时国证大盘成长交易型开放式指数证券投资基金,博时基金,399372.SZ,20250618,
561770.SH,规模指数ETF,中证A100指数ETF,博时中证A100交易型开放式指数证券投资基金,博时基金,000903.SH,20250616,
561770.SH,股票型ETF,中证A100指数ETF,博时中证A100交易型开放式指数证券投资基金,博时基金,000903.SH,20250616,
562050.SH,主题指数ETF,药ETF,华宝中证制药交易型开放式指数证券投资基金,华宝基金,932217.CSI,20250611,
562050.SH,股票型ETF,药ETF,华宝中证制药交易型开放式指数证券投资基金,华宝基金,932217.CSI,20250611,
159245.SZ,跨境ETF,港股通消费ETF,富国国证港股通消费主题交易型开放式指数证券投资基金,富国基金,987024.CNI,20250611,
159245.SZ,跨境主题指数ETF,港股通消费ETF,富国国证港股通消费主题交易型开放式指数证券投资基金,富国基金,987024.CNI,20250611,
159228.SZ,股票型ETF,红利低波ETF长城,长城中证红利低波动100交易型开放式指数证券投资基金,长城基金,930955.CSI,20250605,
159228.SZ,策略指数ETF,红利低波ETF长城,长城中证红利低波动100交易型开放式指数证券投资基金,长城基金,930955.CSI,20250605,
588670.SH,规模指数ETF,科创综指增强ETF,嘉实上证科创板综合增强策略交易型开放式指数证券投资基金,嘉实基金,000680.SH,20250605,
588670.SH,股票型ETF,科创综指增强ETF,嘉实上证科创板综合增强策略交易型开放式指数证券投资基金,嘉实基金,000680.SH,20250605,
589180.SH,主题指数ETF,科创新材料ETF汇添富,汇添富上证科创板新材料交易型开放式指数证券投资基金,汇添富基金,000689.SH,20250605,
589180.SH,股票型ETF,科创新材料ETF汇添富,汇添富上证科创板新材料交易型开放式指数证券投资基金,汇添富基金,000689.SH,20250605,
588270.SH,规模指数ETF,科创200ETF易方达,易方达上证科创板200交易型开放式指数证券投资基金,易方达基金,000699.SH,20250605,
588270.SH,股票型ETF,科创200ETF易方达,易方达上证科创板200交易型开放式指数证券投资基金,易方达基金,000699.SH,20250605,
159240.SZ,规模指数ETF,中证A500增强ETF天弘,天弘中证A500增强策略交易型开放式指数证券投资基金,天弘基金,000510.SH,20250605,
159240.SZ,股票型ETF,中证A500增强ETF天弘,天弘中证A500增强策略交易型开放式指数证券投资基金,天弘基金,000510.SH,20250605,
512130.SH,策略指数ETF,全指现金流ETF鹏华,鹏华中证全指自由现金流交易型开放式指数证券投资基金,鹏华基金,932365.CSI,20250605,
512130.SH,股票型ETF,全指现金流ETF鹏华,鹏华中证全指自由现金流交易型开放式指数证券投资基金,鹏华基金,932365.CSI,20250605,
159205.SZ,规模指数ETF,创业板ETF东财,西藏东财创业板交易型开放式指数证券投资基金,东财基金,399006.SZ,20250604,
159205.SZ,股票型ETF,创业板ETF东财,西藏东财创业板交易型开放式指数证券投资基金,东财基金,399006.SZ,20250604,
159649.SZ,债券型ETF,国开债ETF,华安中债1-5年国开行债券交易型开放式指数证券投资基金,华安基金,CBA08301.CS,20220808,
159238.SZ,股票型ETF,300ETF增强,景顺长城沪深300增强策略交易型开放式指数证券投资基金,景顺长城基金,000300.SH,20250528,
159238.SZ,规模指数ETF,300ETF增强,景顺长城沪深300增强策略交易型开放式指数证券投资基金,景顺长城基金,000300.SH,20250528,
159387.SZ,主题指数ETF,创业板新能源ETF国泰,国泰创业板新能源交易型开放式指数证券投资基金,国泰基金,399266.SZ,20250528,
159387.SZ,股票型ETF,创业板新能源ETF国泰,国泰创业板新能源交易型开放式指数证券投资基金,国泰基金,399266.SZ,20250528,
589580.SH,股票型ETF,科创综指ETF兴银,兴银上证科创板综合价格交易型开放式指数证券投资基金,兴银基金,000681.SH,20250527,
589580.SH,规模指数ETF,科创综指ETF兴银,兴银上证科创板综合价格交易型开放式指数证券投资基金,兴银基金,000681.SH,20250527,
520940.SH,跨境主题指数ETF,港股通恒生ETF,华安恒指港股通交易型开放式指数证券投资基金,华安基金,HSISC.HI,20250526,
520940.SH,跨境ETF,港股通恒生ETF,华安恒指港股通交易型开放式指数证券投资基金,华安基金,HSISC.HI,20250526,
159372.SZ,股票型ETF,创业板50ETF万家,万家创业板50交易型开放式指数证券投资基金,万家基金,399673.SZ,20250526,
159372.SZ,规模指数ETF,创业板50ETF万家,万家创业板50交易型开放式指数证券投资基金,万家基金,399673.SZ,20250526,
588910.SH,策略指数ETF,科创价值ETF,建信上证智选科创板创新价值交易型开放式指数证券投资基金,建信基金,950333.CSI,20250320,
588910.SH,股票型ETF,科创价值ETF,建信上证智选科创板创新价值交易型开放式指数证券投资基金,建信基金,950333.CSI,20250320,
561750.SH,规模指数ETF,中证A50ETF博时,博时中证A50交易型开放式指数证券投资基金,博时基金,930050.CSI,20250522,
561750.SH,股票型ETF,中证A50ETF博时,博时中证A50交易型开放式指数证券投资基金,博时基金,930050.CSI,20250522,
159389.SZ,股票型ETF,数字经济ETF嘉实,嘉实中证诚通国企数字经济交易型开放式指数证券投资基金,嘉实基金,931529.CSI,20250522,
159389.SZ,主题指数ETF,数字经济ETF嘉实,嘉实中证诚通国企数字经济交易型开放式指数证券投资基金,嘉实基金,931529.CSI,20250522,
159210.SZ,跨境主题指数ETF,港股汽车ETF,汇添富中证港股通汽车产业主题交易型开放式指数证券投资基金,汇添富基金,931239.CSI,20250522,
159210.SZ,跨境ETF,港股汽车ETF,汇添富中证港股通汽车产业主题交易型开放式指数证券投资基金,汇添富基金,931239.CSI,20250522,
563760.SH,策略指数ETF,全指自由现金流ETF,中银中证全指自由现金流交易型开放式指数证券投资基金,中银基金,932365.CSI,20250521,
563760.SH,股票型ETF,全指自由现金流ETF,中银中证全指自由现金流交易型开放式指数证券投资基金,中银基金,932365.CSI,20250521,
159241.SZ,行业指数ETF,航空航天ETF天弘,天弘国证航天航空行业交易型开放式指数证券投资基金,天弘基金,CN5082.CNI,20250521,
159241.SZ,股票型ETF,航空航天ETF天弘,天弘国证航天航空行业交易型开放式指数证券投资基金,天弘基金,CN5082.CNI,20250521,
159233.SZ,策略指数ETF,自由现金流ETF基金,平安中证全指自由现金流交易型开放式指数证券投资基金,平安基金,932365.CSI,20250521,
159233.SZ,股票型ETF,自由现金流ETF基金,平安中证全指自由现金流交易型开放式指数证券投资基金,平安基金,932365.CSI,20250521,
561220.SH,主题指数ETF,数字经济ETF工银,工银瑞信中证诚通国企数字经济交易型开放式指数证券投资基金,工银瑞信基金,931529.CSI,20250521,
561220.SH,股票型ETF,数字经济ETF工银,工银瑞信中证诚通国企数字经济交易型开放式指数证券投资基金,工银瑞信基金,931529.CSI,20250521,
159385.SZ,主题指数ETF,数字经济ETF富国,富国中证诚通国企数字经济交易型开放式指数证券投资基金,富国基金,931529.CSI,20250521,
159385.SZ,股票型ETF,数字经济ETF富国,富国中证诚通国企数字经济交易型开放式指数证券投资基金,富国基金,931529.CSI,20250521,
159230.SZ,股票型ETF,通用航空ETF基金,华夏国证通用航空产业交易型开放式指数证券投资基金,华夏基金,980076.CNI,20250521,
159230.SZ,主题指数ETF,通用航空ETF基金,华夏国证通用航空产业交易型开放式指数证券投资基金,华夏基金,980076.CNI,20250521,
589700.SH,策略指数ETF,科创成长ETF南方,南方上证科创板成长交易型开放式指数证券投资基金,南方基金,000690.SH,20250521,
589700.SH,股票型ETF,科创成长ETF南方,南方上证科创板成长交易型开放式指数证券投资基金,南方基金,000690.SH,20250521,
588940.SH,规模指数ETF,科创50ETF富国,富国上证科创板50成份交易型开放式指数证券投资基金,富国基金,000688.SH,20250521,
588940.SH,股票型ETF,科创50ETF富国,富国上证科创板50成份交易型开放式指数证券投资基金,富国基金,000688.SH,20250521,
159226.SZ,规模指数ETF,中证A500增强ETF,国泰中证A500增强策略交易型开放式指数证券投资基金,国泰基金,000510.SH,20250520,
159226.SZ,股票型ETF,中证A500增强ETF,国泰中证A500增强策略交易型开放式指数证券投资基金,国泰基金,000510.SH,20250520,
159239.SZ,跨境ETF,港股通汽车ETF富国,富国恒生港股通汽车主题交易型开放式指数证券投资基金,富国基金,HSSCAM.HI,20250519,
159239.SZ,跨境主题指数ETF,港股通汽车ETF富国,富国恒生港股通汽车主题交易型开放式指数证券投资基金,富国基金,HSSCAM.HI,20250519,
159218.SZ,股票型ETF,卫星产业ETF,招商中证卫星产业交易型开放式指数证券投资基金,招商基金,931594.CSI,20250514,
159218.SZ,主题指数ETF,卫星产业ETF,招商中证卫星产业交易型开放式指数证券投资基金,招商基金,931594.CSI,20250514,
588130.SH,主题指数ETF,科创医药ETF基金,华夏上证科创板生物医药交易型开放式指数证券投资基金,华夏基金,000683.SH,20250514,
588130.SH,股票型ETF,科创医药ETF基金,华夏上证科创板生物医药交易型开放式指数证券投资基金,华夏基金,000683.SH,20250514,
563830.SH,股票型ETF,全指现金流ETF基金,博时中证全指自由现金流交易型开放式指数证券投资基金,博时基金,932365.CSI,20250514,
563830.SH,策略指数ETF,全指现金流ETF基金,博时中证全指自由现金流交易型开放式指数证券投资基金,博时基金,932365.CSI,20250514,
563770.SH,策略指数ETF,全指现金流ETF,招商中证全指自由现金流交易型开放式指数证券投资基金,招商基金,932365.CSI,20250508,
563770.SH,股票型ETF,全指现金流ETF,招商中证全指自由现金流交易型开放式指数证券投资基金,招商基金,932365.CSI,20250508,
563550.SH,股票型ETF,A500增强ETF摩根,摩根中证A500增强策略交易型开放式指数证券投资基金,摩根基金,000510.SH,20250508,
563550.SH,规模指数ETF,A500增强ETF摩根,摩根中证A500增强策略交易型开放式指数证券投资基金,摩根基金,000510.SH,20250508,
563060.SH,主题指数ETF,央企50ETF,易方达中证国资央企50交易型开放式指数证券投资基金,易方达基金,931823.CSI,20250508,
563060.SH,股票型ETF,央企50ETF,易方达中证国资央企50交易型开放式指数证券投资基金,易方达基金,931823.CSI,20250508,
159721.SZ,规模指数ETF,深证100ETF永赢,永赢深证100交易型开放式指数证券投资基金,永赢基金,399088.SZ,20210617,20250508
159721.SZ,规模指数ETF,深证100ETF永赢,永赢深证100交易型开放式指数证券投资基金,永赢基金,399330.SZ,20250509,
159721.SZ,股票型ETF,深证100ETF永赢,永赢深证100交易型开放式指数证券投资基金,永赢基金,399330.SZ,20250509,
159721.SZ,股票型ETF,深证100ETF永赢,永赢深证100交易型开放式指数证券投资基金,永赢基金,399088.SZ,20210617,20250508
159229.SZ,股票型ETF,自由现金流ETF广发,广发中证800自由现金流交易型开放式指数证券投资基金,广发基金,932368.CSI,20250506,
159229.SZ,策略指数ETF,自由现金流ETF广发,广发中证800自由现金流交易型开放式指数证券投资基金,广发基金,932368.CSI,20250506,
159221.SZ,策略指数ETF,现金流ETF嘉实,嘉实国证自由现金流交易型开放式指数证券投资基金,嘉实基金,980092.CNI,20250430,
159221.SZ,股票型ETF,现金流ETF嘉实,嘉实国证自由现金流交易型开放式指数证券投资基金,嘉实基金,980092.CNI,20250430,
159236.SZ,股票型ETF,自由现金流ETF工银,工银瑞信中证全指自由现金流交易型开放式指数证券投资基金,工银瑞信基金,932365.CSI,20250430,
159236.SZ,策略指数ETF,自由现金流ETF工银,工银瑞信中证全指自由现金流交易型开放式指数证券投资基金,工银瑞信基金,932365.CSI,20250430,
563680.SH,股票型ETF,800自由现金流ETF,汇添富中证800自由现金流交易型开放式指数证券投资基金,汇添富基金,932368.CSI,20250430,
563680.SH,策略指数ETF,800自由现金流ETF,汇添富中证800自由现金流交易型开放式指数证券投资基金,汇添富基金,932368.CSI,20250430,
563780.SH,股票型ETF,现金流全指ETF,方正富邦中证全指自由现金流交易型开放式指数证券投资基金,方正富邦基金,932365.CSI,20250430,
563780.SH,策略指数ETF,现金流全指ETF,方正富邦中证全指自由现金流交易型开放式指数证券投资基金,方正富邦基金,932365.CSI,20250430,
159227.SZ,行业指数ETF,航空航天ETF,华夏国证航天航空行业交易型开放式指数证券投资基金,华夏基金,CN5082.CNI,20250430,
159227.SZ,股票型ETF,航空航天ETF,华夏国证航天航空行业交易型开放式指数证券投资基金,华夏基金,CN5082.CNI,20250430,
159392.SZ,股票型ETF,航空ETF,富国国证通用航空产业交易型开放式指数证券投资基金,富国基金,980076.CNI,20250430,
159392.SZ,主题指数ETF,航空ETF,富国国证通用航空产业交易型开放式指数证券投资基金,富国基金,980076.CNI,20250430,
159220.SZ,跨境策略指数ETF,港股通红利ETF,华宝标普港股通低波红利交易型开放式指数证券投资基金,华宝基金,SPAHLVHP.SPI,20250429,
159220.SZ,跨境ETF,港股通红利ETF,华宝标普港股通低波红利交易型开放式指数证券投资基金,华宝基金,SPAHLVHP.SPI,20250429,
561870.SH,策略指数ETF,自由现金流ETF全指,华富中证全指自由现金流交易型开放式指数证券投资基金,华富基金,932365.CSI,20250429,
561870.SH,股票型ETF,自由现金流ETF全指,华富中证全指自由现金流交易型开放式指数证券投资基金,华富基金,932365.CSI,20250429,
159208.SZ,股票型ETF,航天航空ETF,万家国证航天航空行业交易型开放式指数证券投资基金,万家基金,CN5082.CNI,20250428,
159208.SZ,行业指数ETF,航天航空ETF,万家国证航天航空行业交易型开放式指数证券投资基金,万家基金,CN5082.CNI,20250428,
589980.SH,股票型ETF,科创100ETF汇添富,汇添富上证科创板100交易型开放式指数证券投资基金,汇添富基金,000698.SH,20250425,
589980.SH,规模指数ETF,科创100ETF汇添富,汇添富上证科创板100交易型开放式指数证券投资基金,汇添富基金,000698.SH,20250425,
563900.SH,策略指数ETF,沪深300自由现金流ETF摩根,摩根沪深300自由现金流交易型开放式指数证券投资基金,摩根基金,932366.CSI,20250424,
563900.SH,股票型ETF,沪深300自由现金流ETF摩根,摩根沪深300自由现金流交易型开放式指数证券投资基金,摩根基金,932366.CSI,20250424,
159219.SZ,规模指数ETF,深证100ETF融通,融通深证100交易型开放式指数证券投资基金,融通基金,399330.SZ,20250424,
159219.SZ,股票型ETF,深证100ETF融通,融通深证100交易型开放式指数证券投资基金,融通基金,399330.SZ,20250424,
159232.SZ,策略指数ETF,自由现金流ETF南方,南方中证全指自由现金流交易型开放式指数证券投资基金,南方基金,932365.CSI,20250423,
159232.SZ,股票型ETF,自由现金流ETF南方,南方中证全指自由现金流交易型开放式指数证券投资基金,南方基金,932365.CSI,20250423,
563390.SH,策略指数ETF,现金流ETF全指,华泰柏瑞中证全指自由现金流交易型开放式指数证券投资基金,华泰柏瑞基金,932365.CSI,20250423,
563390.SH,股票型ETF,现金流ETF全指,华泰柏瑞中证全指自由现金流交易型开放式指数证券投资基金,华泰柏瑞基金,932365.CSI,20250423,
159382.SZ,股票型ETF,创业板人工智能ETF南方,南方创业板人工智能交易型开放式指数证券投资基金,南方基金,970070.CNI,20250423,
159382.SZ,主题指数ETF,创业板人工智能ETF南方,南方创业板人工智能交易型开放式指数证券投资基金,南方基金,970070.CNI,20250423,
561080.SH,股票型ETF,自由现金流ETF中证全指,华安中证全指自由现金流交易型开放式指数证券投资基金,华安基金,932365.CSI,20250423,
561080.SH,策略指数ETF,自由现金流ETF中证全指,华安中证全指自由现金流交易型开放式指数证券投资基金,华安基金,932365.CSI,20250423,
159235.SZ,策略指数ETF,中证现金流ETF,大成中证全指自由现金流交易型开放式指数证券投资基金,大成基金,932365.CSI,20250423,
159235.SZ,股票型ETF,中证现金流ETF,大成中证全指自由现金流交易型开放式指数证券投资基金,大成基金,932365.CSI,20250423,
159213.SZ,股票型ETF,机器人ETF基金,汇添富中证机器人交易型开放式指数证券投资基金,汇添富基金,h30590.CSI,20250421,
159213.SZ,主题指数ETF,机器人ETF基金,汇添富中证机器人交易型开放式指数证券投资基金,汇添富基金,h30590.CSI,20250421,
159231.SZ,股票型ETF,通用航空ETF华宝,华宝国证通用航空产业交易型开放式指数证券投资基金,华宝基金,980076.CNI,20250418,
159231.SZ,主题指数ETF,通用航空ETF华宝,华宝国证通用航空产业交易型开放式指数证券投资基金,华宝基金,980076.CNI,20250418,
516460.SH,股票型ETF,现金流ETF800,鹏华中证800自由现金流交易型开放式指数证券投资基金,鹏华基金,932368.CSI,20250417,
516460.SH,策略指数ETF,现金流ETF800,鹏华中证800自由现金流交易型开放式指数证券投资基金,鹏华基金,932368.CSI,20250417,
510320.SH,规模指数ETF,沪深300ETF中金,中金沪深300交易型开放式指数证券投资基金,中金基金,000300.SH,20250416,
510320.SH,股票型ETF,沪深300ETF中金,中金沪深300交易型开放式指数证券投资基金,中金基金,000300.SH,20250416,
563700.SH,策略指数ETF,红利价值ETF,易方达中证红利价值交易型开放式指数证券投资基金,易方达基金,h30270.CSI,20250416,
563700.SH,股票型ETF,红利价值ETF,易方达中证红利价值交易型开放式指数证券投资基金,易方达基金,h30270.CSI,20250416,
588850.SH,主题指数ETF,科创机械ETF,嘉实上证科创板工业机械交易型开放式指数证券投资基金,嘉实基金,000693.SH,20250416,
588850.SH,股票型ETF,科创机械ETF,嘉实上证科创板工业机械交易型开放式指数证券投资基金,嘉实基金,000693.SH,20250416,
563990.SH,股票型ETF,800现金流ETF,富国中证800自由现金流交易型开放式指数证券投资基金,富国基金,932368.CSI,20250416,
563990.SH,策略指数ETF,800现金流ETF,富国中证800自由现金流交易型开放式指数证券投资基金,富国基金,932368.CSI,20250416,
589300.SH,规模指数ETF,科创综指ETF嘉实,嘉实上证科创板综合交易型开放式指数证券投资基金,嘉实基金,000680.SH,20250409,
589300.SH,股票型ETF,科创综指ETF嘉实,嘉实上证科创板综合交易型开放式指数证券投资基金,嘉实基金,000680.SH,20250409,
159222.SZ,股票型ETF,自由现金流ETF易方达,易方达国证自由现金流交易型开放式指数证券投资基金,易方达基金,980092.CNI,20250409,
159222.SZ,策略指数ETF,自由现金流ETF易方达,易方达国证自由现金流交易型开放式指数证券投资基金,易方达基金,980092.CNI,20250409,
159225.SZ,股票型ETF,现金流ETF基金,银华国证自由现金流交易型开放式指数证券投资基金,银华基金,980092.CNI,20250409,
159225.SZ,策略指数ETF,现金流ETF基金,银华国证自由现金流交易型开放式指数证券投资基金,银华基金,980092.CNI,20250409,
562080.SH,策略指数ETF,300现金流ETF,华宝沪深300自由现金流交易型开放式指数证券投资基金,华宝基金,932366.CSI,20250407,
562080.SH,股票型ETF,300现金流ETF,华宝沪深300自由现金流交易型开放式指数证券投资基金,华宝基金,932366.CSI,20250407,
159391.SZ,风格指数ETF,大盘价值ETF,博时国证大盘价值交易型开放式指数证券投资基金,博时基金,399373.SZ,20250403,
159391.SZ,股票型ETF,大盘价值ETF,博时国证大盘价值交易型开放式指数证券投资基金,博时基金,399373.SZ,20250403,
512250.SH,股票型ETF,中证A50ETF招商,招商中证A50交易型开放式指数证券投资基金,招商基金,930050.CSI,20250403,
512250.SH,规模指数ETF,中证A50ETF招商,招商中证A50交易型开放式指数证券投资基金,招商基金,930050.CSI,20250403,
588040.SH,股票型ETF,科创50ETF指数,鹏华上证科创板50成份交易型开放式指数证券投资基金,鹏华基金,000688.SH,20250403,
588040.SH,规模指数ETF,科创50ETF指数,鹏华上证科创板50成份交易型开放式指数证券投资基金,鹏华基金,000688.SH,20250403,
159202.SZ,跨境ETF,恒生互联网科技ETF,万家恒生互联网科技业交易型开放式指数证券投资基金(QDII),万家基金,HSIII.HI,20250402,
159202.SZ,跨境行业指数ETF,恒生互联网科技ETF,万家恒生互联网科技业交易型开放式指数证券投资基金(QDII),万家基金,HSIII.HI,20250402,
159366.SZ,跨境ETF,港股医疗ETF,永赢中证港股通医疗主题交易型开放式指数证券投资基金,永赢基金,932069.CSI,20250402,
159366.SZ,跨境主题指数ETF,港股医疗ETF,永赢中证港股通医疗主题交易型开放式指数证券投资基金,永赢基金,932069.CSI,20250402,
159377.SZ,股票型ETF,创业板医药ETF国泰,国泰创业板医药卫生交易型开放式指数证券投资基金,国泰基金,399275.SZ,20250402,
159377.SZ,主题指数ETF,创业板医药ETF国泰,国泰创业板医药卫生交易型开放式指数证券投资基金,国泰基金,399275.SZ,20250402,
159211.SZ,股票型ETF,深证100ETF富国,富国深证100交易型开放式指数证券投资基金,富国基金,399330.SZ,20250402,
159211.SZ,规模指数ETF,深证100ETF富国,富国深证100交易型开放式指数证券投资基金,富国基金,399330.SZ,20250402,
159216.SZ,规模指数ETF,深证100ETF大成,大成深证100交易型开放式指数证券投资基金,大成基金,399330.SZ,20250402,
159216.SZ,股票型ETF,深证100ETF大成,大成深证100交易型开放式指数证券投资基金,大成基金,399330.SZ,20250402,
511010.SH,债券型ETF,国债ETF,上证5年期国债交易型开放式指数证券投资基金,国泰基金,000140.SH,20130305,
560820.SH,规模指数ETF,中证A50ETF新华,新华中证A50交易型开放式指数证券投资基金,新华基金,930050.CSI,20250328,
560820.SH,股票型ETF,中证A50ETF新华,新华中证A50交易型开放式指数证券投资基金,新华基金,930050.CSI,20250328,
511260.SH,债券型ETF,十年国债ETF,上证10年期国债交易型开放式指数证券投资基金,国泰基金,h01077.SH,20170804,
159212.SZ,规模指数ETF,深100ETF南方,南方深证100交易型开放式指数证券投资基金,南方基金,399330.SZ,20250327,
159212.SZ,股票型ETF,深100ETF南方,南方深证100交易型开放式指数证券投资基金,南方基金,399330.SZ,20250327,
588720.SH,股票型ETF,科创50ETF中银,中银上证科创板50成份交易型开放式指数证券投资基金,中银基金,000688.SH,20250327,
588720.SH,规模指数ETF,科创50ETF中银,中银上证科创板50成份交易型开放式指数证券投资基金,中银基金,000688.SH,20250327,
159207.SZ,策略指数ETF,高股息ETF,广发中证智选高股息策略交易型开放式指数证券投资基金,广发基金,932305.CSI,20250327,
159207.SZ,股票型ETF,高股息ETF,广发中证智选高股息策略交易型开放式指数证券投资基金,广发基金,932305.CSI,20250327,
159215.SZ,股票型ETF,中证A500ETF指数基金,平安中证A500交易型开放式指数证券投资基金,平安基金,000510.SH,20250326,
159215.SZ,规模指数ETF,中证A500ETF指数基金,平安中证A500交易型开放式指数证券投资基金,平安基金,000510.SH,20250326,
512240.SH,股票型ETF,A50ETF龙头,鹏华中证A50交易型开放式指数证券投资基金,鹏华基金,930050.CSI,20250326,
512240.SH,规模指数ETF,A50ETF龙头,鹏华中证A50交易型开放式指数证券投资基金,鹏华基金,930050.CSI,20250326,
589010.SH,主题指数ETF,科创人工智能ETF华夏,华夏上证科创板人工智能交易型开放式指数证券投资基金,华夏基金,950180.CSI,20250326,
589010.SH,股票型ETF,科创人工智能ETF华夏,华夏上证科创板人工智能交易型开放式指数证券投资基金,华夏基金,950180.CSI,20250326,
589100.SH,主题指数ETF,科创芯片ETF国泰,国泰上证科创板芯片交易型开放式指数证券投资基金,国泰基金,000685.SH,20250326,
589100.SH,股票型ETF,科创芯片ETF国泰,国泰上证科创板芯片交易型开放式指数证券投资基金,国泰基金,000685.SH,20250326,
159217.SZ,跨境ETF,港股通创新药ETF工银,工银瑞信国证港股通创新药交易型开放式指数证券投资基金,工银瑞信基金,987018.CNI,20250326,
159217.SZ,跨境主题指数ETF,港股通创新药ETF工银,工银瑞信国证港股通创新药交易型开放式指数证券投资基金,工银瑞信基金,987018.CNI,20250326,
159388.SZ,股票型ETF,创业板人工智能ETF国泰,国泰创业板人工智能交易型开放式指数证券投资基金,国泰基金,970070.CNI,20250326,
159388.SZ,主题指数ETF,创业板人工智能ETF国泰,国泰创业板人工智能交易型开放式指数证券投资基金,国泰基金,970070.CNI,20250326,
159390.SZ,规模指数ETF,A50指数ETF,国联中证A50交易型开放式指数证券投资基金,国联基金,930050.CSI,20250326,
159390.SZ,股票型ETF,A50指数ETF,国联中证A50交易型开放式指数证券投资基金,国联基金,930050.CSI,20250326,
563650.SH,股票型ETF,中证A500龙头ETF,兴业中证A500交易型开放式指数证券投资基金,兴业基金,000510.SH,20250325,
563650.SH,规模指数ETF,中证A500龙头ETF,兴业中证A500交易型开放式指数证券投资基金,兴业基金,000510.SH,20250325,
563660.SH,规模指数ETF,A500ETF银河,银河中证A500交易型开放式指数证券投资基金,银河基金,000510.SH,20250320,
563660.SH,股票型ETF,A500ETF银河,银河中证A500交易型开放式指数证券投资基金,银河基金,000510.SH,20250320,
589060.SH,股票型ETF,科创综指ETF东财,西藏东财上证科创板综合价格交易型开放式指数证券投资基金,东财基金,000681.SH,20250319,
589060.SH,规模指数ETF,科创综指ETF东财,西藏东财上证科创板综合价格交易型开放式指数证券投资基金,东财基金,000681.SH,20250319,
560630.SH,股票型ETF,机器人产业ETF,万家中证机器人交易型开放式指数证券投资基金,万家基金,h30590.CSI,20250319,
560630.SH,主题指数ETF,机器人产业ETF,万家中证机器人交易型开放式指数证券投资基金,万家基金,h30590.CSI,20250319,
159316.SZ,跨境ETF,恒生创新药ETF,易方达恒生港股通创新药交易型开放式指数证券投资基金,易方达基金,HSSCID.HI,20250318,
159316.SZ,跨境主题指数ETF,恒生创新药ETF,易方达恒生港股通创新药交易型开放式指数证券投资基金,易方达基金,HSSCID.HI,20250318,
159368.SZ,主题指数ETF,创业板新能源ETF华夏,华夏创业板新能源交易型开放式指数证券投资基金,华夏基金,399266.SZ,20250314,
159368.SZ,股票型ETF,创业板新能源ETF华夏,华夏创业板新能源交易型开放式指数证券投资基金,华夏基金,399266.SZ,20250314,
588770.SH,股票型ETF,科创信息技术ETF摩根,摩根上证科创板新一代信息技术交易型开放式指数证券投资基金,摩根基金,000682.SH,20250314,
588770.SH,主题指数ETF,科创信息技术ETF摩根,摩根上证科创板新一代信息技术交易型开放式指数证券投资基金,摩根基金,000682.SH,20250314,
159381.SZ,主题指数ETF,创业板人工智能ETF华夏,华夏创业板人工智能交易型开放式指数证券投资基金,华夏基金,970070.CNI,20250314,
159381.SZ,股票型ETF,创业板人工智能ETF华夏,华夏创业板人工智能交易型开放式指数证券投资基金,华夏基金,970070.CNI,20250314,
159209.SZ,股票型ETF,中证红利质量ETF,招商中证全指红利质量交易型开放式指数证券投资基金,招商基金,932315.CSI,20250312,
159209.SZ,策略指数ETF,中证红利质量ETF,招商中证全指红利质量交易型开放式指数证券投资基金,招商基金,932315.CSI,20250312,
588250.SH,股票型ETF,科创生物医药ETF,鹏华上证科创板生物医药交易型开放式指数证券投资基金,鹏华基金,000683.SH,20250312,
588250.SH,主题指数ETF,科创生物医药ETF,鹏华上证科创板生物医药交易型开放式指数证券投资基金,鹏华基金,000683.SH,20250312,
159206.SZ,主题指数ETF,卫星ETF,永赢国证商用卫星通信产业交易型开放式指数证券投资基金,永赢基金,980018.CNI,20250306,
159206.SZ,股票型ETF,卫星ETF,永赢国证商用卫星通信产业交易型开放式指数证券投资基金,永赢基金,980018.CNI,20250306,
562810.SH,规模指数ETF,上证指数增强ETF,嘉实上证综合增强策略交易型开放式指数证券投资基金,嘉实基金,000001.SH,20250305,
562810.SH,股票型ETF,上证指数增强ETF,嘉实上证综合增强策略交易型开放式指数证券投资基金,嘉实基金,000001.SH,20250305,
589520.SH,股票型ETF,科创人工智能ETF华宝,华宝上证科创板人工智能交易型开放式指数证券投资基金,华宝基金,950180.CSI,20250305,
589520.SH,主题指数ETF,科创人工智能ETF华宝,华宝上证科创板人工智能交易型开放式指数证券投资基金,华宝基金,950180.CSI,20250305,
589630.SH,规模指数ETF,科创综指ETF国泰,国泰上证科创板综合交易型开放式指数证券投资基金,国泰基金,000680.SH,20250304,
589630.SH,股票型ETF,科创综指ETF国泰,国泰上证科创板综合交易型开放式指数证券投资基金,国泰基金,000680.SH,20250304,
588660.SH,规模指数ETF,科创创业50ETF基金,兴银中证科创创业50交易型开放式指数证券投资基金,兴银基金,931643.CSI,20250228,
588660.SH,股票型ETF,科创创业50ETF基金,兴银中证科创创业50交易型开放式指数证券投资基金,兴银基金,931643.CSI,20250228,
589600.SH,规模指数ETF,科创综指ETF富国,富国上证科创板综合价格交易型开放式指数证券投资基金,富国基金,000681.SH,20250228,
589600.SH,股票型ETF,科创综指ETF富国,富国上证科创板综合价格交易型开放式指数证券投资基金,富国基金,000681.SH,20250228,
589990.SH,规模指数ETF,科创综指ETF华泰柏瑞,华泰柏瑞上证科创板综合交易型开放式指数证券投资基金,华泰柏瑞基金,000680.SH,20250226,
589990.SH,股票型ETF,科创综指ETF华泰柏瑞,华泰柏瑞上证科创板综合交易型开放式指数证券投资基金,华泰柏瑞基金,000680.SH,20250226,
589000.SH,股票型ETF,科创综指ETF华夏,华夏上证科创板综合交易型开放式指数证券投资基金,华夏基金,000680.SH,20250226,
589000.SH,规模指数ETF,科创综指ETF华夏,华夏上证科创板综合交易型开放式指数证券投资基金,华夏基金,000680.SH,20250226,
589080.SH,股票型ETF,科创综指ETF汇添富,汇添富上证科创板综合交易型开放式指数证券投资基金,汇添富基金,000680.SH,20250226,
589080.SH,规模指数ETF,科创综指ETF汇添富,汇添富上证科创板综合交易型开放式指数证券投资基金,汇添富基金,000680.SH,20250226,
588840.SH,规模指数ETF,科创板50ETF基金,万家上证科创板50成份交易型开放式指数证券投资基金,万家基金,000688.SH,20250226,
588840.SH,股票型ETF,科创板50ETF基金,万家上证科创板50成份交易型开放式指数证券投资基金,万家基金,000688.SH,20250226,
589770.SH,规模指数ETF,科创综指ETF招商,招商上证科创板综合交易型开放式指数证券投资基金,招商基金,000680.SH,20250226,
589770.SH,股票型ETF,科创综指ETF招商,招商上证科创板综合交易型开放式指数证券投资基金,招商基金,000680.SH,20250226,
589860.SH,股票型ETF,科创综指ETF天弘,天弘上证科创板综合交易型开放式指数证券投资基金,天弘基金,000680.SH,20250226,
589860.SH,规模指数ETF,科创综指ETF天弘,天弘上证科创板综合交易型开放式指数证券投资基金,天弘基金,000680.SH,20250226,
589890.SH,股票型ETF,科创综指ETF景顺,景顺长城上证科创板综合价格交易型开放式指数证券投资基金,景顺长城基金,000681.SH,20250226,
589890.SH,规模指数ETF,科创综指ETF景顺,景顺长城上证科创板综合价格交易型开放式指数证券投资基金,景顺长城基金,000681.SH,20250226,
589660.SH,股票型ETF,科创综指ETF南方,南方上证科创板综合交易型开放式指数证券投资基金,南方基金,000680.SH,20250226,
589680.SH,股票型ETF,科创综指ETF鹏华,鹏华上证科创板综合交易型开放式指数证券投资基金,鹏华基金,000680.SH,20250226,
589660.SH,规模指数ETF,科创综指ETF南方,南方上证科创板综合交易型开放式指数证券投资基金,南方基金,000680.SH,20250226,
589680.SH,规模指数ETF,科创综指ETF鹏华,鹏华上证科创板综合交易型开放式指数证券投资基金,鹏华基金,000680.SH,20250226,
513830.SH,跨境主题指数ETF,港股红利ETF,嘉实中证港股通高股息投资交易型开放式指数证券投资基金,嘉实基金,930914.CSI,20250226,
513830.SH,跨境ETF,港股红利ETF,嘉实中证港股通高股息投资交易型开放式指数证券投资基金,嘉实基金,930914.CSI,20250226,
589900.SH,规模指数ETF,科创综指ETF博时,博时上证科创板综合交易型开放式指数证券投资基金,博时基金,000680.SH,20250226,
589900.SH,股票型ETF,科创综指ETF博时,博时上证科创板综合交易型开放式指数证券投资基金,博时基金,000680.SH,20250226,
159393.SZ,股票型ETF,沪深300指数ETF,万家沪深300交易型开放式指数证券投资基金,万家基金,000300.SH,20250225,
159393.SZ,规模指数ETF,沪深300指数ETF,万家沪深300交易型开放式指数证券投资基金,万家基金,000300.SH,20250225,
589800.SH,股票型ETF,科创综指ETF易方达,易方达上证科创板综合交易型开放式指数证券投资基金,易方达基金,000680.SH,20250225,
589800.SH,规模指数ETF,科创综指ETF易方达,易方达上证科创板综合交易型开放式指数证券投资基金,易方达基金,000680.SH,20250225,
589500.SH,股票型ETF,科创综指ETF工银,工银瑞信上证科创板综合价格交易型开放式指数证券投资基金,工银瑞信基金,000681.SH,20250224,
589500.SH,规模指数ETF,科创综指ETF工银,工银瑞信上证科创板综合价格交易型开放式指数证券投资基金,工银瑞信基金,000681.SH,20250224,
589880.SH,规模指数ETF,科创综指ETF建信,建信上证科创板综合交易型开放式指数证券投资基金,建信基金,000680.SH,20250220,
589880.SH,股票型ETF,科创综指ETF建信,建信上证科创板综合交易型开放式指数证券投资基金,建信基金,000680.SH,20250220,
159399.SZ,策略指数ETF,现金流ETF,国泰富时中国A股自由现金流聚焦交易型开放式指数证券投资基金,国泰基金,888888.FI,20250219,
159399.SZ,股票型ETF,现金流ETF,国泰富时中国A股自由现金流聚焦交易型开放式指数证券投资基金,国泰基金,888888.FI,20250219,
159201.SZ,股票型ETF,自由现金流ETF,华夏国证自由现金流交易型开放式指数证券投资基金,华夏基金,980092.CNI,20250219,
159201.SZ,策略指数ETF,自由现金流ETF,华夏国证自由现金流交易型开放式指数证券投资基金,华夏基金,980092.CNI,20250219,
588240.SH,规模指数ETF,科创200ETF指数,鹏华上证科创板200交易型开放式指数证券投资基金,鹏华基金,000699.SH,20250213,
588240.SH,股票型ETF,科创200ETF指数,鹏华上证科创板200交易型开放式指数证券投资基金,鹏华基金,000699.SH,20250213,
588960.SH,主题指数ETF,科创板新能源ETF,富国上证科创板新能源交易型开放式指数证券投资基金,富国基金,000692.SH,20250206,
588960.SH,股票型ETF,科创板新能源ETF,富国上证科创板新能源交易型开放式指数证券投资基金,富国基金,000692.SH,20250206,
159383.SZ,规模指数ETF,创业板50ETF华泰柏瑞,华泰柏瑞创业板50交易型开放式指数证券投资基金,华泰柏瑞基金,399673.SZ,20250205,
159383.SZ,股票型ETF,创业板50ETF华泰柏瑞,华泰柏瑞创业板50交易型开放式指数证券投资基金,华泰柏瑞基金,399673.SZ,20250205,
159367.SZ,股票型ETF,创业板50ETF华夏,华夏创业板50交易型开放式指数证券投资基金,华夏基金,399673.SZ,20250124,
159367.SZ,规模指数ETF,创业板50ETF华夏,华夏创业板50交易型开放式指数证券投资基金,华夏基金,399673.SZ,20250124,
159386.SZ,规模指数ETF,A500ETF永赢,永赢中证A500交易型开放式指数证券投资基金,永赢基金,000510.SH,20250124,
159386.SZ,股票型ETF,A500ETF永赢,永赢中证A500交易型开放式指数证券投资基金,永赢基金,000510.SH,20250124,
159371.SZ,规模指数ETF,创业板50ETF富国,富国创业板50交易型开放式指数证券投资基金,富国基金,399673.SZ,20250124,
159371.SZ,股票型ETF,创业板50ETF富国,富国创业板50交易型开放式指数证券投资基金,富国基金,399673.SZ,20250124,
159373.SZ,规模指数ETF,创业板50ETF嘉实,嘉实创业板50交易型开放式指数证券投资基金,嘉实基金,399673.SZ,20250123,
159373.SZ,股票型ETF,创业板50ETF嘉实,嘉实创业板50交易型开放式指数证券投资基金,嘉实基金,399673.SZ,20250123,
563860.SH,规模指数ETF,A500ETF海富通,海富通中证A500交易型开放式指数证券投资基金,海富通基金,000510.SH,20250122,
563860.SH,股票型ETF,A500ETF海富通,海富通中证A500交易型开放式指数证券投资基金,海富通基金,000510.SH,20250122,
560750.SH,股票型ETF,A500ETF申万菱信,申万菱信中证A500交易型开放式指数证券投资基金,申万菱信基金,000510.SH,20250122,
560750.SH,规模指数ETF,A500ETF申万菱信,申万菱信中证A500交易型开放式指数证券投资基金,申万菱信基金,000510.SH,20250122,
159397.SZ,债券型ETF,信用债ETF广发,广发深证基准做市信用债交易型开放式指数证券投资基金,广发基金,921128.CNI,20250122,
159336.SZ,策略指数ETF,央企红利50ETF,融通中证诚通央企红利交易型开放式指数证券投资基金,融通基金,931132.CSI,20250122,
159336.SZ,股票型ETF,央企红利50ETF,融通中证诚通央企红利交易型开放式指数证券投资基金,融通基金,931132.CSI,20250122,
159398.SZ,债券型ETF,信用债ETF天弘,天弘深证基准做市信用债交易型开放式指数证券投资基金,天弘基金,921128.CNI,20250121,
588870.SH,规模指数ETF,科创50指数ETF,汇添富上证科创板50成份交易型开放式指数证券投资基金,汇添富基金,000688.SH,20250120,
588870.SH,股票型ETF,科创50指数ETF,汇添富上证科创板50成份交易型开放式指数证券投资基金,汇添富基金,000688.SH,20250120,
530800.SH,规模指数ETF,上证180ETF基金,银华上证180交易型开放式指数证券投资基金,银华基金,000010.SH,20250117,
530800.SH,股票型ETF,上证180ETF基金,银华上证180交易型开放式指数证券投资基金,银华基金,000010.SH,20250117,
511200.SH,债券型ETF,信用债ETF基金,华夏上证基准做市公司债交易型开放式指数证券投资基金,华夏基金,950245.CSI,20250116,
511190.SH,债券型ETF,信用债ETF,海富通上证基准做市公司债交易型开放式指数证券投资基金,海富通基金,950245.CSI,20250116,
588730.SH,主题指数ETF,科创人工智能ETF,易方达上证科创板人工智能交易型开放式指数证券投资基金,易方达基金,950180.CSI,20250116,
588730.SH,股票型ETF,科创人工智能ETF,易方达上证科创板人工智能交易型开放式指数证券投资基金,易方达基金,950180.CSI,20250116,
159395.SZ,债券型ETF,信用债ETF大成,大成深证基准做市信用债交易型开放式指数证券投资基金,大成基金,921128.CNI,20250116,
159396.SZ,债券型ETF,信用债ETF博时,博时深证基准做市信用债交易型开放式指数证券投资基金,博时基金,921128.CNI,20250116,
563210.SH,股票型ETF,专精特新ETF,富国恒生A股专精特新企业交易型开放式指数证券投资基金,富国基金,HSCSSE.HI,20250116,
563210.SH,行业指数ETF,专精特新ETF,富国恒生A股专精特新企业交易型开放式指数证券投资基金,富国基金,HSCSSE.HI,20250116,
511110.SH,债券型ETF,公司债ETF易方达,易方达上证基准做市公司债交易型开放式指数证券投资基金,易方达基金,950245.CSI,20250116,
561880.SH,规模指数ETF,A100ETF基金,华富中证A100交易型开放式指数证券投资基金,华富基金,000903.SH,20250115,
561880.SH,股票型ETF,A100ETF基金,华富中证A100交易型开放式指数证券投资基金,华富基金,000903.SH,20250115,
588760.SH,主题指数ETF,人工智能ETF科创,广发上证科创板人工智能交易型开放式指数证券投资基金,广发基金,950180.CSI,20250115,
588760.SH,股票型ETF,人工智能ETF科创,广发上证科创板人工智能交易型开放式指数证券投资基金,广发基金,950180.CSI,20250115,
520550.SH,跨境策略指数ETF,港股红利低波ETF,招商恒生港股通高股息低波动交易型开放式指数证券投资基金,招商基金,HSHYLV.HI,20250115,
520550.SH,跨境ETF,港股红利低波ETF,招商恒生港股通高股息低波动交易型开放式指数证券投资基金,招商基金,HSHYLV.HI,20250115,
530280.SH,股票型ETF,上证180ETF指数基金,平安上证180交易型开放式指数证券投资基金,平安基金,000010.SH,20250115,
530280.SH,规模指数ETF,上证180ETF指数基金,平安上证180交易型开放式指数证券投资基金,平安基金,000010.SH,20250115,
588950.SH,规模指数ETF,科创50ETF景顺,景顺长城上证科创板50成份交易型开放式指数证券投资基金,景顺长城基金,000688.SH,20250115,
588950.SH,股票型ETF,科创50ETF景顺,景顺长城上证科创板50成份交易型开放式指数证券投资基金,景顺长城基金,000688.SH,20250115,
512080.SH,股票型ETF,A500ETF中金,中金中证A500交易型开放式指数证券投资基金,中金基金,000510.SH,20250114,
512080.SH,规模指数ETF,A500ETF中金,中金中证A500交易型开放式指数证券投资基金,中金基金,000510.SH,20250114,
511070.SH,债券型ETF,上证公司债ETF,南方上证基准做市公司债交易型开放式指数证券投资基金,南方基金,950245.CSI,20250113,
159370.SZ,规模指数ETF,创50ETF工银,工银瑞信创业板50交易型开放式指数证券投资基金,工银瑞信基金,399673.SZ,20250110,
159370.SZ,股票型ETF,创50ETF工银,工银瑞信创业板50交易型开放式指数证券投资基金,工银瑞信基金,399673.SZ,20250110,
159379.SZ,规模指数ETF,A500ETF融通,融通中证A500交易型开放式指数证券投资基金,融通基金,000510.SH,20250109,
159379.SZ,股票型ETF,A500ETF融通,融通中证A500交易型开放式指数证券投资基金,融通基金,000510.SH,20250109,
530080.SH,规模指数ETF,上证180ETF天弘,天弘上证180交易型开放式指数证券投资基金,天弘基金,000010.SH,20250108,
530080.SH,股票型ETF,上证180ETF天弘,天弘上证180交易型开放式指数证券投资基金,天弘基金,000010.SH,20250108,
588930.SH,股票型ETF,科创板人工智能ETF,银华上证科创板人工智能交易型开放式指数证券投资基金,银华基金,950180.CSI,20250106,
588930.SH,主题指数ETF,科创板人工智能ETF,银华上证科创板人工智能交易型开放式指数证券投资基金,银华基金,950180.CSI,20250106,
159378.SZ,股票型ETF,通用航空ETF,永赢国证通用航空产业交易型开放式指数证券投资基金,永赢基金,980076.CNI,20250102,
159378.SZ,主题指数ETF,通用航空ETF,永赢国证通用航空产业交易型开放式指数证券投资基金,永赢基金,980076.CNI,20250102,
588790.SH,股票型ETF,科创AIETF,博时上证科创板人工智能交易型开放式指数证券投资基金,博时基金,950180.CSI,20241231,
588790.SH,主题指数ETF,科创AIETF,博时上证科创板人工智能交易型开放式指数证券投资基金,博时基金,950180.CSI,20241231,
530300.SH,股票型ETF,上证180ETF华泰柏瑞,华泰柏瑞上证180交易型开放式指数证券投资基金,华泰柏瑞基金,000010.SH,20241230,
530300.SH,规模指数ETF,上证180ETF华泰柏瑞,华泰柏瑞上证180交易型开放式指数证券投资基金,华泰柏瑞基金,000010.SH,20241230,
159375.SZ,规模指数ETF,创业板50ETF国泰,国泰创业板50交易型开放式指数证券投资基金,国泰基金,399673.SZ,20241230,
159375.SZ,股票型ETF,创业板50ETF国泰,国泰创业板50交易型开放式指数证券投资基金,国泰基金,399673.SZ,20241230,
159380.SZ,股票型ETF,A500ETF东财,西藏东财中证A500交易型开放式指数证券投资基金,东财基金,000510.SH,20241230,
159380.SZ,规模指数ETF,A500ETF东财,西藏东财中证A500交易型开放式指数证券投资基金,东财基金,000510.SH,20241230,
159376.SZ,规模指数ETF,A500ETF指数基金,浦银安盛中证A500交易型开放式指数证券投资基金,浦银安盛基金,000510.SH,20241230,
159376.SZ,股票型ETF,A500ETF指数基金,浦银安盛中证A500交易型开放式指数证券投资基金,浦银安盛基金,000510.SH,20241230,
530580.SH,股票型ETF,上证180ETF南方,南方上证180交易型开放式指数证券投资基金,南方基金,000010.SH,20241230,
530580.SH,规模指数ETF,上证180ETF南方,南方上证180交易型开放式指数证券投资基金,南方基金,000010.SH,20241230,
588810.SH,主题指数ETF,科创芯片ETF富国,富国上证科创板芯片交易型开放式指数证券投资基金,富国基金,000685.SH,20241230,
588810.SH,股票型ETF,科创芯片ETF富国,富国上证科创板芯片交易型开放式指数证券投资基金,富国基金,000685.SH,20241230,
159323.SZ,跨境ETF,港股通汽车ETF,华夏中证港股通汽车产业主题交易型开放式指数证券投资基金,华夏基金,931239.CSI,20241230,
159323.SZ,跨境主题指数ETF,港股通汽车ETF,华夏中证港股通汽车产业主题交易型开放式指数证券投资基金,华夏基金,931239.CSI,20241230,
510040.SH,规模指数ETF,上证180ETF指数,鹏华上证180交易型开放式指数证券投资基金,鹏华基金,000010.SH,20241225,
510040.SH,股票型ETF,上证180ETF指数,鹏华上证180交易型开放式指数证券投资基金,鹏华基金,000010.SH,20241225,
560190.SH,行业指数ETF,公用事业ETF,鹏华中证全指公用事业交易型开放式指数证券投资基金,鹏华基金,000995.CSI,20241225,
560190.SH,股票型ETF,公用事业ETF,鹏华中证全指公用事业交易型开放式指数证券投资基金,鹏华基金,000995.CSI,20241225,
530680.SH,规模指数ETF,上证180指数ETF基金,兴业上证180交易型开放式指数证券投资基金,兴业基金,000010.SH,20241225,
530680.SH,股票型ETF,上证180指数ETF基金,兴业上证180交易型开放式指数证券投资基金,兴业基金,000010.SH,20241225,
588820.SH,股票型ETF,科创200ETF基金,华夏上证科创板200交易型开放式指数证券投资基金,华夏基金,000699.SH,20241223,
588820.SH,规模指数ETF,科创200ETF基金,华夏上证科创板200交易型开放式指数证券投资基金,华夏基金,000699.SH,20241223,
511160.SH,债券型ETF,国债ETF东财,西藏东财中证1-3年国债交易型开放式指数证券投资基金,东财基金,931552.CSI,20241220,
520600.SH,跨境主题指数ETF,港股汽车ETF,广发中证港股通汽车产业主题交易型开放式指数证券投资基金,广发基金,931239.CSI,20241219,
520600.SH,跨境ETF,港股汽车ETF,广发中证港股通汽车产业主题交易型开放式指数证券投资基金,广发基金,931239.CSI,20241219,
560380.SH,规模指数ETF,A100ETF南方,南方中证A100交易型开放式指数证券投资基金,南方基金,000903.SH,20241219,
560380.SH,股票型ETF,A100ETF南方,南方中证A100交易型开放式指数证券投资基金,南方基金,000903.SH,20241219,
530180.SH,规模指数ETF,上证180ETF易方达,易方达上证180交易型开放式指数证券投资基金,易方达基金,000010.SH,20241218,
530180.SH,股票型ETF,上证180ETF易方达,易方达上证180交易型开放式指数证券投资基金,易方达基金,000010.SH,20241218,
588750.SH,主题指数ETF,科创芯片50ETF,汇添富上证科创板芯片交易型开放式指数证券投资基金,汇添富基金,000685.SH,20241218,
588750.SH,股票型ETF,科创芯片50ETF,汇添富上证科创板芯片交易型开放式指数证券投资基金,汇添富基金,000685.SH,20241218,
520500.SH,跨境主题指数ETF,恒生创新药ETF,华泰柏瑞恒生创新药交易型开放式指数证券投资基金(QDII),华泰柏瑞基金,HSIDI.HI,20241216,
520500.SH,跨境ETF,恒生创新药ETF,华泰柏瑞恒生创新药交易型开放式指数证券投资基金(QDII),华泰柏瑞基金,HSIDI.HI,20241216,
588230.SH,股票型ETF,科创200ETF,华泰柏瑞上证科创板200交易型开放式指数证券投资基金,华泰柏瑞基金,000699.SH,20241216,
588230.SH,规模指数ETF,科创200ETF,华泰柏瑞上证科创板200交易型开放式指数证券投资基金,华泰柏瑞基金,000699.SH,20241216,
159320.SZ,行业指数ETF,电网ETF,广发恒生A股电网设备交易型开放式指数证券投资基金,广发基金,HSCAUPG.HI,20241212,
159320.SZ,股票型ETF,电网ETF,广发恒生A股电网设备交易型开放式指数证券投资基金,广发基金,HSCAUPG.HI,20241212,
561380.SH,行业指数ETF,电网ETF,国泰恒生A股电网设备交易型开放式指数证券投资基金,国泰基金,HSCAUPG.HI,20241211,
561380.SH,股票型ETF,电网ETF,国泰恒生A股电网设备交易型开放式指数证券投资基金,国泰基金,HSCAUPG.HI,20241211,
588780.SH,股票型ETF,科创芯片设计ETF,国联安上证科创板芯片设计主题交易型开放式指数证券投资基金,国联安基金,950162.CSI,20241211,
588780.SH,主题指数ETF,科创芯片设计ETF,国联安上证科创板芯片设计主题交易型开放式指数证券投资基金,国联安基金,950162.CSI,20241211,
513750.SH,跨境主题指数ETF,港股通非银ETF,广发中证港股通非银行金融主题交易型开放式指数证券投资基金,广发基金,931024.CSI,20231110,
513750.SH,跨境ETF,港股通非银ETF,广发中证港股通非银行金融主题交易型开放式指数证券投资基金,广发基金,931024.CSI,20231110,
159363.SZ,股票型ETF,创业板人工智能ETF华宝,华宝创业板人工智能交易型开放式指数证券投资基金,华宝基金,970070.CNI,20241206,
159363.SZ,主题指数ETF,创业板人工智能ETF华宝,华宝创业板人工智能交易型开放式指数证券投资基金,华宝基金,970070.CNI,20241206,
159355.SZ,策略指数ETF,800红利低波ETF,华宝中证800红利低波动交易型开放式指数证券投资基金,华宝基金,931848.CSI,20241125,
159355.SZ,股票型ETF,800红利低波ETF,华宝中证800红利低波动交易型开放式指数证券投资基金,华宝基金,931848.CSI,20241125,
560810.SH,股票型ETF,央企ESGETF,融通中证诚通央企ESG交易型开放式指数证券投资基金,融通基金,931243.CSI,20241125,
560810.SH,主题指数ETF,央企ESGETF,融通中证诚通央企ESG交易型开放式指数证券投资基金,融通基金,931243.CSI,20241125,
563500.SH,规模指数ETF,中证A500ETF华宝,华宝中证A500交易型开放式指数证券投资基金,华宝基金,000510.SH,20241122,
563500.SH,股票型ETF,中证A500ETF华宝,华宝中证A500交易型开放式指数证券投资基金,华宝基金,000510.SH,20241122,
159358.SZ,规模指数ETF,中证A500ETF基金,大成中证A500交易型开放式指数证券投资基金,大成基金,000510.SH,20241122,
159358.SZ,股票型ETF,中证A500ETF基金,大成中证A500交易型开放式指数证券投资基金,大成基金,000510.SH,20241122,
159356.SZ,股票型ETF,A500ETF基金,万家中证A500交易型开放式指数证券投资基金,万家基金,000510.SH,20241122,
159356.SZ,规模指数ETF,A500ETF基金,万家中证A500交易型开放式指数证券投资基金,万家基金,000510.SH,20241122,
159735.SZ,跨境主题指数ETF,港股消费ETF,银华中证港股通消费主题交易型开放式指数证券投资基金,银华基金,931454.CSI,20210525,
159735.SZ,跨境ETF,港股消费ETF,银华中证港股通消费主题交易型开放式指数证券投资基金,银华基金,931454.CSI,20210525,
513560.SH,跨境主题指数ETF,香港科技ETF,兴银中证港股通科技交易型开放式指数证券投资基金,兴银基金,931573.CSI,20230131,
513560.SH,跨境ETF,香港科技ETF,兴银中证港股通科技交易型开放式指数证券投资基金,兴银基金,931573.CSI,20230131,
159357.SZ,规模指数ETF,中证A500指数ETF,博时中证A500交易型开放式指数证券投资基金,博时基金,000510.SH,20241121,
159357.SZ,股票型ETF,中证A500指数ETF,博时中证A500交易型开放式指数证券投资基金,博时基金,000510.SH,20241121,
512020.SH,股票型ETF,A500ETF指数,鹏华中证A500交易型开放式指数证券投资基金,鹏华基金,000510.SH,20241121,
512020.SH,规模指数ETF,A500ETF指数,鹏华中证A500交易型开放式指数证券投资基金,鹏华基金,000510.SH,20241121,
159360.SZ,股票型ETF,中证A500ETF天弘,天弘中证A500交易型开放式指数证券投资基金,天弘基金,000510.SH,20241120,
159360.SZ,规模指数ETF,中证A500ETF天弘,天弘中证A500交易型开放式指数证券投资基金,天弘基金,000510.SH,20241120,
513150.SH,跨境主题指数ETF,港股通科技ETF华泰柏瑞,华泰柏瑞中证港股通科技交易型开放式指数证券投资基金,华泰柏瑞基金,931573.CSI,20220125,
513150.SH,跨境ETF,港股通科技ETF华泰柏瑞,华泰柏瑞中证港股通科技交易型开放式指数证券投资基金,华泰柏瑞基金,931573.CSI,20220125,
159362.SZ,规模指数ETF,A500ETF工银,工银瑞信中证A500交易型开放式指数证券投资基金,工银瑞信基金,000510.SH,20241119,
159362.SZ,股票型ETF,A500ETF工银,工银瑞信中证A500交易型开放式指数证券投资基金,工银瑞信基金,000510.SH,20241119,
159359.SZ,规模指数ETF,A500指数ETF,华安中证A500交易型开放式指数证券投资基金,华安基金,000510.SH,20241119,
159359.SZ,股票型ETF,A500指数ETF,华安中证A500交易型开放式指数证券投资基金,华安基金,000510.SH,20241119,
530050.SH,股票型ETF,上证50ETF东财,西藏东财上证50交易型开放式指数证券投资基金,东财基金,000016.SH,20241118,
530050.SH,规模指数ETF,上证50ETF东财,西藏东财上证50交易型开放式指数证券投资基金,东财基金,000016.SH,20241118,
563880.SH,规模指数ETF,中证A500指数ETF,汇添富中证A500交易型开放式指数证券投资基金,汇添富基金,000510.SH,20241118,
563880.SH,股票型ETF,中证A500指数ETF,汇添富中证A500交易型开放式指数证券投资基金,汇添富基金,000510.SH,20241118,
159338.SZ,规模指数ETF,中证A500ETF,国泰中证A500交易型开放式指数证券投资基金,国泰基金,000510.SH,20240926,
159353.SZ,规模指数ETF,中证A500ETF景顺,景顺长城中证A500交易型开放式指数证券投资基金,景顺长城基金,000510.SH,20240924,
159338.SZ,股票型ETF,中证A500ETF,国泰中证A500交易型开放式指数证券投资基金,国泰基金,000510.SH,20240926,
560610.SH,规模指数ETF,A500指数ETF,招商中证A500交易型开放式指数证券投资基金,招商基金,000510.SH,20240926,
560610.SH,股票型ETF,A500指数ETF,招商中证A500交易型开放式指数证券投资基金,招商基金,000510.SH,20240926,
563800.SH,股票型ETF,A500ETF龙头,广发中证A500交易型开放式指数证券投资基金,广发基金,000510.SH,20241111,
159339.SZ,股票型ETF,A500ETF,银华中证A500交易型开放式指数证券投资基金,银华基金,000510.SH,20240926,
563800.SH,规模指数ETF,A500ETF龙头,广发中证A500交易型开放式指数证券投资基金,广发基金,000510.SH,20241111,
560530.SH,股票型ETF,中证A500ETF摩根,摩根中证A500交易型开放式指数证券投资基金,摩根基金,000510.SH,20240924,
560530.SH,规模指数ETF,中证A500ETF摩根,摩根中证A500交易型开放式指数证券投资基金,摩根基金,000510.SH,20240924,
159351.SZ,规模指数ETF,A500ETF嘉实,嘉实中证A500交易型开放式指数证券投资基金,嘉实基金,000510.SH,20240920,
159351.SZ,股票型ETF,A500ETF嘉实,嘉实中证A500交易型开放式指数证券投资基金,嘉实基金,000510.SH,20240920,
159352.SZ,规模指数ETF,A500ETF南方,南方中证A500交易型开放式指数证券投资基金,南方基金,000510.SH,20240925,
159352.SZ,股票型ETF,A500ETF南方,南方中证A500交易型开放式指数证券投资基金,南方基金,000510.SH,20240925,
512050.SH,股票型ETF,A500ETF基金,华夏中证A500交易型开放式指数证券投资基金,华夏基金,000510.SH,20241108,
159339.SZ,规模指数ETF,A500ETF,银华中证A500交易型开放式指数证券投资基金,银华基金,000510.SH,20240926,
512050.SH,规模指数ETF,A500ETF基金,华夏中证A500交易型开放式指数证券投资基金,华夏基金,000510.SH,20241108,
159353.SZ,股票型ETF,中证A500ETF景顺,景顺长城中证A500交易型开放式指数证券投资基金,景顺长城基金,000510.SH,20240924,
560510.SH,股票型ETF,中证A500ETF,泰康中证A500交易型开放式指数证券投资基金,泰康基金,000510.SH,20240927,
560510.SH,规模指数ETF,中证A500ETF,泰康中证A500交易型开放式指数证券投资基金,泰康基金,000510.SH,20240927,
563360.SH,股票型ETF,A500ETF华泰柏瑞,华泰柏瑞中证A500交易型开放式指数证券投资基金,华泰柏瑞基金,000510.SH,20240925,
563220.SH,股票型ETF,中证A500ETF富国,富国中证A500交易型开放式指数证券投资基金,富国基金,000510.SH,20240925,
159361.SZ,规模指数ETF,A500ETF易方达,易方达中证A500交易型开放式指数证券投资基金,易方达基金,000510.SH,20241112,
563360.SH,规模指数ETF,A500ETF华泰柏瑞,华泰柏瑞中证A500交易型开放式指数证券投资基金,华泰柏瑞基金,000510.SH,20240925,
563220.SH,规模指数ETF,中证A500ETF富国,富国中证A500交易型开放式指数证券投资基金,富国基金,000510.SH,20240925,
159361.SZ,股票型ETF,A500ETF易方达,易方达中证A500交易型开放式指数证券投资基金,易方达基金,000510.SH,20241112,
563520.SH,股票型ETF,沪深300ETF永赢,永赢沪深300交易型开放式指数证券投资基金,永赢基金,000300.SH,20241108,
563520.SH,规模指数ETF,沪深300ETF永赢,永赢沪深300交易型开放式指数证券投资基金,永赢基金,000300.SH,20241108,
159328.SZ,主题指数ETF,家电ETF易方达,易方达中证家电龙头交易型开放式指数证券投资基金,易方达基金,931021.CSI,20241107,
159328.SZ,股票型ETF,家电ETF易方达,易方达中证家电龙头交易型开放式指数证券投资基金,易方达基金,931021.CSI,20241107,
513860.SH,跨境ETF,港股通科技ETF,海富通中证港股通科技交易型开放式指数证券投资基金,海富通基金,931573.CSI,20210617,
513860.SH,跨境主题指数ETF,港股通科技ETF,海富通中证港股通科技交易型开放式指数证券投资基金,海富通基金,931573.CSI,20210617,
588070.SH,策略指数ETF,科创板成长ETF,万家上证科创板成长交易型开放式指数证券投资基金,万家基金,000690.SH,20241106,
588070.SH,股票型ETF,科创板成长ETF,万家上证科创板成长交易型开放式指数证券投资基金,万家基金,000690.SH,20241106,
159325.SZ,主题指数ETF,半导体ETF南方,南方中证半导体行业精选交易型开放式指数证券投资基金,南方基金,932066.CSI,20241031,
159325.SZ,股票型ETF,半导体ETF南方,南方中证半导体行业精选交易型开放式指数证券投资基金,南方基金,932066.CSI,20241031,
530880.SH,策略指数ETF,红利ETF国企,银河上证国有企业红利交易型开放式指数证券投资基金,银河基金,000151.SH,20241030,
530880.SH,股票型ETF,红利ETF国企,银河上证国有企业红利交易型开放式指数证券投资基金,银河基金,000151.SH,20241030,
562970.SH,股票型ETF,光伏ETF易方达,易方达中证光伏产业交易型开放式指数证券投资基金,易方达基金,931151.CSI,20241030,
562970.SH,主题指数ETF,光伏ETF易方达,易方达中证光伏产业交易型开放式指数证券投资基金,易方达基金,931151.CSI,20241030,
159590.SZ,股票型ETF,软件50ETF,汇添富中证全指软件交易型开放式指数证券投资基金,汇添富基金,h30202.CSI,20241028,
159590.SZ,主题指数ETF,软件50ETF,汇添富中证全指软件交易型开放式指数证券投资基金,汇添富基金,h30202.CSI,20241028,
159312.SZ,跨境主题指数ETF,恒生ETF港股通,广发恒指港股通交易型开放式指数证券投资基金,广发基金,HSISC.HI,20241024,
159312.SZ,跨境ETF,恒生ETF港股通,广发恒指港股通交易型开放式指数证券投资基金,广发基金,HSISC.HI,20241024,
520520.SH,跨境行业指数ETF,恒生消费ETF华泰柏瑞,华泰柏瑞恒生消费交易型开放式指数证券投资基金(QDII),华泰柏瑞基金,HSCGSI.HI,20241023,
520520.SH,跨境ETF,恒生消费ETF华泰柏瑞,华泰柏瑞恒生消费交易型开放式指数证券投资基金(QDII),华泰柏瑞基金,HSCGSI.HI,20241023,
513780.SH,跨境ETF,港股创新药50ETF,景顺长城中证港股通创新药交易型开放式指数证券投资基金,景顺长城基金,931250.CSI,20241016,
513780.SH,跨境主题指数ETF,港股创新药50ETF,景顺长城中证港股通创新药交易型开放式指数证券投资基金,景顺长城基金,931250.CSI,20241016,
561570.SH,股票型ETF,油气ETF华泰柏瑞,华泰柏瑞中证油气产业交易型开放式指数证券投资基金,华泰柏瑞基金,h30198.CSI,20241009,
561570.SH,行业指数ETF,油气ETF华泰柏瑞,华泰柏瑞中证油气产业交易型开放式指数证券投资基金,华泰柏瑞基金,h30198.CSI,20241009,
159305.SZ,主题指数ETF,储能电池ETF广发,广发国证新能源电池交易型开放式指数证券投资基金,广发基金,980027.CNI,20240918,
159305.SZ,股票型ETF,储能电池ETF广发,广发国证新能源电池交易型开放式指数证券投资基金,广发基金,980027.CNI,20240918,
520700.SH,跨境ETF,港股创新药ETF基金,万家中证港股通创新药交易型开放式指数证券投资基金,万家基金,931250.CSI,20240913,
520700.SH,跨境主题指数ETF,港股创新药ETF基金,万家中证港股通创新药交易型开放式指数证券投资基金,万家基金,931250.CSI,20240913,
560620.SH,行业指数ETF,公用事业ETF基金,万家中证全指公用事业交易型开放式指数证券投资基金,万家基金,000995.CSI,20240911,
560620.SH,股票型ETF,公用事业ETF基金,万家中证全指公用事业交易型开放式指数证券投资基金,万家基金,000995.CSI,20240911,
561930.SH,股票型ETF,沪深300ETF招商,招商沪深300交易型开放式指数证券投资基金,招商基金,000300.SH,20240906,
561930.SH,规模指数ETF,沪深300ETF招商,招商沪深300交易型开放式指数证券投资基金,招商基金,000300.SH,20240906,
530000.SH,规模指数ETF,上证50ETF天弘,天弘上证50交易型开放式指数证券投资基金,天弘基金,000016.SH,20240904,
530000.SH,股票型ETF,上证50ETF天弘,天弘上证50交易型开放式指数证券投资基金,天弘基金,000016.SH,20240904,
520890.SH,跨境策略指数ETF,港股通红利低波ETF,华泰柏瑞恒生港股通高股息低波动交易型开放式指数证券投资基金,华泰柏瑞基金,HSHYLV.HI,20240904,
520890.SH,跨境ETF,港股通红利低波ETF,华泰柏瑞恒生港股通高股息低波动交易型开放式指数证券投资基金,华泰柏瑞基金,HSHYLV.HI,20240904,
159337.SZ,规模指数ETF,中证500ETF基金,西藏东财中证500交易型开放式指数证券投资基金,东财基金,000905.SH,20240902,
159337.SZ,股票型ETF,中证500ETF基金,西藏东财中证500交易型开放式指数证券投资基金,东财基金,000905.SH,20240902,
560890.SH,策略指数ETF,红利低波ETF新华,新华中证红利低波动交易型开放式指数证券投资基金,新华基金,h30269.CSI,20240902,
560890.SH,股票型ETF,红利低波ETF新华,新华中证红利低波动交易型开放式指数证券投资基金,新华基金,h30269.CSI,20240902,
159326.SZ,主题指数ETF,电网设备ETF,华夏中证电网设备主题交易型开放式指数证券投资基金,华夏基金,931994.CSI,20240829,
159326.SZ,股票型ETF,电网设备ETF,华夏中证电网设备主题交易型开放式指数证券投资基金,华夏基金,931994.CSI,20240829,
159302.SZ,跨境主题指数ETF,港股高股息ETF,银华中证港股通高股息投资交易型开放式指数证券投资基金,银华基金,930914.CSI,20240823,
159302.SZ,跨境ETF,港股高股息ETF,银华中证港股通高股息投资交易型开放式指数证券投资基金,银华基金,930914.CSI,20240823,
159335.SZ,主题指数ETF,央企科创ETF,融通中证诚通央企科技创新交易型开放式指数证券投资基金,融通基金,932052.CSI,20240822,
159335.SZ,股票型ETF,央企科创ETF,融通中证诚通央企科技创新交易型开放式指数证券投资基金,融通基金,932052.CSI,20240822,
159333.SZ,跨境ETF,港股央企红利ETF,万家中证港股通央企红利交易型开放式指数证券投资基金,万家基金,931233.CSI,20240821,
159333.SZ,跨境策略指数ETF,港股央企红利ETF,万家中证港股通央企红利交易型开放式指数证券投资基金,万家基金,931233.CSI,20240821,
159569.SZ,跨境策略指数ETF,港股红利低波ETF,景顺长城国证港股通红利低波动率交易型开放式指数证券投资基金,景顺长城基金,987016.CNI,20240814,
159569.SZ,跨境ETF,港股红利低波ETF,景顺长城国证港股通红利低波动率交易型开放式指数证券投资基金,景顺长城基金,987016.CNI,20240814,
520660.SH,跨境ETF,港股通央企红利ETF南方,南方中证国新港股通央企红利交易型开放式指数证券投资基金,南方基金,931722CNY100.CSI,20240626,
520660.SH,跨境策略指数ETF,港股通央企红利ETF南方,南方中证国新港股通央企红利交易型开放式指数证券投资基金,南方基金,931722CNY100.CSI,20240626,
588990.SH,股票型ETF,科创芯片ETF博时,博时上证科创板芯片交易型开放式指数证券投资基金,博时基金,000685.SH,20240808,
588990.SH,主题指数ETF,科创芯片ETF博时,博时上证科创板芯片交易型开放式指数证券投资基金,博时基金,000685.SH,20240808,
588860.SH,股票型ETF,科创医药ETF,工银瑞信上证科创板生物医药交易型开放式指数证券投资基金,工银瑞信基金,000683.SH,20240808,
588860.SH,主题指数ETF,科创医药ETF,工银瑞信上证科创板生物医药交易型开放式指数证券投资基金,工银瑞信基金,000683.SH,20240808,
159587.SZ,主题指数ETF,粮食ETF广发,广发国证粮食产业交易型开放式指数证券投资基金,广发基金,399365.SZ,20240808,
159587.SZ,股票型ETF,粮食ETF广发,广发国证粮食产业交易型开放式指数证券投资基金,广发基金,399365.SZ,20240808,
159330.SZ,股票型ETF,沪深300ETF基金,西藏东财沪深300交易型开放式指数证券投资基金,东财基金,000300.SH,20240801,
159330.SZ,规模指数ETF,沪深300ETF基金,西藏东财沪深300交易型开放式指数证券投资基金,东财基金,000300.SH,20240801,
588830.SH,主题指数ETF,科创新能源ETF,鹏华上证科创板新能源交易型开放式指数证券投资基金,鹏华基金,000692.SH,20240731,
588830.SH,股票型ETF,科创新能源ETF,鹏华上证科创板新能源交易型开放式指数证券投资基金,鹏华基金,000692.SH,20240731,
513230.SH,跨境ETF,港股消费ETF,华夏中证港股通消费主题交易型开放式指数证券投资基金,华夏基金,931454.CSI,20220112,
513230.SH,跨境主题指数ETF,港股消费ETF,华夏中证港股通消费主题交易型开放式指数证券投资基金,华夏基金,931454.CSI,20220112,
159327.SZ,股票型ETF,半导体设备ETF基金,万家中证半导体材料设备主题交易型开放式指数证券投资基金,万家基金,931743.CSI,20240724,
159327.SZ,主题指数ETF,半导体设备ETF基金,万家中证半导体材料设备主题交易型开放式指数证券投资基金,万家基金,931743.CSI,20240724,
159331.SZ,跨境主题指数ETF,红利港股ETF,国泰中证港股通高股息投资交易型开放式指数证券投资基金,国泰基金,930914.CSI,20240723,
159331.SZ,跨境ETF,红利港股ETF,国泰中证港股通高股息投资交易型开放式指数证券投资基金,国泰基金,930914.CSI,20240723,
511580.SH,债券型ETF,国债政金债ETF,招商中证国债及政策性金融债0-3年交易型开放式指数证券投资基金,招商基金,932200.CSI,20240717,
511580.SH,债券型ETF,国债政金债ETF,招商中证国债及政策性金融债0-3年交易型开放式指数证券投资基金,招商基金,930872.CSI,20220915,20240716
159332.SZ,股票型ETF,央企红利ETF,富国中证中央企业红利交易型开放式指数证券投资基金,富国基金,000825.CSI,20240716,
159332.SZ,策略指数ETF,央企红利ETF,富国中证中央企业红利交易型开放式指数证券投资基金,富国基金,000825.CSI,20240716,
159329.SZ,跨境ETF,沙特ETF,南方基金南方东英沙特阿拉伯交易型开放式指数证券投资基金(QDII),南方基金,WISAUNT.FI,20240705,
520830.SH,跨境ETF,沙特ETF,华泰柏瑞南方东英沙特阿拉伯交易型开放式指数证券投资基金(QDII),华泰柏瑞基金,WISAUNT.FI,20240705,
520830.SH,跨境规模指数ETF,沙特ETF,华泰柏瑞南方东英沙特阿拉伯交易型开放式指数证券投资基金(QDII),华泰柏瑞基金,WISAUNT.FI,20240705,
159329.SZ,跨境规模指数ETF,沙特ETF,南方基金南方东英沙特阿拉伯交易型开放式指数证券投资基金(QDII),南方基金,WISAUNT.FI,20240705,
159301.SZ,行业指数ETF,公用事业ETF,华夏中证全指公用事业交易型开放式指数证券投资基金,华夏基金,000995.CSI,20240710,
159301.SZ,股票型ETF,公用事业ETF,华夏中证全指公用事业交易型开放式指数证券投资基金,华夏基金,000995.CSI,20240710,
159583.SZ,股票型ETF,通信设备ETF,富国中证通信设备主题交易型开放式指数证券投资基金,富国基金,931271.CSI,20240628,
159583.SZ,主题指数ETF,通信设备ETF,富国中证通信设备主题交易型开放式指数证券投资基金,富国基金,931271.CSI,20240628,
588680.SH,股票型ETF,科创100增强ETF,广发上证科创板100增强策略交易型开放式指数证券投资基金,广发基金,000698.SH,20240627,
588680.SH,规模指数ETF,科创100增强ETF,广发上证科创板100增强策略交易型开放式指数证券投资基金,广发基金,000698.SH,20240627,
588500.SH,规模指数ETF,科创100增强ETF易方达,易方达上证科创板100增强策略交易型开放式指数证券投资基金,易方达基金,000698.SH,20240627,
588500.SH,股票型ETF,科创100增强ETF易方达,易方达上证科创板100增强策略交易型开放式指数证券投资基金,易方达基金,000698.SH,20240627,
159800.SZ,规模指数ETF,中证800ETF,鹏华中证800交易型开放式指数证券投资基金,鹏华基金,000906.SH,20240627,
159800.SZ,股票型ETF,中证800ETF,鹏华中证800交易型开放式指数证券投资基金,鹏华基金,000906.SH,20240627,
520990.SH,跨境ETF,港股央企红利50ETF,景顺长城中证国新港股通央企红利交易型开放式指数证券投资基金,景顺长城基金,931722.CSI,20240626,
520990.SH,跨境策略指数ETF,港股央企红利50ETF,景顺长城中证国新港股通央企红利交易型开放式指数证券投资基金,景顺长城基金,931722.CSI,20240626,
520900.SH,跨境策略指数ETF,港股通红利ETF广发,广发中证国新港股通央企红利交易型开放式指数证券投资基金,广发基金,931722.CSI,20240626,
520900.SH,跨境ETF,港股通红利ETF广发,广发中证国新港股通央企红利交易型开放式指数证券投资基金,广发基金,931722.CSI,20240626,
159552.SZ,规模指数ETF,中证2000增强ETF,招商中证2000增强策略交易型开放式指数证券投资基金,招商基金,932000.CSI,20240619,
159552.SZ,股票型ETF,中证2000增强ETF,招商中证2000增强策略交易型开放式指数证券投资基金,招商基金,932000.CSI,20240619,
159303.SZ,跨境行业指数ETF,恒生医疗ETF基金,大成恒生医疗保健交易型开放式指数证券投资基金(QDII),大成基金,HSHCI.HI,20240618,
159303.SZ,跨境ETF,恒生医疗ETF基金,大成恒生医疗保健交易型开放式指数证券投资基金(QDII),大成基金,HSHCI.HI,20240618,
159318.SZ,跨境ETF,恒生港股通ETF,银华恒指港股通交易型开放式指数证券投资基金,银华基金,HSISC.HI,20240613,
159318.SZ,跨境主题指数ETF,恒生港股通ETF,银华恒指港股通交易型开放式指数证券投资基金,银华基金,HSISC.HI,20240613,
560360.SH,股票型ETF,软件ETF指数,万家中证软件服务交易型开放式指数证券投资基金,万家基金,930601.CSI,20240613,
560360.SH,主题指数ETF,软件ETF指数,万家中证软件服务交易型开放式指数证券投资基金,万家基金,930601.CSI,20240613,
159558.SZ,主题指数ETF,半导体设备ETF易方达,易方达中证半导体材料设备主题交易型开放式指数证券投资基金,易方达基金,931743.CSI,20240606,
159558.SZ,股票型ETF,半导体设备ETF易方达,易方达中证半导体材料设备主题交易型开放式指数证券投资基金,易方达基金,931743.CSI,20240606,
159322.SZ,主题指数ETF,黄金股票ETF基金,平安中证沪深港黄金产业股票交易型开放式指数证券投资基金,平安基金,931238.CSI,20240605,
159322.SZ,股票型ETF,黄金股票ETF基金,平安中证沪深港黄金产业股票交易型开放式指数证券投资基金,平安基金,931238.CSI,20240605,
159309.SZ,股票型ETF,油气资源ETF,汇添富中证油气资源交易型开放式指数证券投资基金,汇添富基金,931248.CSI,20240531,
159309.SZ,主题指数ETF,油气资源ETF,汇添富中证油气资源交易型开放式指数证券投资基金,汇添富基金,931248.CSI,20240531,
159578.SZ,股票型ETF,深证主板50ETF南方,南方深证主板50交易型开放式指数证券投资基金,南方基金,399750.SZ,20240530,
159578.SZ,规模指数ETF,深证主板50ETF南方,南方深证主板50交易型开放式指数证券投资基金,南方基金,399750.SZ,20240530,
159315.SZ,主题指数ETF,黄金股ETF基金,工银瑞信中证沪深港黄金产业股票交易型开放式指数证券投资基金,工银瑞信基金,931238.CSI,20240530,
159315.SZ,股票型ETF,黄金股ETF基金,工银瑞信中证沪深港黄金产业股票交易型开放式指数证券投资基金,工银瑞信基金,931238.CSI,20240530,
159533.SZ,规模指数ETF,中证2000ETF基金,博时中证2000交易型开放式指数证券投资基金,博时基金,932000.CSI,20240528,
159533.SZ,股票型ETF,中证2000ETF基金,博时中证2000交易型开放式指数证券投资基金,博时基金,932000.CSI,20240528,
159542.SZ,股票型ETF,工程机械ETF,大成中证工程机械主题交易型开放式指数证券投资基金,大成基金,931752.CSI,20240528,
159542.SZ,主题指数ETF,工程机械ETF,大成中证工程机械主题交易型开放式指数证券投资基金,大成基金,931752.CSI,20240528,
563090.SH,规模指数ETF,上证50增强ETF易方达,易方达上证50增强策略交易型开放式指数证券投资基金,易方达基金,000016.SH,20240527,
563090.SH,股票型ETF,上证50增强ETF易方达,易方达上证50增强策略交易型开放式指数证券投资基金,易方达基金,000016.SH,20240527,
159300.SZ,股票型ETF,300ETF,富国沪深300交易型开放式指数证券投资基金,富国基金,000300.SH,20240523,
159300.SZ,规模指数ETF,300ETF,富国沪深300交易型开放式指数证券投资基金,富国基金,000300.SH,20240523,
159588.SZ,股票型ETF,石油天然气ETF,景顺长城国证石油天然气交易型开放式指数证券投资基金,景顺长城基金,399439.SZ,20240523,
159588.SZ,主题指数ETF,石油天然气ETF,景顺长城国证石油天然气交易型开放式指数证券投资基金,景顺长城基金,399439.SZ,20240523,
563150.SH,股票型ETF,油气资源ETF,银华中证油气资源交易型开放式指数证券投资基金,银华基金,931248.CSI,20240522,
563150.SH,主题指数ETF,油气资源ETF,银华中证油气资源交易型开放式指数证券投资基金,银华基金,931248.CSI,20240522,
159511.SZ,行业指数ETF,通信ETF南方,南方中证通信服务交易型开放式指数证券投资基金,南方基金,000936.CSI,20230728,
159511.SZ,股票型ETF,通信ETF南方,南方中证通信服务交易型开放式指数证券投资基金,南方基金,000936.CSI,20230728,
159321.SZ,股票型ETF,黄金股票ETF,华安中证沪深港黄金产业股票交易型开放式指数证券投资基金,华安基金,931238.CSI,20240509,
159321.SZ,主题指数ETF,黄金股票ETF,华安中证沪深港黄金产业股票交易型开放式指数证券投资基金,华安基金,931238.CSI,20240509,
159597.SZ,风格指数ETF,创业板成长ETF易方达,易方达创业板成长交易型开放式指数证券投资基金,易方达基金,399667.SZ,20240508,
159597.SZ,股票型ETF,创业板成长ETF易方达,易方达创业板成长交易型开放式指数证券投资基金,易方达基金,399667.SZ,20240508,
159528.SZ,股票型ETF,国企改革ETF,富国中证国有企业改革交易型开放式指数证券投资基金,富国基金,399974.SZ,20240507,
159528.SZ,主题指数ETF,国企改革ETF,富国中证国有企业改革交易型开放式指数证券投资基金,富国基金,399974.SZ,20240507,
159525.SZ,策略指数ETF,红利低波ETF,富国中证红利低波动交易型开放式指数证券投资基金,富国基金,h30269.CSI,20240507,
159525.SZ,股票型ETF,红利低波ETF,富国中证红利低波动交易型开放式指数证券投资基金,富国基金,h30269.CSI,20240507,
159557.SZ,跨境ETF,恒生医疗ETF,嘉实恒生医疗保健交易型开放式指数证券投资基金(QDII),嘉实基金,HSHCI.HI,20240507,
159557.SZ,跨境行业指数ETF,恒生医疗ETF,嘉实恒生医疗保健交易型开放式指数证券投资基金(QDII),嘉实基金,HSHCI.HI,20240507,
563180.SH,策略指数ETF,高股息ETF,银华中证高股息策略交易型开放式指数证券投资基金,银华基金,h30366.CSI,20240506,
563180.SH,股票型ETF,高股息ETF,银华中证高股息策略交易型开放式指数证券投资基金,银华基金,h30366.CSI,20240506,
562700.SH,主题指数ETF,汽车零部件ETF,华夏中证汽车零部件主题交易型开放式指数证券投资基金,华夏基金,931230.CSI,20240506,
562700.SH,股票型ETF,汽车零部件ETF,华夏中证汽车零部件主题交易型开放式指数证券投资基金,华夏基金,931230.CSI,20240506,
588450.SH,规模指数ETF,科创50ETF增强,招商上证科创板50成份增强策略交易型开放式指数证券投资基金,招商基金,000688.SH,20240506,
588450.SH,股票型ETF,科创50ETF增强,招商上证科创板50成份增强策略交易型开放式指数证券投资基金,招商基金,000688.SH,20240506,
510720.SH,股票型ETF,红利国企ETF,国泰上证国有企业红利交易型开放式指数证券投资基金,国泰基金,000151.SH,20240430,
510720.SH,策略指数ETF,红利国企ETF,国泰上证国有企业红利交易型开放式指数证券投资基金,国泰基金,000151.SH,20240430,
159306.SZ,主题指数ETF,汽车零件ETF,平安中证汽车零部件主题交易型开放式指数证券投资基金,平安基金,931230.CSI,20240429,
159306.SZ,股票型ETF,汽车零件ETF,平安中证汽车零部件主题交易型开放式指数证券投资基金,平安基金,931230.CSI,20240429,
562340.SH,策略指数ETF,中证500成长ETF,银华中证500质量成长交易型开放式指数证券投资基金,银华基金,930939.CSI,20240425,
562340.SH,股票型ETF,中证500成长ETF,银华中证500质量成长交易型开放式指数证券投资基金,银华基金,930939.CSI,20240425,
510950.SH,规模指数ETF,上证50ETF广发,广发上证50交易型开放式指数证券投资基金,广发基金,000016.SH,20240424,
510950.SH,股票型ETF,上证50ETF广发,广发上证50交易型开放式指数证券投资基金,广发基金,000016.SH,20240424,
517400.SH,股票型ETF,黄金股票ETF,国泰中证沪深港黄金产业股票交易型开放式指数证券投资基金,国泰基金,931238.CSI,20240424,
517400.SH,主题指数ETF,黄金股票ETF,国泰中证沪深港黄金产业股票交易型开放式指数证券投资基金,国泰基金,931238.CSI,20240424,
513820.SH,跨境ETF,港股红利ETF基金,汇添富中证港股通高股息投资交易型开放式指数证券投资基金,汇添富基金,930914.CSI,20240424,
513820.SH,跨境主题指数ETF,港股红利ETF基金,汇添富中证港股通高股息投资交易型开放式指数证券投资基金,汇添富基金,930914.CSI,20240424,
562570.SH,主题指数ETF,信创ETF,华夏中证信息技术应用创新产业交易型开放式指数证券投资基金,华夏基金,931247.CSI,20240419,
562570.SH,股票型ETF,信创ETF,华夏中证信息技术应用创新产业交易型开放式指数证券投资基金,华夏基金,931247.CSI,20240419,
561760.SH,主题指数ETF,油气ETF博时,博时中证油气资源交易型开放式指数证券投资基金,博时基金,931248.CSI,20240419,
561760.SH,股票型ETF,油气ETF博时,博时中证油气资源交易型开放式指数证券投资基金,博时基金,931248.CSI,20240419,
159599.SZ,主题指数ETF,芯片ETF基金,西藏东财中证芯片产业交易型开放式指数证券投资基金,东财基金,h30007.CSI,20240419,
159599.SZ,股票型ETF,芯片ETF基金,西藏东财中证芯片产业交易型开放式指数证券投资基金,东财基金,h30007.CSI,20240419,
159310.SZ,股票型ETF,芯片ETF天弘,天弘中证芯片产业交易型开放式指数证券投资基金,天弘基金,h30007.CSI,20240418,
159310.SZ,主题指数ETF,芯片ETF天弘,天弘中证芯片产业交易型开放式指数证券投资基金,天弘基金,h30007.CSI,20240418,
159307.SZ,股票型ETF,红利低波100ETF,博时中证红利低波动100交易型开放式指数证券投资基金,博时基金,930955.CSI,20240416,
159307.SZ,策略指数ETF,红利低波100ETF,博时中证红利低波动100交易型开放式指数证券投资基金,博时基金,930955.CSI,20240416,
159526.SZ,主题指数ETF,机器人ETF嘉实,嘉实中证机器人交易型开放式指数证券投资基金,嘉实基金,h30590.CSI,20240416,
159526.SZ,股票型ETF,机器人ETF嘉实,嘉实中证机器人交易型开放式指数证券投资基金,嘉实基金,h30590.CSI,20240416,
588890.SH,股票型ETF,科创芯片ETF南方,南方上证科创板芯片交易型开放式指数证券投资基金,南方基金,000685.SH,20240415,
588890.SH,主题指数ETF,科创芯片ETF南方,南方上证科创板芯片交易型开放式指数证券投资基金,南方基金,000685.SH,20240415,
562820.SH,行业指数ETF,集成电路ETF,嘉实中证全指集成电路交易型开放式指数证券投资基金,嘉实基金,932087.CSI,20240412,
562820.SH,股票型ETF,集成电路ETF,嘉实中证全指集成电路交易型开放式指数证券投资基金,嘉实基金,932087.CSI,20240412,
513170.SH,跨境ETF,恒生央企ETF,鹏华恒生中国央企交易型开放式指数证券投资基金(QDII),鹏华基金,HSCSOE.HI,20240410,
513170.SH,跨境主题指数ETF,恒生央企ETF,鹏华恒生中国央企交易型开放式指数证券投资基金(QDII),鹏华基金,HSCSOE.HI,20240410,
513210.SH,跨境规模指数ETF,恒生ETF易方达,易方达恒生交易型开放式指数证券投资基金(QDII),易方达基金,HSI.HI,20240410,
513210.SH,跨境ETF,恒生ETF易方达,易方达恒生交易型开放式指数证券投资基金(QDII),易方达基金,HSI.HI,20240410,
560520.SH,策略指数ETF,红利低波100ETF基金,大成中证红利低波动100交易型开放式指数证券投资基金,大成基金,930955.CSI,20240408,
560520.SH,股票型ETF,红利低波100ETF基金,大成中证红利低波动100交易型开放式指数证券投资基金,大成基金,930955.CSI,20240408,
159582.SZ,股票型ETF,半导体产业ETF,博时中证半导体产业交易型开放式指数证券投资基金,博时基金,931865.CSI,20240408,
159582.SZ,主题指数ETF,半导体产业ETF,博时中证半导体产业交易型开放式指数证券投资基金,博时基金,931865.CSI,20240408,
159561.SZ,跨境规模指数ETF,德国ETF,嘉实德国DAX交易型开放式指数证券投资基金(QDII),嘉实基金,GDAXI.GI,20240403,
159561.SZ,跨境ETF,德国ETF,嘉实德国DAX交易型开放式指数证券投资基金(QDII),嘉实基金,GDAXI.GI,20240403,
560690.SH,股票型ETF,电信ETF基金,鹏华中证电信主题交易型开放式指数证券投资基金,鹏华基金,931235.CSI,20240401,
560690.SH,主题指数ETF,电信ETF基金,鹏华中证电信主题交易型开放式指数证券投资基金,鹏华基金,931235.CSI,20240401,
560850.SH,股票型ETF,信创50ETF,汇添富中证信息技术应用创新产业交易型开放式指数证券投资基金,汇添富基金,931247.CSI,20240401,
560850.SH,主题指数ETF,信创50ETF,汇添富中证信息技术应用创新产业交易型开放式指数证券投资基金,汇添富基金,931247.CSI,20240401,
563280.SH,规模指数ETF,A50增强ETF,富国MSCI中国A50互联互通增强策略交易型开放式指数证券投资基金,富国基金,746059.MI,20240401,
563280.SH,股票型ETF,A50增强ETF,富国MSCI中国A50互联互通增强策略交易型开放式指数证券投资基金,富国基金,746059.MI,20240401,
562560.SH,股票型ETF,信息技术ETF,华夏中证全指信息技术交易型开放式指数证券投资基金,华夏基金,000993.SH,20240327,
562560.SH,行业指数ETF,信息技术ETF,华夏中证全指信息技术交易型开放式指数证券投资基金,华夏基金,000993.SH,20240327,
159545.SZ,跨境ETF,恒生红利低波ETF,易方达恒生港股通高股息低波动交易型开放式指数证券投资基金,易方达基金,HSHYLV.HI,20240327,
159545.SZ,跨境策略指数ETF,恒生红利低波ETF,易方达恒生港股通高股息低波动交易型开放式指数证券投资基金,易方达基金,HSHYLV.HI,20240327,
159553.SZ,股票型ETF,2000ETF增强,海富通中证2000增强策略交易型开放式指数证券投资基金,海富通基金,932000.CSI,20240327,
159553.SZ,规模指数ETF,2000ETF增强,海富通中证2000增强策略交易型开放式指数证券投资基金,海富通基金,932000.CSI,20240327,
511130.SH,债券型ETF,30年国债ETF博时,博时上证30年期国债交易型开放式指数证券投资基金,博时基金,950175.CSI,20240320,
562580.SH,行业指数ETF,可选消费ETF,华夏中证全指可选消费交易型开放式指数证券投资基金,华夏基金,000989.SH,20240318,
562580.SH,股票型ETF,可选消费ETF,华夏中证全指可选消费交易型开放式指数证券投资基金,华夏基金,000989.SH,20240318,
560150.SH,股票型ETF,红利低波ETF泰康,泰康中证红利低波动交易型开放式指数证券投资基金,泰康基金,h30269.CSI,20240315,
560150.SH,策略指数ETF,红利低波ETF泰康,泰康中证红利低波动交易型开放式指数证券投资基金,泰康基金,h30269.CSI,20240315,
159589.SZ,策略指数ETF,红利ETF广发,广发中证红利交易型开放式指数证券投资基金,广发基金,000922.CSI,20240314,
159589.SZ,股票型ETF,红利ETF广发,广发中证红利交易型开放式指数证券投资基金,广发基金,000922.CSI,20240314,
159591.SZ,规模指数ETF,中证A50ETF,富国中证A50交易型开放式指数证券投资基金,富国基金,930050.CSI,20240307,
159591.SZ,股票型ETF,中证A50ETF,富国中证A50交易型开放式指数证券投资基金,富国基金,930050.CSI,20240307,
562890.SH,股票型ETF,A50ETF嘉实,嘉实中证A50交易型开放式指数证券投资基金,嘉实基金,930050.CSI,20240307,
562890.SH,规模指数ETF,A50ETF嘉实,嘉实中证A50交易型开放式指数证券投资基金,嘉实基金,930050.CSI,20240307,
159586.SZ,股票型ETF,计算机ETF南方,南方中证全指计算机交易型开放式指数证券投资基金,南方基金,h30182.CSI,20240307,
159586.SZ,行业指数ETF,计算机ETF南方,南方中证全指计算机交易型开放式指数证券投资基金,南方基金,h30182.CSI,20240307,
159596.SZ,规模指数ETF,A50ETF华宝,华宝中证A50交易型开放式指数证券投资基金,华宝基金,930050.CSI,20240307,
159596.SZ,股票型ETF,A50ETF华宝,华宝中证A50交易型开放式指数证券投资基金,华宝基金,930050.CSI,20240307,
159581.SZ,策略指数ETF,红利ETF基金,万家中证红利交易型开放式指数证券投资基金,万家基金,000922.CSI,20240306,
159581.SZ,股票型ETF,红利ETF基金,万家中证红利交易型开放式指数证券投资基金,万家基金,000922.CSI,20240306,
563350.SH,股票型ETF,中证A50ETF,华泰柏瑞中证A50交易型开放式指数证券投资基金,华泰柏瑞基金,930050.CSI,20240306,
563350.SH,规模指数ETF,中证A50ETF,华泰柏瑞中证A50交易型开放式指数证券投资基金,华泰柏瑞基金,930050.CSI,20240306,
561230.SH,规模指数ETF,中证A50ETF基金,工银瑞信中证A50交易型开放式指数证券投资基金,工银瑞信基金,930050.CSI,20240306,
561230.SH,股票型ETF,中证A50ETF基金,工银瑞信中证A50交易型开放式指数证券投资基金,工银瑞信基金,930050.CSI,20240306,
563080.SH,规模指数ETF,中证A50ETF易方达,易方达中证A50交易型开放式指数证券投资基金,易方达基金,930050.CSI,20240306,
563080.SH,股票型ETF,中证A50ETF易方达,易方达中证A50交易型开放式指数证券投资基金,易方达基金,930050.CSI,20240306,
159592.SZ,股票型ETF,A50ETF基金,银华中证A50交易型开放式指数证券投资基金,银华基金,930050.CSI,20240306,
159592.SZ,规模指数ETF,A50ETF基金,银华中证A50交易型开放式指数证券投资基金,银华基金,930050.CSI,20240306,
159595.SZ,规模指数ETF,中证A50ETF基金,大成中证A50交易型开放式指数证券投资基金,大成基金,930050.CSI,20240306,
159595.SZ,股票型ETF,中证A50ETF基金,大成中证A50交易型开放式指数证券投资基金,大成基金,930050.CSI,20240306,
560350.SH,规模指数ETF,中证A50ETF指数基金,摩根中证A50交易型开放式指数证券投资基金,摩根基金,930050.CSI,20240305,
560350.SH,股票型ETF,中证A50ETF指数基金,摩根中证A50交易型开放式指数证券投资基金,摩根基金,930050.CSI,20240305,
159593.SZ,规模指数ETF,中证A50指数ETF,平安中证A50交易型开放式指数证券投资基金,平安基金,930050.CSI,20240304,
159593.SZ,股票型ETF,中证A50指数ETF,平安中证A50交易型开放式指数证券投资基金,平安基金,930050.CSI,20240304,
511090.SH,债券型ETF,30年国债ETF,鹏扬中债-30年期国债交易型开放式指数证券投资基金,鹏扬基金,CBA21801.CS,20230519,
159568.SZ,跨境主题指数ETF,港股互联网ETF,博时中证港股通互联网交易型开放式指数证券投资基金,博时基金,931637.CSI,20240208,
159568.SZ,跨境ETF,港股互联网ETF,博时中证港股通互联网交易型开放式指数证券投资基金,博时基金,931637.CSI,20240208,
159565.SZ,主题指数ETF,汽车零部件ETF,易方达中证汽车零部件主题交易型开放式指数证券投资基金,易方达基金,931230.CSI,20240208,
159565.SZ,股票型ETF,汽车零部件ETF,易方达中证汽车零部件主题交易型开放式指数证券投资基金,易方达基金,931230.CSI,20240208,
513910.SH,跨境策略指数ETF,港股央企红利ETF,华夏中证港股通央企红利交易型开放式指数证券投资基金,华夏基金,931233.CSI,20240207,
513910.SH,跨境ETF,港股央企红利ETF,华夏中证港股通央企红利交易型开放式指数证券投资基金,华夏基金,931233.CSI,20240207,
159577.SZ,跨境规模指数ETF,美国50ETF,汇添富MSCI美国50交易型开放式指数证券投资基金(QDII),汇添富基金,750108.MI,20240205,
159577.SZ,跨境ETF,美国50ETF,汇添富MSCI美国50交易型开放式指数证券投资基金(QDII),汇添富基金,750108.MI,20240205,
159563.SZ,规模指数ETF,创业板综ETF华夏,华夏创业板综合交易型开放式指数证券投资基金,华夏基金,399102.SZ,20240201,
159563.SZ,股票型ETF,创业板综ETF华夏,华夏创业板综合交易型开放式指数证券投资基金,华夏基金,399102.SZ,20240201,
159566.SZ,股票型ETF,储能电池ETF,易方达国证新能源电池交易型开放式指数证券投资基金,易方达基金,980027.CNI,20240131,
159566.SZ,主题指数ETF,储能电池ETF,易方达国证新能源电池交易型开放式指数证券投资基金,易方达基金,980027.CNI,20240131,
159547.SZ,股票型ETF,红利低波ETF基金,华夏中证红利低波动交易型开放式指数证券投资基金,华夏基金,h30269.CSI,20240125,
159547.SZ,策略指数ETF,红利低波ETF基金,华夏中证红利低波动交易型开放式指数证券投资基金,华夏基金,h30269.CSI,20240125,
159529.SZ,跨境行业指数ETF,标普消费ETF,景顺长城标普消费精选交易型开放式指数证券投资基金(QDII),景顺长城基金,SP5CSSUP.SPI,20240124,
159529.SZ,跨境ETF,标普消费ETF,景顺长城标普消费精选交易型开放式指数证券投资基金(QDII),景顺长城基金,SP5CSSUP.SPI,20240124,
159527.SZ,股票型ETF,云计算ETF广发,广发中证云计算与大数据主题交易型开放式指数证券投资基金,广发基金,930851.CSI,20240122,
159527.SZ,主题指数ETF,云计算ETF广发,广发中证云计算与大数据主题交易型开放式指数证券投资基金,广发基金,930851.CSI,20240122,
513400.SH,跨境主题指数ETF,道琼斯ETF,鹏华道琼斯工业平均交易型开放式指数证券投资基金(QDII),鹏华基金,DJI.GI,20240117,
513400.SH,跨境ETF,道琼斯ETF,鹏华道琼斯工业平均交易型开放式指数证券投资基金(QDII),鹏华基金,DJI.GI,20240117,
159562.SZ,主题指数ETF,黄金股ETF,华夏中证沪深港黄金产业股票交易型开放式指数证券投资基金,华夏基金,931238.CSI,20240111,
159562.SZ,股票型ETF,黄金股ETF,华夏中证沪深港黄金产业股票交易型开放式指数证券投资基金,华夏基金,931238.CSI,20240111,
159530.SZ,主题指数ETF,机器人ETF易方达,易方达国证机器人产业交易型开放式指数证券投资基金,易方达基金,980022.CNI,20240110,
159530.SZ,股票型ETF,机器人ETF易方达,易方达国证机器人产业交易型开放式指数证券投资基金,易方达基金,980022.CNI,20240110,
159567.SZ,跨境主题指数ETF,港股创新药ETF,银华国证港股通创新药交易型开放式指数证券投资基金,银华基金,987018.CNI,20240103,
159567.SZ,跨境ETF,港股创新药ETF,银华国证港股通创新药交易型开放式指数证券投资基金,银华基金,987018.CNI,20240103,
159570.SZ,跨境ETF,港股通创新药ETF,汇添富国证港股通创新药交易型开放式指数证券投资基金,汇添富基金,987018.CNI,20231228,
159570.SZ,跨境主题指数ETF,港股通创新药ETF,汇添富国证港股通创新药交易型开放式指数证券投资基金,汇添富基金,987018.CNI,20231228,
588700.SH,主题指数ETF,科创医药ETF嘉实,嘉实上证科创板生物医药交易型开放式指数证券投资基金,嘉实基金,000683.SH,20231227,
588700.SH,股票型ETF,科创医药ETF嘉实,嘉实上证科创板生物医药交易型开放式指数证券投资基金,嘉实基金,000683.SH,20231227,
159556.SZ,规模指数ETF,中证2000ETF增强,平安中证2000增强策略交易型开放式指数证券投资基金,平安基金,932000.CSI,20231227,
159556.SZ,股票型ETF,中证2000ETF增强,平安中证2000增强策略交易型开放式指数证券投资基金,平安基金,932000.CSI,20231227,
159502.SZ,跨境ETF,标普生物科技ETF,嘉实标普生物科技精选行业交易型开放式指数证券投资基金(QDII),嘉实基金,SPSIBI.SPI,20231226,
159502.SZ,跨境行业指数ETF,标普生物科技ETF,嘉实标普生物科技精选行业交易型开放式指数证券投资基金(QDII),嘉实基金,SPSIBI.SPI,20231226,
159941.SZ,跨境规模指数ETF,纳指ETF,广发纳斯达克100交易型开放式指数证券投资基金,广发基金,NDX.GI,20150610,
159941.SZ,跨境ETF,纳指ETF,广发纳斯达克100交易型开放式指数证券投资基金,广发基金,NDX.GI,20150610,
513100.SH,跨境规模指数ETF,纳指ETF,纳斯达克100交易型开放式指数证券投资基金,国泰基金,NDX.GI,20130425,
513100.SH,跨境ETF,纳指ETF,纳斯达克100交易型开放式指数证券投资基金,国泰基金,NDX.GI,20130425,
561200.SH,股票型ETF,中证A100ETF工银,工银瑞信中证A100交易型开放式指数证券投资基金,工银瑞信基金,000903.SH,20231222,
561200.SH,规模指数ETF,中证A100ETF工银,工银瑞信中证A100交易型开放式指数证券投资基金,工银瑞信基金,000903.SH,20231222,
159576.SZ,股票型ETF,深证100ETF广发,广发深证100交易型开放式指数证券投资基金,广发基金,399330.SZ,20231221,
159576.SZ,规模指数ETF,深证100ETF广发,广发深证100交易型开放式指数证券投资基金,广发基金,399330.SZ,20231221,
513920.SH,跨境ETF,港股通央企红利ETF,华安恒生港股通中国央企红利交易型开放式指数证券投资基金,华安基金,HSSCSOY.HI,20231220,
513920.SH,跨境策略指数ETF,港股通央企红利ETF,华安恒生港股通中国央企红利交易型开放式指数证券投资基金,华安基金,HSSCSOY.HI,20231220,
159575.SZ,股票型ETF,创业板200ETF银华,银华创业板中盘200交易型开放式指数证券投资基金,银华基金,399019.SZ,20231220,
159575.SZ,规模指数ETF,创业板200ETF银华,银华创业板中盘200交易型开放式指数证券投资基金,银华基金,399019.SZ,20231220,
159571.SZ,股票型ETF,创业板200ETF富国,富国创业板中盘200交易型开放式指数证券投资基金,富国基金,399019.SZ,20231220,
159571.SZ,规模指数ETF,创业板200ETF富国,富国创业板中盘200交易型开放式指数证券投资基金,富国基金,399019.SZ,20231220,
159572.SZ,规模指数ETF,创业板200ETF易方达,易方达创业板中盘200交易型开放式指数证券投资基金,易方达基金,399019.SZ,20231215,
159572.SZ,股票型ETF,创业板200ETF易方达,易方达创业板中盘200交易型开放式指数证券投资基金,易方达基金,399019.SZ,20231215,
159573.SZ,规模指数ETF,创业板200ETF华夏,华夏创业板中盘200交易型开放式指数证券投资基金,华夏基金,399019.SZ,20231215,
159573.SZ,股票型ETF,创业板200ETF华夏,华夏创业板中盘200交易型开放式指数证券投资基金,华夏基金,399019.SZ,20231215,
511100.SH,债券型ETF,基准国债ETF,华夏上证基准做市国债交易型开放式指数证券投资基金,华夏基金,950243.CSI,20231213,
588900.SH,规模指数ETF,科创100ETF南方,南方上证科创板100交易型开放式指数证券投资基金,南方基金,000698.SH,20231208,
588900.SH,股票型ETF,科创100ETF南方,南方上证科创板100交易型开放式指数证券投资基金,南方基金,000698.SH,20231208,
562060.SH,策略指数ETF,标普红利ETF,华宝标普中国A股红利机会交易型开放式指数证券投资基金,华宝基金,CSPSADRP.CI,20231208,
562060.SH,股票型ETF,标普红利ETF,华宝标普中国A股红利机会交易型开放式指数证券投资基金,华宝基金,CSPSADRP.CI,20231208,
563020.SH,股票型ETF,红利低波动ETF,易方达中证红利低波动交易型开放式指数证券投资基金,易方达基金,h30269.CSI,20231206,
563020.SH,策略指数ETF,红利低波动ETF,易方达中证红利低波动交易型开放式指数证券投资基金,易方达基金,h30269.CSI,20231206,
560300.SH,股票型ETF,电信50ETF,汇添富中证电信主题交易型开放式指数证券投资基金,汇添富基金,931235.CSI,20231205,
560300.SH,主题指数ETF,电信50ETF,汇添富中证电信主题交易型开放式指数证券投资基金,汇添富基金,931235.CSI,20231205,
560780.SH,股票型ETF,芯片设备ETF,广发中证半导体材料设备主题交易型开放式指数证券投资基金,广发基金,931743.CSI,20231201,
560780.SH,主题指数ETF,芯片设备ETF,广发中证半导体材料设备主题交易型开放式指数证券投资基金,广发基金,931743.CSI,20231201,
159555.SZ,股票型ETF,2000增强ETF,银华中证2000增强策略交易型开放式指数证券投资基金,银华基金,932000.CSI,20231201,
159555.SZ,规模指数ETF,2000增强ETF,银华中证2000增强策略交易型开放式指数证券投资基金,银华基金,932000.CSI,20231201,
159559.SZ,股票型ETF,机器人50ETF,景顺长城国证机器人产业交易型开放式指数证券投资基金,景顺长城基金,980022.CNI,20231130,
159559.SZ,主题指数ETF,机器人50ETF,景顺长城国证机器人产业交易型开放式指数证券投资基金,景顺长城基金,980022.CNI,20231130,
159350.SZ,股票型ETF,深证50ETF富国,富国深证50交易型开放式指数证券投资基金,富国基金,399850.SZ,20231130,
159350.SZ,规模指数ETF,深证50ETF富国,富国深证50交易型开放式指数证券投资基金,富国基金,399850.SZ,20231130,
159150.SZ,规模指数ETF,深证50ETF易方达,易方达深证50交易型开放式指数证券投资基金,易方达基金,399850.SZ,20231129,
159150.SZ,股票型ETF,深证50ETF易方达,易方达深证50交易型开放式指数证券投资基金,易方达基金,399850.SZ,20231129,
513630.SH,跨境ETF,港股红利指数ETF,摩根标普港股通低波红利交易型开放式指数证券投资基金,摩根基金,SPAHLVCP.SPI,20231123,
513630.SH,跨境策略指数ETF,港股红利指数ETF,摩根标普港股通低波红利交易型开放式指数证券投资基金,摩根基金,SPAHLVCP.SPI,20231123,
562600.SH,行业指数ETF,医疗器械ETF,华夏中证全指医疗器械交易型开放式指数证券投资基金,华夏基金,h30217.CSI,20231123,
562600.SH,股票型ETF,医疗器械ETF,华夏中证全指医疗器械交易型开放式指数证券投资基金,华夏基金,h30217.CSI,20231123,
159661.SZ,股票型ETF,A100ETF嘉实,嘉实中证A100交易型开放式指数证券投资基金,嘉实基金,000903.SH,20231123,
159661.SZ,规模指数ETF,A100ETF嘉实,嘉实中证A100交易型开放式指数证券投资基金,嘉实基金,000903.SH,20231123,
159549.SZ,策略指数ETF,红利低波ETF天弘,天弘中证红利低波动100交易型开放式指数证券投资基金,天弘基金,930955.CSI,20231123,
159549.SZ,股票型ETF,红利低波ETF天弘,天弘中证红利低波动100交易型开放式指数证券投资基金,天弘基金,930955.CSI,20231123,
159505.SZ,股票型ETF,国证2000指数ETF,博时国证2000交易型开放式指数证券投资基金,博时基金,399303.SZ,20231123,
159505.SZ,规模指数ETF,国证2000指数ETF,博时国证2000交易型开放式指数证券投资基金,博时基金,399303.SZ,20231123,
510980.SH,规模指数ETF,上证综合ETF,汇添富上证综合交易型开放式指数证券投资基金,汇添富基金,000001.SH,20231122,
510980.SH,股票型ETF,上证综合ETF,汇添富上证综合交易型开放式指数证券投资基金,汇添富基金,000001.SH,20231122,
561010.SH,行业指数ETF,软件ETF基金,华安中证全指软件开发交易型开放式指数证券投资基金,华安基金,932094.CSI,20231121,
561010.SH,股票型ETF,软件ETF基金,华安中证全指软件开发交易型开放式指数证券投资基金,华安基金,932094.CSI,20231121,
513700.SH,跨境行业指数ETF,香港医药ETF,鹏华中证港股通医药卫生综合交易型开放式指数证券投资基金,鹏华基金,930965.CSI,20210713,
513700.SH,跨境ETF,香港医药ETF,鹏华中证港股通医药卫生综合交易型开放式指数证券投资基金,鹏华基金,930965.CSI,20210713,
159560.SZ,股票型ETF,芯片ETF景顺,景顺长城中证芯片产业交易型开放式指数证券投资基金,景顺长城基金,h30007.CSI,20231109,
159560.SZ,主题指数ETF,芯片ETF景顺,景顺长城中证芯片产业交易型开放式指数证券投资基金,景顺长城基金,h30007.CSI,20231109,
159543.SZ,规模指数ETF,国证2000ETF基金,工银瑞信国证2000交易型开放式指数证券投资基金,工银瑞信基金,399303.SZ,20231109,
159543.SZ,股票型ETF,国证2000ETF基金,工银瑞信国证2000交易型开放式指数证券投资基金,工银瑞信基金,399303.SZ,20231109,
588800.SH,股票型ETF,科创100ETF华夏,华夏上证科创板100交易型开放式指数证券投资基金,华夏基金,000698.SH,20231108,
588800.SH,规模指数ETF,科创100ETF华夏,华夏上证科创板100交易型开放式指数证券投资基金,华夏基金,000698.SH,20231108,
588880.SH,规模指数ETF,科创100ETF华泰柏瑞,华泰柏瑞上证科创板100交易型开放式指数证券投资基金,华泰柏瑞基金,000698.SH,20231108,
588880.SH,股票型ETF,科创100ETF华泰柏瑞,华泰柏瑞上证科创板100交易型开放式指数证券投资基金,华泰柏瑞基金,000698.SH,20231108,
588210.SH,股票型ETF,科创100ETF易方达,易方达上证科创板100交易型开放式指数证券投资基金,易方达基金,000698.SH,20231108,
588210.SH,规模指数ETF,科创100ETF易方达,易方达上证科创板100交易型开放式指数证券投资基金,易方达基金,000698.SH,20231108,
159551.SZ,股票型ETF,机器人产业ETF,国泰中证机器人交易型开放式指数证券投资基金,国泰基金,h30590.CSI,20231108,
159551.SZ,主题指数ETF,机器人产业ETF,国泰中证机器人交易型开放式指数证券投资基金,国泰基金,h30590.CSI,20231108,
513850.SH,跨境规模指数ETF,美国50ETF,易方达MSCI美国50交易型开放式指数证券投资基金(QDII),易方达基金,750108.MI,20231106,
513850.SH,跨境ETF,美国50ETF,易方达MSCI美国50交易型开放式指数证券投资基金(QDII),易方达基金,750108.MI,20231106,
561780.SH,规模指数ETF,1000增强ETF,博时中证1000增强策略交易型开放式指数证券投资基金,博时基金,000852.SH,20231102,
561780.SH,股票型ETF,1000增强ETF,博时中证1000增强策略交易型开放式指数证券投资基金,博时基金,000852.SH,20231102,
563330.SH,规模指数ETF,A股ETF,华泰柏瑞中证A股交易型开放式指数证券投资基金,华泰柏瑞基金,930903.CSI,20231030,
563330.SH,股票型ETF,A股ETF,华泰柏瑞中证A股交易型开放式指数证券投资基金,华泰柏瑞基金,930903.CSI,20231030,
513870.SH,跨境ETF,纳指ETF富国,富国纳斯达克100交易型开放式指数证券投资基金(QDII),富国基金,NDX.GI,20231025,
513870.SH,跨境规模指数ETF,纳指ETF富国,富国纳斯达克100交易型开放式指数证券投资基金(QDII),富国基金,NDX.GI,20231025,
517520.SH,股票型ETF,黄金股ETF,永赢中证沪深港黄金产业股票交易型开放式指数证券投资基金,永赢基金,931238.CSI,20231024,
517520.SH,主题指数ETF,黄金股ETF,永赢中证沪深港黄金产业股票交易型开放式指数证券投资基金,永赢基金,931238.CSI,20231024,
561360.SH,股票型ETF,石油ETF,国泰中证油气产业交易型开放式指数证券投资基金,国泰基金,h30198.CSI,20231023,
561360.SH,行业指数ETF,石油ETF,国泰中证油气产业交易型开放式指数证券投资基金,国泰基金,h30198.CSI,20231023,
159520.SZ,主题指数ETF,消费龙头ETF,工银瑞信中证消费龙头交易型开放式指数证券投资基金,工银瑞信基金,931068.CSI,20231019,
159520.SZ,股票型ETF,消费龙头ETF,工银瑞信中证消费龙头交易型开放式指数证券投资基金,工银瑞信基金,931068.CSI,20231019,
513020.SH,跨境ETF,港股科技ETF,国泰中证港股通科技交易型开放式指数证券投资基金,国泰基金,931573.CSI,20231019,
513020.SH,跨境主题指数ETF,港股科技ETF,国泰中证港股通科技交易型开放式指数证券投资基金,国泰基金,931573CNY00.CSI,20220119,20231018
513020.SH,跨境主题指数ETF,港股科技ETF,国泰中证港股通科技交易型开放式指数证券投资基金,国泰基金,931573.CSI,20231019,
513020.SH,跨境ETF,港股科技ETF,国泰中证港股通科技交易型开放式指数证券投资基金,国泰基金,931573CNY00.CSI,20220119,20231018
560280.SH,主题指数ETF,工程机械ETF,广发中证工程机械主题交易型开放式指数证券投资基金,广发基金,931752.CSI,20231018,
560280.SH,股票型ETF,工程机械ETF,广发中证工程机械主题交易型开放式指数证券投资基金,广发基金,931752.CSI,20231018,
159541.SZ,规模指数ETF,创业板综ETF万家,万家创业板综合交易型开放式指数证券投资基金,万家基金,399102.SZ,20231018,
159541.SZ,股票型ETF,创业板综ETF万家,万家创业板综合交易型开放式指数证券投资基金,万家基金,399102.SZ,20231018,
159546.SZ,股票型ETF,集成电路ETF,国泰中证全指集成电路交易型开放式指数证券投资基金,国泰基金,932087.CSI,20231011,
159546.SZ,行业指数ETF,集成电路ETF,国泰中证全指集成电路交易型开放式指数证券投资基金,国泰基金,932087.CSI,20231011,
562590.SH,主题指数ETF,半导体材料ETF,华夏中证半导体材料设备主题交易型开放式指数证券投资基金,华夏基金,931743.CSI,20231009,
562590.SH,股票型ETF,半导体材料ETF,华夏中证半导体材料设备主题交易型开放式指数证券投资基金,华夏基金,931743.CSI,20231009,
563200.SH,规模指数ETF,中证2000ETF富国,富国中证2000交易型开放式指数证券投资基金,富国基金,932000.CSI,20230928,
563200.SH,股票型ETF,中证2000ETF富国,富国中证2000交易型开放式指数证券投资基金,富国基金,932000.CSI,20230928,
560020.SH,策略指数ETF,红利ETF汇添富,汇添富中证红利交易型开放式指数证券投资基金,汇添富基金,000922.CSI,20230926,
560020.SH,股票型ETF,红利ETF汇添富,汇添富中证红利交易型开放式指数证券投资基金,汇添富基金,000922.CSI,20230926,
562030.SH,股票型ETF,信创ETF基金,华宝中证信息技术应用创新产业交易型开放式指数证券投资基金,华宝基金,931247.CSI,20230926,
562030.SH,主题指数ETF,信创ETF基金,华宝中证信息技术应用创新产业交易型开放式指数证券投资基金,华宝基金,931247.CSI,20230926,
513190.SH,跨境ETF,港股通金融ETF,华夏中证港股通内地金融交易型开放式指数证券投资基金,华夏基金,h11146.CSI,20230925,
513190.SH,跨境主题指数ETF,港股通金融ETF,华夏中证港股通内地金融交易型开放式指数证券投资基金,华夏基金,h11146.CSI,20230925,
159540.SZ,主题指数ETF,信创ETF易方达,易方达国证信息技术创新主题交易型开放式指数证券投资基金,易方达基金,CN5075.CNI,20230920,
159540.SZ,股票型ETF,信创ETF易方达,易方达国证信息技术创新主题交易型开放式指数证券投资基金,易方达基金,CN5075.CNI,20230920,
159539.SZ,主题指数ETF,信创ETF广发,广发国证信息技术创新主题交易型开放式指数证券投资基金,广发基金,CN5075.CNI,20230920,
159539.SZ,股票型ETF,信创ETF广发,广发国证信息技术创新主题交易型开放式指数证券投资基金,广发基金,CN5075.CNI,20230920,
159537.SZ,主题指数ETF,信创ETF,国泰国证信息技术创新主题交易型开放式指数证券投资基金,国泰基金,CN5075.CNI,20230920,
159537.SZ,股票型ETF,信创ETF,国泰国证信息技术创新主题交易型开放式指数证券投资基金,国泰基金,CN5075.CNI,20230920,
159538.SZ,主题指数ETF,信创ETF富国,富国国证信息技术创新主题交易型开放式指数证券投资基金,富国基金,CN5075.CNI,20230914,
159538.SZ,股票型ETF,信创ETF富国,富国国证信息技术创新主题交易型开放式指数证券投资基金,富国基金,CN5075.CNI,20230914,
159535.SZ,规模指数ETF,中证2000ETF嘉实,嘉实中证2000交易型开放式指数证券投资基金,嘉实基金,932000.CSI,20230914,
159535.SZ,股票型ETF,中证2000ETF嘉实,嘉实中证2000交易型开放式指数证券投资基金,嘉实基金,932000.CSI,20230914,
561370.SH,股票型ETF,2000ETF,国泰中证2000交易型开放式指数证券投资基金,国泰基金,932000.CSI,20230913,
561370.SH,规模指数ETF,2000ETF,国泰中证2000交易型开放式指数证券投资基金,国泰基金,932000.CSI,20230913,
159536.SZ,股票型ETF,中证2000指数ETF,汇添富中证2000交易型开放式指数证券投资基金,汇添富基金,932000.CSI,20230913,
159536.SZ,规模指数ETF,中证2000指数ETF,汇添富中证2000交易型开放式指数证券投资基金,汇添富基金,932000.CSI,20230913,
159532.SZ,股票型ETF,中证2000ETF易方达,易方达中证2000交易型开放式指数证券投资基金,易方达基金,932000.CSI,20230913,
159532.SZ,规模指数ETF,中证2000ETF易方达,易方达中证2000交易型开放式指数证券投资基金,易方达基金,932000.CSI,20230913,
560220.SH,规模指数ETF,中证2000ETF广发,广发中证2000交易型开放式指数证券投资基金,广发基金,932000.CSI,20230908,
560220.SH,股票型ETF,中证2000ETF广发,广发中证2000交易型开放式指数证券投资基金,广发基金,932000.CSI,20230908,
159531.SZ,规模指数ETF,中证2000ETF,南方中证2000交易型开放式指数证券投资基金,南方基金,932000.CSI,20230907,
159531.SZ,股票型ETF,中证2000ETF,南方中证2000交易型开放式指数证券投资基金,南方基金,932000.CSI,20230907,
560260.SH,主题指数ETF,医疗ETF龙头,广发中证医疗交易型开放式指数证券投资基金,广发基金,399989.SZ,20230906,
560260.SH,股票型ETF,医疗ETF龙头,广发中证医疗交易型开放式指数证券投资基金,广发基金,399989.SZ,20230906,
588120.SH,规模指数ETF,科创板100ETF,国泰上证科创板100交易型开放式指数证券投资基金,国泰基金,000698.SH,20230906,
588120.SH,股票型ETF,科创板100ETF,国泰上证科创板100交易型开放式指数证券投资基金,国泰基金,000698.SH,20230906,
588220.SH,规模指数ETF,科创100ETF基金,鹏华上证科创板100交易型开放式指数证券投资基金,鹏华基金,000698.SH,20230906,
588220.SH,股票型ETF,科创100ETF基金,鹏华上证科创板100交易型开放式指数证券投资基金,鹏华基金,000698.SH,20230906,
563300.SH,规模指数ETF,中证2000ETF,华泰柏瑞中证2000交易型开放式指数证券投资基金,华泰柏瑞基金,932000.CSI,20230906,
563300.SH,股票型ETF,中证2000ETF,华泰柏瑞中证2000交易型开放式指数证券投资基金,华泰柏瑞基金,932000.CSI,20230906,
562660.SH,规模指数ETF,中证2000ETF华夏,华夏中证2000交易型开放式指数证券投资基金,华夏基金,932000.CSI,20230906,
562660.SH,股票型ETF,中证2000ETF华夏,华夏中证2000交易型开放式指数证券投资基金,华夏基金,932000.CSI,20230906,
588190.SH,股票型ETF,科创100ETF,银华上证科创板100交易型开放式指数证券投资基金,银华基金,000698.SH,20230906,
588190.SH,规模指数ETF,科创100ETF,银华上证科创板100交易型开放式指数证券投资基金,银华基金,000698.SH,20230906,
561060.SH,策略指数ETF,国企红利ETF,华安中证国有企业红利交易型开放式指数证券投资基金,华安基金,000824.CSI,20230906,
561060.SH,股票型ETF,国企红利ETF,华安中证国有企业红利交易型开放式指数证券投资基金,华安基金,000824.CSI,20230906,
588030.SH,股票型ETF,科创100指数ETF,博时上证科创板100交易型开放式指数证券投资基金,博时基金,000698.SH,20230906,
588030.SH,规模指数ETF,科创100指数ETF,博时上证科创板100交易型开放式指数证券投资基金,博时基金,000698.SH,20230906,
159523.SZ,策略指数ETF,沪深300成长ETF,华夏中证智选300成长创新策略交易型开放式指数证券投资基金,华夏基金,931589.CSI,20230905,
159523.SZ,股票型ETF,沪深300成长ETF,华夏中证智选300成长创新策略交易型开放式指数证券投资基金,华夏基金,931589.CSI,20230905,
560590.SH,股票型ETF,1000ETF增强,鹏华中证1000增强策略交易型开放式指数证券投资基金,鹏华基金,000852.SH,20230901,
560590.SH,规模指数ETF,1000ETF增强,鹏华中证1000增强策略交易型开放式指数证券投资基金,鹏华基金,000852.SH,20230901,
561280.SH,规模指数ETF,中证1000ETF增强,工银瑞信中证1000增强策略交易型开放式指数证券投资基金,工银瑞信基金,000852.SH,20230831,
561280.SH,股票型ETF,中证1000ETF增强,工银瑞信中证1000增强策略交易型开放式指数证券投资基金,工银瑞信基金,000852.SH,20230831,
159521.SZ,股票型ETF,国证2000ETF指数基金,平安国证2000交易型开放式指数证券投资基金,平安基金,399303.SZ,20230825,
159521.SZ,规模指数ETF,国证2000ETF指数基金,平安国证2000交易型开放式指数证券投资基金,平安基金,399303.SZ,20230825,
159515.SZ,策略指数ETF,国企红利ETF,鹏扬中证国有企业红利交易型开放式指数证券投资基金,鹏扬基金,000824.CSI,20230825,
159515.SZ,股票型ETF,国企红利ETF,鹏扬中证国有企业红利交易型开放式指数证券投资基金,鹏扬基金,000824.CSI,20230825,
588110.SH,股票型ETF,科创成长ETF,广发上证科创板成长交易型开放式指数证券投资基金,广发基金,000690.SH,20230823,
588110.SH,策略指数ETF,科创成长ETF,广发上证科创板成长交易型开放式指数证券投资基金,广发基金,000690.SH,20230823,
588020.SH,股票型ETF,科创成长50ETF,易方达上证科创板成长交易型开放式指数证券投资基金,易方达基金,000690.SH,20230823,
588020.SH,策略指数ETF,科创成长50ETF,易方达上证科创板成长交易型开放式指数证券投资基金,易方达基金,000690.SH,20230823,
159519.SZ,跨境主题指数ETF,港股国企ETF,国泰中证香港内地国有企业交易型开放式指数证券投资基金(QDII),国泰基金,h11153.CSI,20230823,
159519.SZ,跨境ETF,港股国企ETF,国泰中证香港内地国有企业交易型开放式指数证券投资基金(QDII),国泰基金,h11153.CSI,20230823,
159517.SZ,规模指数ETF,800增强ETF,银华中证800增强策略交易型开放式指数证券投资基金,银华基金,000906.SH,20230823,
159517.SZ,股票型ETF,800增强ETF,银华中证800增强策略交易型开放式指数证券投资基金,银华基金,000906.SH,20230823,
513810.SH,跨境主题指数ETF,港股国企ETF,华夏中证香港内地国有企业交易型开放式指数证券投资基金(QDII),华夏基金,h11153.CSI,20230821,
513810.SH,跨境ETF,港股国企ETF,华夏中证香港内地国有企业交易型开放式指数证券投资基金(QDII),华夏基金,h11153.CSI,20230821,
561980.SH,主题指数ETF,半导体设备ETF,招商中证半导体产业交易型开放式指数证券投资基金,招商基金,931865.CSI,20230821,
561980.SH,股票型ETF,半导体设备ETF,招商中证半导体产业交易型开放式指数证券投资基金,招商基金,931865.CSI,20230821,
159696.SZ,跨境ETF,纳指ETF易方达,易方达纳斯达克100交易型开放式指数证券投资基金(QDII),易方达基金,NDX.GI,20230817,
159696.SZ,跨境规模指数ETF,纳指ETF易方达,易方达纳斯达克100交易型开放式指数证券投资基金(QDII),易方达基金,NDX.GI,20230817,
512980.SH,主题指数ETF,传媒ETF,广发中证传媒交易型开放式指数证券投资基金,广发基金,399971.SZ,20171227,
512980.SH,股票型ETF,传媒ETF,广发中证传媒交易型开放式指数证券投资基金,广发基金,399971.SZ,20171227,
159699.SZ,跨境行业指数ETF,恒生消费ETF,广发恒生消费交易型开放式指数证券投资基金(QDII),广发基金,HSCGSI.HI,20230810,
159699.SZ,跨境ETF,恒生消费ETF,广发恒生消费交易型开放式指数证券投资基金(QDII),广发基金,HSCGSI.HI,20230810,
159510.SZ,股票型ETF,沪深300价值ETF,华夏中证智选300价值稳健策略交易型开放式指数证券投资基金,华夏基金,931586.CSI,20230731,
159510.SZ,策略指数ETF,沪深300价值ETF,华夏中证智选300价值稳健策略交易型开放式指数证券投资基金,华夏基金,931586.CSI,20230731,
561790.SH,股票型ETF,央企现代能源ETF,博时中证国新央企现代能源交易型开放式指数证券投资基金,博时基金,932037.CSI,20230727,
561790.SH,主题指数ETF,央企现代能源ETF,博时中证国新央企现代能源交易型开放式指数证券投资基金,博时基金,932037.CSI,20230727,
561260.SH,主题指数ETF,能源ETF,工银瑞信中证国新央企现代能源交易型开放式指数证券投资基金,工银瑞信基金,932037.CSI,20230727,
561260.SH,股票型ETF,能源ETF,工银瑞信中证国新央企现代能源交易型开放式指数证券投资基金,工银瑞信基金,932037.CSI,20230727,
562850.SH,主题指数ETF,央企能源ETF,嘉实中证国新央企现代能源交易型开放式指数证券投资基金,嘉实基金,932037.CSI,20230727,
562850.SH,股票型ETF,央企能源ETF,嘉实中证国新央企现代能源交易型开放式指数证券投资基金,嘉实基金,932037.CSI,20230727,
159698.SZ,股票型ETF,粮食ETF,鹏华国证粮食产业交易型开放式指数证券投资基金,鹏华基金,399365.SZ,20230726,
159698.SZ,主题指数ETF,粮食ETF,鹏华国证粮食产业交易型开放式指数证券投资基金,鹏华基金,399365.SZ,20230726,
560950.SH,规模指数ETF,500ETF增强,汇添富中证500增强策略交易型开放式指数证券投资基金,汇添富基金,000905.SH,20230719,
560950.SH,股票型ETF,500ETF增强,汇添富中证500增强策略交易型开放式指数证券投资基金,汇添富基金,000905.SH,20230719,
159509.SZ,跨境主题指数ETF,纳指科技ETF,景顺长城纳斯达克科技市值加权交易型开放式指数证券投资基金(QDII),景顺长城基金,NDXTMC.GI,20230719,
159509.SZ,跨境ETF,纳指科技ETF,景顺长城纳斯达克科技市值加权交易型开放式指数证券投资基金(QDII),景顺长城基金,NDXTMC.GI,20230719,
159516.SZ,主题指数ETF,半导体设备ETF,国泰中证半导体材料设备主题交易型开放式指数证券投资基金,国泰基金,931743.CSI,20230719,
159516.SZ,股票型ETF,半导体设备ETF,国泰中证半导体材料设备主题交易型开放式指数证券投资基金,国泰基金,931743.CSI,20230719,
159512.SZ,股票型ETF,汽车ETF,广发中证全指汽车交易型开放式指数证券投资基金,广发基金,931008.CSI,20230713,
159512.SZ,主题指数ETF,汽车ETF,广发中证全指汽车交易型开放式指数证券投资基金,广发基金,931008.CSI,20230713,
159513.SZ,跨境ETF,纳斯达克100指数ETF,大成纳斯达克100交易型开放式指数证券投资基金(QDII),大成基金,NDX.GI,20230712,
159513.SZ,跨境规模指数ETF,纳斯达克100指数ETF,大成纳斯达克100交易型开放式指数证券投资基金(QDII),大成基金,NDX.GI,20230712,
159686.SZ,股票型ETF,A100ETF易方达,易方达中证A100交易型开放式指数证券投资基金,易方达基金,000903.SH,20230711,
159686.SZ,规模指数ETF,A100ETF易方达,易方达中证A100交易型开放式指数证券投资基金,易方达基金,000903.SH,20230711,
563010.SH,股票型ETF,电信ETF,易方达中证电信主题交易型开放式指数证券投资基金,易方达基金,931235.CSI,20230705,
563010.SH,主题指数ETF,电信ETF,易方达中证电信主题交易型开放式指数证券投资基金,易方达基金,931235.CSI,20230705,
513590.SH,跨境主题指数ETF,香港消费ETF,鹏华中证港股通消费主题交易型开放式指数证券投资基金,鹏华基金,931454.CSI,20210803,
513590.SH,跨境ETF,香港消费ETF,鹏华中证港股通消费主题交易型开放式指数证券投资基金,鹏华基金,931454.CSI,20210803,
159508.SZ,主题指数ETF,生物医药ETF基金,华安国证生物医药交易型开放式指数证券投资基金,华安基金,399441.SZ,20230629,
159508.SZ,股票型ETF,生物医药ETF基金,华安国证生物医药交易型开放式指数证券投资基金,华安基金,399441.SZ,20230629,
562380.SH,股票型ETF,央企科技引领ETF,银华中证国新央企科技引领交易型开放式指数证券投资基金,银华基金,932038.CSI,20230626,
562380.SH,主题指数ETF,央企科技引领ETF,银华中证国新央企科技引领交易型开放式指数证券投资基金,银华基金,932038.CSI,20230626,
159673.SZ,股票型ETF,沪深300ETF鹏华,鹏华沪深300交易型开放式指数证券投资基金,鹏华基金,000300.SH,20230621,
159673.SZ,规模指数ETF,沪深300ETF鹏华,鹏华沪深300交易型开放式指数证券投资基金,鹏华基金,000300.SH,20230621,
159690.SZ,主题指数ETF,矿业ETF,招商中证有色金属矿业主题交易型开放式指数证券投资基金,招商基金,931892.CSI,20230621,
159690.SZ,股票型ETF,矿业ETF,招商中证有色金属矿业主题交易型开放式指数证券投资基金,招商基金,931892.CSI,20230621,
560170.SH,主题指数ETF,央企科技ETF,南方中证国新央企科技引领交易型开放式指数证券投资基金,南方基金,932038.CSI,20230621,
560170.SH,股票型ETF,央企科技ETF,南方中证国新央企科技引领交易型开放式指数证券投资基金,南方基金,932038.CSI,20230621,
563050.SH,主题指数ETF,央企科技50ETF,易方达中证国新央企科技引领交易型开放式指数证券投资基金,易方达基金,932038.CSI,20230621,
563050.SH,股票型ETF,央企科技50ETF,易方达中证国新央企科技引领交易型开放式指数证券投资基金,易方达基金,932038.CSI,20230621,
560030.SH,风格指数ETF,800价值ETF,汇添富中证800价值交易型开放式指数证券投资基金,汇添富基金,h30356.CSI,20230620,
560030.SH,股票型ETF,800价值ETF,汇添富中证800价值交易型开放式指数证券投资基金,汇添富基金,h30356.CSI,20230620,
159506.SZ,跨境行业指数ETF,港股通医疗ETF富国,富国恒生港股通创新药及医疗保健交易型开放式指数证券投资基金,富国基金,HSSCHI.HI,20230614,
159506.SZ,跨境ETF,港股通医疗ETF富国,富国恒生港股通创新药及医疗保健交易型开放式指数证券投资基金,富国基金,HSSCHI.HI,20230614,
513980.SH,跨境主题指数ETF,港股科技50ETF,景顺长城中证港股通科技交易型开放式指数证券投资基金,景顺长城基金,931573CNY00.CSI,20210621,20230612
513980.SH,跨境ETF,港股科技50ETF,景顺长城中证港股通科技交易型开放式指数证券投资基金,景顺长城基金,931573CNY00.CSI,20210621,20230612
513980.SH,跨境ETF,港股科技50ETF,景顺长城中证港股通科技交易型开放式指数证券投资基金,景顺长城基金,931573.CSI,20230613,
513980.SH,跨境主题指数ETF,港股科技50ETF,景顺长城中证港股通科技交易型开放式指数证券投资基金,景顺长城基金,931573.CSI,20230613,
159907.SZ,规模指数ETF,2000ETF,广发国证2000交易型开放式指数证券投资基金,广发基金,399303.SZ,20230612,
159907.SZ,规模指数ETF,2000ETF,广发国证2000交易型开放式指数证券投资基金,广发基金,399008.SZ,20110603,20230611
159907.SZ,股票型ETF,2000ETF,广发国证2000交易型开放式指数证券投资基金,广发基金,399008.SZ,20110603,20230611
159907.SZ,股票型ETF,2000ETF,广发国证2000交易型开放式指数证券投资基金,广发基金,399303.SZ,20230612,
159507.SZ,股票型ETF,通信ETF广发,广发国证通信交易型开放式指数证券投资基金,广发基金,399389.SZ,20230608,
159507.SZ,主题指数ETF,通信ETF广发,广发国证通信交易型开放式指数证券投资基金,广发基金,399389.SZ,20230608,
561580.SH,策略指数ETF,央企红利ETF,华泰柏瑞中证中央企业红利交易型开放式指数证券投资基金,华泰柏瑞基金,000825.CSI,20230518,
561580.SH,股票型ETF,央企红利ETF,华泰柏瑞中证中央企业红利交易型开放式指数证券投资基金,华泰柏瑞基金,000825.CSI,20230518,
513040.SH,跨境ETF,港股通互联网ETF,易方达中证港股通互联网交易型开放式指数证券投资基金,易方达基金,931637.CSI,20230531,
513040.SH,跨境主题指数ETF,港股通互联网ETF,易方达中证港股通互联网交易型开放式指数证券投资基金,易方达基金,931637.CSI,20230531,
562920.SH,股票型ETF,信息安全ETF,易方达中证信息安全主题交易型开放式指数证券投资基金,易方达基金,399994.SZ,20230531,
562920.SH,主题指数ETF,信息安全ETF,易方达中证信息安全主题交易型开放式指数证券投资基金,易方达基金,399994.SZ,20230531,
159501.SZ,跨境规模指数ETF,纳指ETF嘉实,嘉实纳斯达克100交易型开放式指数证券投资基金(QDII),嘉实基金,NDX.GI,20230531,
159501.SZ,跨境ETF,纳指ETF嘉实,嘉实纳斯达克100交易型开放式指数证券投资基金(QDII),嘉实基金,NDX.GI,20230531,
561960.SH,策略指数ETF,央企回报ETF,招商中证国新央企股东回报交易型开放式指数证券投资基金,招商基金,932039.CSI,20230524,
561960.SH,股票型ETF,央企回报ETF,招商中证国新央企股东回报交易型开放式指数证券投资基金,招商基金,932039.CSI,20230524,
560070.SH,股票型ETF,央企红利ETF基金,汇添富中证国新央企股东回报交易型开放式指数证券投资基金,汇添富基金,932039.CSI,20230524,
560070.SH,策略指数ETF,央企红利ETF基金,汇添富中证国新央企股东回报交易型开放式指数证券投资基金,汇添富基金,932039.CSI,20230524,
560700.SH,策略指数ETF,央企红利50ETF,广发中证国新央企股东回报交易型开放式指数证券投资基金,广发基金,932039.CSI,20230524,
560700.SH,股票型ETF,央企红利50ETF,广发中证国新央企股东回报交易型开放式指数证券投资基金,广发基金,932039.CSI,20230524,
562930.SH,主题指数ETF,软件ETF易方达,易方达中证软件服务交易型开放式指数证券投资基金,易方达基金,930601.CSI,20230522,
562930.SH,股票型ETF,软件ETF易方达,易方达中证软件服务交易型开放式指数证券投资基金,易方达基金,930601.CSI,20230522,
560330.SH,风格指数ETF,沪深300价值ETF申万菱信,申万菱信沪深300价值交易型开放式指数证券投资基金,申万菱信基金,000919.CSI,20230511,
560330.SH,股票型ETF,沪深300价值ETF申万菱信,申万菱信沪深300价值交易型开放式指数证券投资基金,申万菱信基金,000919.CSI,20230511,
159692.SZ,主题指数ETF,证券ETF东财,西藏东财中证证券公司30交易型开放式指数证券投资基金,东财基金,931412.CSI,20230505,
159692.SZ,股票型ETF,证券ETF东财,西藏东财中证证券公司30交易型开放式指数证券投资基金,东财基金,931412.CSI,20230505,
560580.SH,行业指数ETF,电力ETF南方,南方中证全指电力公用事业交易型开放式指数证券投资基金,南方基金,h30199.CSI,20230427,
560580.SH,股票型ETF,电力ETF南方,南方中证全指电力公用事业交易型开放式指数证券投资基金,南方基金,h30199.CSI,20230427,
159695.SZ,股票型ETF,通信ETF,嘉实国证通信交易型开放式指数证券投资基金,嘉实基金,399389.SZ,20230427,
159695.SZ,主题指数ETF,通信ETF,嘉实国证通信交易型开放式指数证券投资基金,嘉实基金,399389.SZ,20230427,
159622.SZ,股票型ETF,创新药ETF沪港深,西藏东财中证沪港深创新药产业交易型开放式指数证券投资基金,东财基金,931409.CSI,20230421,
159622.SZ,主题指数ETF,创新药ETF沪港深,西藏东财中证沪港深创新药产业交易型开放式指数证券投资基金,东财基金,931409.CSI,20230421,
513950.SH,跨境ETF,恒生红利ETF,富国恒生港股通高股息低波动交易型开放式指数证券投资基金(QDII),富国基金,HSHYLV.HI,20230419,
513950.SH,跨境策略指数ETF,恒生红利ETF,富国恒生港股通高股息低波动交易型开放式指数证券投资基金(QDII),富国基金,HSHYLV.HI,20230419,
513390.SH,跨境ETF,纳指100ETF,博时纳斯达克100交易型开放式指数证券投资基金(QDII),博时基金,NDX.GI,20230419,
513390.SH,跨境规模指数ETF,纳指100ETF,博时纳斯达克100交易型开放式指数证券投资基金(QDII),博时基金,NDX.GI,20230419,
159697.SZ,股票型ETF,油气ETF,鹏华国证石油天然气交易型开放式指数证券投资基金,鹏华基金,399439.SZ,20230417,
159697.SZ,主题指数ETF,油气ETF,鹏华国证石油天然气交易型开放式指数证券投资基金,鹏华基金,399439.SZ,20230417,
159670.SZ,主题指数ETF,消费50ETF国联安,国联安中证消费50交易型开放式指数证券投资基金,国联安基金,931139.CSI,20230414,
159670.SZ,股票型ETF,消费50ETF国联安,国联安中证消费50交易型开放式指数证券投资基金,国联安基金,931139.CSI,20230414,
560180.SH,股票型ETF,沪深300ESGETF南方,南方沪深300ESG基准交易型开放式指数证券投资基金,南方基金,931463.CSI,20230413,
560180.SH,主题指数ETF,沪深300ESGETF南方,南方沪深300ESG基准交易型开放式指数证券投资基金,南方基金,931463.CSI,20230413,
513970.SH,跨境行业指数ETF,恒生消费ETF,景顺长城恒生消费交易型开放式指数证券投资基金(QDII),景顺长城基金,HSCGSI.HI,20230412,
513970.SH,跨境ETF,恒生消费ETF,景顺长城恒生消费交易型开放式指数证券投资基金(QDII),景顺长城基金,HSCGSI.HI,20230412,
159659.SZ,跨境规模指数ETF,纳斯达克100ETF,招商纳斯达克100交易型开放式指数证券投资基金(QDII),招商基金,NDX.GI,20230412,
159659.SZ,跨境ETF,纳斯达克100ETF,招商纳斯达克100交易型开放式指数证券投资基金(QDII),招商基金,NDX.GI,20230412,
562330.SH,风格指数ETF,中证500价值ETF,银华中证500价值交易型开放式指数证券投资基金,银华基金,h30352.CSI,20230407,
562330.SH,股票型ETF,中证500价值ETF,银华中证500价值交易型开放式指数证券投资基金,银华基金,h30352.CSI,20230407,
562960.SH,股票型ETF,绿色电力ETF易方达,易方达中证绿色电力交易型开放式指数证券投资基金,易方达基金,931897.CSI,20230403,
562960.SH,主题指数ETF,绿色电力ETF易方达,易方达中证绿色电力交易型开放式指数证券投资基金,易方达基金,931897.CSI,20230403,
159660.SZ,跨境规模指数ETF,纳指100ETF,汇添富纳斯达克100交易型开放式指数证券投资基金(QDII),汇添富基金,NDX.GI,20230330,
159660.SZ,跨境ETF,纳指100ETF,汇添富纳斯达克100交易型开放式指数证券投资基金(QDII),汇添富基金,NDX.GI,20230330,
159691.SZ,跨境ETF,港股红利ETF,工银瑞信中证港股通高股息精选交易型开放式指数证券投资基金,工银瑞信基金,930839.CSI,20230330,
159691.SZ,跨境策略指数ETF,港股红利ETF,工银瑞信中证港股通高股息精选交易型开放式指数证券投资基金,工银瑞信基金,930839.CSI,20230330,
561950.SH,股票型ETF,500指数增强ETF,招商中证500增强策略交易型开放式指数证券投资基金,招商基金,000905.SH,20230329,
561950.SH,规模指数ETF,500指数增强ETF,招商中证500增强策略交易型开放式指数证券投资基金,招商基金,000905.SH,20230329,
159676.SZ,规模指数ETF,创业板增强ETF富国,富国创业板增强策略交易型开放式指数证券投资基金,富国基金,399006.SZ,20230323,
159676.SZ,股票型ETF,创业板增强ETF富国,富国创业板增强策略交易型开放式指数证券投资基金,富国基金,399006.SZ,20230323,
159672.SZ,行业指数ETF,主要消费ETF,博时中证主要消费交易型开放式指数证券投资基金,博时基金,000932.SH,20230323,
159672.SZ,股票型ETF,主要消费ETF,博时中证主要消费交易型开放式指数证券投资基金,博时基金,000932.SH,20230323,
513650.SH,跨境ETF,标普500ETF南方,南方标普500交易型开放式指数证券投资基金(QDII),南方基金,SPX.GI,20230323,
513650.SH,跨境规模指数ETF,标普500ETF南方,南方标普500交易型开放式指数证券投资基金(QDII),南方基金,SPX.GI,20230323,
561920.SH,股票型ETF,疫苗龙头ETF,招商中证疫苗与生物技术交易型开放式指数证券投资基金,招商基金,931992.CSI,20230315,
561920.SH,主题指数ETF,疫苗龙头ETF,招商中证疫苗与生物技术交易型开放式指数证券投资基金,招商基金,931992.CSI,20230315,
159685.SZ,规模指数ETF,1000增强ETF天弘,天弘中证1000增强策略交易型开放式指数证券投资基金,天弘基金,000852.SH,20230315,
159685.SZ,股票型ETF,1000增强ETF天弘,天弘中证1000增强策略交易型开放式指数证券投资基金,天弘基金,000852.SH,20230315,
562550.SH,股票型ETF,绿电ETF,华夏中证绿色电力交易型开放式指数证券投资基金,华夏基金,931897.CSI,20230307,
562550.SH,主题指数ETF,绿电ETF,华夏中证绿色电力交易型开放式指数证券投资基金,华夏基金,931897.CSI,20230307,
159653.SZ,主题指数ETF,ESG300ETF,国联安国证ESG300交易型开放式指数证券投资基金,国联安基金,399378.SZ,20230306,
159653.SZ,股票型ETF,ESG300ETF,国联安国证ESG300交易型开放式指数证券投资基金,国联安基金,399378.SZ,20230306,
159689.SZ,行业指数ETF,消费ETF南方,南方中证主要消费交易型开放式指数证券投资基金,南方基金,000932.SH,20230303,
159689.SZ,股票型ETF,消费ETF南方,南方中证主要消费交易型开放式指数证券投资基金,南方基金,000932.SH,20230303,
510190.SH,规模指数ETF,上证50ETF华安,华安上证50交易型开放式指数证券投资基金,华安基金,000065.SH,20101118,20230222
510190.SH,股票型ETF,上证50ETF华安,华安上证50交易型开放式指数证券投资基金,华安基金,000065.SH,20101118,20230222
510190.SH,规模指数ETF,上证50ETF华安,华安上证50交易型开放式指数证券投资基金,华安基金,000016.SH,20230223,
510190.SH,股票型ETF,上证50ETF华安,华安上证50交易型开放式指数证券投资基金,华安基金,000016.SH,20230223,
561170.SH,主题指数ETF,绿色电力ETF,富国中证绿色电力交易型开放式指数证券投资基金,富国基金,931897.CSI,20230302,
561170.SH,股票型ETF,绿色电力ETF,富国中证绿色电力交易型开放式指数证券投资基金,富国基金,931897.CSI,20230302,
513110.SH,跨境ETF,纳斯达克100ETF,华泰柏瑞纳斯达克100交易型开放式指数证券投资基金(QDII),华泰柏瑞基金,NDX.GI,20230301,
513110.SH,跨境规模指数ETF,纳斯达克100ETF,华泰柏瑞纳斯达克100交易型开放式指数证券投资基金(QDII),华泰柏瑞基金,NDX.GI,20230301,
560090.SH,股票型ETF,证券ETF龙头,汇添富中证全指证券公司交易型开放式指数证券投资基金,汇添富基金,399975.SZ,20230227,
560090.SH,行业指数ETF,证券ETF龙头,汇添富中证全指证券公司交易型开放式指数证券投资基金,汇添富基金,399975.SZ,20230227,
560860.SH,股票型ETF,工业有色ETF,万家中证工业有色金属主题交易型开放式指数证券投资基金,万家基金,h11059.CSI,20230222,
560860.SH,主题指数ETF,工业有色ETF,万家中证工业有色金属主题交易型开放式指数证券投资基金,万家基金,h11059.CSI,20230222,
159657.SZ,主题指数ETF,疫苗ETF鹏华,鹏华国证疫苗与生物科技交易型开放式指数证券投资基金,鹏华基金,980015.CNI,20230222,
159657.SZ,股票型ETF,疫苗ETF鹏华,鹏华国证疫苗与生物科技交易型开放式指数证券投资基金,鹏华基金,980015.CNI,20230222,
563030.SH,股票型ETF,中证500增强ETF易方达,易方达中证500增强策略交易型开放式指数证券投资基金,易方达基金,000905.SH,20230217,
563030.SH,规模指数ETF,中证500增强ETF易方达,易方达中证500增强策略交易型开放式指数证券投资基金,易方达基金,000905.SH,20230217,
159671.SZ,股票型ETF,稀有金属ETF基金,工银瑞信中证稀有金属主题交易型开放式指数证券投资基金,工银瑞信基金,930632.CSI,20230217,
159671.SZ,主题指数ETF,稀有金属ETF基金,工银瑞信中证稀有金属主题交易型开放式指数证券投资基金,工银瑞信基金,930632.CSI,20230217,
562860.SH,股票型ETF,疫苗ETF,嘉实中证疫苗与生物技术交易型开放式指数证券投资基金,嘉实基金,931992.CSI,20230216,
562860.SH,主题指数ETF,疫苗ETF,嘉实中证疫苗与生物技术交易型开放式指数证券投资基金,嘉实基金,931992.CSI,20230216,
159678.SZ,股票型ETF,中证500增强ETF,博时中证500增强策略交易型开放式指数证券投资基金,博时基金,000905.SH,20230213,
159678.SZ,规模指数ETF,中证500增强ETF,博时中证500增强策略交易型开放式指数证券投资基金,博时基金,000905.SH,20230213,
159679.SZ,股票型ETF,中证1000增强ETF,国泰中证1000增强策略交易型开放式指数证券投资基金,国泰基金,000852.SH,20230209,
159679.SZ,规模指数ETF,中证1000增强ETF,国泰中证1000增强策略交易型开放式指数证券投资基金,国泰基金,000852.SH,20230209,
159751.SZ,跨境主题指数ETF,港股科技ETF,鹏华中证港股通科技交易型开放式指数证券投资基金,鹏华基金,931573.CSI,20211210,
159751.SZ,跨境ETF,港股科技ETF,鹏华中证港股通科技交易型开放式指数证券投资基金,鹏华基金,931573.CSI,20211210,
159688.SZ,跨境行业指数ETF,恒生互联网ETF,华安恒生互联网科技业交易型开放式指数证券投资基金(QDII),华安基金,HSIII.HI,20230117,
159688.SZ,跨境ETF,恒生互联网ETF,华安恒生互联网科技业交易型开放式指数证券投资基金(QDII),华安基金,HSIII.HI,20230117,
159652.SZ,主题指数ETF,有色50ETF,汇添富中证细分有色金属产业主题交易型开放式指数证券投资基金,汇添富基金,000811.CSI,20230116,
159652.SZ,股票型ETF,有色50ETF,汇添富中证细分有色金属产业主题交易型开放式指数证券投资基金,汇添富基金,000811.CSI,20230116,
159666.SZ,股票型ETF,交通运输ETF,华夏中证全指运输交易型开放式指数证券投资基金,华夏基金,h30171.CSI,20230113,
159666.SZ,行业指数ETF,交通运输ETF,华夏中证全指运输交易型开放式指数证券投资基金,华夏基金,h30171.CSI,20230113,
562320.SH,风格指数ETF,沪深300价值ETF,银华沪深300价值交易型开放式指数证券投资基金,银华基金,000919.CSI,20221229,
562320.SH,股票型ETF,沪深300价值ETF,银华沪深300价值交易型开放式指数证券投资基金,银华基金,000919.CSI,20221229,
159669.SZ,股票型ETF,绿电ETF,国泰国证绿色电力交易型开放式指数证券投资基金,国泰基金,399438.SZ,20221229,
159669.SZ,主题指数ETF,绿电ETF,国泰国证绿色电力交易型开放式指数证券投资基金,国泰基金,399438.SZ,20221229,
588320.SH,规模指数ETF,双创50ETF增强,广发中证科创创业50增强策略交易型开放式指数证券投资基金,广发基金,931643.CSI,20221228,
588320.SH,股票型ETF,双创50ETF增强,广发中证科创创业50增强策略交易型开放式指数证券投资基金,广发基金,931643.CSI,20221228,
159656.SZ,股票型ETF,300成长ETF,万家沪深300成长交易型开放式指数证券投资基金,万家基金,000918.CSI,20221228,
159656.SZ,风格指数ETF,300成长ETF,万家沪深300成长交易型开放式指数证券投资基金,万家基金,000918.CSI,20221228,
513140.SH,跨境ETF,港股金融ETF,华泰柏瑞中证香港300金融服务交易型开放式指数证券投资基金(QDII),华泰柏瑞基金,h30106.CSI,20221226,
513140.SH,跨境主题指数ETF,港股金融ETF,华泰柏瑞中证香港300金融服务交易型开放式指数证券投资基金(QDII),华泰柏瑞基金,h30106.CSI,20221226,
511520.SH,债券型ETF,政金债券ETF,富国中债7-10年政策性金融债交易型开放式指数证券投资基金,富国基金,CBA08203.CS,20220819,
159682.SZ,股票型ETF,创业50ETF,景顺长城创业板50交易型开放式指数证券投资基金,景顺长城基金,399673.SZ,20221223,
159682.SZ,规模指数ETF,创业50ETF,景顺长城创业板50交易型开放式指数证券投资基金,景顺长城基金,399673.SZ,20221223,
159665.SZ,主题指数ETF,半导体龙头ETF,工银瑞信国证半导体芯片交易型开放式指数证券投资基金,工银瑞信基金,980017.CNI,20221222,
159665.SZ,股票型ETF,半导体龙头ETF,工银瑞信国证半导体芯片交易型开放式指数证券投资基金,工银瑞信基金,980017.CNI,20221222,
561000.SH,股票型ETF,沪深300ETF增强基金,华安沪深300增强策略交易型开放式指数证券投资基金,华安基金,000300.SH,20221221,
561000.SH,规模指数ETF,沪深300ETF增强基金,华安沪深300增强策略交易型开放式指数证券投资基金,华安基金,000300.SH,20221221,
159681.SZ,股票型ETF,创50ETF,鹏华创业板50交易型开放式指数证券投资基金,鹏华基金,399673.SZ,20221221,
159681.SZ,规模指数ETF,创50ETF,鹏华创业板50交易型开放式指数证券投资基金,鹏华基金,399673.SZ,20221221,
562010.SH,股票型ETF,绿色能源ETF,华宝中证绿色能源交易型开放式指数证券投资基金,华宝基金,931733.CSI,20221216,
562010.SH,主题指数ETF,绿色能源ETF,华宝中证绿色能源交易型开放式指数证券投资基金,华宝基金,931733.CSI,20221216,
159687.SZ,跨境主题指数ETF,亚太精选ETF,南方基金南方东英富时亚太低碳精选交易型开放式指数证券投资基金(QDII),南方基金,GPCSP006.FI,20221216,
159687.SZ,跨境ETF,亚太精选ETF,南方基金南方东英富时亚太低碳精选交易型开放式指数证券投资基金(QDII),南方基金,GPCSP006.FI,20221216,
513500.SH,跨境ETF,标普500ETF,博时标普500交易型开放式指数证券投资基金,博时基金,SPTR500N.SPI,20131205,
513500.SH,跨境规模指数ETF,标普500ETF,博时标普500交易型开放式指数证券投资基金,博时基金,SPTR500N.SPI,20131205,
588460.SH,规模指数ETF,科创50增强ETF,鹏华上证科创板50成份增强策略交易型开放式指数证券投资基金,鹏华基金,000688.SH,20221201,
588460.SH,股票型ETF,科创50增强ETF,鹏华上证科创板50成份增强策略交易型开放式指数证券投资基金,鹏华基金,000688.SH,20221201,
588370.SH,股票型ETF,科创50增强ETF南方,南方上证科创板50成份增强策略交易型开放式指数证券投资基金,南方基金,000688.SH,20221201,
588370.SH,规模指数ETF,科创50增强ETF南方,南方上证科创板50成份增强策略交易型开放式指数证券投资基金,南方基金,000688.SH,20221201,
561320.SH,股票型ETF,交运ETF,国泰中证内地运输主题交易型开放式指数证券投资基金,国泰基金,000945.CSI,20221130,
561320.SH,主题指数ETF,交运ETF,国泰中证内地运输主题交易型开放式指数证券投资基金,国泰基金,000945.CSI,20221130,
159675.SZ,股票型ETF,创业板增强ETF,嘉实创业板增强策略交易型开放式指数证券投资基金,嘉实基金,399006.SZ,20221124,
159675.SZ,规模指数ETF,创业板增强ETF,嘉实创业板增强策略交易型开放式指数证券投资基金,嘉实基金,399006.SZ,20221124,
159677.SZ,股票型ETF,1000增强ETF,银华中证1000增强策略交易型开放式指数证券投资基金,银华基金,000852.SH,20221124,
159677.SZ,规模指数ETF,1000增强ETF,银华中证1000增强策略交易型开放式指数证券投资基金,银华基金,000852.SH,20221124,
561590.SH,规模指数ETF,中证1000增强ETF,华泰柏瑞中证1000增强策略交易型开放式指数证券投资基金,华泰柏瑞基金,000852.SH,20221123,
561590.SH,股票型ETF,中证1000增强ETF,华泰柏瑞中证1000增强策略交易型开放式指数证券投资基金,华泰柏瑞基金,000852.SH,20221123,
159662.SZ,行业指数ETF,交运ETF,南方国证交通运输行业交易型开放式指数证券投资基金,南方基金,399433.SZ,20221123,
159662.SZ,股票型ETF,交运ETF,南方国证交通运输行业交易型开放式指数证券投资基金,南方基金,399433.SZ,20221123,
159680.SZ,股票型ETF,1000ETF增强,招商中证1000增强策略交易型开放式指数证券投资基金,招商基金,000852.SH,20221118,
159680.SZ,规模指数ETF,1000ETF增强,招商中证1000增强策略交易型开放式指数证券投资基金,招商基金,000852.SH,20221118,
560980.SH,股票型ETF,光伏ETF龙头,广发中证光伏龙头30交易型开放式指数证券投资基金,广发基金,931798.CSI,20221116,
560980.SH,主题指数ETF,光伏ETF龙头,广发中证光伏龙头30交易型开放式指数证券投资基金,广发基金,931798.CSI,20221116,
159627.SZ,股票型ETF,A100ETF,华夏中证A100交易型开放式指数证券投资基金,华夏基金,000903.SH,20221108,
159627.SZ,规模指数ETF,A100ETF,华夏中证A100交易型开放式指数证券投资基金,华夏基金,000903.SH,20221108,
561180.SH,股票型ETF,A100ETF,富国中证A100交易型开放式指数证券投资基金,富国基金,000903.SH,20221103,
561180.SH,规模指数ETF,A100ETF,富国中证A100交易型开放式指数证券投资基金,富国基金,000903.SH,20221103,
513310.SH,跨境ETF,中韩半导体ETF,华泰柏瑞中证韩交所中韩半导体交易型开放式指数证券投资基金(QDII),华泰柏瑞基金,931790.CSI,20221102,
513310.SH,跨境主题指数ETF,中韩半导体ETF,华泰柏瑞中证韩交所中韩半导体交易型开放式指数证券投资基金(QDII),华泰柏瑞基金,931790.CSI,20221102,
588350.SH,股票型ETF,双创50ETF基金,鹏扬中证科创创业50交易型开放式指数证券投资基金,鹏扬基金,931643.CSI,20221026,
588350.SH,规模指数ETF,双创50ETF基金,鹏扬中证科创创业50交易型开放式指数证券投资基金,鹏扬基金,931643.CSI,20221026,
159630.SZ,股票型ETF,A100ETF基金,汇添富中证A100交易型开放式指数证券投资基金,汇添富基金,000903.SH,20221020,
159630.SZ,规模指数ETF,A100ETF基金,汇添富中证A100交易型开放式指数证券投资基金,汇添富基金,000903.SH,20221020,
560680.SH,股票型ETF,消费ETF龙头,广发中证主要消费交易型开放式指数证券投资基金,广发基金,000932.SH,20221019,
560680.SH,行业指数ETF,消费ETF龙头,广发中证主要消费交易型开放式指数证券投资基金,广发基金,000932.SH,20221019,
561330.SH,股票型ETF,矿业ETF,国泰中证有色金属矿业主题交易型开放式指数证券投资基金,国泰基金,931892.CSI,20221019,
561330.SH,主题指数ETF,矿业ETF,国泰中证有色金属矿业主题交易型开放式指数证券投资基金,国泰基金,931892.CSI,20221019,
159655.SZ,跨境规模指数ETF,标普ETF,华夏标普500交易型开放式指数证券投资基金(QDII),华夏基金,SPX.GI,20221012,
159655.SZ,跨境ETF,标普ETF,华夏标普500交易型开放式指数证券投资基金(QDII),华夏基金,SPX.GI,20221012,
159667.SZ,股票型ETF,工业母机ETF,国泰中证机床交易型开放式指数证券投资基金,国泰基金,931866.CSI,20221012,
159667.SZ,主题指数ETF,工业母机ETF,国泰中证机床交易型开放式指数证券投资基金,国泰基金,931866.CSI,20221012,
159663.SZ,主题指数ETF,机床ETF,华夏中证机床交易型开放式指数证券投资基金,华夏基金,931866.CSI,20221012,
159663.SZ,股票型ETF,机床ETF,华夏中证机床交易型开放式指数证券投资基金,华夏基金,931866.CSI,20221012,
588290.SH,股票型ETF,科创芯片ETF基金,华安上证科创板芯片交易型开放式指数证券投资基金,华安基金,000685.SH,20220930,
588290.SH,主题指数ETF,科创芯片ETF基金,华安上证科创板芯片交易型开放式指数证券投资基金,华安基金,000685.SH,20220930,
588200.SH,主题指数ETF,科创芯片ETF,嘉实上证科创板芯片交易型开放式指数证券投资基金,嘉实基金,000685.SH,20220930,
588200.SH,股票型ETF,科创芯片ETF,嘉实上证科创板芯片交易型开放式指数证券投资基金,嘉实基金,000685.SH,20220930,
588010.SH,股票型ETF,科创新材料ETF,博时上证科创板新材料交易型开放式指数证券投资基金,博时基金,000689.SH,20220930,
588010.SH,主题指数ETF,科创新材料ETF,博时上证科创板新材料交易型开放式指数证券投资基金,博时基金,000689.SH,20220930,
588160.SH,主题指数ETF,科创材料ETF,南方上证科创板新材料交易型开放式指数证券投资基金,南方基金,000689.SH,20220930,
588160.SH,股票型ETF,科创材料ETF,南方上证科创板新材料交易型开放式指数证券投资基金,南方基金,000689.SH,20220930,
159658.SZ,股票型ETF,数字经济ETF,华安中证数字经济主题交易型开放式指数证券投资基金,华安基金,931582.CSI,20220927,
159658.SZ,主题指数ETF,数字经济ETF,华安中证数字经济主题交易型开放式指数证券投资基金,华安基金,931582.CSI,20220927,
560080.SH,股票型ETF,中药ETF,汇添富中证中药交易型开放式指数证券投资基金,汇添富基金,930641.CSI,20220926,
560080.SH,主题指数ETF,中药ETF,汇添富中证中药交易型开放式指数证券投资基金,汇添富基金,930641.CSI,20220926,
159645.SZ,股票型ETF,疫苗ETF富国,富国国证疫苗与生物科技交易型开放式指数证券投资基金,富国基金,980015.CNI,20220916,
159645.SZ,主题指数ETF,疫苗ETF富国,富国国证疫苗与生物科技交易型开放式指数证券投资基金,富国基金,980015.CNI,20220916,
562310.SH,股票型ETF,沪深300成长ETF,银华沪深300成长交易型开放式指数证券投资基金,银华基金,000918.CSI,20220901,
562310.SH,风格指数ETF,沪深300成长ETF,银华沪深300成长交易型开放式指数证券投资基金,银华基金,000918.CSI,20220901,
159651.SZ,债券型ETF,国开债券ETF,平安中债-0-3年国开行债券交易型开放式指数证券投资基金,平安基金,CBA11901.CS,20220901,
513260.SH,跨境ETF,恒生科技ETF基金,汇添富恒生科技交易型开放式指数证券投资基金(QDII),汇添富基金,HSTECH.HI,20220831,
513260.SH,跨境行业指数ETF,恒生科技ETF基金,汇添富恒生科技交易型开放式指数证券投资基金(QDII),汇添富基金,HSTECH.HI,20220831,
159621.SZ,股票型ETF,MSCIESGETF,国泰MSCI中国A股ESG通用交易型开放式指数证券投资基金,国泰基金,721638.MI,20220830,
159621.SZ,主题指数ETF,MSCIESGETF,国泰MSCI中国A股ESG通用交易型开放式指数证券投资基金,国泰基金,721638.MI,20220830,
159650.SZ,债券型ETF,国开ETF,博时中债0-3年国开行债券交易型开放式指数证券投资基金,博时基金,CBA11901.CS,20220826,
159637.SZ,股票型ETF,新能源车龙头ETF,西藏东财中证新能源汽车交易型开放式指数证券投资基金,东财基金,399976.SZ,20220819,
159637.SZ,主题指数ETF,新能源车龙头ETF,西藏东财中证新能源汽车交易型开放式指数证券投资基金,东财基金,399976.SZ,20220819,
159631.SZ,规模指数ETF,中证A100ETF,招商中证A100交易型开放式指数证券投资基金,招商基金,000903.SH,20220818,
159631.SZ,股票型ETF,中证A100ETF,招商中证A100交易型开放式指数证券投资基金,招商基金,000903.SH,20220818,
159623.SZ,主题指数ETF,成渝经济圈ETF,博时中证成渝地区双城经济圈成份交易型开放式指数证券投资基金,博时基金,931695.CSI,20220815,
159623.SZ,股票型ETF,成渝经济圈ETF,博时中证成渝地区双城经济圈成份交易型开放式指数证券投资基金,博时基金,931695.CSI,20220815,
513290.SH,跨境ETF,纳指生物科技ETF,汇添富纳斯达克生物科技交易型开放式指数证券投资基金(QDII),汇添富基金,NBI.GI,20220815,
513290.SH,跨境主题指数ETF,纳指生物科技ETF,汇添富纳斯达克生物科技交易型开放式指数证券投资基金(QDII),汇添富基金,NBI.GI,20220815,
159643.SZ,股票型ETF,疫苗ETF,国泰国证疫苗与生物科技交易型开放式指数证券投资基金,国泰基金,980015.CNI,20220810,
159643.SZ,主题指数ETF,疫苗ETF,国泰国证疫苗与生物科技交易型开放式指数证券投资基金,国泰基金,980015.CNI,20220810,
159638.SZ,股票型ETF,高端装备ETF,嘉实中证高端装备细分50交易型开放式指数证券投资基金,嘉实基金,931521.CSI,20220805,
159638.SZ,主题指数ETF,高端装备ETF,嘉实中证高端装备细分50交易型开放式指数证券投资基金,嘉实基金,931521.CSI,20220805,
560110.SH,规模指数ETF,中证1000ETF基金,汇添富中证1000交易型开放式指数证券投资基金,汇添富基金,000852.SH,20220729,
560110.SH,股票型ETF,中证1000ETF基金,汇添富中证1000交易型开放式指数证券投资基金,汇添富基金,000852.SH,20220729,
159633.SZ,股票型ETF,中证1000ETF易方达,易方达中证1000交易型开放式指数证券投资基金,易方达基金,000852.SH,20220728,
159633.SZ,规模指数ETF,中证1000ETF易方达,易方达中证1000交易型开放式指数证券投资基金,易方达基金,000852.SH,20220728,
562530.SH,策略指数ETF,中证1000价值ETF,华夏中证智选1000价值稳健策略交易型开放式指数证券投资基金,华夏基金,931588.CSI,20220728,
562530.SH,股票型ETF,中证1000价值ETF,华夏中证智选1000价值稳健策略交易型开放式指数证券投资基金,华夏基金,931588.CSI,20220728,
560010.SH,规模指数ETF,中证1000ETF指数,广发中证1000交易型开放式指数证券投资基金,广发基金,000852.SH,20220728,
560010.SH,股票型ETF,中证1000ETF指数,广发中证1000交易型开放式指数证券投资基金,广发基金,000852.SH,20220728,
159629.SZ,股票型ETF,1000ETF,富国中证1000交易型开放式指数证券投资基金,富国基金,000852.SH,20220727,
159629.SZ,规模指数ETF,1000ETF,富国中证1000交易型开放式指数证券投资基金,富国基金,000852.SH,20220727,
561510.SH,主题指数ETF,中药ETF华泰柏瑞,华泰柏瑞中证中药交易型开放式指数证券投资基金,华泰柏瑞基金,930641.CSI,20220726,
561510.SH,股票型ETF,中药ETF华泰柏瑞,华泰柏瑞中证中药交易型开放式指数证券投资基金,华泰柏瑞基金,930641.CSI,20220726,
159632.SZ,跨境ETF,纳斯达克ETF,华安纳斯达克100交易型开放式指数证券投资基金(QDII),华安基金,NDX.GI,20220721,
159632.SZ,跨境规模指数ETF,纳斯达克ETF,华安纳斯达克100交易型开放式指数证券投资基金(QDII),华安基金,NDX.GI,20220721,
562000.SH,规模指数ETF,中证A100ETF基金,华宝中证A100交易型开放式指数证券投资基金,华宝基金,000903.SH,20220721,
562000.SH,股票型ETF,中证A100ETF基金,华宝中证A100交易型开放式指数证券投资基金,华宝基金,000903.SH,20220721,
159616.SZ,股票型ETF,农牧ETF,建信中证农牧主题交易型开放式指数证券投资基金,建信基金,931778.CSI,20220721,
159616.SZ,主题指数ETF,农牧ETF,建信中证农牧主题交易型开放式指数证券投资基金,建信基金,931778.CSI,20220721,
562390.SH,股票型ETF,中药50ETF,银华中证中药交易型开放式指数证券投资基金,银华基金,930641.CSI,20220720,
562390.SH,主题指数ETF,中药50ETF,银华中证中药交易型开放式指数证券投资基金,银华基金,930641.CSI,20220720,
159647.SZ,主题指数ETF,中药ETF,鹏华中证中药交易型开放式指数证券投资基金,鹏华基金,930641.CSI,20220720,
159647.SZ,股票型ETF,中药ETF,鹏华中证中药交易型开放式指数证券投资基金,鹏华基金,930641.CSI,20220720,
159620.SZ,策略指数ETF,500成长ETF,华夏中证智选500成长创新策略交易型开放式指数证券投资基金,华夏基金,931590.CSI,20220719,
159620.SZ,股票型ETF,500成长ETF,华夏中证智选500成长创新策略交易型开放式指数证券投资基金,华夏基金,931590.CSI,20220719,
159641.SZ,主题指数ETF,双碳ETF,招商中证上海环交所碳中和交易型开放式指数证券投资基金,招商基金,931755.CSI,20220714,
159641.SZ,股票型ETF,双碳ETF,招商中证上海环交所碳中和交易型开放式指数证券投资基金,招商基金,931755.CSI,20220714,
159642.SZ,股票型ETF,碳中和100ETF,大成中证上海环交所碳中和交易型开放式指数证券投资基金,大成基金,931755.CSI,20220713,
159642.SZ,主题指数ETF,碳中和100ETF,大成中证上海环交所碳中和交易型开放式指数证券投资基金,大成基金,931755.CSI,20220713,
159640.SZ,主题指数ETF,碳中和龙头ETF,工银瑞信中证上海环交所碳中和交易型开放式指数证券投资基金,工银瑞信基金,931755.CSI,20220713,
159640.SZ,股票型ETF,碳中和龙头ETF,工银瑞信中证上海环交所碳中和交易型开放式指数证券投资基金,工银瑞信基金,931755.CSI,20220713,
560060.SH,股票型ETF,碳中和ETF,汇添富中证上海环交所碳中和交易型开放式指数证券投资基金,汇添富基金,931755.CSI,20220713,
560060.SH,主题指数ETF,碳中和ETF,汇添富中证上海环交所碳中和交易型开放式指数证券投资基金,汇添富基金,931755.CSI,20220713,
561190.SH,股票型ETF,双碳ETF,富国中证上海环交所碳中和交易型开放式指数证券投资基金,富国基金,931755.CSI,20220711,
561190.SH,主题指数ETF,双碳ETF,富国中证上海环交所碳中和交易型开放式指数证券投资基金,富国基金,931755.CSI,20220711,
159639.SZ,主题指数ETF,碳中和ETF南方,南方中证上海环交所碳中和交易型开放式指数证券投资基金,南方基金,931755.CSI,20220711,
159639.SZ,股票型ETF,碳中和ETF南方,南方中证上海环交所碳中和交易型开放式指数证券投资基金,南方基金,931755.CSI,20220711,
560550.SH,股票型ETF,碳中和ETF龙头,广发中证上海环交所碳中和交易型开放式指数证券投资基金,广发基金,931755.CSI,20220711,
560550.SH,主题指数ETF,碳中和ETF龙头,广发中证上海环交所碳中和交易型开放式指数证券投资基金,广发基金,931755.CSI,20220711,
562990.SH,主题指数ETF,碳中和ETF易方达,易方达中证上海环交所碳中和交易型开放式指数证券投资基金,易方达基金,931755.CSI,20220711,
562990.SH,股票型ETF,碳中和ETF易方达,易方达中证上海环交所碳中和交易型开放式指数证券投资基金,易方达基金,931755.CSI,20220711,
513220.SH,跨境ETF,中概互联ETF,招商中证全球中国互联网交易型开放式指数证券投资基金(QDII),招商基金,930796.CSI,20220704,
513220.SH,跨境主题指数ETF,中概互联ETF,招商中证全球中国互联网交易型开放式指数证券投资基金(QDII),招商基金,930796.CSI,20220704,
513120.SH,跨境ETF,港股创新药ETF,广发中证香港创新药交易型开放式指数证券投资基金(QDII),广发基金,931787CNY00.CSI,20220701,
513120.SH,跨境主题指数ETF,港股创新药ETF,广发中证香港创新药交易型开放式指数证券投资基金(QDII),广发基金,931787CNY00.CSI,20220701,
561700.SH,行业指数ETF,电力ETF基金,博时中证全指电力公用事业交易型开放式指数证券投资基金,博时基金,h30199.CSI,20220701,
561700.SH,股票型ETF,电力ETF基金,博时中证全指电力公用事业交易型开放式指数证券投资基金,博时基金,h30199.CSI,20220701,
561160.SH,主题指数ETF,锂电池ETF,富国中证电池主题交易型开放式指数证券投资基金,富国基金,931719.CSI,20220630,
561160.SH,股票型ETF,锂电池ETF,富国中证电池主题交易型开放式指数证券投资基金,富国基金,931719.CSI,20220630,
562350.SH,行业指数ETF,电力指数ETF,银华中证全指电力公用事业交易型开放式指数证券投资基金,银华基金,h30199.CSI,20220630,
562350.SH,股票型ETF,电力指数ETF,银华中证全指电力公用事业交易型开放式指数证券投资基金,银华基金,h30199.CSI,20220630,
159636.SZ,跨境ETF,港股通科技30ETF,工银瑞信国证港股通科技交易型开放式指数证券投资基金,工银瑞信基金,987008.CNI,20220630,
159636.SZ,跨境主题指数ETF,港股通科技30ETF,工银瑞信国证港股通科技交易型开放式指数证券投资基金,工银瑞信基金,987008.CNI,20220630,
159628.SZ,股票型ETF,国证2000ETF,万家国证2000交易型开放式指数证券投资基金,万家基金,399303.SZ,20220629,
159628.SZ,规模指数ETF,国证2000ETF,万家国证2000交易型开放式指数证券投资基金,万家基金,399303.SZ,20220629,
159635.SZ,主题指数ETF,基建50ETF,华夏中证基建交易型开放式指数证券投资基金,华夏基金,930608.CSI,20220628,
159635.SZ,股票型ETF,基建50ETF,华夏中证基建交易型开放式指数证券投资基金,华夏基金,930608.CSI,20220628,
159609.SZ,主题指数ETF,光伏龙头ETF,浦银安盛中证光伏产业交易型开放式指数证券投资基金,浦银安盛基金,931151.CSI,20220616,
159609.SZ,股票型ETF,光伏龙头ETF,浦银安盛中证光伏产业交易型开放式指数证券投资基金,浦银安盛基金,931151.CSI,20220616,
560650.SH,股票型ETF,核心50ETF,民生加银中证企业核心竞争力50交易型开放式指数证券投资基金,民生加银基金,931526.CSI,20220613,
560650.SH,主题指数ETF,核心50ETF,民生加银中证企业核心竞争力50交易型开放式指数证券投资基金,民生加银基金,931526.CSI,20220613,
560990.SH,主题指数ETF,中金科技先锋ETF,中金中证科技先锋交易型开放式指数证券投资基金,中金基金,931447.CSI,20220610,
560990.SH,股票型ETF,中金科技先锋ETF,中金中证科技先锋交易型开放式指数证券投资基金,中金基金,931447.CSI,20220610,
159617.SZ,策略指数ETF,500价值ETF,华夏中证智选500价值稳健策略交易型开放式指数证券投资基金,华夏基金,931587.CSI,20220609,
159617.SZ,股票型ETF,500价值ETF,华夏中证智选500价值稳健策略交易型开放式指数证券投资基金,华夏基金,931587.CSI,20220609,
159603.SZ,股票型ETF,双创龙头ETF,天弘中证科创创业50交易型开放式指数证券投资基金,天弘基金,931643.CSI,20220526,
159603.SZ,规模指数ETF,双创龙头ETF,天弘中证科创创业50交易型开放式指数证券投资基金,天弘基金,931643.CSI,20220526,
159612.SZ,跨境ETF,标普500ETF,国泰标普500交易型开放式指数证券投资基金(QDII),国泰基金,SPX.GI,20220509,
159612.SZ,跨境规模指数ETF,标普500ETF,国泰标普500交易型开放式指数证券投资基金(QDII),国泰基金,SPX.GI,20220509,
560900.SH,股票型ETF,创新药企ETF,摩根中证创新药产业交易型开放式指数证券投资基金,摩根基金,931152.CSI,20220519,
560900.SH,主题指数ETF,创新药企ETF,摩根中证创新药产业交易型开放式指数证券投资基金,摩根基金,931152.CSI,20220519,
588260.SH,股票型ETF,科创信息ETF,华安上证科创板新一代信息技术交易型开放式指数证券投资基金,华安基金,000682.SH,20220518,
588260.SH,主题指数ETF,科创信息ETF,华安上证科创板新一代信息技术交易型开放式指数证券投资基金,华安基金,000682.SH,20220518,
588100.SH,股票型ETF,科创信息技术ETF,嘉实上证科创板新一代信息技术交易型开放式指数证券投资基金,嘉实基金,000682.SH,20220518,
588100.SH,主题指数ETF,科创信息技术ETF,嘉实上证科创板新一代信息技术交易型开放式指数证券投资基金,嘉实基金,000682.SH,20220518,
517990.SH,股票型ETF,医药ETF沪港深,招商中证沪港深500医药卫生交易型开放式指数证券投资基金,招商基金,h30463.CSI,20220509,
517990.SH,行业指数ETF,医药ETF沪港深,招商中证沪港深500医药卫生交易型开放式指数证券投资基金,招商基金,h30463.CSI,20220509,
517850.SH,主题指数ETF,张江ETF,汇添富中证沪港深张江自主创新50交易型开放式指数证券投资基金,汇添富基金,931596.CSI,20220428,
517850.SH,股票型ETF,张江ETF,汇添富中证沪港深张江自主创新50交易型开放式指数证券投资基金,汇添富基金,931596.CSI,20220428,
159797.SZ,股票型ETF,医疗器械ETF基金,汇添富中证全指医疗器械交易型开放式指数证券投资基金,汇添富基金,h30217.CSI,20220428,
159797.SZ,行业指数ETF,医疗器械ETF基金,汇添富中证全指医疗器械交易型开放式指数证券投资基金,汇添富基金,h30217.CSI,20220428,
159798.SZ,股票型ETF,消费ETF易方达,易方达中证消费50交易型开放式指数证券投资基金,易方达基金,931139.CSI,20220428,
159798.SZ,主题指数ETF,消费ETF易方达,易方达中证消费50交易型开放式指数证券投资基金,易方达基金,931139.CSI,20220428,
513380.SH,跨境ETF,恒生科技ETF龙头,广发恒生科技交易型开放式指数证券投资基金(QDII),广发基金,HSTECH.HI,20220427,
513380.SH,跨境行业指数ETF,恒生科技ETF龙头,广发恒生科技交易型开放式指数证券投资基金(QDII),广发基金,HSTECH.HI,20220427,
561560.SH,股票型ETF,电力ETF,华泰柏瑞中证全指电力公用事业交易型开放式指数证券投资基金,华泰柏瑞基金,h30199.CSI,20220426,
561560.SH,行业指数ETF,电力ETF,华泰柏瑞中证全指电力公用事业交易型开放式指数证券投资基金,华泰柏瑞基金,h30199.CSI,20220426,
159625.SZ,股票型ETF,绿色电力ETF,嘉实国证绿色电力交易型开放式指数证券投资基金,嘉实基金,399438.SZ,20220421,
159625.SZ,主题指数ETF,绿色电力ETF,嘉实国证绿色电力交易型开放式指数证券投资基金,嘉实基金,399438.SZ,20220421,
513530.SH,跨境ETF,港股通红利ETF,华泰柏瑞中证港股通高股息投资交易型开放式指数证券投资基金(QDII),华泰柏瑞基金,930915.CSI,20220408,
513530.SH,跨境主题指数ETF,港股通红利ETF,华泰柏瑞中证港股通高股息投资交易型开放式指数证券投资基金(QDII),华泰柏瑞基金,930915.CSI,20220408,
159618.SZ,主题指数ETF,光伏ETF指数基金,华安中证光伏产业交易型开放式指数证券投资基金,华安基金,931151.CSI,20220408,
159618.SZ,股票型ETF,光伏ETF指数基金,华安中证光伏产业交易型开放式指数证券投资基金,华安基金,931151.CSI,20220408,
560880.SH,行业指数ETF,家电ETF龙头,广发中证全指家用电器交易型开放式指数证券投资基金,广发基金,930697.CSI,20220330,
560880.SH,股票型ETF,家电ETF龙头,广发中证全指家用电器交易型开放式指数证券投资基金,广发基金,930697.CSI,20220330,
159831.SZ,商品型ETF,上海金ETF嘉实,嘉实上海金交易型开放式证券投资基金,嘉实基金,SHAU.SGE,20220323,
517900.SH,股票型ETF,银行AH优选ETF,招商中证银行AH价格优选交易型开放式指数证券投资基金,招商基金,931039.CSI,20220315,
517900.SH,策略指数ETF,银行AH优选ETF,招商中证银行AH价格优选交易型开放式指数证券投资基金,招商基金,931039.CSI,20220315,
513070.SH,跨境ETF,港股消费ETF易方达,易方达中证港股通消费主题交易型开放式指数证券投资基金,易方达基金,931454.CSI,20220314,
513070.SH,跨境主题指数ETF,港股消费ETF易方达,易方达中证港股通消费主题交易型开放式指数证券投资基金,易方达基金,931454.CSI,20220314,
562520.SH,策略指数ETF,中证1000成长ETF,华夏中证智选1000成长创新策略交易型开放式指数证券投资基金,华夏基金,931591.CSI,20220308,
562520.SH,股票型ETF,中证1000成长ETF,华夏中证智选1000成长创新策略交易型开放式指数证券投资基金,华夏基金,931591.CSI,20220308,
159776.SZ,跨境行业指数ETF,港股通医药ETF,银华中证港股通医药卫生综合交易型开放式指数证券投资基金,银华基金,930965.CSI,20220307,
159776.SZ,跨境ETF,港股通医药ETF,银华中证港股通医药卫生综合交易型开放式指数证券投资基金,银华基金,930965.CSI,20220307,
159787.SZ,股票型ETF,建材ETF易方达,易方达中证全指建筑材料交易型开放式指数证券投资基金,易方达基金,931009.CSI,20220304,
159787.SZ,主题指数ETF,建材ETF易方达,易方达中证全指建筑材料交易型开放式指数证券投资基金,易方达基金,931009.CSI,20220304,
159834.SZ,商品型ETF,金ETF,南方上海金交易型开放式证券投资基金,南方基金,SHAU.SGE,20220303,
159796.SZ,主题指数ETF,电池50ETF,汇添富中证电池主题交易型开放式指数证券投资基金,汇添富基金,931719.CSI,20220303,
159796.SZ,股票型ETF,电池50ETF,汇添富中证电池主题交易型开放式指数证券投资基金,汇添富基金,931719.CSI,20220303,
513320.SH,跨境ETF,恒生新经济ETF,易方达恒生港股通新经济交易型开放式指数证券投资基金,易方达基金,HSSCNE.HI,20220303,
513320.SH,跨境行业指数ETF,恒生新经济ETF,易方达恒生港股通新经济交易型开放式指数证券投资基金,易方达基金,HSSCNE.HI,20220303,
159791.SZ,股票型ETF,300ESGETF,华夏沪深300ESG基准交易型开放式指数证券投资基金,华夏基金,931463.CSI,20220224,
159791.SZ,主题指数ETF,300ESGETF,华夏沪深300ESG基准交易型开放式指数证券投资基金,华夏基金,931463.CSI,20220224,
159788.SZ,跨境主题指数ETF,港股通100ETF,易方达中证港股通中国100交易型开放式指数证券投资基金,易方达基金,930957.CSI,20220222,
159788.SZ,跨境ETF,港股通100ETF,易方达中证港股通中国100交易型开放式指数证券投资基金,易方达基金,930957.CSI,20220222,
513770.SH,跨境ETF,港股互联网ETF,华宝中证港股通互联网交易型开放式指数证券投资基金,华宝基金,931637.CSI,20220209,
513770.SH,跨境主题指数ETF,港股互联网ETF,华宝中证港股通互联网交易型开放式指数证券投资基金,华宝基金,931637.CSI,20220209,
159619.SZ,股票型ETF,基建ETF,国泰中证基建交易型开放式指数证券投资基金,国泰基金,930608.CSI,20220209,
159619.SZ,主题指数ETF,基建ETF,国泰中证基建交易型开放式指数证券投资基金,国泰基金,930608.CSI,20220209,
159768.SZ,主题指数ETF,房地产ETF,银华中证内地地产主题交易型开放式指数证券投资基金,银华基金,000948.CSI,20220127,
159768.SZ,股票型ETF,房地产ETF,银华中证内地地产主题交易型开放式指数证券投资基金,银华基金,000948.CSI,20220127,
159795.SZ,主题指数ETF,智能汽车ETF基金,汇添富中证智能汽车主题交易型开放式指数证券投资基金,汇添富基金,930721.CSI,20220127,
159795.SZ,股票型ETF,智能汽车ETF基金,汇添富中证智能汽车主题交易型开放式指数证券投资基金,汇添富基金,930721.CSI,20220127,
560100.SH,股票型ETF,中证500增强ETF,南方中证500增强策略交易型开放式指数证券投资基金,南方基金,000905.SH,20220126,
560100.SH,规模指数ETF,中证500增强ETF,南方中证500增强策略交易型开放式指数证券投资基金,南方基金,000905.SH,20220126,
159750.SZ,跨境ETF,港股科技50ETF,招商中证香港科技交易型开放式指数证券投资基金(QDII),招商基金,931574CNY00.CSI,20220126,
159750.SZ,跨境主题指数ETF,港股科技50ETF,招商中证香港科技交易型开放式指数证券投资基金(QDII),招商基金,931574CNY00.CSI,20220126,
159778.SZ,股票型ETF,工业互联ETF,鹏华中证工业互联网主题交易型开放式指数证券投资基金,鹏华基金,931495.CSI,20220125,
159778.SZ,主题指数ETF,工业互联ETF,鹏华中证工业互联网主题交易型开放式指数证券投资基金,鹏华基金,931495.CSI,20220125,
561120.SH,股票型ETF,家电ETF,富国中证全指家用电器交易型开放式指数证券投资基金,富国基金,930697.CSI,20220125,
561120.SH,行业指数ETF,家电ETF,富国中证全指家用电器交易型开放式指数证券投资基金,富国基金,930697.CSI,20220125,
561100.SH,主题指数ETF,消费电子ETF富国,富国中证消费电子主题交易型开放式指数证券投资基金,富国基金,931494.CSI,20220120,
561100.SH,股票型ETF,消费电子ETF富国,富国中证消费电子主题交易型开放式指数证券投资基金,富国基金,931494.CSI,20220120,
517550.SH,主题指数ETF,消费ETF沪港深,招商中证沪港深消费龙头交易型开放式指数证券投资基金,招商基金,931663.CSI,20220120,
517550.SH,股票型ETF,消费ETF沪港深,招商中证沪港深消费龙头交易型开放式指数证券投资基金,招商基金,931663.CSI,20220120,
159613.SZ,股票型ETF,信息安全ETF,嘉实中证信息安全主题交易型开放式指数证券投资基金,嘉实基金,399994.SZ,20220119,
159613.SZ,主题指数ETF,信息安全ETF,嘉实中证信息安全主题交易型开放式指数证券投资基金,嘉实基金,399994.SZ,20220119,
513200.SH,跨境ETF,港股通医药ETF,易方达中证港股通医药卫生综合交易型开放式指数证券投资基金,易方达基金,930965.CSI,20220119,
513200.SH,跨境行业指数ETF,港股通医药ETF,易方达中证港股通医药卫生综合交易型开放式指数证券投资基金,易方达基金,930965.CSI,20220119,
159738.SZ,主题指数ETF,云计算ETF华泰柏瑞,华泰柏瑞中证沪港深云计算产业交易型开放式指数证券投资基金,华泰柏瑞基金,931470.CSI,20220118,
159738.SZ,股票型ETF,云计算ETF华泰柏瑞,华泰柏瑞中证沪港深云计算产业交易型开放式指数证券投资基金,华泰柏瑞基金,931470.CSI,20220118,
513160.SH,跨境ETF,港股科技30ETF,银华恒生港股通中国科技交易型开放式指数证券投资基金,银华基金,HSSCT.HI,20220117,
513160.SH,跨境行业指数ETF,港股科技30ETF,银华恒生港股通中国科技交易型开放式指数证券投资基金,银华基金,HSSCT.HI,20220117,
562950.SH,主题指数ETF,消费电子ETF易方达,易方达中证消费电子主题交易型开放式指数证券投资基金,易方达基金,931494.CSI,20220112,
562950.SH,股票型ETF,消费电子ETF易方达,易方达中证消费电子主题交易型开放式指数证券投资基金,易方达基金,931494.CSI,20220112,
159775.SZ,股票型ETF,电池ETF基金,建信国证新能源车电池交易型开放式指数证券投资基金,建信基金,980032.CNI,20220107,
159775.SZ,主题指数ETF,电池ETF基金,建信国证新能源车电池交易型开放式指数证券投资基金,建信基金,980032.CNI,20220107,
516530.SH,股票型ETF,物流快递ETF,银华中证现代物流交易型开放式指数证券投资基金,银华基金,930716.CSI,20220104,
516530.SH,主题指数ETF,物流快递ETF,银华中证现代物流交易型开放式指数证券投资基金,银华基金,930716.CSI,20220104,
159607.SZ,跨境ETF,中概互联网ETF,嘉实中证海外中国互联网30交易型开放式指数证券投资基金(QDII),嘉实基金,930604.CSI,20211124,
159607.SZ,跨境主题指数ETF,中概互联网ETF,嘉实中证海外中国互联网30交易型开放式指数证券投资基金(QDII),嘉实基金,930604.CSI,20211124,
159611.SZ,行业指数ETF,电力ETF,广发中证全指电力公用事业交易型开放式指数证券投资基金,广发基金,h30199.CSI,20211229,
159611.SZ,股票型ETF,电力ETF,广发中证全指电力公用事业交易型开放式指数证券投资基金,广发基金,h30199.CSI,20211229,
159743.SZ,主题指数ETF,湖北ETF,博时中证湖北新旧动能转换交易型开放式指数证券投资基金,博时基金,931393.CSI,20211229,
159743.SZ,股票型ETF,湖北ETF,博时中证湖北新旧动能转换交易型开放式指数证券投资基金,博时基金,931393.CSI,20211229,
516810.SH,股票型ETF,农业50ETF,华夏中证农业主题交易型开放式指数证券投资基金,华夏基金,000949.CSI,20211229,
516810.SH,主题指数ETF,农业50ETF,华夏中证农业主题交易型开放式指数证券投资基金,华夏基金,000949.CSI,20211229,
159728.SZ,主题指数ETF,在线消费ETF,南方国证在线消费交易型开放式指数证券投资基金,南方基金,399361.SZ,20211229,
159728.SZ,股票型ETF,在线消费ETF,南方国证在线消费交易型开放式指数证券投资基金,南方基金,399361.SZ,20211229,
562910.SH,主题指数ETF,高端制造ETF,易方达中证装备产业交易型开放式指数证券投资基金,易方达基金,h11054.CSI,20211229,
562910.SH,股票型ETF,高端制造ETF,易方达中证装备产业交易型开放式指数证券投资基金,易方达基金,h11054.CSI,20211229,
560800.SH,主题指数ETF,数字经济ETF,鹏扬中证数字经济主题交易型开放式指数证券投资基金,鹏扬基金,931582.CSI,20211222,
560800.SH,股票型ETF,数字经济ETF,鹏扬中证数字经济主题交易型开放式指数证券投资基金,鹏扬基金,931582.CSI,20211222,
562510.SH,主题指数ETF,旅游ETF,华夏中证旅游主题交易型开放式指数证券投资基金,华夏基金,930633.CSI,20211221,
562510.SH,股票型ETF,旅游ETF,华夏中证旅游主题交易型开放式指数证券投资基金,华夏基金,930633.CSI,20211221,
159758.SZ,策略指数ETF,红利质量ETF,华夏中证红利质量交易型开放式指数证券投资基金,华夏基金,931468.CSI,20211220,
159758.SZ,股票型ETF,红利质量ETF,华夏中证红利质量交易型开放式指数证券投资基金,华夏基金,931468.CSI,20211220,
562300.SH,主题指数ETF,碳中和ETF基金,银华中证内地低碳经济主题交易型开放式指数证券投资基金,银华基金,000977.CSI,20211220,
562300.SH,股票型ETF,碳中和ETF基金,银华中证内地低碳经济主题交易型开放式指数证券投资基金,银华基金,000977.CSI,20211220,
513990.SH,跨境主题指数ETF,港股通ETF,招商上证港股通交易型开放式指数证券投资基金,招商基金,h50069CNY10.CSI,20200803,
513990.SH,跨境ETF,港股通ETF,招商上证港股通交易型开放式指数证券投资基金,招商基金,h50069CNY10.CSI,20200803,
159608.SZ,主题指数ETF,稀有金属ETF,广发中证稀有金属主题交易型开放式指数证券投资基金,广发基金,930632.CSI,20211215,
159608.SZ,股票型ETF,稀有金属ETF,广发中证稀有金属主题交易型开放式指数证券投资基金,广发基金,930632.CSI,20211215,
159718.SZ,跨境ETF,港股医药ETF,平安中证港股通医药卫生综合交易型开放式指数证券投资基金,平安基金,930965.CSI,20211216,
159718.SZ,跨境行业指数ETF,港股医药ETF,平安中证港股通医药卫生综合交易型开放式指数证券投资基金,平安基金,930965.CSI,20211216,
159719.SZ,主题指数ETF,国企共赢ETF,平安富时中国国企开放共赢交易型开放式指数证券投资基金,平安基金,GPCCH003.FI,20211217,
159719.SZ,股票型ETF,国企共赢ETF,平安富时中国国企开放共赢交易型开放式指数证券投资基金,平安基金,GPCCH003.FI,20211217,
513890.SH,跨境ETF,恒生科技HKETF,摩根恒生科技交易型开放式指数证券投资基金(QDII),摩根基金,HSTECH.HI,20211217,
513890.SH,跨境行业指数ETF,恒生科技HKETF,摩根恒生科技交易型开放式指数证券投资基金(QDII),摩根基金,HSTECH.HI,20211217,
159606.SZ,策略指数ETF,中证500成长ETF,易方达中证500质量成长交易型开放式指数证券投资基金,易方达基金,930939.CSI,20211217,
159606.SZ,股票型ETF,中证500成长ETF,易方达中证500质量成长交易型开放式指数证券投资基金,易方达基金,930939.CSI,20211217,
517180.SH,股票型ETF,中国国企ETF,南方富时中国国企开放共赢交易型开放式指数证券投资基金,南方基金,GPCCH003.FI,20211217,
517180.SH,主题指数ETF,中国国企ETF,南方富时中国国企开放共赢交易型开放式指数证券投资基金,南方基金,GPCCH003.FI,20211217,
562500.SH,股票型ETF,机器人ETF,华夏中证机器人交易型开放式指数证券投资基金,华夏基金,h30590.CSI,20211217,
562500.SH,主题指数ETF,机器人ETF,华夏中证机器人交易型开放式指数证券投资基金,华夏基金,h30590.CSI,20211217,
517090.SH,股票型ETF,央企共赢ETF,国泰富时中国国企开放共赢交易型开放式指数证券投资基金,国泰基金,GPCCH003.FI,20211217,
517090.SH,主题指数ETF,央企共赢ETF,国泰富时中国国企开放共赢交易型开放式指数证券投资基金,国泰基金,GPCCH003.FI,20211217,
159711.SZ,跨境ETF,港股通ETF,华夏中证港股通50交易型开放式指数证券投资基金,华夏基金,930931.CSI,20211216,
159711.SZ,跨境规模指数ETF,港股通ETF,华夏中证港股通50交易型开放式指数证券投资基金,华夏基金,930931.CSI,20211216,
159701.SZ,股票型ETF,物联网ETF招商,招商中证物联网主题交易型开放式指数证券投资基金,招商基金,930712.CSI,20211215,
159701.SZ,主题指数ETF,物联网ETF招商,招商中证物联网主题交易型开放式指数证券投资基金,招商基金,930712.CSI,20211215,
516350.SH,股票型ETF,芯片ETF易方达,易方达中证芯片产业交易型开放式指数证券投资基金,易方达基金,h30007.CSI,20211215,
516350.SH,主题指数ETF,芯片ETF易方达,易方达中证芯片产业交易型开放式指数证券投资基金,易方达基金,h30007.CSI,20211215,
159610.SZ,规模指数ETF,500ETF增强,景顺长城中证500增强策略交易型开放式指数证券投资基金,景顺长城基金,000905.SH,20211213,
159610.SZ,股票型ETF,500ETF增强,景顺长城中证500增强策略交易型开放式指数证券投资基金,景顺长城基金,000905.SH,20211213,
159730.SZ,股票型ETF,龙头家电ETF,博时国证龙头家电交易型开放式指数证券投资基金,博时基金,980028.CNI,20211213,
159730.SZ,主题指数ETF,龙头家电ETF,博时国证龙头家电交易型开放式指数证券投资基金,博时基金,980028.CNI,20211213,
517390.SH,股票型ETF,云计算ETF天弘,天弘中证沪港深云计算产业交易型开放式指数证券投资基金,天弘基金,931470.CSI,20211210,
517390.SH,主题指数ETF,云计算ETF天弘,天弘中证沪港深云计算产业交易型开放式指数证券投资基金,天弘基金,931470.CSI,20211210,
588150.SH,规模指数ETF,科创50ETF南方,南方上证科创板50成份交易型开放式指数证券投资基金,南方基金,000688.SH,20211210,
588150.SH,股票型ETF,科创50ETF南方,南方上证科创板50成份交易型开放式指数证券投资基金,南方基金,000688.SH,20211210,
159706.SZ,规模指数ETF,深证100ETF华安,华安深证100交易型开放式指数证券投资基金,华安基金,399330.SZ,20211209,
159706.SZ,股票型ETF,深证100ETF华安,华安深证100交易型开放式指数证券投资基金,华安基金,399330.SZ,20211209,
159760.SZ,主题指数ETF,医疗健康ETF泰康,泰康国证公共卫生与医疗健康交易型开放式指数证券投资基金,泰康基金,980016.CNI,20211206,
159760.SZ,股票型ETF,医疗健康ETF泰康,泰康国证公共卫生与医疗健康交易型开放式指数证券投资基金,泰康基金,980016.CNI,20211206,
159731.SZ,股票型ETF,石化ETF,华夏中证石化产业交易型开放式指数证券投资基金,华夏基金,h11057.CSI,20211202,
159731.SZ,主题指数ETF,石化ETF,华夏中证石化产业交易型开放式指数证券投资基金,华夏基金,h11057.CSI,20211202,
562900.SH,主题指数ETF,农业ETF易方达,易方达中证现代农业主题交易型开放式指数证券投资基金,易方达基金,930662.CSI,20211202,
562900.SH,股票型ETF,农业ETF易方达,易方达中证现代农业主题交易型开放式指数证券投资基金,易方达基金,930662.CSI,20211202,
561990.SH,规模指数ETF,沪深300增强ETF,招商沪深300增强策略交易型开放式指数证券投资基金,招商基金,000300.SH,20211202,
561990.SH,股票型ETF,沪深300增强ETF,招商沪深300增强策略交易型开放式指数证券投资基金,招商基金,000300.SH,20211202,
561550.SH,股票型ETF,500增强ETF,华泰柏瑞中证500增强策略交易型开放式指数证券投资基金,华泰柏瑞基金,000905.SH,20211202,
561550.SH,规模指数ETF,500增强ETF,华泰柏瑞中证500增强策略交易型开放式指数证券投资基金,华泰柏瑞基金,000905.SH,20211202,
561300.SH,股票型ETF,300增强ETF,国泰沪深300增强策略交易型开放式指数证券投资基金,国泰基金,000300.SH,20211201,
561300.SH,规模指数ETF,300增强ETF,国泰沪深300增强策略交易型开放式指数证券投资基金,国泰基金,000300.SH,20211201,
517330.SH,股票型ETF,长江保护ETF,易方达中证长江保护主题交易型开放式指数证券投资基金,易方达基金,931554.CSI,20211126,
517330.SH,主题指数ETF,长江保护ETF,易方达中证长江保护主题交易型开放式指数证券投资基金,易方达基金,931554.CSI,20211126,
517160.SH,股票型ETF,长江保护主题ETF,南方中证长江保护主题交易型开放式指数证券投资基金,南方基金,931554.CSI,20211126,
517160.SH,主题指数ETF,长江保护主题ETF,南方中证长江保护主题交易型开放式指数证券投资基金,南方基金,931554.CSI,20211126,
517770.SH,股票型ETF,游戏传媒ETF,浦银安盛中证沪港深游戏及文化传媒交易型开放式指数证券投资基金,浦银安盛基金,931580.CSI,20211125,
517770.SH,主题指数ETF,游戏传媒ETF,浦银安盛中证沪港深游戏及文化传媒交易型开放式指数证券投资基金,浦银安盛基金,931580.CSI,20211125,
159761.SZ,主题指数ETF,新材料50ETF,国泰中证新材料主题交易型开放式指数证券投资基金,国泰基金,h30597.CSI,20211124,
159761.SZ,股票型ETF,新材料50ETF,国泰中证新材料主题交易型开放式指数证券投资基金,国泰基金,h30597.CSI,20211124,
159605.SZ,跨境主题指数ETF,中概互联ETF,广发中证海外中国互联网30交易型开放式指数证券投资基金(QDII),广发基金,930604.CSI,20211124,
159605.SZ,跨境ETF,中概互联ETF,广发中证海外中国互联网30交易型开放式指数证券投资基金(QDII),广发基金,930604.CSI,20211124,
159748.SZ,股票型ETF,创新药ETF富国,富国中证沪港深创新药产业交易型开放式指数证券投资基金,富国基金,931409.CSI,20211124,
159748.SZ,主题指数ETF,创新药ETF富国,富国中证沪港深创新药产业交易型开放式指数证券投资基金,富国基金,931409.CSI,20211124,
588310.SH,规模指数ETF,双创ETF基金,方正富邦中证科创创业50交易型开放式指数证券投资基金,方正富邦基金,931643.CSI,20211122,
588310.SH,股票型ETF,双创ETF基金,方正富邦中证科创创业50交易型开放式指数证券投资基金,方正富邦基金,931643.CSI,20211122,
159779.SZ,股票型ETF,消费电子50ETF,招商中证消费电子主题交易型开放式指数证券投资基金,招商基金,931494.CSI,20211118,
159779.SZ,主题指数ETF,消费电子50ETF,招商中证消费电子主题交易型开放式指数证券投资基金,招商基金,931494.CSI,20211118,
517880.SH,主题指数ETF,品牌消费ETF,华泰柏瑞中证沪港深品牌消费50交易型开放式指数证券投资基金,华泰柏瑞基金,931404.CSI,20211117,
517880.SH,股票型ETF,品牌消费ETF,华泰柏瑞中证沪港深品牌消费50交易型开放式指数证券投资基金,华泰柏瑞基金,931404.CSI,20211117,
159896.SZ,股票型ETF,物联网ETF南方,南方中证物联网主题交易型开放式指数证券投资基金,南方基金,930712.CSI,20211115,
159896.SZ,主题指数ETF,物联网ETF南方,南方中证物联网主题交易型开放式指数证券投资基金,南方基金,930712.CSI,20211115,
159726.SZ,跨境ETF,恒生红利ETF,华夏恒生中国内地企业高股息率交易型开放式指数证券投资基金,华夏基金,HSMCHYI.HI,20211111,
159726.SZ,跨境策略指数ETF,恒生红利ETF,华夏恒生中国内地企业高股息率交易型开放式指数证券投资基金,华夏基金,HSMCHYI.HI,20211111,
159712.SZ,跨境ETF,港股通50ETF,国泰中证港股通50交易型开放式指数证券投资基金,国泰基金,930931.CSI,20211027,
159712.SZ,跨境规模指数ETF,港股通50ETF,国泰中证港股通50交易型开放式指数证券投资基金,国泰基金,930931.CSI,20211027,
561310.SH,主题指数ETF,消电ETF,国泰中证消费电子主题交易型开放式指数证券投资基金,国泰基金,931494.CSI,20211110,
561310.SH,股票型ETF,消电ETF,国泰中证消费电子主题交易型开放式指数证券投资基金,国泰基金,931494.CSI,20211110,
159793.SZ,股票型ETF,线上消费ETF基金,平安中证沪港深线上消费主题交易型开放式指数证券投资基金,平安基金,931481.CSI,20211109,
159793.SZ,主题指数ETF,线上消费ETF基金,平安中证沪港深线上消费主题交易型开放式指数证券投资基金,平安基金,931481.CSI,20211109,
159707.SZ,股票型ETF,地产ETF,华宝中证800地产交易型开放式指数证券投资基金,华宝基金,399965.SZ,20211104,
159707.SZ,行业指数ETF,地产ETF,华宝中证800地产交易型开放式指数证券投资基金,华宝基金,399965.SZ,20211104,
516730.SH,主题指数ETF,证券公司ETF,浦银安盛中证证券公司30交易型开放式指数证券投资基金,浦银安盛基金,931412.CSI,20211104,
516730.SH,股票型ETF,证券公司ETF,浦银安盛中证证券公司30交易型开放式指数证券投资基金,浦银安盛基金,931412.CSI,20211104,
159739.SZ,股票型ETF,大数据ETF,鹏华中证云计算与大数据主题交易型开放式指数证券投资基金,鹏华基金,930851.CSI,20211103,
159739.SZ,主题指数ETF,大数据ETF,鹏华中证云计算与大数据主题交易型开放式指数证券投资基金,鹏华基金,930851.CSI,20211103,
159601.SZ,规模指数ETF,A50ETF,华夏MSCI中国A50互联互通交易型开放式指数证券投资基金,华夏基金,746059.MI,20211101,
159601.SZ,股票型ETF,A50ETF,华夏MSCI中国A50互联互通交易型开放式指数证券投资基金,华夏基金,746059.MI,20211101,
563000.SH,股票型ETF,中国A50ETF,易方达MSCI中国A50互联互通交易型开放式指数证券投资基金,易方达基金,746059.MI,20211029,
563000.SH,规模指数ETF,中国A50ETF,易方达MSCI中国A50互联互通交易型开放式指数证券投资基金,易方达基金,746059.MI,20211029,
159602.SZ,规模指数ETF,中国A50ETF,南方MSCI中国A50互联互通交易型开放式指数证券投资基金,南方基金,746059.MI,20211029,
159602.SZ,股票型ETF,中国A50ETF,南方MSCI中国A50互联互通交易型开放式指数证券投资基金,南方基金,746059.MI,20211029,
560050.SH,规模指数ETF,MSCI中国A50ETF,汇添富MSCI中国A50互联互通交易型开放式指数证券投资基金,汇添富基金,746059.MI,20211029,
560050.SH,股票型ETF,MSCI中国A50ETF,汇添富MSCI中国A50互联互通交易型开放式指数证券投资基金,汇添富基金,746059.MI,20211029,
516750.SH,股票型ETF,建材ETF,富国中证全指建筑材料交易型开放式指数证券投资基金,富国基金,931009.CSI,20211028,
516750.SH,主题指数ETF,建材ETF,富国中证全指建筑材料交易型开放式指数证券投资基金,富国基金,931009.CSI,20211028,
159770.SZ,主题指数ETF,机器人ETF,天弘中证机器人交易型开放式指数证券投资基金,天弘基金,h30590.CSI,20211026,
159770.SZ,股票型ETF,机器人ETF,天弘中证机器人交易型开放式指数证券投资基金,天弘基金,h30590.CSI,20211026,
159862.SZ,主题指数ETF,食品ETF,银华中证细分食品饮料产业主题交易型开放式指数证券投资基金,银华基金,000815.CSI,20211026,
159862.SZ,股票型ETF,食品ETF,银华中证细分食品饮料产业主题交易型开放式指数证券投资基金,银华基金,000815.CSI,20211026,
159877.SZ,股票型ETF,医疗ETF南方,南方中证全指医疗保健设备与服务交易型开放式指数证券投资基金,南方基金,h30178.CSI,20211022,
159877.SZ,主题指数ETF,医疗ETF南方,南方中证全指医疗保健设备与服务交易型开放式指数证券投资基金,南方基金,h30178.CSI,20211022,
516620.SH,股票型ETF,影视ETF,国泰中证影视主题交易型开放式指数证券投资基金,国泰基金,930781.CSI,20211020,
516620.SH,主题指数ETF,影视ETF,国泰中证影视主题交易型开放式指数证券投资基金,国泰基金,930781.CSI,20211020,
159895.SZ,股票型ETF,物联网ETF易方达,易方达中证物联网主题交易型开放式指数证券投资基金,易方达基金,930712.CSI,20211013,
159895.SZ,主题指数ETF,物联网ETF易方达,易方达中证物联网主题交易型开放式指数证券投资基金,易方达基金,930712.CSI,20211013,
517660.SH,股票型ETF,物联网ETF天弘,天弘中证沪港深物联网主题交易型开放式指数证券投资基金,天弘基金,931575.CSI,20211012,
517660.SH,主题指数ETF,物联网ETF天弘,天弘中证沪港深物联网主题交易型开放式指数证券投资基金,天弘基金,931575.CSI,20211012,
588280.SH,规模指数ETF,科创50ETF指数基金,华安上证科创板50成份交易型开放式指数证券投资基金,华安基金,000688.SH,20211012,
588280.SH,股票型ETF,科创50ETF指数基金,华安上证科创板50成份交易型开放式指数证券投资基金,华安基金,000688.SH,20211012,
516130.SH,主题指数ETF,消费龙头ETF,华宝中证消费龙头交易型开放式指数证券投资基金,华宝基金,931068.CSI,20210928,
516130.SH,股票型ETF,消费龙头ETF,华宝中证消费龙头交易型开放式指数证券投资基金,华宝基金,931068.CSI,20210928,
159723.SZ,主题指数ETF,科技龙头ETF,汇添富中证沪港深科技龙头交易型开放式指数证券投资基金,汇添富基金,931524.CSI,20210927,
159723.SZ,股票型ETF,科技龙头ETF,汇添富中证沪港深科技龙头交易型开放式指数证券投资基金,汇添富基金,931524.CSI,20210927,
159777.SZ,主题指数ETF,创科技ETF,国联安创业板科技交易型开放式指数证券投资基金,国联安基金,399276.SZ,20210927,
159777.SZ,股票型ETF,创科技ETF,国联安创业板科技交易型开放式指数证券投资基金,国联安基金,399276.SZ,20210927,
561130.SH,股票型ETF,国货ETF,富国中证新华社民族品牌工程交易型开放式指数证券投资基金,富国基金,931403.CSI,20210927,
561130.SH,主题指数ETF,国货ETF,富国中证新华社民族品牌工程交易型开放式指数证券投资基金,富国基金,931403.CSI,20210927,
516860.SH,主题指数ETF,金融科技ETF,博时中证金融科技主题交易型开放式指数证券投资基金,博时基金,930986.CSI,20210924,
516860.SH,股票型ETF,金融科技ETF,博时中证金融科技主题交易型开放式指数证券投资基金,博时基金,930986.CSI,20210924,
159773.SZ,主题指数ETF,创业板科技ETF,华泰柏瑞创业板科技交易型开放式指数证券投资基金,华泰柏瑞基金,399276.SZ,20210923,
159773.SZ,股票型ETF,创业板科技ETF,华泰柏瑞创业板科技交易型开放式指数证券投资基金,华泰柏瑞基金,399276.SZ,20210923,
562360.SH,股票型ETF,机器人ETF基金,银华中证机器人交易型开放式指数证券投资基金,银华基金,h30590.CSI,20210922,
562360.SH,主题指数ETF,机器人ETF基金,银华中证机器人交易型开放式指数证券投资基金,银华基金,h30590.CSI,20210922,
560000.SH,股票型ETF,智慧电车ETF,浦银安盛中证智能电动汽车交易型开放式指数证券投资基金,浦银安盛基金,h11052.CSI,20210917,
560000.SH,主题指数ETF,智慧电车ETF,浦银安盛中证智能电动汽车交易型开放式指数证券投资基金,浦银安盛基金,h11052.CSI,20210917,
510770.SH,股票型ETF,G60创新ETF,申万菱信上证G60战略新兴产业成份交易型开放式指数证券投资基金,申万菱信基金,950049.CSI,20210916,
510770.SH,主题指数ETF,G60创新ETF,申万菱信上证G60战略新兴产业成份交易型开放式指数证券投资基金,申万菱信基金,950049.CSI,20210916,
562800.SH,股票型ETF,稀有金属ETF,嘉实中证稀有金属主题交易型开放式指数证券投资基金,嘉实基金,930632.CSI,20210915,
562800.SH,主题指数ETF,稀有金属ETF,嘉实中证稀有金属主题交易型开放式指数证券投资基金,嘉实基金,930632.CSI,20210915,
159792.SZ,跨境ETF,港股通互联网ETF,富国中证港股通互联网交易型开放式指数证券投资基金,富国基金,931637.CSI,20210915,
159792.SZ,跨境主题指数ETF,港股通互联网ETF,富国中证港股通互联网交易型开放式指数证券投资基金,富国基金,931637.CSI,20210915,
159717.SZ,股票型ETF,ESGETF,鹏华国证ESG300交易型开放式指数证券投资基金,鹏华基金,399378.SZ,20210915,
159717.SZ,主题指数ETF,ESGETF,鹏华国证ESG300交易型开放式指数证券投资基金,鹏华基金,399378.SZ,20210915,
517030.SH,股票型ETF,沪港深300ETF易方达,易方达中证沪港深300交易型开放式指数证券投资基金,易方达基金,931395.CSI,20210915,
517030.SH,规模指数ETF,沪港深300ETF易方达,易方达中证沪港深300交易型开放式指数证券投资基金,易方达基金,931395.CSI,20210915,
159736.SZ,主题指数ETF,食品饮料ETF天弘,天弘中证食品饮料交易型开放式指数证券投资基金,天弘基金,930653.CSI,20210909,
159736.SZ,股票型ETF,食品饮料ETF天弘,天弘中证食品饮料交易型开放式指数证券投资基金,天弘基金,930653.CSI,20210909,
516190.SH,股票型ETF,文娱传媒ETF,华夏中证文娱传媒交易型开放式指数证券投资基金,华夏基金,h30365.CSI,20210909,
516190.SH,主题指数ETF,文娱传媒ETF,华夏中证文娱传媒交易型开放式指数证券投资基金,华夏基金,h30365.CSI,20210909,
517110.SH,主题指数ETF,创新药ETF国泰,国泰中证沪港深创新药产业交易型开放式指数证券投资基金,国泰基金,931409.CSI,20210908,
517110.SH,股票型ETF,创新药ETF国泰,国泰中证沪港深创新药产业交易型开放式指数证券投资基金,国泰基金,931409.CSI,20210908,
516560.SH,股票型ETF,养老ETF,华宝中证养老产业交易型开放式指数证券投资基金,华宝基金,399812.SZ,20210908,
516560.SH,主题指数ETF,养老ETF,华宝中证养老产业交易型开放式指数证券投资基金,华宝基金,399812.SZ,20210908,
516210.SH,行业指数ETF,银行ETF指数基金,华安中证银行交易型开放式指数证券投资基金,华安基金,399986.SZ,20210903,
516210.SH,股票型ETF,银行ETF指数基金,华安中证银行交易型开放式指数证券投资基金,华安基金,399986.SZ,20210903,
159715.SZ,股票型ETF,稀土ETF易方达,易方达中证稀土产业交易型开放式指数证券投资基金,易方达基金,930598.CSI,20210901,
159715.SZ,主题指数ETF,稀土ETF易方达,易方达中证稀土产业交易型开放式指数证券投资基金,易方达基金,930598.CSI,20210901,
159889.SZ,主题指数ETF,智能汽车ETF,国泰中证智能汽车主题交易型开放式指数证券投资基金,国泰基金,930721.CSI,20210901,
159889.SZ,股票型ETF,智能汽车ETF,国泰中证智能汽车主题交易型开放式指数证券投资基金,国泰基金,930721.CSI,20210901,
561600.SH,股票型ETF,消费电子ETF,平安中证消费电子主题交易型开放式指数证券投资基金,平安基金,931494.CSI,20210830,
561600.SH,主题指数ETF,消费电子ETF,平安中证消费电子主题交易型开放式指数证券投资基金,平安基金,931494.CSI,20210830,
560560.SH,主题指数ETF,碳中和ETF泰康,泰康中证内地低碳经济主题交易型开放式指数证券投资基金,泰康基金,000977.CSI,20210827,
560560.SH,股票型ETF,碳中和ETF泰康,泰康中证内地低碳经济主题交易型开放式指数证券投资基金,泰康基金,000977.CSI,20210827,
516630.SH,主题指数ETF,云计算50ETF,华夏中证云计算与大数据主题交易型开放式指数证券投资基金,华夏基金,930851.CSI,20210824,
516630.SH,股票型ETF,云计算50ETF,华夏中证云计算与大数据主题交易型开放式指数证券投资基金,华夏基金,930851.CSI,20210824,
159763.SZ,主题指数ETF,新材料ETF基金,建信中证新材料主题交易型开放式指数证券投资基金,建信基金,h30597.CSI,20210819,
159763.SZ,股票型ETF,新材料ETF基金,建信中证新材料主题交易型开放式指数证券投资基金,建信基金,h30597.CSI,20210819,
516640.SH,主题指数ETF,芯片龙头ETF,富国中证芯片产业交易型开放式指数证券投资基金,富国基金,h30007.CSI,20210819,
516640.SH,股票型ETF,芯片龙头ETF,富国中证芯片产业交易型开放式指数证券投资基金,富国基金,h30007.CSI,20210819,
588390.SH,股票型ETF,科创创业50ETF,博时中证科创创业50交易型开放式指数证券投资基金,博时基金,931643.CSI,20210819,
588390.SH,规模指数ETF,科创创业50ETF,博时中证科创创业50交易型开放式指数证券投资基金,博时基金,931643.CSI,20210819,
561350.SH,规模指数ETF,国泰中证500ETF,国泰中证500交易型开放式指数证券投资基金,国泰基金,000905.SH,20210818,
561350.SH,股票型ETF,国泰中证500ETF,国泰中证500交易型开放式指数证券投资基金,国泰基金,000905.SH,20210818,
159732.SZ,主题指数ETF,消费电子ETF,华夏国证消费电子主题交易型开放式指数证券投资基金,华夏基金,980030.CNI,20210812,
159732.SZ,股票型ETF,消费电子ETF,华夏国证消费电子主题交易型开放式指数证券投资基金,华夏基金,980030.CNI,20210812,
516790.SH,主题指数ETF,医疗ETF华泰柏瑞,华泰柏瑞中证全指医疗保健设备与服务交易型开放式指数证券投资基金,华泰柏瑞基金,h30178.CSI,20210812,
516790.SH,股票型ETF,医疗ETF华泰柏瑞,华泰柏瑞中证全指医疗保健设备与服务交易型开放式指数证券投资基金,华泰柏瑞基金,h30178.CSI,20210812,
561800.SH,股票型ETF,稀有金属ETF基金,华富中证稀有金属主题交易型开放式指数证券投资基金,华富基金,930632.CSI,20210811,
561800.SH,主题指数ETF,稀有金属ETF基金,华富中证稀有金属主题交易型开放式指数证券投资基金,华富基金,930632.CSI,20210811,
516290.SH,主题指数ETF,光伏龙头ETF,汇添富中证光伏产业交易型开放式指数证券投资基金,汇添富基金,931151.CSI,20210809,
516290.SH,股票型ETF,光伏龙头ETF,汇添富中证光伏产业交易型开放式指数证券投资基金,汇添富基金,931151.CSI,20210809,
159875.SZ,股票型ETF,新能源ETF,嘉实中证新能源交易型开放式指数证券投资基金,嘉实基金,399808.SZ,20210809,
159875.SZ,主题指数ETF,新能源ETF,嘉实中证新能源交易型开放式指数证券投资基金,嘉实基金,399808.SZ,20210809,
159767.SZ,主题指数ETF,电池龙头ETF,兴银国证新能源车电池交易型开放式指数证券投资基金,兴银基金,980032.CNI,20210806,
159767.SZ,股票型ETF,电池龙头ETF,兴银国证新能源车电池交易型开放式指数证券投资基金,兴银基金,980032.CNI,20210806,
159840.SZ,主题指数ETF,锂电池ETF,工银瑞信国证新能源车电池交易型开放式指数证券投资基金,工银瑞信基金,980032.CNI,20210805,
159840.SZ,股票型ETF,锂电池ETF,工银瑞信国证新能源车电池交易型开放式指数证券投资基金,工银瑞信基金,980032.CNI,20210805,
560660.SH,股票型ETF,云50ETF,新华中证云计算50交易型开放式指数证券投资基金,新华基金,931469.CSI,20210805,
560660.SH,主题指数ETF,云50ETF,新华中证云计算50交易型开放式指数证券投资基金,新华基金,931469.CSI,20210805,
159713.SZ,主题指数ETF,稀土ETF,富国中证稀土产业交易型开放式指数证券投资基金,富国基金,930598.CSI,20210805,
159713.SZ,股票型ETF,稀土ETF,富国中证稀土产业交易型开放式指数证券投资基金,富国基金,930598.CSI,20210805,
516930.SH,股票型ETF,生物科技ETF基金,民生加银中证生物科技主题交易型开放式指数证券投资基金,民生加银基金,930743.CSI,20210805,
516930.SH,主题指数ETF,生物科技ETF基金,民生加银中证生物科技主题交易型开放式指数证券投资基金,民生加银基金,930743.CSI,20210805,
517800.SH,股票型ETF,人工智能50ETF,方正富邦中证沪港深人工智能50交易型开放式指数证券投资基金,方正富邦基金,931487.CSI,20210804,
517800.SH,主题指数ETF,人工智能50ETF,方正富邦中证沪港深人工智能50交易型开放式指数证券投资基金,方正富邦基金,931487.CSI,20210804,
561910.SH,主题指数ETF,电池ETF,招商中证电池主题交易型开放式指数证券投资基金,招商基金,931719.CSI,20210804,
561910.SH,股票型ETF,电池ETF,招商中证电池主题交易型开放式指数证券投资基金,招商基金,931719.CSI,20210804,
560500.SH,策略指数ETF,500质量成长ETF,鹏扬中证500质量成长交易型开放式指数证券投资基金,鹏扬基金,930939.CSI,20210804,
560500.SH,股票型ETF,500质量成长ETF,鹏扬中证500质量成长交易型开放式指数证券投资基金,鹏扬基金,930939.CSI,20210804,
516710.SH,主题指数ETF,新材料50ETF,华夏中证新材料主题交易型开放式指数证券投资基金,华夏基金,h30597.CSI,20210804,
516710.SH,股票型ETF,新材料50ETF,华夏中证新材料主题交易型开放式指数证券投资基金,华夏基金,h30597.CSI,20210804,
517010.SH,股票型ETF,沪港深500ETF易方达,易方达中证沪港深500交易型开放式指数证券投资基金,易方达基金,h30455.CSI,20210803,
517010.SH,规模指数ETF,沪港深500ETF易方达,易方达中证沪港深500交易型开放式指数证券投资基金,易方达基金,h30455.CSI,20210803,
159790.SZ,主题指数ETF,碳中和ETF,华夏中证内地低碳经济主题交易型开放式指数证券投资基金,华夏基金,000977.CSI,20210730,
159790.SZ,股票型ETF,碳中和ETF,华夏中证内地低碳经济主题交易型开放式指数证券投资基金,华夏基金,000977.CSI,20210730,
159786.SZ,主题指数ETF,VRETF,银华中证虚拟现实主题交易型开放式指数证券投资基金,银华基金,930821.CSI,20210729,
159786.SZ,股票型ETF,VRETF,银华中证虚拟现实主题交易型开放式指数证券投资基金,银华基金,930821.CSI,20210729,
159864.SZ,股票型ETF,光伏50ETF,国泰中证光伏产业交易型开放式指数证券投资基金,国泰基金,931151.CSI,20210728,
159864.SZ,主题指数ETF,光伏50ETF,国泰中证光伏产业交易型开放式指数证券投资基金,国泰基金,931151.CSI,20210728,
517380.SH,股票型ETF,创新药ETF天弘,天弘恒生沪深港创新药精选50交易型开放式指数证券投资基金,天弘基金,HSSSHID.HI,20210727,
517380.SH,行业指数ETF,创新药ETF天弘,天弘恒生沪深港创新药精选50交易型开放式指数证券投资基金,天弘基金,HSSSHID.HI,20210727,
516920.SH,股票型ETF,芯片50ETF,汇添富中证芯片产业交易型开放式指数证券投资基金,汇添富基金,h30007.CSI,20210727,
516920.SH,主题指数ETF,芯片50ETF,汇添富中证芯片产业交易型开放式指数证券投资基金,汇添富基金,h30007.CSI,20210727,
159838.SZ,股票型ETF,医药50ETF,博时中证医药50交易型开放式指数证券投资基金,博时基金,931140.CSI,20210722,
159838.SZ,主题指数ETF,医药50ETF,博时中证医药50交易型开放式指数证券投资基金,博时基金,931140.CSI,20210722,
516720.SH,策略指数ETF,ESGETF,浦银安盛中证ESG120策略交易型开放式指数证券投资基金,浦银安盛基金,931476.CSI,20210722,
516720.SH,股票型ETF,ESGETF,浦银安盛中证ESG120策略交易型开放式指数证券投资基金,浦银安盛基金,931476.CSI,20210722,
516260.SH,主题指数ETF,物联网50ETF,华夏中证物联网主题交易型开放式指数证券投资基金,华夏基金,930712.CSI,20210722,
516260.SH,股票型ETF,物联网50ETF,华夏中证物联网主题交易型开放式指数证券投资基金,华夏基金,930712.CSI,20210722,
159757.SZ,股票型ETF,电池ETF景顺,景顺长城国证新能源车电池交易型开放式指数证券投资基金,景顺长城基金,980032.CNI,20210721,
159757.SZ,主题指数ETF,电池ETF景顺,景顺长城国证新能源车电池交易型开放式指数证券投资基金,景顺长城基金,980032.CNI,20210721,
159752.SZ,主题指数ETF,新能源龙头ETF,申万菱信中证内地新能源主题交易型开放式指数证券投资基金,申万菱信基金,000941.CSI,20210720,
159752.SZ,股票型ETF,新能源龙头ETF,申万菱信中证内地新能源主题交易型开放式指数证券投资基金,申万菱信基金,000941.CSI,20210720,
516580.SH,股票型ETF,新能源主题ETF,博时中证新能源交易型开放式指数证券投资基金,博时基金,399808.SZ,20210715,
516580.SH,主题指数ETF,新能源主题ETF,博时中证新能源交易型开放式指数证券投资基金,博时基金,399808.SZ,20210715,
159766.SZ,主题指数ETF,旅游ETF,富国中证旅游主题交易型开放式指数证券投资基金,富国基金,930633.CSI,20210715,
159766.SZ,股票型ETF,旅游ETF,富国中证旅游主题交易型开放式指数证券投资基金,富国基金,930633.CSI,20210715,
588060.SH,股票型ETF,科创50ETF龙头,广发上证科创板50成份交易型开放式指数证券投资基金,广发基金,000688.SH,20210715,
588060.SH,规模指数ETF,科创50ETF龙头,广发上证科创板50成份交易型开放式指数证券投资基金,广发基金,000688.SH,20210715,
562880.SH,主题指数ETF,电池ETF嘉实,嘉实中证电池主题交易型开放式指数证券投资基金,嘉实基金,931719.CSI,20210713,
562880.SH,股票型ETF,电池ETF嘉实,嘉实中证电池主题交易型开放式指数证券投资基金,嘉实基金,931719.CSI,20210713,
516100.SH,主题指数ETF,金融科技ETF华夏,华夏中证金融科技主题交易型开放式指数证券投资基金,华夏基金,930986.CSI,20210713,
516100.SH,股票型ETF,金融科技ETF华夏,华夏中证金融科技主题交易型开放式指数证券投资基金,华夏基金,930986.CSI,20210713,
516890.SH,主题指数ETF,新材料ETF指数基金,平安中证新材料主题交易型开放式指数证券投资基金,平安基金,h30597.CSI,20210709,
516890.SH,股票型ETF,新材料ETF指数基金,平安中证新材料主题交易型开放式指数证券投资基金,平安基金,h30597.CSI,20210709,
516270.SH,主题指数ETF,新能源50ETF,华安中证内地新能源主题交易型开放式指数证券投资基金,华安基金,000941.CSI,20210709,
516270.SH,股票型ETF,新能源50ETF,华安中证内地新能源主题交易型开放式指数证券投资基金,华安基金,000941.CSI,20210709,
159729.SZ,主题指数ETF,互联网ETF,汇添富中证沪港深互联网交易型开放式指数证券投资基金,汇添富基金,930625.CSI,20210708,
159729.SZ,股票型ETF,互联网ETF,汇添富中证沪港深互联网交易型开放式指数证券投资基金,汇添富基金,930625.CSI,20210708,
517120.SH,主题指数ETF,创新药ETF华泰柏瑞,华泰柏瑞中证沪港深创新药产业交易型开放式指数证券投资基金,华泰柏瑞基金,931409.CSI,20210708,
517120.SH,股票型ETF,创新药ETF华泰柏瑞,华泰柏瑞中证沪港深创新药产业交易型开放式指数证券投资基金,华泰柏瑞基金,931409.CSI,20210708,
159847.SZ,股票型ETF,医疗ETF易方达,易方达中证医疗交易型开放式指数证券投资基金,易方达基金,399989.SZ,20210708,
159847.SZ,主题指数ETF,医疗ETF易方达,易方达中证医疗交易型开放式指数证券投资基金,易方达基金,399989.SZ,20210708,
159720.SZ,股票型ETF,智能车ETF泰康,泰康中证智能电动汽车交易型开放式指数证券投资基金,泰康基金,h11052.CSI,20210707,
159720.SZ,主题指数ETF,智能车ETF泰康,泰康中证智能电动汽车交易型开放式指数证券投资基金,泰康基金,h11052.CSI,20210707,
561900.SH,主题指数ETF,沪深300ESGETF,招商沪深300ESG基准交易型开放式指数证券投资基金,招商基金,931463.CSI,20210706,
159830.SZ,商品型ETF,上海金ETF,天弘上海金交易型开放式证券投资基金,天弘基金,SHAU.SGE,20210706,
561900.SH,股票型ETF,沪深300ESGETF,招商沪深300ESG基准交易型开放式指数证券投资基金,招商基金,931463.CSI,20210706,
159747.SZ,跨境主题指数ETF,香港科技ETF,南方中证香港科技交易型开放式指数证券投资基金(QDII),南方基金,931574CNY00.CSI,20210702,
159747.SZ,跨境ETF,香港科技ETF,南方中证香港科技交易型开放式指数证券投资基金(QDII),南方基金,931574CNY00.CSI,20210702,
588360.SH,股票型ETF,科创创业ETF,国泰中证科创创业50交易型开放式指数证券投资基金,国泰基金,931643.CSI,20210629,
588360.SH,规模指数ETF,科创创业ETF,国泰中证科创创业50交易型开放式指数证券投资基金,国泰基金,931643.CSI,20210629,
159782.SZ,规模指数ETF,双创50ETF,银华中证科创创业50交易型开放式指数证券投资基金,银华基金,931643.CSI,20210629,
159782.SZ,股票型ETF,双创50ETF,银华中证科创创业50交易型开放式指数证券投资基金,银华基金,931643.CSI,20210629,
588380.SH,规模指数ETF,双创50ETF,富国中证科创创业50交易型开放式指数证券投资基金,富国基金,931643.CSI,20210629,
588380.SH,股票型ETF,双创50ETF,富国中证科创创业50交易型开放式指数证券投资基金,富国基金,931643.CSI,20210629,
588330.SH,股票型ETF,双创龙头ETF,华宝中证科创创业50交易型开放式指数证券投资基金,华宝基金,931643.CSI,20210629,
588330.SH,规模指数ETF,双创龙头ETF,华宝中证科创创业50交易型开放式指数证券投资基金,华宝基金,931643.CSI,20210629,
159781.SZ,规模指数ETF,科创创业ETF,易方达中证科创创业50交易型开放式指数证券投资基金,易方达基金,931643.CSI,20210628,
159781.SZ,股票型ETF,科创创业ETF,易方达中证科创创业50交易型开放式指数证券投资基金,易方达基金,931643.CSI,20210628,
159783.SZ,股票型ETF,科创创业50ETF,华夏中证科创创业50交易型开放式指数证券投资基金,华夏基金,931643.CSI,20210624,
159783.SZ,规模指数ETF,科创创业50ETF,华夏中证科创创业50交易型开放式指数证券投资基金,华夏基金,931643.CSI,20210624,
159780.SZ,股票型ETF,双创ETF,南方中证科创创业50交易型开放式指数证券投资基金,南方基金,931643.CSI,20210624,
159780.SZ,规模指数ETF,双创ETF,南方中证科创创业50交易型开放式指数证券投资基金,南方基金,931643.CSI,20210624,
588400.SH,规模指数ETF,科创创业ETF嘉实,嘉实中证科创创业50交易型开放式指数证券投资基金,嘉实基金,931643.CSI,20210625,
588400.SH,股票型ETF,科创创业ETF嘉实,嘉实中证科创创业50交易型开放式指数证券投资基金,嘉实基金,931643.CSI,20210625,
588300.SH,规模指数ETF,双创ETF,招商中证科创创业50交易型开放式指数证券投资基金,招商基金,931643.CSI,20210625,
588300.SH,股票型ETF,双创ETF,招商中证科创创业50交易型开放式指数证券投资基金,招商基金,931643.CSI,20210625,
159859.SZ,股票型ETF,生物医药ETF,天弘国证生物医药交易型开放式指数证券投资基金,天弘基金,399441.SZ,20210624,
159859.SZ,主题指数ETF,生物医药ETF,天弘国证生物医药交易型开放式指数证券投资基金,天弘基金,399441.SZ,20210624,
516830.SH,主题指数ETF,300ESGETF,富国沪深300ESG基准交易型开放式指数证券投资基金,富国基金,931463.CSI,20210624,
516830.SH,股票型ETF,300ESGETF,富国沪深300ESG基准交易型开放式指数证券投资基金,富国基金,931463.CSI,20210624,
588180.SH,股票型ETF,科创50ETF基金,国联安上证科创板50成份交易型开放式指数证券投资基金,国联安基金,000688.SH,20210624,
588180.SH,规模指数ETF,科创50ETF基金,国联安上证科创板50成份交易型开放式指数证券投资基金,国联安基金,000688.SH,20210624,
516970.SH,行业指数ETF,基建50ETF,广发中证基建工程交易型开放式指数证券投资基金,广发基金,399995.SZ,20210623,
516970.SH,股票型ETF,基建50ETF,广发中证基建工程交易型开放式指数证券投资基金,广发基金,399995.SZ,20210623,
159899.SZ,股票型ETF,软件龙头ETF,招商中证全指软件交易型开放式指数证券投资基金,招商基金,h30202.CSI,20210618,
159899.SZ,主题指数ETF,软件龙头ETF,招商中证全指软件交易型开放式指数证券投资基金,招商基金,h30202.CSI,20210618,
159709.SZ,股票型ETF,物联网ETF工银,工银瑞信深证物联网50交易型开放式指数证券投资基金,工银瑞信基金,399285.SZ,20210618,
510990.SH,主题指数ETF,180ESGETF,工银瑞信中证180ESG交易型开放式指数证券投资基金,工银瑞信基金,931088.CSI,20210618,
510990.SH,股票型ETF,180ESGETF,工银瑞信中证180ESG交易型开放式指数证券投资基金,工银瑞信基金,931088.CSI,20210618,
159709.SZ,主题指数ETF,物联网ETF工银,工银瑞信深证物联网50交易型开放式指数证券投资基金,工银瑞信基金,399285.SZ,20210618,
159708.SZ,策略指数ETF,红利ETF,西部利得深证红利交易型开放式指数证券投资基金,西部利得基金,399324.SZ,20210618,
159708.SZ,股票型ETF,红利ETF,西部利得深证红利交易型开放式指数证券投资基金,西部利得基金,399324.SZ,20210618,
517360.SH,主题指数ETF,科技ETF沪港深,华安中证沪港深科技100交易型开放式指数证券投资基金,华安基金,931442.CSI,20210618,
517360.SH,股票型ETF,科技ETF沪港深,华安中证沪港深科技100交易型开放式指数证券投资基金,华安基金,931442.CSI,20210618,
561500.SH,主题指数ETF,漂亮50ETF,华泰柏瑞中证企业核心竞争力50交易型开放式指数证券投资基金,华泰柏瑞基金,931526.CSI,20210617,
561500.SH,股票型ETF,漂亮50ETF,华泰柏瑞中证企业核心竞争力50交易型开放式指数证券投资基金,华泰柏瑞基金,931526.CSI,20210617,
159881.SZ,股票型ETF,有色60ETF,国泰中证有色金属交易型开放式指数证券投资基金,国泰基金,930708.CSI,20210617,
159881.SZ,主题指数ETF,有色60ETF,国泰中证有色金属交易型开放式指数证券投资基金,国泰基金,930708.CSI,20210617,
159872.SZ,股票型ETF,智能网联汽车ETF,鹏华中证车联网主题交易型开放式指数证券投资基金,鹏华基金,930725.CSI,20210616,
159872.SZ,主题指数ETF,智能网联汽车ETF,鹏华中证车联网主题交易型开放式指数证券投资基金,鹏华基金,930725.CSI,20210616,
516980.SH,策略指数ETF,证券ETF先锋,华富中证证券公司先锋策略交易型开放式指数证券投资基金,华富基金,931402.CSI,20210615,
516980.SH,股票型ETF,证券ETF先锋,华富中证证券公司先锋策略交易型开放式指数证券投资基金,华富基金,931402.CSI,20210615,
159755.SZ,主题指数ETF,电池ETF,广发国证新能源车电池交易型开放式指数证券投资基金,广发基金,980032.CNI,20210615,
159755.SZ,股票型ETF,电池ETF,广发国证新能源车电池交易型开放式指数证券投资基金,广发基金,980032.CNI,20210615,
159725.SZ,股票型ETF,线上消费ETF,工银瑞信中证线上消费主题交易型开放式指数证券投资基金,工银瑞信基金,931480.CSI,20210611,
159725.SZ,主题指数ETF,线上消费ETF,工银瑞信中证线上消费主题交易型开放式指数证券投资基金,工银瑞信基金,931480.CSI,20210611,
516650.SH,股票型ETF,有色金属ETF基金,华夏中证细分有色金属产业主题交易型开放式指数证券投资基金,华夏基金,000811.CSI,20210609,
516650.SH,主题指数ETF,有色金属ETF基金,华夏中证细分有色金属产业主题交易型开放式指数证券投资基金,华夏基金,000811.CSI,20210609,
516570.SH,股票型ETF,化工行业ETF,易方达中证石化产业交易型开放式指数证券投资基金,易方达基金,h11057.CSI,20210609,
516570.SH,主题指数ETF,化工行业ETF,易方达中证石化产业交易型开放式指数证券投资基金,易方达基金,h11057.CSI,20210609,
516820.SH,股票型ETF,医疗创新ETF,平安中证医药及医疗器械创新交易型开放式指数证券投资基金,平安基金,931484.CSI,20210609,
516820.SH,主题指数ETF,医疗创新ETF,平安中证医药及医疗器械创新交易型开放式指数证券投资基金,平安基金,931484.CSI,20210609,
159745.SZ,主题指数ETF,建材ETF,国泰中证全指建筑材料交易型开放式指数证券投资基金,国泰基金,931009.CSI,20210609,
159745.SZ,股票型ETF,建材ETF,国泰中证全指建筑材料交易型开放式指数证券投资基金,国泰基金,931009.CSI,20210609,
513360.SH,跨境ETF,教育ETF,博时中证全球中国教育主题交易型开放式指数证券投资基金(QDII),博时基金,931456.CSI,20210608,
513360.SH,跨境主题指数ETF,教育ETF,博时中证全球中国教育主题交易型开放式指数证券投资基金(QDII),博时基金,931456.CSI,20210608,
516380.SH,主题指数ETF,智能电动车ETF,华宝中证智能电动汽车交易型开放式指数证券投资基金,华宝基金,h11052.CSI,20210604,
516380.SH,股票型ETF,智能电动车ETF,华宝中证智能电动汽车交易型开放式指数证券投资基金,华宝基金,h11052.CSI,20210604,
516910.SH,股票型ETF,物流ETF,富国中证现代物流交易型开放式指数证券投资基金,富国基金,930716.CSI,20210603,
516910.SH,主题指数ETF,物流ETF,富国中证现代物流交易型开放式指数证券投资基金,富国基金,930716.CSI,20210603,
516390.SH,股票型ETF,新能源汽车ETF,汇添富中证新能源汽车产业交易型开放式指数证券投资基金,汇添富基金,930997.CSI,20210603,
516390.SH,主题指数ETF,新能源汽车ETF,汇添富中证新能源汽车产业交易型开放式指数证券投资基金,汇添富基金,930997.CSI,20210603,
516320.SH,股票型ETF,高端装备ETF,华夏中证装备产业交易型开放式指数证券投资基金,华夏基金,h11054.CSI,20210527,
516320.SH,主题指数ETF,高端装备ETF,华夏中证装备产业交易型开放式指数证券投资基金,华夏基金,h11054.CSI,20210527,
159898.SZ,行业指数ETF,医疗器械指数ETF,招商中证全指医疗器械交易型开放式指数证券投资基金,招商基金,h30217.CSI,20210527,
159898.SZ,股票型ETF,医疗器械指数ETF,招商中证全指医疗器械交易型开放式指数证券投资基金,招商基金,h30217.CSI,20210527,
159703.SZ,主题指数ETF,新材料ETF,天弘中证新材料主题交易型开放式指数证券投资基金,天弘基金,h30597.CSI,20210527,
159891.SZ,主题指数ETF,医疗ETF基金,建信中证全指医疗保健设备与服务交易型开放式指数证券投资基金,建信基金,h30178.CSI,20210527,
159891.SZ,股票型ETF,医疗ETF基金,建信中证全指医疗保健设备与服务交易型开放式指数证券投资基金,建信基金,h30178.CSI,20210527,
159703.SZ,股票型ETF,新材料ETF,天弘中证新材料主题交易型开放式指数证券投资基金,天弘基金,h30597.CSI,20210527,
159741.SZ,跨境ETF,恒生科技ETF嘉实,嘉实恒生科技交易型开放式指数证券投资基金(QDII),嘉实基金,HSTECH.HI,20210526,
159741.SZ,跨境行业指数ETF,恒生科技ETF嘉实,嘉实恒生科技交易型开放式指数证券投资基金(QDII),嘉实基金,HSTECH.HI,20210526,
513130.SH,跨境ETF,恒生科技ETF,华泰柏瑞南方东英恒生科技指数交易型开放式指数证券投资基金(QDII),华泰柏瑞基金,HSTECH.HI,20210524,
513130.SH,跨境行业指数ETF,恒生科技ETF,华泰柏瑞南方东英恒生科技指数交易型开放式指数证券投资基金(QDII),华泰柏瑞基金,HSTECH.HI,20210524,
513580.SH,跨境行业指数ETF,恒生科技ETF指数,华安恒生科技交易型开放式指数证券投资基金(QDII),华安基金,HSTECH.HI,20210520,
516310.SH,股票型ETF,银行ETF易方达,易方达中证银行交易型开放式指数证券投资基金,易方达基金,399986.SZ,20210520,
517350.SH,主题指数ETF,沪港深科技ETF广发,广发中证沪港深科技龙头交易型开放式指数证券投资基金,广发基金,931524.CSI,20210520,
517350.SH,股票型ETF,沪港深科技ETF广发,广发中证沪港深科技龙头交易型开放式指数证券投资基金,广发基金,931524.CSI,20210520,
516310.SH,行业指数ETF,银行ETF易方达,易方达中证银行交易型开放式指数证券投资基金,易方达基金,399986.SZ,20210520,
513580.SH,跨境ETF,恒生科技ETF指数,华安恒生科技交易型开放式指数证券投资基金(QDII),华安基金,HSTECH.HI,20210520,
513010.SH,跨境行业指数ETF,恒生科技ETF易方达,易方达恒生科技交易型开放式指数证券投资基金(QDII),易方达基金,HSTECH.HI,20210518,
159740.SZ,跨境行业指数ETF,恒生科技ETF,大成恒生科技交易型开放式指数证券投资基金(QDII),大成基金,HSTECH.HI,20210518,
159740.SZ,跨境ETF,恒生科技ETF,大成恒生科技交易型开放式指数证券投资基金(QDII),大成基金,HSTECH.HI,20210518,
513010.SH,跨境ETF,恒生科技ETF易方达,易方达恒生科技交易型开放式指数证券投资基金(QDII),易方达基金,HSTECH.HI,20210518,
513180.SH,跨境ETF,恒生科技指数ETF,华夏恒生科技交易型开放式指数证券投资基金(QDII),华夏基金,HSTECH.HI,20210518,
513180.SH,跨境行业指数ETF,恒生科技指数ETF,华夏恒生科技交易型开放式指数证券投资基金(QDII),华夏基金,HSTECH.HI,20210518,
159742.SZ,跨境ETF,恒生科技指数ETF,博时恒生科技交易型开放式指数证券投资基金(QDII),博时基金,HSTECH.HI,20210517,
159742.SZ,跨境行业指数ETF,恒生科技指数ETF,博时恒生科技交易型开放式指数证券投资基金(QDII),博时基金,HSTECH.HI,20210517,
159888.SZ,股票型ETF,智能车ETF,华夏中证智能汽车主题交易型开放式指数证券投资基金,华夏基金,930721.CSI,20210513,
159888.SZ,主题指数ETF,智能车ETF,华夏中证智能汽车主题交易型开放式指数证券投资基金,华夏基金,930721.CSI,20210513,
159887.SZ,行业指数ETF,银行ETF,富国中证800银行交易型开放式指数证券投资基金,富国基金,h30022.CSI,20210512,
159887.SZ,股票型ETF,银行ETF,富国中证800银行交易型开放式指数证券投资基金,富国基金,h30022.CSI,20210512,
513690.SH,跨境ETF,港股红利ETF博时,博时恒生港股通高股息率交易型开放式指数证券投资基金,博时基金,HSSCHKY.HI,20210511,
513690.SH,跨境策略指数ETF,港股红利ETF博时,博时恒生港股通高股息率交易型开放式指数证券投资基金,博时基金,HSSCHKY.HI,20210511,
516700.SH,股票型ETF,大数据产业ETF,华宝中证大数据产业交易型开放式指数证券投资基金,华宝基金,930902.CSI,20210511,
516700.SH,主题指数ETF,大数据产业ETF,华宝中证大数据产业交易型开放式指数证券投资基金,华宝基金,930902.CSI,20210511,
159836.SZ,规模指数ETF,创业板300ETF天弘,天弘创业板300交易型开放式指数证券投资基金,天弘基金,399012.SZ,20210511,
159836.SZ,股票型ETF,创业板300ETF天弘,天弘创业板300交易型开放式指数证券投资基金,天弘基金,399012.SZ,20210511,
516360.SH,股票型ETF,新材料ETF,华宝中证新材料主题交易型开放式指数证券投资基金,华宝基金,h30597.CSI,20210430,
516360.SH,主题指数ETF,新材料ETF,华宝中证新材料主题交易型开放式指数证券投资基金,华宝基金,h30597.CSI,20210430,
516950.SH,主题指数ETF,基建ETF,银华中证基建交易型开放式指数证券投资基金,银华基金,930608.CSI,20210429,
516950.SH,股票型ETF,基建ETF,银华中证基建交易型开放式指数证券投资基金,银华基金,930608.CSI,20210429,
516590.SH,主题指数ETF,智能汽车ETF易方达,易方达中证智能电动汽车交易型开放式指数证券投资基金,易方达基金,h11052.CSI,20210429,
516590.SH,股票型ETF,智能汽车ETF易方达,易方达中证智能电动汽车交易型开放式指数证券投资基金,易方达基金,h11052.CSI,20210429,
516610.SH,主题指数ETF,医疗服务ETF,大成中证全指医疗保健设备与服务交易型开放式指数证券投资基金,大成基金,h30178.CSI,20210429,
516610.SH,股票型ETF,医疗服务ETF,大成中证全指医疗保健设备与服务交易型开放式指数证券投资基金,大成基金,h30178.CSI,20210429,
159883.SZ,行业指数ETF,医疗器械ETF,永赢中证全指医疗器械交易型开放式指数证券投资基金,永赢基金,h30217.CSI,20210422,
159883.SZ,股票型ETF,医疗器械ETF,永赢中证全指医疗器械交易型开放式指数证券投资基金,永赢基金,h30217.CSI,20210422,
516900.SH,股票型ETF,食品饮料ETF基金,华安中证申万食品饮料交易型开放式指数证券投资基金,华安基金,000807.CSI,20210416,
516900.SH,行业指数ETF,食品饮料ETF基金,华安中证申万食品饮料交易型开放式指数证券投资基金,华安基金,000807.CSI,20210416,
159886.SZ,股票型ETF,机械ETF,富国中证细分机械设备产业主题交易型开放式指数证券投资基金,富国基金,000812.CSI,20210415,
516070.SH,主题指数ETF,低碳ETF易方达,易方达中证内地低碳经济主题交易型开放式指数证券投资基金,易方达基金,000977.CSI,20210415,
159886.SZ,主题指数ETF,机械ETF,富国中证细分机械设备产业主题交易型开放式指数证券投资基金,富国基金,000812.CSI,20210415,
516070.SH,股票型ETF,低碳ETF易方达,易方达中证内地低碳经济主题交易型开放式指数证券投资基金,易方达基金,000977.CSI,20210415,
516110.SH,主题指数ETF,汽车ETF,国泰中证800汽车与零部件交易型开放式指数证券投资基金,国泰基金,h30015.CSI,20210407,
516110.SH,股票型ETF,汽车ETF,国泰中证800汽车与零部件交易型开放式指数证券投资基金,国泰基金,h30015.CSI,20210407,
516960.SH,股票型ETF,机械ETF,国泰中证细分机械设备产业主题交易型开放式指数证券投资基金,国泰基金,000812.CSI,20210407,
517170.SH,规模指数ETF,沪港深ETF,华夏中证沪港深500交易型开放式指数证券投资基金,华夏基金,h30455.CSI,20210407,
517170.SH,股票型ETF,沪港深ETF,华夏中证沪港深500交易型开放式指数证券投资基金,华夏基金,h30455.CSI,20210407,
516960.SH,主题指数ETF,机械ETF,国泰中证细分机械设备产业主题交易型开放式指数证券投资基金,国泰基金,000812.CSI,20210407,
159885.SZ,主题指数ETF,碳中和ETF基金,鹏华中证内地低碳经济主题交易型开放式指数证券投资基金,鹏华基金,000977.CSI,20210406,
159885.SZ,股票型ETF,碳中和ETF基金,鹏华中证内地低碳经济主题交易型开放式指数证券投资基金,鹏华基金,000977.CSI,20210406,
516330.SH,主题指数ETF,物联网ETF,华泰柏瑞中证物联网主题交易型开放式指数证券投资基金,华泰柏瑞基金,930712.CSI,20210331,
516330.SH,股票型ETF,物联网ETF,华泰柏瑞中证物联网主题交易型开放式指数证券投资基金,华泰柏瑞基金,930712.CSI,20210331,
516550.SH,股票型ETF,农业ETF,嘉实中证大农业交易型开放式指数证券投资基金,嘉实基金,399814.SZ,20210330,
516550.SH,主题指数ETF,农业ETF,嘉实中证大农业交易型开放式指数证券投资基金,嘉实基金,399814.SZ,20210330,
516510.SH,主题指数ETF,云计算ETF,易方达中证云计算与大数据主题交易型开放式指数证券投资基金,易方达基金,930851.CSI,20210329,
516510.SH,股票型ETF,云计算ETF,易方达中证云计算与大数据主题交易型开放式指数证券投资基金,易方达基金,930851.CSI,20210329,
159890.SZ,主题指数ETF,云计算ETF,招商中证云计算与大数据主题交易型开放式指数证券投资基金,招商基金,930851.CSI,20210325,
159890.SZ,股票型ETF,云计算ETF,招商中证云计算与大数据主题交易型开放式指数证券投资基金,招商基金,930851.CSI,20210325,
159866.SZ,跨境规模指数ETF,日经ETF,工银瑞信大和日经225交易型开放式指数证券投资基金(QDII),工银瑞信基金,N225.GI,20210324,
159866.SZ,跨境ETF,日经ETF,工银瑞信大和日经225交易型开放式指数证券投资基金(QDII),工银瑞信基金,N225.GI,20210324,
159861.SZ,主题指数ETF,碳中和50ETF,国泰中证环保产业50交易型开放式指数证券投资基金,国泰基金,930614.CSI,20210319,
159861.SZ,股票型ETF,碳中和50ETF,国泰中证环保产业50交易型开放式指数证券投资基金,国泰基金,930614.CSI,20210319,
513060.SH,跨境ETF,恒生医疗ETF,博时恒生医疗保健交易型开放式指数证券投资基金(QDII),博时基金,HSHCI.HI,20210318,
513060.SH,跨境行业指数ETF,恒生医疗ETF,博时恒生医疗保健交易型开放式指数证券投资基金(QDII),博时基金,HSHCI.HI,20210318,
516670.SH,主题指数ETF,畜牧养殖ETF,招商中证畜牧养殖交易型开放式指数证券投资基金,招商基金,930707.CSI,20210318,
516670.SH,股票型ETF,畜牧养殖ETF,招商中证畜牧养殖交易型开放式指数证券投资基金,招商基金,930707.CSI,20210318,
159845.SZ,股票型ETF,中证1000ETF,华夏中证1000交易型开放式指数证券投资基金,华夏基金,000852.SH,20210318,
159845.SZ,规模指数ETF,中证1000ETF,华夏中证1000交易型开放式指数证券投资基金,华夏基金,000852.SH,20210318,
159873.SZ,股票型ETF,医疗设备ETF,天弘中证全指医疗保健设备与服务交易型开放式指数证券投资基金,天弘基金,h30178.CSI,20210316,
159873.SZ,主题指数ETF,医疗设备ETF,天弘中证全指医疗保健设备与服务交易型开放式指数证券投资基金,天弘基金,h30178.CSI,20210316,
516300.SH,股票型ETF,中证1000ETF华泰柏瑞,华泰柏瑞中证1000交易型开放式指数证券投资基金,华泰柏瑞基金,000852.SH,20210315,
516300.SH,规模指数ETF,中证1000ETF华泰柏瑞,华泰柏瑞中证1000交易型开放式指数证券投资基金,华泰柏瑞基金,000852.SH,20210315,
159876.SZ,主题指数ETF,有色龙头ETF,华宝中证有色金属交易型开放式指数证券投资基金,华宝基金,930708.CSI,20210312,
159876.SZ,股票型ETF,有色龙头ETF,华宝中证有色金属交易型开放式指数证券投资基金,华宝基金,930708.CSI,20210312,
159858.SZ,主题指数ETF,创新药ETF南方,南方中证创新药产业交易型开放式指数证券投资基金,南方基金,931152.CSI,20210312,
159858.SZ,股票型ETF,创新药ETF南方,南方中证创新药产业交易型开放式指数证券投资基金,南方基金,931152.CSI,20210312,
516090.SH,股票型ETF,新能源ETF易方达,易方达中证新能源交易型开放式指数证券投资基金,易方达基金,399808.SZ,20210311,
159835.SZ,股票型ETF,创新药50ETF,建信中证创新药产业交易型开放式指数证券投资基金,建信基金,931152.CSI,20210311,
159835.SZ,主题指数ETF,创新药50ETF,建信中证创新药产业交易型开放式指数证券投资基金,建信基金,931152.CSI,20210311,
516090.SH,主题指数ETF,新能源ETF易方达,易方达中证新能源交易型开放式指数证券投资基金,易方达基金,399808.SZ,20210311,
159871.SZ,股票型ETF,有色金属ETF,银华中证有色金属交易型开放式指数证券投资基金,银华基金,930708.CSI,20210310,
159871.SZ,主题指数ETF,有色金属ETF,银华中证有色金属交易型开放式指数证券投资基金,银华基金,930708.CSI,20210310,
516200.SH,股票型ETF,证券ETF指数基金,华安中证全指证券公司交易型开放式指数证券投资基金,华安基金,399975.SZ,20210309,
516150.SH,主题指数ETF,稀土ETF嘉实,嘉实中证稀土产业交易型开放式指数证券投资基金,嘉实基金,930598.CSI,20210309,
516850.SH,主题指数ETF,新能源ETF基金,华夏中证新能源交易型开放式指数证券投资基金,华夏基金,399808.SZ,20210309,
516150.SH,股票型ETF,稀土ETF嘉实,嘉实中证稀土产业交易型开放式指数证券投资基金,嘉实基金,930598.CSI,20210309,
516850.SH,股票型ETF,新能源ETF基金,华夏中证新能源交易型开放式指数证券投资基金,华夏基金,399808.SZ,20210309,
516200.SH,行业指数ETF,证券ETF指数基金,华安中证全指证券公司交易型开放式指数证券投资基金,华安基金,399975.SZ,20210309,
159880.SZ,股票型ETF,有色ETF基金,鹏华国证有色金属行业交易型开放式指数证券投资基金,鹏华基金,399395.SZ,20210308,
159880.SZ,主题指数ETF,有色ETF基金,鹏华国证有色金属行业交易型开放式指数证券投资基金,鹏华基金,399395.SZ,20210308,
159851.SZ,主题指数ETF,金融科技ETF,华宝中证金融科技主题交易型开放式指数证券投资基金,华宝基金,930986.CSI,20210304,
159851.SZ,股票型ETF,金融科技ETF,华宝中证金融科技主题交易型开放式指数证券投资基金,华宝基金,930986.CSI,20210304,
516500.SH,主题指数ETF,生物科技ETF,华夏中证生物科技主题交易型开放式指数证券投资基金,华夏基金,930743.CSI,20210304,
516760.SH,股票型ETF,养殖ETF,平安中证畜牧养殖交易型开放式指数证券投资基金,平安基金,930707.CSI,20210304,
516760.SH,主题指数ETF,养殖ETF,平安中证畜牧养殖交易型开放式指数证券投资基金,平安基金,930707.CSI,20210304,
516500.SH,股票型ETF,生物科技ETF,华夏中证生物科技主题交易型开放式指数证券投资基金,华夏基金,930743.CSI,20210304,
159842.SZ,行业指数ETF,券商ETF,银华中证全指证券公司交易型开放式指数证券投资基金,银华基金,399975.SZ,20210303,
159842.SZ,股票型ETF,券商ETF,银华中证全指证券公司交易型开放式指数证券投资基金,银华基金,399975.SZ,20210303,
516220.SH,股票型ETF,化工龙头ETF,国泰中证细分化工产业主题交易型开放式指数证券投资基金,国泰基金,000813.CSI,20210302,
516220.SH,主题指数ETF,化工龙头ETF,国泰中证细分化工产业主题交易型开放式指数证券投资基金,国泰基金,000813.CSI,20210302,
516120.SH,主题指数ETF,化工50ETF,富国中证细分化工产业主题交易型开放式指数证券投资基金,富国基金,000813.CSI,20210301,
516120.SH,股票型ETF,化工50ETF,富国中证细分化工产业主题交易型开放式指数证券投资基金,富国基金,000813.CSI,20210301,
159865.SZ,股票型ETF,养殖ETF,国泰中证畜牧养殖交易型开放式指数证券投资基金,国泰基金,930707.CSI,20210301,
159865.SZ,主题指数ETF,养殖ETF,国泰中证畜牧养殖交易型开放式指数证券投资基金,国泰基金,930707.CSI,20210301,
516020.SH,股票型ETF,化工ETF,华宝中证细分化工产业主题交易型开放式指数证券投资基金,华宝基金,000813.CSI,20210226,
516780.SH,主题指数ETF,稀土ETF,华泰柏瑞中证稀土产业交易型开放式指数证券投资基金,华泰柏瑞基金,930598.CSI,20210226,
516780.SH,股票型ETF,稀土ETF,华泰柏瑞中证稀土产业交易型开放式指数证券投资基金,华泰柏瑞基金,930598.CSI,20210226,
516020.SH,主题指数ETF,化工ETF,华宝中证细分化工产业主题交易型开放式指数证券投资基金,华宝基金,000813.CSI,20210226,
159869.SZ,股票型ETF,游戏ETF,华夏中证动漫游戏交易型开放式指数证券投资基金,华夏基金,930901.CSI,20210225,
159867.SZ,股票型ETF,畜牧ETF,鹏华中证畜牧养殖交易型开放式指数证券投资基金,鹏华基金,930707.CSI,20210225,
159869.SZ,主题指数ETF,游戏ETF,华夏中证动漫游戏交易型开放式指数证券投资基金,华夏基金,930901.CSI,20210225,
516010.SH,股票型ETF,游戏ETF,国泰中证动漫游戏交易型开放式指数证券投资基金,国泰基金,930901.CSI,20210225,
159867.SZ,主题指数ETF,畜牧ETF,鹏华中证畜牧养殖交易型开放式指数证券投资基金,鹏华基金,930707.CSI,20210225,
516010.SH,主题指数ETF,游戏ETF,国泰中证动漫游戏交易型开放式指数证券投资基金,国泰基金,930901.CSI,20210225,
516770.SH,股票型ETF,游戏ETF华泰柏瑞,华泰柏瑞中证动漫游戏交易型开放式指数证券投资基金,华泰柏瑞基金,930901.CSI,20210225,
516770.SH,主题指数ETF,游戏ETF华泰柏瑞,华泰柏瑞中证动漫游戏交易型开放式指数证券投资基金,华泰柏瑞基金,930901.CSI,20210225,
159870.SZ,主题指数ETF,化工ETF,鹏华中证细分化工产业主题交易型开放式指数证券投资基金,鹏华基金,000813.CSI,20210223,
159870.SZ,股票型ETF,化工ETF,鹏华中证细分化工产业主题交易型开放式指数证券投资基金,鹏华基金,000813.CSI,20210223,
159863.SZ,主题指数ETF,光伏ETF基金,鹏华中证光伏产业交易型开放式指数证券投资基金,鹏华基金,931151.CSI,20210222,
159863.SZ,股票型ETF,光伏ETF基金,鹏华中证光伏产业交易型开放式指数证券投资基金,鹏华基金,931151.CSI,20210222,
516520.SH,主题指数ETF,智能驾驶ETF,华泰柏瑞中证智能汽车主题交易型开放式指数证券投资基金,华泰柏瑞基金,930721.CSI,20210209,
516520.SH,股票型ETF,智能驾驶ETF,华泰柏瑞中证智能汽车主题交易型开放式指数证券投资基金,华泰柏瑞基金,930721.CSI,20210209,
516600.SH,主题指数ETF,消费服务ETF,工银瑞信中证消费服务领先交易型开放式指数证券投资基金,工银瑞信基金,000806.CSI,20210209,
516600.SH,股票型ETF,消费服务ETF,工银瑞信中证消费服务领先交易型开放式指数证券投资基金,工银瑞信基金,000806.CSI,20210209,
516180.SH,股票型ETF,光伏ETF基金,平安中证光伏产业交易型开放式指数证券投资基金,平安基金,931151.CSI,20210209,
516180.SH,主题指数ETF,光伏ETF基金,平安中证光伏产业交易型开放式指数证券投资基金,平安基金,931151.CSI,20210209,
159848.SZ,行业指数ETF,证券ETF国联安,国联安中证全指证券公司交易型开放式指数证券投资基金,国联安基金,399975.SZ,20210209,
159855.SZ,股票型ETF,影视ETF,银华中证影视主题交易型开放式指数证券投资基金,银华基金,930781.CSI,20210209,
159855.SZ,主题指数ETF,影视ETF,银华中证影视主题交易型开放式指数证券投资基金,银华基金,930781.CSI,20210209,
516060.SH,主题指数ETF,创新药产业ETF,工银瑞信中证创新药产业交易型开放式指数证券投资基金,工银瑞信基金,931152.CSI,20210209,
516060.SH,股票型ETF,创新药产业ETF,工银瑞信中证创新药产业交易型开放式指数证券投资基金,工银瑞信基金,931152.CSI,20210209,
159848.SZ,股票型ETF,证券ETF国联安,国联安中证全指证券公司交易型开放式指数证券投资基金,国联安基金,399975.SZ,20210209,
516000.SH,股票型ETF,数据ETF,华夏中证大数据产业交易型开放式指数证券投资基金,华夏基金,930902.CSI,20210209,
516000.SH,主题指数ETF,数据ETF,华夏中证大数据产业交易型开放式指数证券投资基金,华夏基金,930902.CSI,20210209,
517100.SH,股票型ETF,AH500ETF,富国中证沪港深500交易型开放式指数证券投资基金,富国基金,h30455.CSI,20210209,
517100.SH,规模指数ETF,AH500ETF,富国中证沪港深500交易型开放式指数证券投资基金,富国基金,h30455.CSI,20210209,
159849.SZ,股票型ETF,生物科技指数ETF,招商中证生物科技主题交易型开放式指数证券投资基金,招商基金,930743.CSI,20210208,
159849.SZ,主题指数ETF,生物科技指数ETF,招商中证生物科技主题交易型开放式指数证券投资基金,招商基金,930743.CSI,20210208,
517000.SH,股票型ETF,沪港深500ETF,银华中证沪港深500交易型开放式指数证券投资基金,银华基金,h30455.CSI,20210204,
517000.SH,规模指数ETF,沪港深500ETF,银华中证沪港深500交易型开放式指数证券投资基金,银华基金,h30455.CSI,20210204,
159857.SZ,股票型ETF,光伏ETF,天弘中证光伏产业交易型开放式指数证券投资基金,天弘基金,931151.CSI,20210204,
517300.SH,股票型ETF,沪港深300ETF,国寿安保中证沪港深300交易型开放式指数证券投资基金,国寿安保基金,931395.CSI,20210204,
517300.SH,规模指数ETF,沪港深300ETF,国寿安保中证沪港深300交易型开放式指数证券投资基金,国寿安保基金,931395.CSI,20210204,
159857.SZ,主题指数ETF,光伏ETF,天弘中证光伏产业交易型开放式指数证券投资基金,天弘基金,931151.CSI,20210204,
515230.SH,主题指数ETF,软件ETF,国泰中证全指软件交易型开放式指数证券投资基金,国泰基金,h30202.CSI,20210203,
516660.SH,股票型ETF,新能源车ETF基金,华安中证新能源汽车交易型开放式指数证券投资基金,华安基金,399976.SZ,20210203,
516660.SH,主题指数ETF,新能源车ETF基金,华安中证新能源汽车交易型开放式指数证券投资基金,华安基金,399976.SZ,20210203,
515230.SH,股票型ETF,软件ETF,国泰中证全指软件交易型开放式指数证券投资基金,国泰基金,h30202.CSI,20210203,
516080.SH,主题指数ETF,创新药ETF易方达,易方达中证创新药产业交易型开放式指数证券投资基金,易方达基金,931152.CSI,20210203,
516080.SH,股票型ETF,创新药ETF易方达,易方达中证创新药产业交易型开放式指数证券投资基金,易方达基金,931152.CSI,20210203,
517080.SH,股票型ETF,沪港深500ETF基金,汇添富中证沪港深500交易型开放式指数证券投资基金,汇添富基金,h30455.CSI,20210201,
159850.SZ,跨境主题指数ETF,恒生国企ETF,华夏恒生中国企业交易型开放式指数证券投资基金(QDII),华夏基金,HSCEI.HI,20210201,
159850.SZ,跨境ETF,恒生国企ETF,华夏恒生中国企业交易型开放式指数证券投资基金(QDII),华夏基金,HSCEI.HI,20210201,
517080.SH,规模指数ETF,沪港深500ETF基金,汇添富中证沪港深500交易型开放式指数证券投资基金,汇添富基金,h30455.CSI,20210201,
159839.SZ,股票型ETF,生物药ETF,汇添富国证生物医药交易型开放式指数证券投资基金,汇添富基金,399441.SZ,20210201,
159839.SZ,主题指数ETF,生物药ETF,汇添富国证生物医药交易型开放式指数证券投资基金,汇添富基金,399441.SZ,20210201,
516800.SH,股票型ETF,智能制造ETF,华宝中证智能制造主题交易型开放式指数证券投资基金,华宝基金,930850.CSI,20210129,
159852.SZ,股票型ETF,软件ETF,嘉实中证软件服务交易型开放式指数证券投资基金,嘉实基金,930601.CSI,20210129,
159852.SZ,主题指数ETF,软件ETF,嘉实中证软件服务交易型开放式指数证券投资基金,嘉实基金,930601.CSI,20210129,
516800.SH,主题指数ETF,智能制造ETF,华宝中证智能制造主题交易型开放式指数证券投资基金,华宝基金,930850.CSI,20210129,
159841.SZ,股票型ETF,证券ETF,天弘中证全指证券公司交易型开放式指数证券投资基金,天弘基金,399975.SZ,20210128,
159841.SZ,行业指数ETF,证券ETF,天弘中证全指证券公司交易型开放式指数证券投资基金,天弘基金,399975.SZ,20210128,
513330.SH,跨境ETF,恒生互联网ETF,华夏恒生互联网科技业交易型开放式指数证券投资基金(QDII),华夏基金,HSIII.HI,20210126,
513330.SH,跨境行业指数ETF,恒生互联网ETF,华夏恒生互联网科技业交易型开放式指数证券投资基金(QDII),华夏基金,HSIII.HI,20210126,
159843.SZ,股票型ETF,食品饮料ETF,招商国证食品饮料行业交易型开放式指数证券投资基金,招商基金,399396.SZ,20210125,
517050.SH,股票型ETF,互联网ETF华泰柏瑞,华泰柏瑞中证沪港深互联网交易型开放式指数证券投资基金,华泰柏瑞基金,930625.CSI,20210125,
517050.SH,主题指数ETF,互联网ETF华泰柏瑞,华泰柏瑞中证沪港深互联网交易型开放式指数证券投资基金,华泰柏瑞基金,930625.CSI,20210125,
517200.SH,主题指数ETF,互联网ETF,嘉实中证沪港深互联网交易型开放式指数证券投资基金,嘉实基金,930625.CSI,20210125,
517200.SH,股票型ETF,互联网ETF,嘉实中证沪港深互联网交易型开放式指数证券投资基金,嘉实基金,930625.CSI,20210125,
159843.SZ,主题指数ETF,食品饮料ETF,招商国证食品饮料行业交易型开放式指数证券投资基金,招商基金,399396.SZ,20210125,
159856.SZ,主题指数ETF,互联网龙头ETF,工银瑞信中证沪港深互联网交易型开放式指数证券投资基金,工银瑞信基金,930625.CSI,20210122,
159856.SZ,股票型ETF,互联网龙头ETF,工银瑞信中证沪港深互联网交易型开放式指数证券投资基金,工银瑞信基金,930625.CSI,20210122,
516160.SH,股票型ETF,新能源ETF,南方中证新能源交易型开放式指数证券投资基金,南方基金,399808.SZ,20210122,
516160.SH,主题指数ETF,新能源ETF,南方中证新能源交易型开放式指数证券投资基金,南方基金,399808.SZ,20210122,
516050.SH,主题指数ETF,科技龙头ETF,工银瑞信中证科技龙头交易型开放式指数证券投资基金,工银瑞信基金,931087.CSI,20210121,
516050.SH,股票型ETF,科技龙头ETF,工银瑞信中证科技龙头交易型开放式指数证券投资基金,工银瑞信基金,931087.CSI,20210121,
515910.SH,策略指数ETF,质量ETF,中金MSCI中国A股国际质量交易型开放式指数证券投资基金,中金基金,707717L.MI,20210121,
515910.SH,股票型ETF,质量ETF,中金MSCI中国A股国际质量交易型开放式指数证券投资基金,中金基金,707717L.MI,20210121,
159837.SZ,主题指数ETF,生物科技ETF,易方达中证生物科技主题交易型开放式指数证券投资基金,易方达基金,930743.CSI,20210114,
159837.SZ,股票型ETF,生物科技ETF,易方达中证生物科技主题交易型开放式指数证券投资基金,易方达基金,930743.CSI,20210114,
515400.SH,股票型ETF,大数据ETF,富国中证大数据产业交易型开放式指数证券投资基金,富国基金,930902.CSI,20210107,
515400.SH,主题指数ETF,大数据ETF,富国中证大数据产业交易型开放式指数证券投资基金,富国基金,930902.CSI,20210107,
516880.SH,股票型ETF,光伏50ETF,银华中证光伏产业交易型开放式指数证券投资基金,银华基金,931151.CSI,20210105,
516880.SH,主题指数ETF,光伏50ETF,银华中证光伏产业交易型开放式指数证券投资基金,银华基金,931151.CSI,20210105,
515920.SH,股票型ETF,智能消费ETF,博时中证智能消费主题交易型开放式指数证券投资基金,博时基金,930648.CSI,20201230,
515920.SH,主题指数ETF,智能消费ETF,博时中证智能消费主题交易型开放式指数证券投资基金,博时基金,930648.CSI,20201230,
515170.SH,主题指数ETF,食品饮料ETF,华夏中证细分食品饮料产业主题交易型开放式指数证券投资基金,华夏基金,000815.CSI,20201230,
515170.SH,股票型ETF,食品饮料ETF,华夏中证细分食品饮料产业主题交易型开放式指数证券投资基金,华夏基金,000815.CSI,20201230,
513550.SH,跨境ETF,港股通50ETF,华泰柏瑞中证港股通50交易型开放式指数证券投资基金,华泰柏瑞基金,930931.CSI,20201230,
513550.SH,跨境规模指数ETF,港股通50ETF,华泰柏瑞中证港股通50交易型开放式指数证券投资基金,华泰柏瑞基金,930931.CSI,20201230,
159828.SZ,股票型ETF,医疗ETF,国泰中证医疗交易型开放式指数证券投资基金,国泰基金,399989.SZ,20201224,
159828.SZ,主题指数ETF,医疗ETF,国泰中证医疗交易型开放式指数证券投资基金,国泰基金,399989.SZ,20201224,
515710.SH,股票型ETF,食品ETF,华宝中证细分食品饮料产业主题交易型开放式指数证券投资基金,华宝基金,000815.CSI,20201224,
515710.SH,主题指数ETF,食品ETF,华宝中证细分食品饮料产业主题交易型开放式指数证券投资基金,华宝基金,000815.CSI,20201224,
515250.SH,股票型ETF,智能汽车ETF,富国中证智能汽车主题交易型开放式指数证券投资基金,富国基金,930721.CSI,20201224,
515250.SH,主题指数ETF,智能汽车ETF,富国中证智能汽车主题交易型开放式指数证券投资基金,富国基金,930721.CSI,20201224,
515290.SH,行业指数ETF,银行ETF天弘,天弘中证银行交易型开放式指数证券投资基金,天弘基金,399986.SZ,20201211,
515290.SH,股票型ETF,银行ETF天弘,天弘中证银行交易型开放式指数证券投资基金,天弘基金,399986.SZ,20201211,
159827.SZ,主题指数ETF,农业50ETF,银华中证农业主题交易型开放式指数证券投资基金,银华基金,000949.CSI,20201210,
159827.SZ,股票型ETF,农业50ETF,银华中证农业主题交易型开放式指数证券投资基金,银华基金,000949.CSI,20201210,
159825.SZ,主题指数ETF,农业ETF,富国中证农业主题交易型开放式指数证券投资基金,富国基金,000949.CSI,20201210,
159825.SZ,股票型ETF,农业ETF,富国中证农业主题交易型开放式指数证券投资基金,富国基金,000949.CSI,20201210,
159824.SZ,股票型ETF,新能车ETF,博时中证新能源汽车交易型开放式指数证券投资基金,博时基金,399976.SZ,20201210,
159824.SZ,主题指数ETF,新能车ETF,博时中证新能源汽车交易型开放式指数证券投资基金,博时基金,399976.SZ,20201210,
515790.SH,主题指数ETF,光伏ETF,华泰柏瑞中证光伏产业交易型开放式指数证券投资基金,华泰柏瑞基金,931151.CSI,20201207,
515790.SH,股票型ETF,光伏ETF,华泰柏瑞中证光伏产业交易型开放式指数证券投资基金,华泰柏瑞基金,931151.CSI,20201207,
515120.SH,股票型ETF,创新药ETF,广发中证创新药产业交易型开放式指数证券投资基金,广发基金,931152.CSI,20201203,
515120.SH,主题指数ETF,创新药ETF,广发中证创新药产业交易型开放式指数证券投资基金,广发基金,931152.CSI,20201203,
515320.SH,股票型ETF,电子50ETF,华安中证电子50交易型开放式指数证券投资基金,华安基金,931461.CSI,20201125,
515320.SH,主题指数ETF,电子50ETF,华安中证电子50交易型开放式指数证券投资基金,华安基金,931461.CSI,20201125,
513300.SH,跨境规模指数ETF,纳斯达克ETF,华夏纳斯达克100交易型开放式指数证券投资基金(QDII),华夏基金,NDX.GI,20201022,
513300.SH,跨境ETF,纳斯达克ETF,华夏纳斯达克100交易型开放式指数证券投资基金(QDII),华夏基金,NDX.GI,20201022,
159821.SZ,股票型ETF,BOCI创业板ETF,中银证券创业板交易型开放式指数证券投资基金,中银证券,399006.SZ,20200929,
159821.SZ,规模指数ETF,BOCI创业板ETF,中银证券创业板交易型开放式指数证券投资基金,中银证券,399006.SZ,20200929,
159822.SZ,跨境行业指数ETF,新经济ETF,银华工银南方东英标普中国新经济行业交易型开放式指数证券投资基金(QDII),银华基金,SPNCSCHN.SPI,20200929,
159822.SZ,跨境ETF,新经济ETF,银华工银南方东英标普中国新经济行业交易型开放式指数证券投资基金(QDII),银华基金,SPNCSCHN.SPI,20200929,
588000.SH,股票型ETF,科创50ETF,华夏上证科创板50成份交易型开放式指数证券投资基金,华夏基金,000688.SH,20200928,
588000.SH,规模指数ETF,科创50ETF,华夏上证科创板50成份交易型开放式指数证券投资基金,华夏基金,000688.SH,20200928,
588050.SH,规模指数ETF,科创ETF,工银瑞信上证科创板50成份交易型开放式指数证券投资基金,工银瑞信基金,000688.SH,20200928,
588050.SH,股票型ETF,科创ETF,工银瑞信上证科创板50成份交易型开放式指数证券投资基金,工银瑞信基金,000688.SH,20200928,
588080.SH,股票型ETF,科创板50ETF,易方达上证科创板50成份交易型开放式指数证券投资基金,易方达基金,000688.SH,20200928,
588080.SH,规模指数ETF,科创板50ETF,易方达上证科创板50成份交易型开放式指数证券投资基金,易方达基金,000688.SH,20200928,
588090.SH,股票型ETF,科创板ETF,华泰柏瑞上证科创板50成份交易型开放式指数证券投资基金,华泰柏瑞基金,000688.SH,20200928,
588090.SH,规模指数ETF,科创板ETF,华泰柏瑞上证科创板50成份交易型开放式指数证券投资基金,华泰柏瑞基金,000688.SH,20200928,
515530.SH,股票型ETF,中证500ETF泰康,泰康中证500交易型开放式指数证券投资基金,泰康基金,000905.SH,20200918,
515530.SH,规模指数ETF,中证500ETF泰康,泰康中证500交易型开放式指数证券投资基金,泰康基金,000905.SH,20200918,
515760.SH,股票型ETF,浙江国资ETF,华夏中证浙江国资创新发展交易型开放式指数证券投资基金,华夏基金,931372.CSI,20200917,
515760.SH,主题指数ETF,浙江国资ETF,华夏中证浙江国资创新发展交易型开放式指数证券投资基金,华夏基金,931372.CSI,20200917,
159981.SZ,商品型ETF,能源化工ETF,建信易盛郑商所能源化工期货交易型开放式指数证券投资基金,建信基金,000201.CZC,20191213,
511020.SH,债券型ETF,国债ETF5至10年,平安中证5-10年期国债活跃券交易型开放式指数证券投资基金,平安基金,h21018.CSI,20181221,20200913
511020.SH,债券型ETF,国债ETF5至10年,平安中证5-10年期国债活跃券交易型开放式指数证券投资基金,平安基金,931018.CSI,20200914,
510370.SH,股票型ETF,300指数ETF,兴业沪深300交易型开放式指数证券投资基金,兴业基金,000300.SH,20200911,
510370.SH,规模指数ETF,300指数ETF,兴业沪深300交易型开放式指数证券投资基金,兴业基金,000300.SH,20200911,
518890.SH,商品型ETF,中银上海金ETF,中银上海金交易型开放式证券投资基金,中银基金,SHAU.SGE,20200828,
510760.SH,股票型ETF,上证综指ETF,国泰上证综合交易型开放式指数证券投资基金,国泰基金,000001.SH,20200821,
510760.SH,规模指数ETF,上证综指ETF,国泰上证综合交易型开放式指数证券投资基金,国泰基金,000001.SH,20200821,
159820.SZ,规模指数ETF,中证500ETF天弘,天弘中证500交易型开放式指数证券投资基金,天弘基金,000905.SH,20200807,
159820.SZ,股票型ETF,中证500ETF天弘,天弘中证500交易型开放式指数证券投资基金,天弘基金,000905.SH,20200807,
159808.SZ,股票型ETF,创100ETF融通,融通创业板交易型开放式指数证券投资基金,融通基金,399006.SZ,20200805,
159808.SZ,规模指数ETF,创100ETF融通,融通创业板交易型开放式指数证券投资基金,融通基金,399006.SZ,20200805,
518860.SH,商品型ETF,黄金ETFAU,建信上海金交易型开放式证券投资基金,建信基金,SHAU.SGE,20200805,
511360.SH,债券型ETF,短融ETF,海富通中证短融交易型开放式指数证券投资基金,海富通基金,h11014.CSI,20200803,
159816.SZ,债券型ETF,0-4地债ETF,鹏华中证0-4年期地方政府债交易型开放式指数证券投资基金,鹏华基金,931161.CSI,20200730,
159819.SZ,主题指数ETF,人工智能ETF,易方达中证人工智能主题交易型开放式指数证券投资基金,易方达基金,930713.CSI,20200727,
159819.SZ,股票型ETF,人工智能ETF,易方达中证人工智能主题交易型开放式指数证券投资基金,易方达基金,930713.CSI,20200727,
515260.SH,主题指数ETF,电子ETF,华宝中证电子50交易型开放式指数证券投资基金,华宝基金,931461.CSI,20200717,
515260.SH,股票型ETF,电子ETF,华宝中证电子50交易型开放式指数证券投资基金,华宝基金,931461.CSI,20200717,
511180.SH,债券型ETF,上证可转债ETF,海富通上证投资级可转债及可交换债券交易型开放式指数证券投资基金,海富通基金,950041.CSI,20200713,
518600.SH,商品型ETF,上海金ETF,广发上海金交易型开放式证券投资基金,广发基金,SHAU.SGE,20200708,
518680.SH,商品型ETF,金ETF,富国上海金交易型开放式证券投资基金,富国基金,SHAU.SGE,20200706,
510570.SH,股票型ETF,兴业中证500ETF,兴业中证500交易型开放式指数证券投资基金,兴业基金,000905.SH,20200630,
510570.SH,规模指数ETF,兴业中证500ETF,兴业中证500交易型开放式指数证券投资基金,兴业基金,000905.SH,20200630,
515560.SH,行业指数ETF,证券ETF建信,建信中证全指证券公司交易型开放式指数证券投资基金,建信基金,399975.SZ,20200629,
515560.SH,股票型ETF,证券ETF建信,建信中证全指证券公司交易型开放式指数证券投资基金,建信基金,399975.SZ,20200629,
159814.SZ,股票型ETF,创业大盘ETF,西部利得创业板大盘交易型开放式指数证券投资基金,西部利得基金,399293.SZ,20200619,
159814.SZ,规模指数ETF,创业大盘ETF,西部利得创业板大盘交易型开放式指数证券投资基金,西部利得基金,399293.SZ,20200619,
159810.SZ,规模指数ETF,创业板ETF浦银,浦银安盛创业板交易型开放式指数证券投资基金,浦银安盛基金,399006.SZ,20200612,
159810.SZ,股票型ETF,创业板ETF浦银,浦银安盛创业板交易型开放式指数证券投资基金,浦银安盛基金,399006.SZ,20200612,
513080.SH,跨境ETF,法国CAC40ETF,华安法国CAC40交易型开放式指数证券投资基金(QDII),华安基金,FCHI.GI,20200529,
513080.SH,跨境规模指数ETF,法国CAC40ETF,华安法国CAC40交易型开放式指数证券投资基金(QDII),华安基金,FCHI.GI,20200529,
515100.SH,策略指数ETF,红利低波100ETF,景顺长城中证红利低波动100交易型开放式指数证券投资基金,景顺长城基金,930955.CSI,20200522,
515100.SH,股票型ETF,红利低波100ETF,景顺长城中证红利低波动100交易型开放式指数证券投资基金,景顺长城基金,930955.CSI,20200522,
515770.SH,股票型ETF,摩根MSCIAETF,摩根MSCI中国A股交易型开放式指数证券投资基金,摩根基金,718711L.MI,20200513,
515770.SH,规模指数ETF,摩根MSCIAETF,摩根MSCI中国A股交易型开放式指数证券投资基金,摩根基金,718711L.MI,20200513,
515190.SH,股票型ETF,中银证券500ETF,中银证券中证500交易型开放式指数证券投资基金,中银证券,000905.SH,20200430,
515190.SH,规模指数ETF,中银证券500ETF,中银证券中证500交易型开放式指数证券投资基金,中银证券,000905.SH,20200430,
159812.SZ,商品型ETF,黄金基金ETF,前海开源黄金交易型开放式证券投资基金,前海开源基金,Au9999.SGE,20200429,
515960.SH,股票型ETF,医药ETF嘉实,嘉实中证医药健康100策略交易型开放式指数证券投资基金,嘉实基金,931166.CSI,20200424,
515960.SH,策略指数ETF,医药ETF嘉实,嘉实中证医药健康100策略交易型开放式指数证券投资基金,嘉实基金,931166.CSI,20200424,
518660.SH,商品型ETF,黄金ETF基金,工银瑞信黄金交易型开放式证券投资基金,工银瑞信基金,Au9999.SGE,20200424,
159813.SZ,主题指数ETF,半导体ETF,鹏华国证半导体芯片交易型开放式指数证券投资基金,鹏华基金,980017.CNI,20200417,
159813.SZ,股票型ETF,半导体ETF,鹏华国证半导体芯片交易型开放式指数证券投资基金,鹏华基金,980017.CNI,20200417,
518850.SH,商品型ETF,黄金ETF华夏,华夏黄金交易型开放式证券投资基金,华夏基金,Au9999.SGE,20200413,
510200.SH,行业指数ETF,上证券商ETF,汇安上证证券交易型开放式指数证券投资基金,汇安基金,950105.CSI,20200409,
510200.SH,股票型ETF,上证券商ETF,汇安上证证券交易型开放式指数证券投资基金,汇安基金,950105.CSI,20200409,
515130.SH,股票型ETF,沪深300ETF博时,博时沪深300交易型开放式指数证券投资基金,博时基金,000300.SH,20200403,
515130.SH,规模指数ETF,沪深300ETF博时,博时沪深300交易型开放式指数证券投资基金,博时基金,000300.SH,20200403,
159811.SZ,股票型ETF,5G50ETF,博时中证5G产业50交易型开放式指数证券投资基金,博时基金,931406.CSI,20200327,
159811.SZ,主题指数ETF,5G50ETF,博时中证5G产业50交易型开放式指数证券投资基金,博时基金,931406.CSI,20200327,
159991.SZ,股票型ETF,创大盘ETF,招商创业板大盘交易型开放式指数证券投资基金,招商基金,399293.SZ,20200320,
159991.SZ,规模指数ETF,创大盘ETF,招商创业板大盘交易型开放式指数证券投资基金,招商基金,399293.SZ,20200320,
515890.SH,股票型ETF,红利ETF博时,博时中证红利交易型开放式指数证券投资基金,博时基金,000922.CSI,20200320,
515890.SH,策略指数ETF,红利ETF博时,博时中证红利交易型开放式指数证券投资基金,博时基金,000922.CSI,20200320,
159992.SZ,股票型ETF,创新药ETF,银华中证创新药产业交易型开放式指数证券投资基金,银华基金,931152.CSI,20200320,
159992.SZ,主题指数ETF,创新药ETF,银华中证创新药产业交易型开放式指数证券投资基金,银华基金,931152.CSI,20200320,
159998.SZ,股票型ETF,计算机ETF,天弘中证计算机主题交易型开放式指数证券投资基金,天弘基金,930651.CSI,20200320,
159998.SZ,主题指数ETF,计算机ETF,天弘中证计算机主题交易型开放式指数证券投资基金,天弘基金,930651.CSI,20200320,
159807.SZ,主题指数ETF,科技ETF,易方达中证科技50交易型开放式指数证券投资基金,易方达基金,931380.CSI,20200316,
159807.SZ,股票型ETF,科技ETF,易方达中证科技50交易型开放式指数证券投资基金,易方达基金,931380.CSI,20200316,
515950.SH,主题指数ETF,医药龙头ETF,富国中证医药50交易型开放式指数证券投资基金,富国基金,931140.CSI,20200316,
515950.SH,股票型ETF,医药龙头ETF,富国中证医药50交易型开放式指数证券投资基金,富国基金,931140.CSI,20200316,
512380.SH,股票型ETF,MSCI中国ETF,银华MSCI中国A股交易型开放式指数证券投资基金,银华基金,718711L.MI,20190319,
512380.SH,规模指数ETF,MSCI中国ETF,银华MSCI中国A股交易型开放式指数证券投资基金,银华基金,718711L.MI,20190319,
513090.SH,跨境主题指数ETF,香港证券ETF,易方达中证香港证券投资主题交易型开放式指数证券投资基金,易方达基金,930709.CSI,20200313,
513090.SH,跨境ETF,香港证券ETF,易方达中证香港证券投资主题交易型开放式指数证券投资基金,易方达基金,930709.CSI,20200313,
159806.SZ,主题指数ETF,新能源车ETF,国泰中证新能源汽车交易型开放式指数证券投资基金,国泰基金,399976.SZ,20200310,
159806.SZ,股票型ETF,新能源车ETF,国泰中证新能源汽车交易型开放式指数证券投资基金,国泰基金,399976.SZ,20200310,
159805.SZ,主题指数ETF,传媒ETF,鹏华中证传媒交易型开放式指数证券投资基金,鹏华基金,399971.SZ,20200306,
159805.SZ,股票型ETF,传媒ETF,鹏华中证传媒交易型开放式指数证券投资基金,鹏华基金,399971.SZ,20200306,
511380.SH,债券型ETF,可转债ETF,博时中证可转债及可交换债券交易型开放式指数证券投资基金,博时基金,931078.CSI,20200306,
159804.SZ,股票型ETF,创中盘88ETF,国寿安保国证创业板中盘精选88交易型开放式指数证券投资基金,国寿安保基金,399291.SZ,20200304,
159804.SZ,策略指数ETF,创中盘88ETF,国寿安保国证创业板中盘精选88交易型开放式指数证券投资基金,国寿安保基金,399291.SZ,20200304,
515630.SH,主题指数ETF,保险证券ETF,鹏华中证800证券保险交易型开放式指数证券投资基金,鹏华基金,399966.SZ,20200228,
515630.SH,股票型ETF,保险证券ETF,鹏华中证800证券保险交易型开放式指数证券投资基金,鹏华基金,399966.SZ,20200228,
159997.SZ,股票型ETF,电子ETF,天弘中证电子交易型开放式指数证券投资基金,天弘基金,930652.CSI,20200227,
159997.SZ,主题指数ETF,电子ETF,天弘中证电子交易型开放式指数证券投资基金,天弘基金,930652.CSI,20200227,
159996.SZ,股票型ETF,家电ETF,国泰中证全指家用电器交易型开放式指数证券投资基金,国泰基金,930697.CSI,20200227,
159996.SZ,行业指数ETF,家电ETF,国泰中证全指家用电器交易型开放式指数证券投资基金,国泰基金,930697.CSI,20200227,
515030.SH,股票型ETF,新能源车ETF,华夏中证新能源汽车交易型开放式指数证券投资基金,华夏基金,399976.SZ,20200220,
515030.SH,主题指数ETF,新能源车ETF,华夏中证新能源汽车交易型开放式指数证券投资基金,华夏基金,399976.SZ,20200220,
515160.SH,股票型ETF,MSCI中国ETF招商,招商MSCI中国A股国际通交易型开放式指数证券投资基金,招商基金,716567.CSI,20200203,
515160.SH,规模指数ETF,MSCI中国ETF招商,招商MSCI中国A股国际通交易型开放式指数证券投资基金,招商基金,716567.CSI,20200203,
159994.SZ,主题指数ETF,5GETF,银华中证5G通信主题交易型开放式指数证券投资基金,银华基金,931079.CSI,20200122,
159994.SZ,股票型ETF,5GETF,银华中证5G通信主题交易型开放式指数证券投资基金,银华基金,931079.CSI,20200122,
515210.SH,主题指数ETF,钢铁ETF,国泰中证钢铁交易型开放式指数证券投资基金,国泰基金,930606.CSI,20200122,
515210.SH,股票型ETF,钢铁ETF,国泰中证钢铁交易型开放式指数证券投资基金,国泰基金,930606.CSI,20200122,
515220.SH,行业指数ETF,煤炭ETF,国泰中证煤炭交易型开放式指数证券投资基金,国泰基金,399998.SZ,20200120,
515220.SH,股票型ETF,煤炭ETF,国泰中证煤炭交易型开放式指数证券投资基金,国泰基金,399998.SZ,20200120,
515850.SH,股票型ETF,证券ETF富国,富国中证全指证券公司交易型开放式指数证券投资基金,富国基金,399975.SZ,20200121,
515850.SH,行业指数ETF,证券ETF富国,富国中证全指证券公司交易型开放式指数证券投资基金,富国基金,399975.SZ,20200121,
159801.SZ,股票型ETF,芯片ETF龙头,广发国证半导体芯片交易型开放式指数证券投资基金,广发基金,980017.CNI,20200120,
159995.SZ,主题指数ETF,芯片ETF,华夏国证半导体芯片交易型开放式指数证券投资基金,华夏基金,980017.CNI,20200120,
159995.SZ,股票型ETF,芯片ETF,华夏国证半导体芯片交易型开放式指数证券投资基金,华夏基金,980017.CNI,20200120,
159801.SZ,主题指数ETF,芯片ETF龙头,广发国证半导体芯片交易型开放式指数证券投资基金,广发基金,980017.CNI,20200120,
515090.SH,股票型ETF,可持续发展ETF,博时中证可持续发展100交易型开放式指数证券投资基金,博时基金,931268.CSI,20200119,
515090.SH,主题指数ETF,可持续发展ETF,博时中证可持续发展100交易型开放式指数证券投资基金,博时基金,931268.CSI,20200119,
515450.SH,股票型ETF,红利低波50ETF,南方标普中国A股大盘红利低波50交易型开放式指数证券投资基金,南方基金,SPCLLHCP.SPI,20200117,
515450.SH,策略指数ETF,红利低波50ETF,南方标普中国A股大盘红利低波50交易型开放式指数证券投资基金,南方基金,SPCLLHCP.SPI,20200117,
515700.SH,主题指数ETF,新能车ETF,平安中证新能源汽车产业交易型开放式指数证券投资基金,平安基金,930997.CSI,20191231,
515700.SH,股票型ETF,新能车ETF,平安中证新能源汽车产业交易型开放式指数证券投资基金,平安基金,930997.CSI,20191231,
515380.SH,股票型ETF,沪深300ETF泰康,泰康沪深300交易型开放式指数证券投资基金,泰康基金,000300.SH,20191227,
515380.SH,规模指数ETF,沪深300ETF泰康,泰康沪深300交易型开放式指数证券投资基金,泰康基金,000300.SH,20191227,
159993.SZ,股票型ETF,证券ETF龙头,鹏华国证证券龙头交易型开放式指数证券投资基金,鹏华基金,399437.SZ,20191226,
159993.SZ,主题指数ETF,证券ETF龙头,鹏华国证证券龙头交易型开放式指数证券投资基金,鹏华基金,399437.SZ,20191226,
515350.SH,股票型ETF,民生加银300ETF,民生加银沪深300交易型开放式指数证券投资基金,民生加银基金,000300.SH,20191224,
515350.SH,规模指数ETF,民生加银300ETF,民生加银沪深300交易型开放式指数证券投资基金,民生加银基金,000300.SH,20191224,
515980.SH,股票型ETF,人工智能ETF,华富中证人工智能产业交易型开放式指数证券投资基金,华富基金,931071.CSI,20191224,
515980.SH,主题指数ETF,人工智能ETF,华富中证人工智能产业交易型开放式指数证券投资基金,华富基金,931071.CSI,20191224,
159970.SZ,股票型ETF,深100ETF工银,工银瑞信深证100交易型开放式指数证券投资基金,工银瑞信基金,399330.SZ,20191219,
159970.SZ,规模指数ETF,深100ETF工银,工银瑞信深证100交易型开放式指数证券投资基金,工银瑞信基金,399330.SZ,20191219,
512730.SH,股票型ETF,银行ETF指数,鹏华中证银行交易型开放式指数证券投资基金,鹏华基金,399986.SZ,20191219,
512730.SH,行业指数ETF,银行ETF指数,鹏华中证银行交易型开放式指数证券投资基金,鹏华基金,399986.SZ,20191219,
515390.SH,股票型ETF,沪深300ETF指数基金,华安沪深300交易型开放式指数证券投资基金,华安基金,000300.SH,20191213,
515390.SH,规模指数ETF,沪深300ETF指数基金,华安沪深300交易型开放式指数证券投资基金,华安基金,000300.SH,20191213,
515070.SH,主题指数ETF,人工智能AIETF,华夏中证人工智能主题交易型开放式指数证券投资基金,华夏基金,930713.CSI,20191209,
515070.SH,股票型ETF,人工智能AIETF,华夏中证人工智能主题交易型开放式指数证券投资基金,华夏基金,930713.CSI,20191209,
515330.SH,规模指数ETF,沪深300ETF天弘,天弘沪深300交易型开放式指数证券投资基金,天弘基金,000300.SH,20191205,
515330.SH,股票型ETF,沪深300ETF天弘,天弘沪深300交易型开放式指数证券投资基金,天弘基金,000300.SH,20191205,
515310.SH,规模指数ETF,沪深300指数ETF,汇添富沪深300交易型开放式指数证券投资基金,汇添富基金,000300.SH,20191204,
515310.SH,股票型ETF,沪深300指数ETF,汇添富沪深300交易型开放式指数证券投资基金,汇添富基金,000300.SH,20191204,
159982.SZ,股票型ETF,中证500ETF鹏华,鹏华中证500交易型开放式指数证券投资基金,鹏华基金,000905.SH,20191121,
159982.SZ,规模指数ETF,中证500ETF鹏华,鹏华中证500交易型开放式指数证券投资基金,鹏华基金,000905.SH,20191121,
515080.SH,策略指数ETF,中证红利ETF,招商中证红利交易型开放式指数证券投资基金,招商基金,000922.CSI,20191128,
515080.SH,股票型ETF,中证红利ETF,招商中证红利交易型开放式指数证券投资基金,招商基金,000922.CSI,20191128,
515060.SH,股票型ETF,房地产ETF基金,华夏中证全指房地产交易型开放式指数证券投资基金,华夏基金,931775.CSI,20191128,
515060.SH,行业指数ETF,房地产ETF基金,华夏中证全指房地产交易型开放式指数证券投资基金,华夏基金,931775.CSI,20191128,
515180.SH,股票型ETF,红利ETF易方达,易方达中证红利交易型开放式指数证券投资基金,易方达基金,000922.CSI,20191126,
515180.SH,策略指数ETF,红利ETF易方达,易方达中证红利交易型开放式指数证券投资基金,易方达基金,000922.CSI,20191126,
515660.SH,股票型ETF,沪深300ETF国联安,国联安沪深300交易型开放式指数证券投资基金,国联安基金,000300.SH,20191125,
515660.SH,规模指数ETF,沪深300ETF国联安,国联安沪深300交易型开放式指数证券投资基金,国联安基金,000300.SH,20191125,
515750.SH,主题指数ETF,科技50ETF,富国中证科技50策略交易型开放式指数证券投资基金,富国基金,931186.CSI,20191115,
515750.SH,股票型ETF,科技50ETF,富国中证科技50策略交易型开放式指数证券投资基金,富国基金,931186.CSI,20191115,
515550.SH,股票型ETF,国联中证500ETF,国联中证500交易型开放式指数证券投资基金,国联基金,000905.SH,20191115,
515550.SH,规模指数ETF,国联中证500ETF,国联中证500交易型开放式指数证券投资基金,国联基金,000905.SH,20191115,
515590.SH,股票型ETF,500等权ETF,前海开源中证500等权重交易型开放式指数证券投资基金,前海开源基金,000982.SH,20191114,
515590.SH,策略指数ETF,500等权ETF,前海开源中证500等权重交易型开放式指数证券投资基金,前海开源基金,000982.SH,20191114,
159975.SZ,股票型ETF,深100ETF招商,招商深证100交易型开放式指数证券投资基金,招商基金,399330.SZ,20191107,
159975.SZ,规模指数ETF,深100ETF招商,招商深证100交易型开放式指数证券投资基金,招商基金,399330.SZ,20191107,
515110.SH,主题指数ETF,一带一路ETF易方达,易方达中证国企一带一路交易型开放式指数证券投资基金,易方达基金,000859.CSI,20191106,
515110.SH,股票型ETF,一带一路ETF易方达,易方达中证国企一带一路交易型开放式指数证券投资基金,易方达基金,000859.CSI,20191106,
515990.SH,主题指数ETF,国企一带一路ETF,汇添富中证国企一带一路交易型开放式指数证券投资基金,汇添富基金,000859.CSI,20191106,
515990.SH,股票型ETF,国企一带一路ETF,汇添富中证国企一带一路交易型开放式指数证券投资基金,汇添富基金,000859.CSI,20191106,
515150.SH,股票型ETF,一带一路ETF,富国中证国企一带一路交易型开放式指数证券投资基金,富国基金,000859.CSI,20191106,
515150.SH,主题指数ETF,一带一路ETF,富国中证国企一带一路交易型开放式指数证券投资基金,富国基金,000859.CSI,20191106,
159976.SZ,股票型ETF,湾创ETF,工银瑞信粤港澳大湾区创新100交易型开放式指数证券投资基金,工银瑞信基金,980001.CNI,20191101,
159976.SZ,规模指数ETF,湾创ETF,工银瑞信粤港澳大湾区创新100交易型开放式指数证券投资基金,工银瑞信基金,980001.CNI,20191101,
515200.SH,主题指数ETF,创新100ETF,申万菱信中证研发创新100交易型开放式指数证券投资基金,申万菱信基金,931159.CSI,20191025,
515200.SH,股票型ETF,创新100ETF,申万菱信中证研发创新100交易型开放式指数证券投资基金,申万菱信基金,931159.CSI,20191025,
159980.SZ,商品型ETF,有色ETF,大成有色金属期货交易型开放式指数证券投资基金,大成基金,IMCI.SHF,20191024,
515020.SH,行业指数ETF,银行ETF基金,华夏中证银行交易型开放式指数证券投资基金,华夏基金,399986.SZ,20191024,
515020.SH,股票型ETF,银行ETF基金,华夏中证银行交易型开放式指数证券投资基金,华夏基金,399986.SZ,20191024,
510530.SH,股票型ETF,中证500ETF工银,工银瑞信中证500交易型开放式指数证券投资基金,工银瑞信基金,000905.SH,20191017,
510530.SH,规模指数ETF,中证500ETF工银,工银瑞信中证500交易型开放式指数证券投资基金,工银瑞信基金,000905.SH,20191017,
515650.SH,股票型ETF,消费50ETF,富国中证消费50交易型开放式指数证券投资基金,富国基金,931139.CSI,20191014,
515650.SH,主题指数ETF,消费50ETF,富国中证消费50交易型开放式指数证券投资基金,富国基金,931139.CSI,20191014,
515810.SH,规模指数ETF,中证800ETF,易方达中证800交易型开放式指数证券投资基金,易方达基金,000906.SH,20191008,
515810.SH,股票型ETF,中证800ETF,易方达中证800交易型开放式指数证券投资基金,易方达基金,000906.SH,20191008,
515800.SH,股票型ETF,800ETF,中证800交易型开放式指数证券投资基金,汇添富基金,000906.SH,20191008,
515800.SH,规模指数ETF,800ETF,中证800交易型开放式指数证券投资基金,汇添富基金,000906.SH,20191008,
515580.SH,股票型ETF,科技100ETF,华泰柏瑞中证科技100交易型开放式指数证券投资基金,华泰柏瑞基金,931187.CSI,20190927,
515580.SH,主题指数ETF,科技100ETF,华泰柏瑞中证科技100交易型开放式指数证券投资基金,华泰柏瑞基金,931187.CSI,20190927,
515860.SH,策略指数ETF,科技ETF嘉实,嘉实中证新兴科技100策略交易型开放式指数证券投资基金,嘉实基金,931165.CSI,20190926,
515860.SH,股票型ETF,科技ETF嘉实,嘉实中证新兴科技100策略交易型开放式指数证券投资基金,嘉实基金,931165.CSI,20190926,
515360.SH,规模指数ETF,方正沪深300ETF,方正富邦沪深300交易型开放式指数证券投资基金,方正富邦基金,000300.SH,20190924,
515360.SH,股票型ETF,方正沪深300ETF,方正富邦沪深300交易型开放式指数证券投资基金,方正富邦基金,000300.SH,20190924,
159985.SZ,商品型ETF,豆粕ETF,华夏饲料豆粕期货交易型开放式证券投资基金,华夏基金,DCESMFI.DCE,20190924,
512970.SH,主题指数ETF,大湾区ETF,平安中证粤港澳大湾区发展主题交易型开放式指数证券投资基金,平安基金,931000.CSI,20190923,
512970.SH,股票型ETF,大湾区ETF,平安中证粤港澳大湾区发展主题交易型开放式指数证券投资基金,平安基金,931000.CSI,20190923,
515900.SH,主题指数ETF,央企创新驱动ETF,博时中证央企创新驱动交易型开放式指数证券投资基金,博时基金,000861.CSI,20190920,
515900.SH,股票型ETF,央企创新驱动ETF,博时中证央企创新驱动交易型开放式指数证券投资基金,博时基金,000861.CSI,20190920,
159974.SZ,股票型ETF,央企创新ETF,富国中证央企创新驱动交易型开放式指数证券投资基金,富国基金,000861.CSI,20190920,
159974.SZ,主题指数ETF,央企创新ETF,富国中证央企创新驱动交易型开放式指数证券投资基金,富国基金,000861.CSI,20190920,
515680.SH,股票型ETF,央企创新ETF嘉实,嘉实中证央企创新驱动交易型开放式指数证券投资基金,嘉实基金,000861.CSI,20190920,
515680.SH,主题指数ETF,央企创新ETF嘉实,嘉实中证央企创新驱动交易型开放式指数证券投资基金,嘉实基金,000861.CSI,20190920,
515600.SH,股票型ETF,央企创新ETF,广发中证央企创新驱动交易型开放式指数证券投资基金,广发基金,000861.CSI,20190920,
515600.SH,主题指数ETF,央企创新ETF,广发中证央企创新驱动交易型开放式指数证券投资基金,广发基金,000861.CSI,20190920,
515050.SH,股票型ETF,5G通信ETF,华夏中证5G通信主题交易型开放式指数证券投资基金,华夏基金,931079.CSI,20190917,
515050.SH,主题指数ETF,5G通信ETF,华夏中证5G通信主题交易型开放式指数证券投资基金,华夏基金,931079.CSI,20190917,
515010.SH,行业指数ETF,券商ETF基金,华夏中证全指证券公司交易型开放式指数证券投资基金,华夏基金,399975.SZ,20190917,
515010.SH,股票型ETF,券商ETF基金,华夏中证全指证券公司交易型开放式指数证券投资基金,华夏基金,399975.SZ,20190917,
159977.SZ,股票型ETF,创业板ETF天弘,天弘创业板交易型开放式指数证券投资基金,天弘基金,399006.SZ,20190912,
159977.SZ,规模指数ETF,创业板ETF天弘,天弘创业板交易型开放式指数证券投资基金,天弘基金,399006.SZ,20190912,
510100.SH,规模指数ETF,上证50ETF易方达,易方达上证50交易型开放式指数证券投资基金,易方达基金,000016.SH,20190906,
510100.SH,股票型ETF,上证50ETF易方达,易方达上证50交易型开放式指数证券投资基金,易方达基金,000016.SH,20190906,
512530.SH,股票型ETF,沪深300红利ETF,建信沪深300红利交易型开放式指数证券投资基金,建信基金,000821.CSI,20190823,
512530.SH,策略指数ETF,沪深300红利ETF,建信沪深300红利交易型开放式指数证券投资基金,建信基金,000821.CSI,20190823,
159972.SZ,债券型ETF,5年地债ETF,鹏华中证5年期地方政府债交易型开放式指数证券投资基金,鹏华基金,930865.CSI,20190823,
515880.SH,主题指数ETF,通信ETF,国泰中证全指通信设备交易型开放式指数证券投资基金,国泰基金,931160.CSI,20190816,
515880.SH,股票型ETF,通信ETF,国泰中证全指通信设备交易型开放式指数证券投资基金,国泰基金,931160.CSI,20190816,
515300.SH,策略指数ETF,300红利低波ETF,嘉实沪深300红利低波动交易型开放式指数证券投资基金,嘉实基金,930740.CSI,20190808,
515300.SH,股票型ETF,300红利低波ETF,嘉实沪深300红利低波动交易型开放式指数证券投资基金,嘉实基金,930740.CSI,20190808,
512190.SH,策略指数ETF,浙商之江凤凰ETF,浙商汇金中证浙江凤凰行动50交易型开放式指数证券投资基金,浙商资管,930758.CSI,20190805,
512190.SH,股票型ETF,浙商之江凤凰ETF,浙商汇金中证浙江凤凰行动50交易型开放式指数证券投资基金,浙商资管,930758.CSI,20190805,
159968.SZ,规模指数ETF,中证500ETF博时,博时中证500交易型开放式指数证券投资基金,博时基金,000905.SH,20190801,
159968.SZ,股票型ETF,中证500ETF博时,博时中证500交易型开放式指数证券投资基金,博时基金,000905.SH,20190801,
512650.SH,股票型ETF,长三角ETF,中证长三角一体化发展主题交易型开放式指数证券投资基金,汇添富基金,931141.CSI,20190726,
512650.SH,主题指数ETF,长三角ETF,中证长三角一体化发展主题交易型开放式指数证券投资基金,汇添富基金,931141.CSI,20190726,
512710.SH,股票型ETF,军工龙头ETF,富国中证军工龙头交易型开放式指数证券投资基金,富国基金,931066.CSI,20190723,
512710.SH,主题指数ETF,军工龙头ETF,富国中证军工龙头交易型开放式指数证券投资基金,富国基金,931066.CSI,20190723,
515000.SH,主题指数ETF,科技ETF,华宝中证科技龙头交易型开放式指数证券投资基金,华宝基金,931087.CSI,20190722,
515000.SH,股票型ETF,科技ETF,华宝中证科技龙头交易型开放式指数证券投资基金,华宝基金,931087.CSI,20190722,
159973.SZ,股票型ETF,民企ETF,弘毅远方国证民企领先100交易型开放式指数证券投资基金,弘毅远方基金,399362.SZ,20190716,
159973.SZ,主题指数ETF,民企ETF,弘毅远方国证民企领先100交易型开放式指数证券投资基金,弘毅远方基金,399362.SZ,20190716,
512930.SH,股票型ETF,AI人工智能ETF,平安中证人工智能主题交易型开放式指数证券投资基金,平安基金,930713.CSI,20190712,
512930.SH,主题指数ETF,AI人工智能ETF,平安中证人工智能主题交易型开放式指数证券投资基金,平安基金,930713.CSI,20190712,
512720.SH,主题指数ETF,计算机ETF,国泰中证计算机主题交易型开放式指数证券投资基金,国泰基金,930651.CSI,20190711,
512720.SH,股票型ETF,计算机ETF,国泰中证计算机主题交易型开放式指数证券投资基金,国泰基金,930651.CSI,20190711,
159967.SZ,股票型ETF,创业板成长ETF,华夏创业板动量成长交易型开放式指数证券投资基金,华夏基金,399296.SZ,20190621,
159967.SZ,风格指数ETF,创业板成长ETF,华夏创业板动量成长交易型开放式指数证券投资基金,华夏基金,399296.SZ,20190621,
512670.SH,主题指数ETF,国防ETF,鹏华中证国防交易型开放式指数证券投资基金,鹏华基金,399973.SZ,20190705,
512670.SH,股票型ETF,国防ETF,鹏华中证国防交易型开放式指数证券投资基金,鹏华基金,399973.SZ,20190705,
159969.SZ,规模指数ETF,深100ETF银华,银华深证100交易型开放式指数证券投资基金,银华基金,399330.SZ,20190628,
159969.SZ,股票型ETF,深100ETF银华,银华深证100交易型开放式指数证券投资基金,银华基金,399330.SZ,20190628,
159966.SZ,股票型ETF,创业板价值ETF,华夏创业板低波价值交易型开放式指数证券投资基金,华夏基金,399295.SZ,20190614,
159966.SZ,风格指数ETF,创业板价值ETF,华夏创业板低波价值交易型开放式指数证券投资基金,华夏基金,399295.SZ,20190614,
513520.SH,跨境规模指数ETF,日经ETF,华夏野村日经225交易型开放式指数证券投资基金(QDII),华夏基金,N225.GI,20190612,
513520.SH,跨境ETF,日经ETF,华夏野村日经225交易型开放式指数证券投资基金(QDII),华夏基金,N225.GI,20190612,
513800.SH,跨境ETF,日本东证指数ETF,南方顶峰TOPIX交易型开放式指数证券投资基金(QDII),南方基金,TPX.GI,20190612,
513800.SH,跨境规模指数ETF,日本东证指数ETF,南方顶峰TOPIX交易型开放式指数证券投资基金(QDII),南方基金,TPX.GI,20190612,
513880.SH,跨境ETF,日经225ETF,华安三菱日联日经225交易型开放式指数证券投资基金(QDII),华安基金,N225.GI,20190612,
513880.SH,跨境规模指数ETF,日经225ETF,华安三菱日联日经225交易型开放式指数证券投资基金(QDII),华安基金,N225.GI,20190612,
513000.SH,跨境ETF,日经225ETF易方达,易方达奥明日经225交易型开放式指数证券投资基金(QDII),易方达基金,N225.GI,20190612,
513000.SH,跨境规模指数ETF,日经225ETF易方达,易方达奥明日经225交易型开放式指数证券投资基金(QDII),易方达基金,N225.GI,20190612,
159971.SZ,股票型ETF,创业板ETF富国,富国创业板交易型开放式指数证券投资基金,富国基金,399006.SZ,20190611,
159971.SZ,规模指数ETF,创业板ETF富国,富国创业板交易型开放式指数证券投资基金,富国基金,399006.SZ,20190611,
512910.SH,股票型ETF,中证A100ETF,广发中证A100交易型开放式指数证券投资基金,广发基金,000903.SH,20190527,
512910.SH,规模指数ETF,中证A100ETF,广发中证A100交易型开放式指数证券投资基金,广发基金,000903.SH,20190527,
512750.SH,策略指数ETF,基本面50ETF,嘉实中证锐联基本面50交易型开放式指数证券投资基金,嘉实基金,000925.CSI,20190523,
512750.SH,股票型ETF,基本面50ETF,嘉实中证锐联基本面50交易型开放式指数证券投资基金,嘉实基金,000925.CSI,20190523,
510350.SH,股票型ETF,沪深300ETF工银,工银瑞信沪深300交易型开放式指数证券投资基金,工银瑞信基金,000300.SH,20190520,
510350.SH,规模指数ETF,沪深300ETF工银,工银瑞信沪深300交易型开放式指数证券投资基金,工银瑞信基金,000300.SH,20190520,
512170.SH,主题指数ETF,医疗ETF,华宝中证医疗交易型开放式指数证券投资基金,华宝基金,399989.SZ,20190520,
512170.SH,股票型ETF,医疗ETF,华宝中证医疗交易型开放式指数证券投资基金,华宝基金,399989.SZ,20190520,
512760.SH,股票型ETF,芯片ETF,国泰CES半导体芯片行业交易型开放式指数证券投资基金,国泰基金,990001.CSI,20190516,
512760.SH,主题指数ETF,芯片ETF,国泰CES半导体芯片行业交易型开放式指数证券投资基金,国泰基金,990001.CSI,20190516,
512480.SH,行业指数ETF,半导体ETF,国联安中证全指半导体产品与设备交易型开放式指数证券投资基金,国联安基金,h30184.CSI,20190508,
512480.SH,股票型ETF,半导体ETF,国联安中证全指半导体产品与设备交易型开放式指数证券投资基金,国联安基金,h30184.CSI,20190508,
511220.SH,债券型ETF,城投债ETF,上证城投债交易型开放式指数证券投资基金,海富通基金,h11098.SH,20190424,
511220.SH,债券型ETF,城投债ETF,上证城投债交易型开放式指数证券投资基金,海富通基金,h11018.CSI,20141113,20190424
512290.SH,主题指数ETF,生物医药ETF,国泰中证生物医药交易型开放式指数证券投资基金,国泰基金,930726.CSI,20190418,
512290.SH,股票型ETF,生物医药ETF,国泰中证生物医药交易型开放式指数证券投资基金,国泰基金,930726.CSI,20190418,
512690.SH,股票型ETF,酒ETF,鹏华中证酒交易型开放式指数证券投资基金,鹏华基金,399987.SZ,20190404,
512690.SH,主题指数ETF,酒ETF,鹏华中证酒交易型开放式指数证券投资基金,鹏华基金,399987.SZ,20190404,
159965.SZ,股票型ETF,央视50ETF,国联央视财经50交易型开放式指数证券投资基金,国联基金,399550.SZ,20190319,
159965.SZ,主题指数ETF,央视50ETF,国联央视财经50交易型开放式指数证券投资基金,国联基金,399550.SZ,20190319,
159964.SZ,规模指数ETF,创业板ETF平安,平安创业板交易型开放式指数证券投资基金,平安基金,399006.SZ,20190315,
159964.SZ,股票型ETF,创业板ETF平安,平安创业板交易型开放式指数证券投资基金,平安基金,399006.SZ,20190315,
512090.SH,规模指数ETF,MSCIA股ETF易方达,易方达MSCI中国A股国际通交易型开放式指数证券投资基金,易方达基金,716567.CSI,20180517,
512090.SH,股票型ETF,MSCIA股ETF易方达,易方达MSCI中国A股国际通交易型开放式指数证券投资基金,易方达基金,716567.CSI,20180517,
511030.SH,债券型ETF,公司债ETF,平安中债-中高等级公司债利差因子交易型开放式指数证券投资基金,平安基金,CBC00702.CS,20181227,
512150.SH,规模指数ETF,A50ETF,富时中国A50交易型开放式指数证券投资基金,汇安基金,830009.XI,20181221,
512150.SH,股票型ETF,A50ETF,富时中国A50交易型开放式指数证券投资基金,汇安基金,830009.XI,20181221,
512890.SH,股票型ETF,红利低波ETF,华泰柏瑞中证红利低波动交易型开放式指数证券投资基金,华泰柏瑞基金,h30269.CSI,20181219,
512890.SH,策略指数ETF,红利低波ETF,华泰柏瑞中证红利低波动交易型开放式指数证券投资基金,华泰柏瑞基金,h30269.CSI,20181219,
512870.SH,主题指数ETF,杭州湾区ETF,南华中证杭州湾区交易型开放式指数证券投资基金,南华基金,931033.CSI,20181214,
512870.SH,股票型ETF,杭州湾区ETF,南华中证杭州湾区交易型开放式指数证券投资基金,南华基金,931033.CSI,20181214,
510850.SH,规模指数ETF,上证50ETF工银,工银瑞信上证50交易型开放式指数证券投资基金,工银瑞信基金,000016.SH,20181207,
510850.SH,股票型ETF,上证50ETF工银,工银瑞信上证50交易型开放式指数证券投资基金,工银瑞信基金,000016.SH,20181207,
159908.SZ,股票型ETF,创业板ETF博时,博时创业板交易型开放式指数证券投资基金,博时基金,399006.SZ,20181210,
159908.SZ,规模指数ETF,创业板ETF博时,博时创业板交易型开放式指数证券投资基金,博时基金,399006.SZ,20181210,
159908.SZ,股票型ETF,创业板ETF博时,博时创业板交易型开放式指数证券投资基金,博时基金,399703.SZ,20110610,20181209
159908.SZ,规模指数ETF,创业板ETF博时,博时创业板交易型开放式指数证券投资基金,博时基金,399703.SZ,20110610,20181209
510550.SH,股票型ETF,方正中证500ETF,方正富邦中证500交易型开放式指数证券投资基金,方正富邦基金,000905.SH,20181130,
510550.SH,规模指数ETF,方正中证500ETF,方正富邦中证500交易型开放式指数证券投资基金,方正富邦基金,000905.SH,20181130,
512260.SH,策略指数ETF,中证500低波动ETF,华安中证500行业中性低波动交易型开放式指数证券投资基金,华安基金,930782.CSI,20181130,
512260.SH,股票型ETF,中证500低波动ETF,华安中证500行业中性低波动交易型开放式指数证券投资基金,华安基金,930782.CSI,20181130,
512330.SH,行业指数ETF,信息科技ETF,中证500信息技术指数交易型开放式指数证券投资基金,南方基金,000858.SH,20150629,
512330.SH,股票型ETF,信息科技ETF,中证500信息技术指数交易型开放式指数证券投资基金,南方基金,000858.SH,20150629,
512040.SH,策略指数ETF,价值100ETF,富国中证价值交易型开放式指数证券投资基金,富国基金,931052.CSI,20181107,
512040.SH,股票型ETF,价值100ETF,富国中证价值交易型开放式指数证券投资基金,富国基金,931052.CSI,20181107,
159961.SZ,规模指数ETF,深100ETF方正富邦,方正富邦深证100交易型开放式指数证券投资基金,方正富邦基金,399330.SZ,20181102,
159961.SZ,股票型ETF,深100ETF方正富邦,方正富邦深证100交易型开放式指数证券投资基金,方正富邦基金,399330.SZ,20181102,
512820.SH,股票型ETF,银行ETF龙头,中证银行交易型开放式指数证券投资基金,汇添富基金,399986.SZ,20181023,
512820.SH,行业指数ETF,银行ETF龙头,中证银行交易型开放式指数证券投资基金,汇添富基金,399986.SZ,20181023,
159959.SZ,股票型ETF,央企ETF,银华中证央企结构调整交易型开放式指数证券投资基金,银华基金,000860.CSI,20181022,
159959.SZ,主题指数ETF,央企ETF,银华中证央企结构调整交易型开放式指数证券投资基金,银华基金,000860.CSI,20181022,
512950.SH,主题指数ETF,央企改革ETF,华夏中证央企结构调整交易型开放式指数证券投资基金,华夏基金,000860.CSI,20181019,
512950.SH,股票型ETF,央企改革ETF,华夏中证央企结构调整交易型开放式指数证券投资基金,华夏基金,000860.CSI,20181019,
512960.SH,主题指数ETF,央企结构调整ETF,博时中证央企结构调整交易型开放式指数证券投资基金,博时基金,000860.CSI,20181019,
512960.SH,股票型ETF,央企结构调整ETF,博时中证央企结构调整交易型开放式指数证券投资基金,博时基金,000860.CSI,20181019,
159960.SZ,跨境ETF,恒生中国企业ETF,平安港股通恒生中国企业交易型开放式指数证券投资基金,平安基金,HSCEI.HI,20180921,
159960.SZ,跨境主题指数ETF,恒生中国企业ETF,平安港股通恒生中国企业交易型开放式指数证券投资基金,平安基金,HSCEI.HI,20180921,
512990.SH,规模指数ETF,MSCIA股ETF,华夏MSCI中国A股国际通交易型开放式指数证券投资基金,华夏基金,716567.CSI,20180917,
512990.SH,股票型ETF,MSCIA股ETF,华夏MSCI中国A股国际通交易型开放式指数证券投资基金,华夏基金,716567.CSI,20180917,
512990.SH,规模指数ETF,MSCIA股ETF,华夏MSCI中国A股国际通交易型开放式指数证券投资基金,华夏基金,133333.CSI,20150212,20180916
512990.SH,股票型ETF,MSCIA股ETF,华夏MSCI中国A股国际通交易型开放式指数证券投资基金,华夏基金,133333.CSI,20150212,20180916
510600.SH,股票型ETF,申万上证50ETF,申万菱信上证50交易型开放式指数发起式证券投资基金,申万菱信基金,000016.SH,20180903,
510600.SH,规模指数ETF,申万上证50ETF,申万菱信上证50交易型开放式指数发起式证券投资基金,申万菱信基金,000016.SH,20180903,
512770.SH,主题指数ETF,战略新兴ETF,战略新兴成指交易型开放式指数证券投资基金,华夏基金,000171.CSI,20180713,
512770.SH,股票型ETF,战略新兴ETF,战略新兴成指交易型开放式指数证券投资基金,华夏基金,000171.CSI,20180713,
512360.SH,股票型ETF,MSCI中国A股ETF基金,平安MSCI中国A股国际交易型开放式指数证券投资基金,平安基金,704843.MI,20180615,
512360.SH,规模指数ETF,MSCI中国A股ETF基金,平安MSCI中国A股国际交易型开放式指数证券投资基金,平安基金,704843.MI,20180615,
512390.SH,股票型ETF,平安MSCI低波ETF,平安MSCI中国A股低波动交易型开放式指数证券投资基金,平安基金,707918.MI,20180607,
512390.SH,策略指数ETF,平安MSCI低波ETF,平安MSCI中国A股低波动交易型开放式指数证券投资基金,平安基金,707918.MI,20180607,
512160.SH,规模指数ETF,MSCI中国A股ETF,MSCI中国A股国际通交易型开放式指数证券投资基金,南方基金,716567.CSI,20180403,
512160.SH,股票型ETF,MSCI中国A股ETF,MSCI中国A股国际通交易型开放式指数证券投资基金,南方基金,716567.CSI,20180403,
513900.SH,跨境规模指数ETF,港股通100ETF,华安CES港股通精选100交易型开放式指数证券投资基金,华安基金,CES100.CSI,20180427,
513900.SH,跨境ETF,港股通100ETF,华安CES港股通精选100交易型开放式指数证券投资基金,华安基金,CES100.CSI,20180427,
512180.SH,规模指数ETF,MSCIA股ETF基金,建信MSCI中国A股国际通交易型开放式指数证券投资基金,建信基金,716567.CSI,20180419,
512180.SH,股票型ETF,MSCIA股ETF基金,建信MSCI中国A股国际通交易型开放式指数证券投资基金,建信基金,716567.CSI,20180419,
510590.SH,股票型ETF,中证500ETF平安,平安中证500交易型开放式指数证券投资基金,平安基金,000905.SH,20180323,
510590.SH,规模指数ETF,中证500ETF平安,平安中证500交易型开放式指数证券投资基金,平安基金,000905.SH,20180323,
159954.SZ,跨境主题指数ETF,H股ETF,南方恒生中国企业交易型开放式指数证券投资基金,南方基金,HSCEI.HI,20180208,
159954.SZ,跨境ETF,H股ETF,南方恒生中国企业交易型开放式指数证券投资基金,南方基金,HSCEI.HI,20180208,
159956.SZ,股票型ETF,创业板ETF建信,建信创业板交易型开放式指数证券投资基金,建信基金,399006.SZ,20180206,
159956.SZ,规模指数ETF,创业板ETF建信,建信创业板交易型开放式指数证券投资基金,建信基金,399006.SZ,20180206,
510380.SH,股票型ETF,国寿300ETF,国寿安保沪深300交易型开放式指数证券投资基金,国寿安保基金,000300.SH,20180119,
510380.SH,规模指数ETF,国寿300ETF,国寿安保沪深300交易型开放式指数证券投资基金,国寿安保基金,000300.SH,20180119,
159958.SZ,规模指数ETF,创业板ETF工银,工银瑞信创业板交易型开放式指数证券投资基金,工银瑞信基金,399006.SZ,20171225,
159958.SZ,股票型ETF,创业板ETF工银,工银瑞信创业板交易型开放式指数证券投资基金,工银瑞信基金,399006.SZ,20171225,
510390.SH,股票型ETF,沪深300ETF平安,平安沪深300交易型开放式指数证券投资基金,平安基金,000300.SH,20171225,
510390.SH,规模指数ETF,沪深300ETF平安,平安沪深300交易型开放式指数证券投资基金,平安基金,000300.SH,20171225,
510800.SH,股票型ETF,50ETF基金,建信上证50交易型开放式指数证券投资基金,建信基金,000016.SH,20171222,
510800.SH,规模指数ETF,50ETF基金,建信上证50交易型开放式指数证券投资基金,建信基金,000016.SH,20171222,
513050.SH,跨境主题指数ETF,中概互联网ETF,易方达中证海外中国互联网50交易型开放式指数证券投资基金,易方达基金,h30533.CSI,20170104,
513050.SH,跨境ETF,中概互联网ETF,易方达中证海外中国互联网50交易型开放式指数证券投资基金,易方达基金,h30533.CSI,20170104,
159957.SZ,规模指数ETF,创业板ETF华夏,华夏创业板交易型开放式指数证券投资基金,华夏基金,399006.SZ,20171208,
159957.SZ,股票型ETF,创业板ETF华夏,华夏创业板交易型开放式指数证券投资基金,华夏基金,399006.SZ,20171208,
512200.SH,行业指数ETF,房地产ETF,南方中证全指房地产交易型开放式指数证券投资基金,南方基金,931775.CSI,20170825,
512200.SH,股票型ETF,房地产ETF,南方中证全指房地产交易型开放式指数证券投资基金,南方基金,931775.CSI,20170825,
512400.SH,行业指数ETF,有色金属ETF,南方中证申万有色金属交易型开放式指数证券投资基金,南方基金,000819.SH,20170803,
512400.SH,股票型ETF,有色金属ETF,南方中证申万有色金属交易型开放式指数证券投资基金,南方基金,000819.SH,20170803,
512570.SH,股票型ETF,证券ETF易方达,易方达中证全指证券公司交易型开放式指数证券投资基金,易方达基金,399975.SZ,20170727,
512570.SH,行业指数ETF,证券ETF易方达,易方达中证全指证券公司交易型开放式指数证券投资基金,易方达基金,399975.SZ,20170727,
512800.SH,股票型ETF,银行ETF,华宝中证银行交易型开放式指数证券投资基金,华宝基金,399986.SZ,20170718,
512800.SH,行业指数ETF,银行ETF,华宝中证银行交易型开放式指数证券投资基金,华宝基金,399986.SZ,20170718,
512560.SH,股票型ETF,军工ETF易方达,易方达中证军工交易型开放式指数证券投资基金,易方达基金,399967.SZ,20170714,
512560.SH,主题指数ETF,军工ETF易方达,易方达中证军工交易型开放式指数证券投资基金,易方达基金,399967.SZ,20170714,
512550.SH,股票型ETF,富时A50ETF嘉实,嘉实富时中国A50交易型开放式指数证券投资基金,嘉实基金,830009.XI,20170703,
512550.SH,规模指数ETF,富时A50ETF嘉实,嘉实富时中国A50交易型开放式指数证券投资基金,嘉实基金,830009.XI,20170703,
512700.SH,股票型ETF,银行ETF南方,南方中证银行交易型开放式指数证券投资基金,南方基金,399986.SZ,20170628,
512700.SH,行业指数ETF,银行ETF南方,南方中证银行交易型开放式指数证券投资基金,南方基金,399986.SZ,20170628,
159928.SZ,股票型ETF,消费ETF,中证主要消费交易型开放式指数证券投资基金,汇添富基金,000932.SH,20130823,
159931.SZ,股票型ETF,金融ETF,中证金融地产交易型开放式指数证券投资基金,汇添富基金,000934.SH,20130823,
159923.SZ,规模指数ETF,中证A100ETF基金,大成中证A100交易型开放式指数证券投资基金,大成基金,000903.SH,20130207,
159923.SZ,股票型ETF,中证A100ETF基金,大成中证A100交易型开放式指数证券投资基金,大成基金,000903.SH,20130207,
159929.SZ,行业指数ETF,医药ETF,中证医药卫生交易型开放式指数证券投资基金,汇添富基金,000933.SH,20130823,
159931.SZ,主题指数ETF,金融ETF,中证金融地产交易型开放式指数证券投资基金,汇添富基金,000934.SH,20130823,
159929.SZ,股票型ETF,医药ETF,中证医药卫生交易型开放式指数证券投资基金,汇添富基金,000933.SH,20130823,
159928.SZ,行业指数ETF,消费ETF,中证主要消费交易型开放式指数证券投资基金,汇添富基金,000932.SH,20130823,
159930.SZ,股票型ETF,能源ETF,中证能源交易型开放式指数证券投资基金,汇添富基金,000928.SH,20130823,
159930.SZ,行业指数ETF,能源ETF,中证能源交易型开放式指数证券投资基金,汇添富基金,000928.SH,20130823,
159952.SZ,股票型ETF,创业板ETF广发,广发创业板交易型开放式指数证券投资基金,广发基金,399006.SZ,20170425,
159952.SZ,规模指数ETF,创业板ETF广发,广发创业板交易型开放式指数证券投资基金,广发基金,399006.SZ,20170425,
512900.SH,行业指数ETF,证券ETF南方,南方中证全指证券公司交易型开放式指数证券投资基金,南方基金,399975.SZ,20170310,
512900.SH,股票型ETF,证券ETF南方,南方中证全指证券公司交易型开放式指数证券投资基金,南方基金,399975.SZ,20170310,
512580.SH,主题指数ETF,环保ETF,广发中证环保产业交易型开放式指数证券投资基金,广发基金,000827.SH,20170125,
512580.SH,股票型ETF,环保ETF,广发中证环保产业交易型开放式指数证券投资基金,广发基金,000827.SH,20170125,
512100.SH,规模指数ETF,中证1000ETF,南方中证1000交易型开放式指数证券投资基金,南方基金,000852.SH,20160929,
512100.SH,股票型ETF,中证1000ETF,南方中证1000交易型开放式指数证券投资基金,南方基金,000852.SH,20160929,
512680.SH,主题指数ETF,军工ETF龙头,广发中证军工交易型开放式指数证券投资基金,广发基金,399967.SZ,20160830,
512680.SH,股票型ETF,军工ETF龙头,广发中证军工交易型开放式指数证券投资基金,广发基金,399967.SZ,20160830,
512000.SH,行业指数ETF,券商ETF,华宝中证全指证券公司交易型开放式指数证券投资基金,华宝基金,399975.SZ,20160830,
512000.SH,股票型ETF,券商ETF,华宝中证全指证券公司交易型开放式指数证券投资基金,华宝基金,399975.SZ,20160830,
512810.SH,主题指数ETF,国防军工ETF,华宝中证军工交易型开放式指数证券投资基金,华宝基金,399967.SZ,20160805,
512810.SH,股票型ETF,国防军工ETF,华宝中证军工交易型开放式指数证券投资基金,华宝基金,399967.SZ,20160805,
510810.SH,主题指数ETF,上海国企ETF,中证上海国企交易型开放式指数证券投资基金,汇添富基金,950096.CSI,20160728,
510810.SH,股票型ETF,上海国企ETF,中证上海国企交易型开放式指数证券投资基金,汇添富基金,950096.CSI,20160728,
512660.SH,股票型ETF,军工ETF,国泰中证军工交易型开放式指数证券投资基金,国泰基金,399967.SZ,20160726,
512660.SH,主题指数ETF,军工ETF,国泰中证军工交易型开放式指数证券投资基金,国泰基金,399967.SZ,20160726,
512880.SH,股票型ETF,证券ETF,国泰中证全指证券公司交易型开放式指数证券投资基金,国泰基金,399975.SZ,20160726,
512880.SH,行业指数ETF,证券ETF,国泰中证全指证券公司交易型开放式指数证券投资基金,国泰基金,399975.SZ,20160726,
159949.SZ,股票型ETF,创业板50ETF,华安创业板50交易型开放式指数证券投资基金,华安基金,399673.SZ,20160630,
159949.SZ,规模指数ETF,创业板50ETF,华安创业板50交易型开放式指数证券投资基金,华安基金,399673.SZ,20160630,
518880.SH,商品型ETF,黄金ETF,华安易富黄金交易型开放式证券投资基金,华安基金,Au9999.SGE,20130718,
159937.SZ,商品型ETF,黄金ETF基金,博时黄金交易型开放式证券投资基金,博时基金,Au9999.SGE,20140813,
159934.SZ,商品型ETF,黄金ETF,易方达黄金交易型开放式证券投资基金,易方达基金,Au9999.SGE,20131129,
518800.SH,商品型ETF,黄金基金ETF,国泰黄金交易型开放式证券投资基金,国泰基金,Au9999.SGE,20130718,
159948.SZ,股票型ETF,创业板ETF南方,南方创业板交易型开放式指数证券投资基金,南方基金,399006.SZ,20160513,
159948.SZ,规模指数ETF,创业板ETF南方,南方创业板交易型开放式指数证券投资基金,南方基金,399006.SZ,20160513,
510680.SH,规模指数ETF,上证50ETF基金,万家上证50交易型开放式指数证券投资基金,万家基金,000009.SH,20131031,20151214
510680.SH,股票型ETF,上证50ETF基金,万家上证50交易型开放式指数证券投资基金,万家基金,000016.SH,20151215,
510680.SH,股票型ETF,上证50ETF基金,万家上证50交易型开放式指数证券投资基金,万家基金,000009.SH,20131031,20151214
510680.SH,规模指数ETF,上证50ETF基金,万家上证50交易型开放式指数证券投资基金,万家基金,000016.SH,20151215,
510580.SH,规模指数ETF,中证500ETF易方达,易方达中证500交易型开放式指数证券投资基金,易方达基金,000905.SH,20150827,
510580.SH,股票型ETF,中证500ETF易方达,易方达中证500交易型开放式指数证券投资基金,易方达基金,000905.SH,20150827,
510360.SH,股票型ETF,沪深300ETF基金,广发沪深300交易型开放式指数证券投资基金,广发基金,000300.SH,20150820,
510360.SH,规模指数ETF,沪深300ETF基金,广发沪深300交易型开放式指数证券投资基金,广发基金,000300.SH,20150820,
159944.SZ,股票型ETF,材料ETF,广发中证全指原材料交易型开放式指数证券投资基金,广发基金,000987.SH,20150625,
159944.SZ,行业指数ETF,材料ETF,广发中证全指原材料交易型开放式指数证券投资基金,广发基金,000987.SH,20150625,
159945.SZ,股票型ETF,能源ETF广发,广发中证全指能源交易型开放式指数证券投资基金,广发基金,000986.SH,20150625,
159945.SZ,行业指数ETF,能源ETF广发,广发中证全指能源交易型开放式指数证券投资基金,广发基金,000986.SH,20150625,
159943.SZ,股票型ETF,深证成指ETF,大成深证成份交易型开放式指数证券投资基金,大成基金,399001.SZ,20150605,
159943.SZ,规模指数ETF,深证成指ETF,大成深证成份交易型开放式指数证券投资基金,大成基金,399001.SZ,20150605,
510560.SH,股票型ETF,国寿500ETF,国寿安保中证500交易型开放式指数证券投资基金,国寿安保基金,000905.SH,20150529,
510560.SH,规模指数ETF,国寿500ETF,国寿安保中证500交易型开放式指数证券投资基金,国寿安保基金,000905.SH,20150529,
510710.SH,规模指数ETF,上证50ETF博时,博时上证50交易型开放式指数证券投资基金,博时基金,000016.SH,20150527,
510710.SH,股票型ETF,上证50ETF博时,博时上证50交易型开放式指数证券投资基金,博时基金,000016.SH,20150527,
512510.SH,股票型ETF,中证500ETF华泰柏瑞,华泰柏瑞中证500交易型开放式指数证券投资基金,华泰柏瑞基金,000905.SH,20150513,
512510.SH,规模指数ETF,中证500ETF华泰柏瑞,华泰柏瑞中证500交易型开放式指数证券投资基金,华泰柏瑞基金,000905.SH,20150513,
512500.SH,股票型ETF,中证500ETF华夏,华夏中证500交易型开放式指数证券投资基金,华夏基金,000905.SH,20150505,
512500.SH,规模指数ETF,中证500ETF华夏,华夏中证500交易型开放式指数证券投资基金,华夏基金,000905.SH,20150505,
159922.SZ,规模指数ETF,中证500ETF,嘉实中证500交易型开放式指数证券投资基金,嘉实基金,000905.SH,20130206,
159925.SZ,规模指数ETF,沪深300ETF南方,南方沪深300交易型开放式指数证券投资基金,南方基金,000300.SH,20130218,
159919.SZ,规模指数ETF,沪深300ETF,嘉实沪深300交易型开放式指数证券投资基金,嘉实基金,000300.SH,20120507,
159925.SZ,股票型ETF,沪深300ETF南方,南方沪深300交易型开放式指数证券投资基金,南方基金,000300.SH,20130218,
159919.SZ,股票型ETF,沪深300ETF,嘉实沪深300交易型开放式指数证券投资基金,嘉实基金,000300.SH,20120507,
159922.SZ,股票型ETF,中证500ETF,嘉实中证500交易型开放式指数证券投资基金,嘉实基金,000905.SH,20130206,
159940.SZ,主题指数ETF,金融地产ETF,广发中证全指金融地产交易型开放式指数证券投资基金,广发基金,000992.SH,20150323,
159940.SZ,股票型ETF,金融地产ETF,广发中证全指金融地产交易型开放式指数证券投资基金,广发基金,000992.SH,20150323,
159939.SZ,股票型ETF,信息技术ETF,广发中证全指信息技术交易型开放式指数证券投资基金,广发基金,000993.SH,20150108,
159939.SZ,行业指数ETF,信息技术ETF,广发中证全指信息技术交易型开放式指数证券投资基金,广发基金,000993.SH,20150108,
513660.SH,跨境ETF,恒生ETF,华夏沪港通恒生交易型开放式指数证券投资基金,华夏基金,HSI.HI,20141223,
513660.SH,跨境规模指数ETF,恒生ETF,华夏沪港通恒生交易型开放式指数证券投资基金,华夏基金,HSI.HI,20141223,
513600.SH,跨境ETF,恒生指数ETF,南方恒生交易型开放式指数证券投资基金,南方基金,HSI.HI,20141223,
513600.SH,跨境规模指数ETF,恒生指数ETF,南方恒生交易型开放式指数证券投资基金,南方基金,HSI.HI,20141223,
159938.SZ,行业指数ETF,医药卫生ETF,广发中证全指医药卫生交易型开放式指数证券投资基金,广发基金,000991.SH,20141201,
159938.SZ,股票型ETF,医药卫生ETF,广发中证全指医药卫生交易型开放式指数证券投资基金,广发基金,000991.SH,20141201,
513030.SH,跨境规模指数ETF,德国ETF,华安国际龙头(DAX)交易型开放式指数证券投资基金,华安基金,GDAXI.GI,20140808,
513030.SH,跨境ETF,德国ETF,华安国际龙头(DAX)交易型开放式指数证券投资基金,华安基金,GDAXI.GI,20140808,
512220.SH,股票型ETF,TMTETF,景顺长城中证科技传媒通信150交易型开放式指数证券投资基金,景顺长城基金,h30318.CSI,20140718,
512220.SH,主题指数ETF,TMTETF,景顺长城中证科技传媒通信150交易型开放式指数证券投资基金,景顺长城基金,h30318.CSI,20140718,
512070.SH,主题指数ETF,证券保险ETF,易方达沪深300非银行金融交易型开放式指数证券投资基金,易方达基金,h30035.CSI,20140626,
512070.SH,股票型ETF,证券保险ETF,易方达沪深300非银行金融交易型开放式指数证券投资基金,易方达基金,h30035.CSI,20140626,
512640.SH,股票型ETF,金融地产ETF嘉实,嘉实中证金融地产交易型开放式指数证券投资基金,嘉实基金,000934.SH,20140620,
512640.SH,主题指数ETF,金融地产ETF嘉实,嘉实中证金融地产交易型开放式指数证券投资基金,嘉实基金,000934.SH,20140620,
512600.SH,股票型ETF,消费ETF嘉实,嘉实中证主要消费交易型开放式指数证券投资基金,嘉实基金,000932.SH,20140613,
512600.SH,行业指数ETF,消费ETF嘉实,嘉实中证主要消费交易型开放式指数证券投资基金,嘉实基金,000932.SH,20140613,
159936.SZ,行业指数ETF,可选消费ETF,广发中证全指可选消费交易型开放式指数证券投资基金,广发基金,000989.SH,20140603,
159936.SZ,股票型ETF,可选消费ETF,广发中证全指可选消费交易型开放式指数证券投资基金,广发基金,000989.SH,20140603,
159935.SZ,规模指数ETF,中证500ETF景顺,景顺长城中证500交易型开放式指数证券投资基金,景顺长城基金,000905.SH,20131226,
159935.SZ,股票型ETF,中证500ETF景顺,景顺长城中证500交易型开放式指数证券投资基金,景顺长城基金,000905.SH,20131226,
510330.SH,股票型ETF,沪深300ETF华夏,华夏沪深300交易型开放式指数证券投资基金,华夏基金,000300.SH,20121225,
510330.SH,规模指数ETF,沪深300ETF华夏,华夏沪深300交易型开放式指数证券投资基金,华夏基金,000300.SH,20121225,
512010.SH,行业指数ETF,医药ETF,易方达沪深300医药卫生交易型开放式指数证券投资基金,易方达基金,000913.SH,20130923,
512010.SH,股票型ETF,医药ETF,易方达沪深300医药卫生交易型开放式指数证券投资基金,易方达基金,000913.SH,20130923,
512120.SH,股票型ETF,医药50ETF,华安中证细分医药交易型开放式指数证券投资基金,华安基金,000814.SH,20131204,
512120.SH,主题指数ETF,医药50ETF,华安中证细分医药交易型开放式指数证券投资基金,华安基金,000814.SH,20131204,
159933.SZ,股票型ETF,国投金融地产ETF,国投瑞银沪深300金融地产交易型开放式指数证券投资基金,国投瑞银基金,000914.SH,20130917,
159933.SZ,主题指数ETF,国投金融地产ETF,国投瑞银沪深300金融地产交易型开放式指数证券投资基金,国投瑞银基金,000914.SH,20130917,
159902.SZ,股票型ETF,中小100ETF,中小企业100交易型开放式指数基金,华夏基金,399005.SZ,20060608,
159902.SZ,规模指数ETF,中小100ETF,中小企业100交易型开放式指数基金,华夏基金,399005.SZ,20060608,
510510.SH,股票型ETF,中证500ETF基金,广发中证500交易型开放式指数证券投资基金,广发基金,000905.SH,20130411,
510510.SH,规模指数ETF,中证500ETF基金,广发中证500交易型开放式指数证券投资基金,广发基金,000905.SH,20130411,
510630.SH,行业指数ETF,消费30ETF,上证主要消费交易型开放式指数发起式证券投资基金,华夏基金,000036.SH,20130328,
510630.SH,股票型ETF,消费30ETF,上证主要消费交易型开放式指数发起式证券投资基金,华夏基金,000036.SH,20130328,
510650.SH,主题指数ETF,金融地产ETF,上证金融地产交易型开放式指数发起式证券投资基金,华夏基金,000038.SH,20130328,
510650.SH,股票型ETF,金融地产ETF,上证金融地产交易型开放式指数发起式证券投资基金,华夏基金,000038.SH,20130328,
510660.SH,行业指数ETF,医药卫生ETF,上证医药卫生交易型开放式指数发起式证券投资基金,华夏基金,000037.SH,20130328,
510660.SH,股票型ETF,医药卫生ETF,上证医药卫生交易型开放式指数发起式证券投资基金,华夏基金,000037.SH,20130328,
510310.SH,股票型ETF,沪深300ETF易方达,易方达沪深300交易型开放式指数发起式证券投资基金,易方达基金,000300.SH,20130306,
510310.SH,规模指数ETF,沪深300ETF易方达,易方达沪深300交易型开放式指数发起式证券投资基金,易方达基金,000300.SH,20130306,
510500.SH,规模指数ETF,中证500ETF,中证500交易型开放式指数证券投资基金,南方基金,000905.SH,20130206,
510500.SH,股票型ETF,中证500ETF,中证500交易型开放式指数证券投资基金,南方基金,000905.SH,20130206,
159920.SZ,跨境规模指数ETF,恒生ETF,恒生交易型开放式指数证券投资基金,华夏基金,HSI.HI,20120809,
159920.SZ,跨境ETF,恒生ETF,恒生交易型开放式指数证券投资基金,华夏基金,HSI.HI,20120809,
510900.SH,跨境主题指数ETF,恒生中国企业ETF,易方达恒生中国企业交易型开放式指数证券投资基金,易方达基金,HSCEI.HI,20120809,
510900.SH,跨境ETF,恒生中国企业ETF,易方达恒生中国企业交易型开放式指数证券投资基金,易方达基金,HSCEI.HI,20120809,
510150.SH,主题指数ETF,消费ETF,上证消费80交易型开放式指数证券投资基金,招商基金,000069.SH,20101208,
510150.SH,股票型ETF,消费ETF,上证消费80交易型开放式指数证券投资基金,招商基金,000069.SH,20101208,
159909.SZ,股票型ETF,TMT50ETF,深证电子信息传媒产业(TMT)50交易型开放式指数证券投资基金,招商基金,399610.SZ,20110627,
159905.SZ,股票型ETF,深红利ETF,深证红利交易型开放式指数证券投资基金,工银瑞信基金,399324.SZ,20101105,
159905.SZ,策略指数ETF,深红利ETF,深证红利交易型开放式指数证券投资基金,工银瑞信基金,399324.SZ,20101105,
159909.SZ,主题指数ETF,TMT50ETF,深证电子信息传媒产业(TMT)50交易型开放式指数证券投资基金,招商基金,399610.SZ,20110627,
510300.SH,股票型ETF,沪深300ETF,华泰柏瑞沪深300交易型开放式指数证券投资基金,华泰柏瑞基金,000300.SH,20120504,
510300.SH,规模指数ETF,沪深300ETF,华泰柏瑞沪深300交易型开放式指数证券投资基金,华泰柏瑞基金,000300.SH,20120504,
510410.SH,主题指数ETF,资源ETF,上证自然资源交易型开放式指数证券投资基金,博时基金,000068.SH,20120410,
510410.SH,股票型ETF,资源ETF,上证自然资源交易型开放式指数证券投资基金,博时基金,000068.SH,20120410,
159918.SZ,规模指数ETF,中创400ETF,中创400交易型开放式指数证券投资基金,嘉实基金,399624.SZ,20120322,
159918.SZ,股票型ETF,中创400ETF,中创400交易型开放式指数证券投资基金,嘉实基金,399624.SZ,20120322,
159912.SZ,股票型ETF,深300ETF,深证300交易型开放式指数证券投资基金,汇添富基金,399007.SZ,20110916,
159912.SZ,规模指数ETF,深300ETF,深证300交易型开放式指数证券投资基金,汇添富基金,399007.SZ,20110916,
159915.SZ,股票型ETF,创业板ETF,易方达创业板交易型开放式指数证券投资基金,易方达基金,399006.SZ,20110920,
159915.SZ,规模指数ETF,创业板ETF,易方达创业板交易型开放式指数证券投资基金,易方达基金,399006.SZ,20110920,
159913.SZ,风格指数ETF,深价值ETF,深证300价值交易型开放式指数证券投资基金,交银施罗德基金,399348.SZ,20110922,
159913.SZ,股票型ETF,深价值ETF,深证300价值交易型开放式指数证券投资基金,交银施罗德基金,399348.SZ,20110922,
510290.SH,股票型ETF,上证380ETF,上证380交易型开放式指数证券投资基金,南方基金,000009.SH,20110916,
510290.SH,规模指数ETF,上证380ETF,上证380交易型开放式指数证券投资基金,南方基金,000009.SH,20110916,
159916.SZ,策略指数ETF,深F60ETF,深证基本面60交易型开放式指数证券投资基金,建信基金,399701.SZ,20110908,
159916.SZ,股票型ETF,深F60ETF,深证基本面60交易型开放式指数证券投资基金,建信基金,399701.SZ,20110908,
159910.SZ,股票型ETF,基本面120ETF,深证基本面120交易型开放式指数证券投资基金,嘉实基金,399702.SZ,20110801,
159910.SZ,策略指数ETF,基本面120ETF,深证基本面120交易型开放式指数证券投资基金,嘉实基金,399702.SZ,20110801,
159906.SZ,股票型ETF,深成长ETF大成,深证成长40交易型开放式指数证券投资基金,大成基金,399326.SZ,20101221,
159903.SZ,股票型ETF,深成ETF,深证成份交易型开放式指数证券投资基金,南方基金,399001.SZ,20091204,
159903.SZ,规模指数ETF,深成ETF,深证成份交易型开放式指数证券投资基金,南方基金,399001.SZ,20091204,
159906.SZ,主题指数ETF,深成长ETF大成,深证成长40交易型开放式指数证券投资基金,大成基金,399326.SZ,20101221,
510880.SH,策略指数ETF,红利ETF,上证红利交易型开放式指数证券投资基金,华泰柏瑞基金,000015.SH,20061117,
510270.SH,主题指数ETF,国企ETF,上证国有企业100交易型开放式指数证券投资基金,中银基金,000056.SH,20110616,
510270.SH,股票型ETF,国企ETF,上证国有企业100交易型开放式指数证券投资基金,中银基金,000056.SH,20110616,
510010.SH,股票型ETF,180治理ETF,上证180公司治理交易型开放式指数证券投资基金,交银施罗德基金,000021.SH,20090925,
510010.SH,主题指数ETF,180治理ETF,上证180公司治理交易型开放式指数证券投资基金,交银施罗德基金,000021.SH,20090925,
510020.SH,股票型ETF,超大盘ETF,上证超级大盘交易型开放式指数证券投资基金,博时基金,000043.SH,20091229,
510020.SH,规模指数ETF,超大盘ETF,上证超级大盘交易型开放式指数证券投资基金,博时基金,000043.SH,20091229,
510030.SH,股票型ETF,价值ETF,上证180价值交易型开放式指数证券投资基金,华宝基金,000029.SH,20100423,
510030.SH,风格指数ETF,价值ETF,上证180价值交易型开放式指数证券投资基金,华宝基金,000029.SH,20100423,
510060.SH,股票型ETF,央企ETF,上证中央企业50交易型开放式指数证券投资基金,工银瑞信基金,000042.SH,20090826,
510060.SH,主题指数ETF,央企ETF,上证中央企业50交易型开放式指数证券投资基金,工银瑞信基金,000042.SH,20090826,
510090.SH,股票型ETF,ESG建信ETF,上证社会责任交易型开放式指数证券投资基金,建信基金,000048.SH,20100528,
510090.SH,主题指数ETF,ESG建信ETF,上证社会责任交易型开放式指数证券投资基金,建信基金,000048.SH,20100528,
510130.SH,股票型ETF,上证中盘ETF易方达,易方达上证中盘交易型开放式指数证券投资基金,易方达基金,000044.SH,20100329,
510130.SH,规模指数ETF,上证中盘ETF易方达,易方达上证中盘交易型开放式指数证券投资基金,易方达基金,000044.SH,20100329,
510160.SH,股票型ETF,产业升级ETF,中证南方小康产业交易型开放式指数证券投资基金,南方基金,000901.SH,20100827,
510160.SH,主题指数ETF,产业升级ETF,中证南方小康产业交易型开放式指数证券投资基金,南方基金,000901.SH,20100827,
510170.SH,股票型ETF,大宗商品ETF,上证大宗商品股票交易型开放式指数证券投资基金,国联安基金,000066.SH,20101126,
510170.SH,主题指数ETF,大宗商品ETF,上证大宗商品股票交易型开放式指数证券投资基金,国联安基金,000066.SH,20101126,
510210.SH,股票型ETF,上证指数ETF,上证综指交易型开放式指数证券投资基金,富国基金,000001.SH,20110130,
510210.SH,规模指数ETF,上证指数ETF,上证综指交易型开放式指数证券投资基金,富国基金,000001.SH,20110130,
510230.SH,行业指数ETF,金融ETF,上证180金融交易型开放式指数证券投资基金,国泰基金,000018.SH,20110331,
510230.SH,股票型ETF,金融ETF,上证180金融交易型开放式指数证券投资基金,国泰基金,000018.SH,20110331,
510880.SH,股票型ETF,红利ETF,上证红利交易型开放式指数证券投资基金,华泰柏瑞基金,000015.SH,20061117,
510180.SH,股票型ETF,上证180ETF,上证180交易型开放式指数证券投资基金,华安基金,000010.SH,20060413,
159901.SZ,规模指数ETF,深证100ETF,易方达深证100交易型开放式指数证券投资基金,易方达基金,399330.SZ,20060324,
510050.SH,规模指数ETF,上证50ETF,上证50交易型开放式指数证券投资基金,华夏基金,000016.SH,20041230,
510050.SH,股票型ETF,上证50ETF,上证50交易型开放式指数证券投资基金,华夏基金,000016.SH,20041230,
159901.SZ,股票型ETF,深证100ETF,易方达深证100交易型开放式指数证券投资基金,易方达基金,399330.SZ,20060324,
510180.SH,规模指数ETF,上证180ETF,上证180交易型开放式指数证券投资基金,华安基金,000010.SH,20060413,
