date,close
1990-12-19,66.5648
1990-12-20,69.487
1990-12-21,72.6421
1990-12-24,76.25
1990-12-25,80.0441
1990-12-26,83.3857
1990-12-27,83.3924
1990-12-28,84.1712
1990-12-31,84.9433
1991-01-02,85.7621
1991-01-03,86.6274
1991-01-04,87.4927
1991-01-07,87.9054
1991-01-08,88.3181
1991-01-09,88.7575
1991-01-10,89.1768
1991-01-11,89.5962
1991-01-14,89.6428
1991-01-15,89.6894
1991-01-16,89.3566
1991-01-17,89.3632
1991-01-18,89.3566
1991-01-21,89.3566
1991-01-22,89.0104
1991-01-23,88.6443
1991-01-24,88.2715
1991-01-25,87.8988
1991-01-28,87.5061
1991-01-29,87.1666
1991-01-30,86.8271
1991-01-31,86.5142
1991-02-01,86.208
1991-02-04,85.9018
1991-02-05,85.589
1991-02-06,85.9618
1991-02-07,86.3944
1991-02-08,86.7872
1991-02-11,87.1799
1991-02-12,87.4328
1991-02-13,87.8123
1991-02-14,88.2183
1991-02-19,88.6177
1991-02-20,88.9771
1991-02-21,89.3832
1991-02-22,89.7759
1991-02-25,89.4631
1991-02-26,89.1502
1991-02-27,88.844
1991-02-28,88.5378
1991-03-01,88.2183
1991-03-04,87.8588
1991-03-05,87.5061
1991-03-06,87.1599
1991-03-07,86.8071
1991-03-08,86.461
1991-03-11,86.0749
1991-03-12,85.7155
1991-03-13,83.9715
1991-03-14,83.6253
1991-03-15,83.3191
1991-03-18,83.0129
1991-03-19,82.6868
1991-03-20,82.314
1991-03-21,81.9545
1991-03-22,81.6217
1991-03-25,81.2889
1991-03-26,80.9561
1991-03-27,80.6233
1991-03-28,80.2838
1991-03-29,80.0042
1991-04-01,80.3637
1991-04-02,80.6832
1991-04-03,80.9535
1991-04-04,80.9063
1991-04-05,80.7799
1991-04-08,80.4567
1991-04-09,80.134
1991-04-10,79.8009
1991-04-11,79.4502
1991-04-12,79.1353
1991-04-15,78.7739
1991-04-16,78.4727
1991-04-17,78.1711
1991-04-18,77.8558
1991-04-19,77.6019
1991-04-22,77.3037
1991-04-23,76.9765
1991-04-24,76.6577
1991-04-25,76.3637
1991-04-26,76.4881
1991-04-29,75.9475
1991-04-30,75.421
1991-05-02,74.9153
1991-05-03,74.4237
1991-05-06,73.8691
1991-05-07,73.3653
1991-05-08,72.9447
1991-05-09,72.494
1991-05-10,72.0932
1991-05-13,71.3875
1991-05-14,71.1524
1991-05-15,70.9315
1991-05-16,70.6717
1991-05-17,70.8123
1991-05-20,70.5171
1991-05-21,70.4928
1991-05-22,70.1903
1991-05-23,70.2053
1991-05-24,70.2116
1991-05-27,70.2785
1991-05-28,70.7525
1991-05-29,71.2708
1991-05-30,71.6777
1991-05-31,72.256
1991-06-03,72.7513
1991-06-04,73.1393
1991-06-05,72.9419
1991-06-06,73.4868
1991-06-07,73.6242
1991-06-10,73.2395
1991-06-11,75.011
1991-06-12,75.0039
1991-06-13,75.517
1991-06-14,74.8255
1991-06-17,74.8807
1991-06-18,75.2511
1991-06-19,75.1738
1991-06-20,75.0842
1991-06-21,75.6424
1991-06-24,75.1583
1991-06-25,75.3909
1991-06-26,75.939
1991-06-27,76.2693
1991-06-28,76.2757
1991-07-01,75.7531
1991-07-02,74.795
1991-07-03,74.5975
1991-07-04,74.9266
1991-07-05,74.3744
1991-07-08,72.7693
1991-07-09,71.7262
1991-07-10,71.7514
1991-07-11,71.1825
1991-07-12,70.6573
1991-07-15,70.4649
1991-07-16,69.9242
1991-07-17,69.1723
1991-07-18,72.5829
1991-07-19,72.9666
1991-07-22,71.7628
1991-07-23,72.0749
1991-07-24,72.2823
1991-07-25,71.9206
1991-07-26,71.6153
1991-07-29,71.298
1991-07-30,71.3686
1991-07-31,71.7703
1991-08-01,72.1283
1991-08-02,72.5828
1991-08-05,72.965
1991-08-06,73.0529
1991-08-07,73.1447
1991-08-08,73.2287
1991-08-09,73.4267
1991-08-12,73.7581
1991-08-13,74.3145
1991-08-14,74.7281
1991-08-15,74.7742
1991-08-16,75.1357
1991-08-19,61.4493
1991-08-20,60.3665
1991-08-21,60.1643
1991-08-22,59.1797
1991-08-23,59.0035
1991-08-26,59.7726
1991-08-27,59.2795
1991-08-28,59.1959
1991-08-29,59.2588
1991-08-30,59.3967
1991-09-02,59.2319
1991-09-03,58.9877
1991-09-04,58.6179
1991-09-05,57.8807
1991-09-06,56.0678
1991-09-09,57.0054
1991-09-10,56.8387
1991-09-11,57.0205
1991-09-12,56.8875
1991-09-13,57.1688
1991-09-16,57.1942
1991-09-17,56.9189
1991-09-18,56.6449
1991-09-19,56.3661
1991-09-20,56.1557
1991-09-23,56.1229
1991-09-24,55.9028
1991-09-25,56.1001
1991-09-26,56.0141
1991-09-27,55.9719
1991-09-30,55.6948
1991-10-03,57.4665
1991-10-04,57.2955
1991-10-07,62.1884
1991-10-08,70.8617
1991-10-09,83.1997
1991-10-10,75.521
1991-10-11,78.3453
1991-10-14,80.6671
1991-10-15,77.6571
1991-10-16,77.0403
1991-10-17,79.5858
1991-10-18,80.0514
1991-10-21,79.6064
1991-10-22,78.3733
1991-10-23,79.152
1991-10-24,79.9437
1991-10-25,80.4199
1991-10-28,84.1015
1991-10-29,86.17
1991-10-30,87.0629
1991-10-31,92.2727
1991-11-01,98.2656
1991-11-04,107.8142
1991-11-05,107.9436
1991-11-06,103.4294
1991-11-07,105.7518
1991-11-08,107.4507
1991-11-11,108.5335
1991-11-12,132.9335
1991-11-13,136.1383
1991-11-14,140.4623
1991-11-15,135.278
1991-11-18,109.3946
1991-11-19,126.5164
1991-11-20,126.173
1991-11-21,120.2921
1991-11-22,123.721
1991-11-25,118.7581
1991-11-26,111.3665
1991-11-27,116.6843
1991-11-28,112.2295
1991-11-29,110.1082
1991-12-02,108.0769
1991-12-03,112.4291
1991-12-04,112.6918
1991-12-05,109.2265
1991-12-06,110.9831
1991-12-09,113.141
1991-12-10,114.4516
1991-12-11,113.72
1991-12-12,111.9581
1991-12-13,109.4661
1991-12-16,111.7403
1991-12-17,110.8625
1991-12-18,110.9241
1991-12-19,110.5195
1991-12-20,110.7196
1991-12-23,112.2952
1991-12-24,120.1841
1991-12-25,119.7154
1991-12-26,116.2897
1991-12-27,118.0187
1991-12-30,119.0839
1991-12-31,120.3047
1992-01-02,120.4588
1992-01-03,120.2357
1992-01-06,121.5028
1992-01-07,123.212
1992-01-08,122.2602
1992-01-09,122.7343
1992-01-10,123.0978
1992-01-13,122.063
1992-01-14,120.5074
1992-01-15,119.4324
1992-01-16,117.4033
1992-01-17,118.3958
1992-01-20,119.9848
1992-01-21,118.9537
1992-01-22,118.5341
1992-01-23,119.3526
1992-01-24,120.5252
1992-01-27,119.6474
1992-01-28,120.172
1992-01-29,121.5636
1992-01-30,123.16
1992-01-31,125.7129
1992-02-03,126.0902
1992-02-07,126.3069
1992-02-10,126.1291
1992-02-11,126.2297
1992-02-12,127.0895
1992-02-13,127.2369
1992-02-14,125.9642
1992-02-17,124.9872
1992-02-18,126.5758
1992-02-19,127.5928
1992-02-20,129.594
1992-02-21,131.7274
1992-02-24,130.7111
1992-02-25,130.0412
1992-02-26,128.8813
1992-02-27,131.037
1992-02-28,132.1941
1992-03-02,134.6475
1992-03-03,133.866
1992-03-04,133.5802
1992-03-05,134.3366
1992-03-06,134.0403
1992-03-09,134.041
1992-03-10,133.9984
1992-03-11,134.2984
1992-03-12,134.6675
1992-03-13,134.6796
1992-03-16,136.2898
1992-03-17,136.3682
1992-03-18,136.5643
1992-03-19,136.4112
1992-03-20,135.906
1992-03-23,136.5627
1992-03-24,137.5517
1992-03-25,141.2587
1992-03-26,145.621
1992-03-27,145.969
1992-03-30,151.8762
1992-03-31,158.6464
1992-04-01,165.5958
1992-04-02,164.0974
1992-04-03,163.6778
1992-04-06,170.1032
1992-04-07,173.9177
1992-04-08,178.1496
1992-04-09,181.3706
1992-04-10,187.4871
1992-04-13,203.7545
1992-04-14,209.3253
1992-04-15,199.4473
1992-04-16,207.1244
1992-04-17,205.3917
1992-04-20,202.0035
1992-04-21,201.0586
1992-04-22,206.347
1992-04-23,213.2991
1992-04-24,217.0759
1992-04-27,216.7255
1992-04-28,219.6845
1992-04-29,226.154
1992-04-30,233.9581
1992-05-04,248.5627
1992-05-05,260.8576
1992-05-06,259.6234
1992-05-07,253.2337
1992-05-08,254.2785
1992-05-11,263.641
1992-05-12,277.5904
1992-05-13,280.7236
1992-05-14,282.1138
1992-05-15,289.3315
1992-05-18,299.376
1992-05-19,314.635
1992-05-20,311.4817
1992-05-21,441.1008
1992-05-22,450.9287
1992-05-25,469.0078
1992-05-26,466.5665
1992-05-27,454.8457
1992-05-28,445.6555
1992-05-29,453.4275
1992-06-01,452.1226
1992-06-02,439.0995
1992-06-03,406.8154
1992-06-04,413.0332
1992-06-05,415.7394
1992-06-08,409.3295
1992-06-09,399.0703
1992-06-10,410.6215
1992-06-11,405.0365
1992-06-12,406.6796
1992-06-15,394.8552
1992-06-16,374.6736
1992-06-17,403.4142
1992-06-18,394.6868
1992-06-19,394.9543
1992-06-22,381.6588
1992-06-23,386.2939
1992-06-24,382.5311
1992-06-25,387.2829
1992-06-26,402.2512
1992-06-29,429.1163
1992-06-30,444.3986
1992-07-01,429.9996
1992-07-02,426.5052
1992-07-03,430.9574
1992-07-06,428.2547
1992-07-07,430.0042
1992-07-08,427.1921
1992-07-09,421.9072
1992-07-10,421.8434
1992-07-13,420.2629
1992-07-14,419.9061
1992-07-15,417.6575
1992-07-16,424.3335
1992-07-17,430.9724
1992-07-20,445.2011
1992-07-21,440.5198
1992-07-22,435.8332
1992-07-23,438.5021
1992-07-24,454.0215
1992-07-27,465.8261
1992-07-28,454.0426
1992-07-29,453.1696
1992-07-30,452.0144
1992-07-31,448.8289
1992-08-03,429.3289
1992-08-04,438.5602
1992-08-05,437.4206
1992-08-06,433.2569
1992-08-07,441.7118
1992-08-10,442.0971
1992-08-11,402.7146
1992-08-12,387.4988
1992-08-13,392.1419
1992-08-14,401.4595
1992-08-17,419.1325
1992-08-18,415.6273
1992-08-19,417.0477
1992-08-20,415.2424
1992-08-21,408.1737
1992-08-24,397.4944
1992-08-25,383.6838
1992-08-26,393.3334
1992-08-27,391.7661
1992-08-28,388.1931
1992-08-31,378.7455
1992-09-01,374.3478
1992-09-02,366.2686
1992-09-03,357.4668
1992-09-04,346.5731
1992-09-07,327.7466
1992-09-08,331.3616
1992-09-09,338.9632
1992-09-10,350.7602
1992-09-11,370.1686
1992-09-14,356.6253
1992-09-15,356.8688
1992-09-16,367.523
1992-09-17,368.8688
1992-09-18,364.8155
1992-09-21,357.8738
1992-09-22,353.6388
1992-09-23,353.7386
1992-09-24,366.3774
1992-09-25,362.6658
1992-09-28,361.5966
1992-09-29,359.5276
1992-09-30,356.4642
1992-10-05,348.6247
1992-10-06,345.0246
1992-10-07,343.767
1992-10-08,335.9206
1992-10-09,342.0306
1992-10-12,350.0171
1992-10-13,343.4064
1992-10-14,337.7023
1992-10-15,339.4643
1992-10-16,338.7628
1992-10-19,324.9723
1992-10-20,323.0312
1992-10-21,310.0304
1992-10-22,296.3761
1992-10-23,296.6704
1992-10-26,271.7545
1992-10-27,255.9825
1992-10-28,262.5166
1992-10-29,273.7447
1992-10-30,281.2604
1992-11-02,265.2976
1992-11-03,269.4949
1992-11-04,263.9866
1992-11-05,261.0204
1992-11-06,258.5569
1992-11-09,248.5166
1992-11-10,238.1088
1992-11-11,237.1786
1992-11-12,234.2485
1992-11-13,226.9616
1992-11-16,208.863
1992-11-17,205.1807
1992-11-18,215.0227
1992-11-19,214.6905
1992-11-20,209.5832
1992-11-23,205.6762
1992-11-24,216.4989
1992-11-25,260.2914
1992-11-26,269.779
1992-11-27,284.8153
1992-11-30,320.6301
1992-12-01,325.9116
1992-12-02,321.8336
1992-12-03,339.5905
1992-12-04,346.5821
1992-12-07,356.3898
1992-12-08,344.417
1992-12-09,321.3158
1992-12-10,305.814
1992-12-11,333.7938
1992-12-14,328.5849
1992-12-15,320.0318
1992-12-16,325.033
1992-12-17,329.4029
1992-12-18,330.6063
1992-12-21,341.7584
1992-12-22,338.1014
1992-12-23,337.8712
1992-12-24,347.8844
1992-12-25,349.9667
1992-12-28,348.1512
1992-12-29,354.1366
1992-12-30,361.1337
1992-12-31,364.6843
1993-01-04,377.0812
1993-01-05,390.7748
1993-01-06,388.1214
1993-01-07,395.6994
1993-01-08,404.084
1993-01-11,434.4927
1993-01-12,433.7227
1993-01-13,445.5517
1993-01-14,465.1739
1993-01-15,459.5997
1993-01-18,462.5793
1993-01-19,448.9817
1993-01-20,472.2856
1993-01-21,486.2961
1993-01-22,498.0884
1993-01-27,526.2134
1993-01-28,520.7496
1993-01-29,542.528
1993-02-01,583.4409
1993-02-02,600.3546
1993-02-03,593.8712
1993-02-04,617.668
1993-02-05,610.8658
1993-02-08,640.6697
1993-02-09,663.5347
1993-02-10,654.466
1993-02-11,634.6945
1993-02-12,643.6746
1993-02-15,674.6095
1993-02-16,663.0207
1993-02-17,666.7354
1993-02-18,670.604
1993-02-19,684.6334
1993-02-22,680.4851
1993-02-23,654.9166
1993-02-24,613.6035
1993-02-25,665.0084
1993-02-26,638.6363
1993-03-01,601.8144
1993-03-02,612.5279
1993-03-03,599.2596
1993-03-04,586.2794
1993-03-05,558.1756
1993-03-08,600.1304
1993-03-09,574.5856
1993-03-10,604.1528
1993-03-11,624.6267
1993-03-12,620.6792
1993-03-15,590.3057
1993-03-16,604.6174
1993-03-17,590.5592
1993-03-18,589.2589
1993-03-19,586.5739
1993-03-22,532.9218
1993-03-23,511.7469
1993-03-24,500.1599
1993-03-25,514.0097
1993-03-26,539.8254
1993-03-29,518.093
1993-03-30,517.675
1993-03-31,513.3098
1993-04-01,516.9095
1993-04-02,513.0118
1993-04-05,511.0215
1993-04-06,555.0349
1993-04-07,574.5872
1993-04-08,629.7438
1993-04-09,630.5253
1993-04-12,619.1023
1993-04-13,650.0667
1993-04-14,639.2922
1993-04-15,641.6532
1993-04-16,622.7903
1993-04-19,622.296
1993-04-20,626.274
1993-04-21,622.0813
1993-04-22,636.0544
1993-04-23,632.5471
1993-04-26,670.7372
1993-04-27,678.5781
1993-04-28,682.7989
1993-04-29,671.4502
1993-04-30,675.4999
1993-05-03,671.2942
1993-05-04,622.6717
1993-05-05,619.6994
1993-05-06,587.5987
1993-05-07,599.2796
1993-05-10,569.8473
1993-05-11,566.0243
1993-05-12,576.2453
1993-05-13,593.4314
1993-05-14,591.6947
1993-05-17,573.3898
1993-05-18,574.0848
1993-05-19,575.0419
1993-05-20,578.8313
1993-05-21,566.4508
1993-05-24,519.8988
1993-05-25,515.4289
1993-05-26,511.01
1993-05-27,499.8961
1993-05-28,503.9941
1993-05-31,499.4533
1993-06-01,493.1621
1993-06-02,563.8637
1993-06-03,540.2271
1993-06-04,532.5644
1993-06-07,558.6887
1993-06-08,563.0328
1993-06-09,557.248
1993-06-10,548.1125
1993-06-11,544.6582
1993-06-14,521.9883
1993-06-15,524.2661
1993-06-16,523.6492
1993-06-17,520.81
1993-06-18,536.5638
1993-06-21,522.4021
1993-06-22,523.4568
1993-06-23,527.3506
1993-06-24,531.6139
1993-06-25,534.0762
1993-06-28,531.7529
1993-06-29,544.7875
1993-06-30,533.9718
1993-07-01,527.6854
1993-07-02,528.1547
1993-07-05,517.6279
1993-07-06,492.3255
1993-07-07,493.4353
1993-07-08,490.7368
1993-07-09,477.0637
1993-07-12,460.5113
1993-07-13,469.7672
1993-07-14,454.6379
1993-07-15,450.5848
1993-07-16,449.4422
1993-07-19,435.4062
1993-07-20,427.4814
1993-07-21,419.1896
1993-07-22,423.5738
1993-07-23,432.766
1993-07-26,425.34
1993-07-27,439.2091
1993-07-28,446.9467
1993-07-29,453.6537
1993-07-30,484.9539
1993-08-02,469.5395
1993-08-03,460.5479
1993-08-04,468.2074
1993-08-05,472.7218
1993-08-06,472.6119
1993-08-09,492.9624
1993-08-10,487.0737
1993-08-11,507.0373
1993-08-12,526.2292
1993-08-13,546.3821
1993-08-16,591.0226
1993-08-17,544.0638
1993-08-18,544.9867
1993-08-19,542.6067
1993-08-20,526.9951
1993-08-23,497.2449
1993-08-24,539.3867
1993-08-25,523.8917
1993-08-26,520.3109
1993-08-27,512.8927
1993-08-30,517.3548
1993-08-31,521.2916
1993-09-01,513.1753
1993-09-02,513.6943
1993-09-03,526.9708
1993-09-06,534.4586
1993-09-07,518.296
1993-09-08,516.7555
1993-09-09,514.3207
1993-09-10,508.9122
1993-09-13,493.1165
1993-09-14,495.0668
1993-09-15,490.2074
1993-09-16,485.9914
1993-09-17,489.5069
1993-09-20,507.2296
1993-09-21,503.71
1993-09-22,505.6444
1993-09-23,506.0965
1993-09-24,495.6406
1993-09-27,498.729
1993-09-28,507.3735
1993-09-29,507.6205
1993-09-30,509.3705
1993-10-04,514.5371
1993-10-05,510.6825
1993-10-06,509.1282
1993-10-07,510.5909
1993-10-08,503.5713
1993-10-11,499.8708
1993-10-12,501.7176
1993-10-13,495.1179
1993-10-14,492.8342
1993-10-15,494.6562
1993-10-18,483.1214
1993-10-19,484.956
1993-10-20,486.8627
1993-10-21,480.4252
1993-10-22,473.0739
1993-10-25,454.801
1993-10-26,453.9935
1993-10-27,452.1033
1993-10-28,477.0008
1993-10-29,470.4015
1993-11-01,470.5729
1993-11-02,469.4318
1993-11-03,465.881
1993-11-04,464.8135
1993-11-05,470.05
1993-11-08,482.4732
1993-11-09,483.4516
1993-11-10,487.0034
1993-11-11,496.0226
1993-11-12,506.4567
1993-11-15,518.7883
1993-11-16,509.1386
1993-11-17,513.726
1993-11-18,521.6205
1993-11-19,529.8096
1993-11-22,538.0239
1993-11-23,536.0865
1993-11-24,532.0052
1993-11-25,548.3894
1993-11-26,537.8151
1993-11-29,540.5487
1993-11-30,546.5742
1993-12-01,540.2382
1993-12-02,538.6558
1993-12-03,541.3148
1993-12-06,548.5352
1993-12-07,559.7925
1993-12-08,554.0328
1993-12-09,543.1169
1993-12-10,551.0888
1993-12-13,534.3521
1993-12-14,529.1152
1993-12-15,538.0677
1993-12-16,526.076
1993-12-17,522.4506
1993-12-20,478.5141
1993-12-21,504.7855
1993-12-22,493.6617
1993-12-23,497.3594
1993-12-24,501.6472
1993-12-27,501.423
1993-12-28,500.6063
1993-12-29,491.4298
1993-12-30,497.6296
1993-12-31,499.7744
1994-01-03,497.3263
1994-01-04,495.9487
1994-01-05,502.2859
1994-01-06,516.522
1994-01-07,519.227
1994-01-10,526.1039
1994-01-11,521.1215
1994-01-12,519.071
1994-01-13,522.9991
1994-01-14,498.4226
1994-01-17,501.4656
1994-01-18,492.237
1994-01-19,477.2872
1994-01-20,473.2534
1994-01-21,477.3635
1994-01-24,488.7237
1994-01-25,476.0272
1994-01-26,471.6325
1994-01-27,475.4797
1994-01-28,463.6009
1994-01-31,444.9216
1994-02-01,439.742
1994-02-02,450.5026
1994-02-03,469.4094
1994-02-04,485.3098
1994-02-14,461.6454
1994-02-15,457.9725
1994-02-16,457.1264
1994-02-17,451.0283
1994-02-18,451.5791
1994-02-21,441.1314
1994-02-22,452.0187
1994-02-23,449.3261
1994-02-24,453.4921
1994-02-25,463.3966
1994-02-28,453.6551
1994-03-01,446.8717
1994-03-02,438.5761
1994-03-03,433.688
1994-03-04,428.6926
1994-03-07,423.9339
1994-03-08,419.8113
1994-03-09,422.5089
1994-03-10,412.4931
1994-03-11,422.7598
1994-03-14,461.3696
1994-03-15,451.645
1994-03-16,462.9873
1994-03-17,453.8775
1994-03-18,449.0811
1994-03-21,431.7847
1994-03-22,434.654
1994-03-23,425.7114
1994-03-24,424.7016
1994-03-25,421.9917
1994-03-28,412.2069
1994-03-29,415.5686
1994-03-30,414.3851
1994-03-31,411.9204
1994-04-01,408.3131
1994-04-04,405.3877
1994-04-05,399.8187
1994-04-06,398.9742
1994-04-07,397.6863
1994-04-08,393.9068
1994-04-11,381.8188
1994-04-12,383.7762
1994-04-13,378.0787
1994-04-14,364.5019
1994-04-15,365.1944
1994-04-18,350.0031
1994-04-19,331.0962
1994-04-20,313.8085
1994-04-21,335.2911
1994-04-22,325.5533
1994-04-25,324.1112
1994-04-26,335.2599
1994-04-27,347.8965
1994-04-28,346.5863
1994-04-29,348.0454
1994-05-03,373.5336
1994-05-04,371.4189
1994-05-05,357.8993
1994-05-06,356.4583
1994-05-09,366.8675
1994-05-10,371.9636
1994-05-11,365.9034
1994-05-12,357.6565
1994-05-13,369.1306
1994-05-16,370.603
1994-05-17,365.4541
1994-05-18,361.1665
1994-05-19,367.337
1994-05-20,367.9238
1994-05-23,363.5661
1994-05-24,365.4634
1994-05-25,361.0982
1994-05-26,354.3621
1994-05-27,351.903
1994-05-30,334.1693
1994-05-31,340.8109
1994-06-01,332.641
1994-06-02,333.2333
1994-06-03,334.5329
1994-06-06,330.4321
1994-06-07,323.0819
1994-06-08,325.2
1994-06-09,319.4748
1994-06-10,314.9763
1994-06-13,302.2862
1994-06-14,299.4791
1994-06-15,302.2271
1994-06-16,309.7262
1994-06-17,322.4362
1994-06-20,306.8252
1994-06-21,304.1203
1994-06-22,308.4079
1994-06-23,305.603
1994-06-24,300.879
1994-06-27,289.0731
1994-06-28,287.1293
1994-06-29,285.8572
1994-06-30,287.3457
1994-07-01,281.1747
1994-07-04,270.8822
1994-07-05,273.8857
1994-07-06,266.6821
1994-07-07,263.1882
1994-07-08,269.3163
1994-07-11,263.6596
1994-07-12,263.4366
1994-07-13,268.1554
1994-07-14,264.9263
1994-07-15,254.6586
1994-07-18,245.3179
1994-07-19,245.8797
1994-07-20,241.6437
1994-07-21,235.2324
1994-07-22,226.9233
1994-07-25,234.5444
1994-07-26,243.1424
1994-07-27,231.8441
1994-07-28,215.558
1994-07-29,212.8851
1994-08-01,279.2215
1994-08-02,273.1359
1994-08-03,323.8212
1994-08-04,343.8968
1994-08-05,407.5191
1994-08-08,419.8947
1994-08-09,371.488
1994-08-10,434.9619
1994-08-11,409.2367
1994-08-12,409.6246
1994-08-15,396.9437
1994-08-16,410.3257
1994-08-17,427.6062
1994-08-18,441.316
1994-08-19,422.6056
1994-08-22,405.5396
1994-08-23,421.8919
1994-08-24,416.1819
1994-08-25,421.7803
1994-08-26,414.0646
1994-08-29,414.9686
1994-08-30,439.7168
1994-08-31,456.4283
1994-09-01,462.8396
1994-09-02,484.6175
1994-09-05,554.965
1994-09-06,594.6326
1994-09-07,552.2021
1994-09-08,583.9413
1994-09-09,567.2125
1994-09-12,601.0259
1994-09-13,604.7114
1994-09-14,575.792
1994-09-15,569.3522
1994-09-16,576.6945
1994-09-19,553.1355
1994-09-20,543.3449
1994-09-21,573.3845
1994-09-22,549.4076
1994-09-23,526.8077
1994-09-26,534.2138
1994-09-27,535.2646
1994-09-28,551.9074
1994-09-29,507.0666
1994-09-30,472.9887
1994-10-05,420.0953
1994-10-06,397.4213
1994-10-07,438.4902
1994-10-10,415.9165
1994-10-11,420.37
1994-10-12,422.6752
1994-10-13,383.2687
1994-10-14,396.9961
1994-10-17,372.0688
1994-10-18,375.4533
1994-10-19,389.6924
1994-10-20,423.7134
1994-10-21,416.6557
1994-10-24,454.9297
1994-10-25,434.3799
1994-10-26,407.3691
1994-10-27,416.5015
1994-10-28,402.7733
1994-10-31,388.7392
1994-11-01,397.3631
1994-11-02,394.6648
1994-11-03,420.2642
1994-11-04,394.6725
1994-11-07,397.7876
1994-11-08,416.4275
1994-11-09,423.7157
1994-11-10,416.4702
1994-11-11,427.4189
1994-11-14,428.5975
1994-11-15,414.2166
1994-11-16,414.8022
1994-11-17,409.3073
1994-11-18,410.0616
1994-11-21,409.248
1994-11-22,405.6911
1994-11-23,399.0972
1994-11-24,397.8357
1994-11-25,401.8053
1994-11-28,399.5781
1994-11-29,403.265
1994-11-30,400.6942
1994-12-01,400.1687
1994-12-02,397.6924
1994-12-05,389.4765
1994-12-06,383.6199
1994-12-07,383.2125
1994-12-08,378.1362
1994-12-09,375.1907
1994-12-12,364.4207
1994-12-13,372.7486
1994-12-14,367.3653
1994-12-15,396.458
1994-12-16,397.069
1994-12-19,383.4417
1994-12-20,390.6048
1994-12-21,391.7336
1994-12-22,391.194
1994-12-23,393.3756
1994-12-26,391.469
1994-12-27,383.7857
1994-12-28,378.6168
1994-12-29,376.1513
1994-12-30,379.3402
1995-01-03,375.9952
1995-01-04,385.7705
1995-01-05,381.6151
1995-01-06,379.3633
1995-01-09,370.3658
1995-01-10,360.1693
1995-01-11,362.141
1995-01-12,356.2607
1995-01-13,353.2525
1995-01-16,345.0698
1995-01-17,344.3627
1995-01-18,349.1979
1995-01-19,336.0203
1995-01-20,336.2247
1995-01-23,328.1251
1995-01-24,326.9148
1995-01-25,331.9752
1995-01-26,329.6393
1995-01-27,334.3966
1995-02-06,324.4997
1995-02-07,324.0178
1995-02-08,324.5428
1995-02-09,330.7509
1995-02-10,326.2041
1995-02-13,327.9721
1995-02-14,327.3833
1995-02-15,325.0796
1995-02-16,322.7945
1995-02-17,321.6044
1995-02-20,321.3312
1995-02-21,324.0202
1995-02-22,359.0757
1995-02-23,351.5901
1995-02-24,333.8613
1995-02-27,335.3411
1995-02-28,330.2507
1995-03-01,335.4612
1995-03-02,337.5232
1995-03-03,346.8322
1995-03-06,368.6823
1995-03-07,378.4769
1995-03-08,374.5373
1995-03-09,363.6246
1995-03-10,353.4043
1995-03-13,352.3946
1995-03-14,353.279
1995-03-15,344.5026
1995-03-16,348.7275
1995-03-17,355.3556
1995-03-20,349.2922
1995-03-21,353.1331
1995-03-22,364.645
1995-03-23,361.2834
1995-03-24,363.3489
1995-03-27,370.9222
1995-03-28,368.4454
1995-03-29,373.5861
1995-03-30,368.8929
1995-03-31,375.9189
1995-04-03,379.744
1995-04-04,380.3916
1995-04-05,374.5307
1995-04-06,378.8565
1995-04-07,387.1806
1995-04-10,386.6179
1995-04-11,372.1769
1995-04-12,373.7995
1995-04-13,367.9265
1995-04-14,371.7202
1995-04-17,368.3302
1995-04-18,366.0184
1995-04-19,369.013
1995-04-20,374.6439
1995-04-21,369.8396
1995-04-24,360.16
1995-04-25,359.9647
1995-04-26,348.3164
1995-04-27,332.0996
1995-04-28,338.1214
1995-05-02,336.7382
1995-05-03,336.0434
1995-05-04,331.7505
1995-05-05,333.2363
1995-05-08,332.2147
1995-05-09,335.9636
1995-05-10,327.6763
1995-05-11,329.2294
1995-05-12,336.9294
1995-05-15,335.418
1995-05-16,333.8329
1995-05-17,336.2122
1995-05-18,435.6649
1995-05-19,491.6893
1995-05-22,516.9236
1995-05-23,427.6953
1995-05-24,426.4938
1995-05-25,402.9163
1995-05-26,417.5246
1995-05-29,410.9526
1995-05-30,410.33
1995-05-31,404.0901
1995-06-01,409.1878
1995-06-02,412.0695
1995-06-05,398.7962
1995-06-06,397.7334
1995-06-07,413.7007
1995-06-08,401.8369
1995-06-09,405.5165
1995-06-12,402.9015
1995-06-13,403.6739
1995-06-14,397.5987
1995-06-15,373.4752
1995-06-16,374.9338
1995-06-19,371.5104
1995-06-20,372.6024
1995-06-21,379.4337
1995-06-22,375.6953
1995-06-23,379.3519
1995-06-26,383.107
1995-06-27,379.6952
1995-06-28,378.8621
1995-06-29,376.6616
1995-06-30,369.8218
1995-07-03,359.9098
1995-07-04,363.7813
1995-07-05,370.9166
1995-07-06,371.6838
1995-07-07,389.883
1995-07-10,390.647
1995-07-11,380.53
1995-07-12,381.3533
1995-07-13,387.0066
1995-07-14,384.3241
1995-07-17,402.9753
1995-07-18,406.8915
1995-07-19,393.4986
1995-07-20,395.9243
1995-07-21,398.5231
1995-07-24,404.8755
1995-07-25,400.67
1995-07-26,394.8061
1995-07-27,398.079
1995-07-28,397.7067
1995-07-31,397.6847
1995-08-01,407.4286
1995-08-02,399.9034
1995-08-03,402.38
1995-08-04,405.0196
1995-08-07,411.6149
1995-08-08,409.3049
1995-08-09,412.8897
1995-08-10,422.0564
1995-08-11,427.952
1995-08-14,448.5969
1995-08-15,437.3431
1995-08-16,448.628
1995-08-17,452.1652
1995-08-18,453.861
1995-08-21,440.6659
1995-08-22,435.7057
1995-08-23,426.2182
1995-08-24,426.6145
1995-08-25,420.8316
1995-08-28,420.1156
1995-08-29,416.6941
1995-08-30,413.4831
1995-08-31,419.1886
1995-09-01,421.7193
1995-09-04,426.5278
1995-09-05,424.5885
1995-09-06,433.4272
1995-09-07,432.4157
1995-09-08,430.0985
1995-09-11,439.3645
1995-09-12,435.1249
1995-09-13,436.3234
1995-09-14,435.9011
1995-09-15,434.7398
1995-09-18,435.7009
1995-09-19,423.2367
1995-09-20,417.5566
1995-09-21,421.0341
1995-09-22,420.6546
1995-09-25,417.3263
1995-09-26,419.9734
1995-09-27,410.027
1995-09-28,411.2532
1995-09-29,418.1797
1995-10-04,415.8689
1995-10-05,418.8799
1995-10-06,416.0196
1995-10-09,408.4252
1995-10-10,408.7115
1995-10-11,410.641
1995-10-12,407.9113
1995-10-13,407.1216
1995-10-16,405.5667
1995-10-17,407.1486
1995-10-18,415.2951
1995-10-19,407.3656
1995-10-20,422.8021
1995-10-23,422.6932
1995-10-24,424.8191
1995-10-25,444.796
1995-10-26,430.0651
1995-10-27,422.7133
1995-10-30,420.9365
1995-10-31,417.5475
1995-11-01,420.3982
1995-11-02,419.2833
1995-11-03,423.6809
1995-11-06,426.9223
1995-11-07,423.7532
1995-11-08,414.7511
1995-11-09,414.1212
1995-11-10,412.945
1995-11-13,402.6404
1995-11-14,403.1119
1995-11-15,405.2052
1995-11-16,400.575
1995-11-17,398.4913
1995-11-20,398.4204
1995-11-21,400.8766
1995-11-22,391.6261
1995-11-23,389.1729
1995-11-24,390.3444
1995-11-27,382.029
1995-11-28,384.4194
1995-11-29,377.7708
1995-11-30,376.0551
1995-12-01,371.8525
1995-12-04,372.2499
1995-12-05,373.6733
1995-12-06,368.7402
1995-12-07,370.4513
1995-12-08,373.4494
1995-12-11,362.9448
1995-12-12,367.6275
1995-12-13,360.2082
1995-12-14,359.4094
1995-12-15,353.5435
1995-12-18,346.4405
1995-12-19,346.6547
1995-12-20,351.3585
1995-12-21,348.7654
1995-12-22,347.2984
1995-12-25,338.7967
1995-12-26,334.8895
1995-12-27,334.3895
1995-12-28,326.2711
1995-12-29,326.264
1996-01-02,315.503
1996-01-03,317.2115
1996-01-04,326.4728
1996-01-05,313.8919
1996-01-08,315.2244
1996-01-09,326.6007
1996-01-10,320.0861
1996-01-11,318.6715
1996-01-12,320.0283
1996-01-15,321.7398
1996-01-16,320.3264
1996-01-17,314.1708
1996-01-18,302.6255
1996-01-19,305.5808
1996-01-22,301.1506
1996-01-23,302.6931
1996-01-24,304.7967
1996-01-25,304.3679
1996-01-26,308.7501
1996-01-29,310.8698
1996-01-30,312.9958
1996-01-31,315.2567
1996-02-01,315.1884
1996-02-02,313.8169
1996-02-05,306.3197
1996-02-06,304.8467
1996-02-07,306.5677
1996-02-08,305.1731
1996-02-09,307.1791
1996-02-12,307.8814
1996-02-13,312.0858
1996-02-14,310.6801
1996-02-15,315.2171
1996-02-16,324.102
1996-03-04,352.4444
1996-03-05,344.5631
1996-03-06,328.6757
1996-03-07,334.1201
1996-03-08,334.6915
1996-03-11,332.1251
1996-03-12,329.2776
1996-03-13,329.1481
1996-03-14,328.9498
1996-03-15,329.4501
1996-03-18,332.3421
1996-03-19,331.5886
1996-03-20,333.7129
1996-03-21,334.2644
1996-03-22,335.7193
1996-03-25,336.6909
1996-03-26,332.5529
1996-03-27,331.5121
1996-03-28,326.7563
1996-03-29,327.3883
1996-04-01,330.838
1996-04-02,326.4092
1996-04-03,328.2773
1996-04-04,329.9687
1996-04-05,339.4779
1996-04-08,339.8018
1996-04-09,338.3108
1996-04-10,340.2662
1996-04-11,342.6372
1996-04-12,344.7421
1996-04-15,345.168
1996-04-16,350.9034
1996-04-17,351.2856
1996-04-18,359.5523
1996-04-19,367.8737
1996-04-22,368.696
1996-04-23,379.7071
1996-04-24,408.8473
1996-04-25,394.8205
1996-04-26,432.8134
1996-04-29,460.111
1996-04-30,427.6599
1996-05-02,409.6073
1996-05-03,407.4056
1996-05-06,422.3222
1996-05-07,418.0684
1996-05-08,415.3799
1996-05-09,408.7211
1996-05-10,409.4174
1996-05-13,417.5501
1996-05-14,415.7113
1996-05-15,429.7683
1996-05-16,433.094
1996-05-17,448.1254
1996-05-20,447.1754
1996-05-21,418.8452
1996-05-22,423.3949
1996-05-23,404.5596
1996-05-24,402.9002
1996-05-27,400.1325
1996-05-28,404.848
1996-05-29,411.6166
1996-05-30,402.9589
1996-05-31,410.5822
1996-06-03,413.6484
1996-06-04,420.2317
1996-06-05,439.7454
1996-06-06,438.9309
1996-06-07,450.9806
1996-06-10,463.1933
1996-06-11,459.812
1996-06-12,466.5096
1996-06-13,477.2049
1996-06-14,474.4936
1996-06-17,461.6617
1996-06-18,480.2335
1996-06-19,484.798
1996-06-20,488.1587
1996-06-21,490.1177
1996-06-24,495.5787
1996-06-25,488.824
1996-06-26,498.6164
1996-06-27,499.956
1996-06-28,494.2334
1996-07-01,469.7313
1996-07-02,472.8159
1996-07-03,488.5679
1996-07-04,495.8409
1996-07-05,500.1787
1996-07-08,515.5461
1996-07-09,523.7926
1996-07-10,532.6855
1996-07-11,514.4312
1996-07-12,528.5248
1996-07-15,528.671
1996-07-16,551.1086
1996-07-17,540.062
1996-07-18,555.9415
1996-07-19,573.2111
1996-07-22,590.3126
1996-07-23,589.7351
1996-07-24,602.5543
1996-07-25,589.6427
1996-07-26,577.6459
1996-07-29,599.4396
1996-07-30,590.223
1996-07-31,576.6483
1996-08-01,581.8546
1996-08-02,574.7438
1996-08-05,585.8982
1996-08-06,591.0231
1996-08-07,597.6593
1996-08-08,602.0119
1996-08-09,602.5965
1996-08-12,612.6841
1996-08-13,607.172
1996-08-14,604.5627
1996-08-15,598.3155
1996-08-16,590.4686
1996-08-19,578.0661
1996-08-20,561.8581
1996-08-21,577.6727
1996-08-22,563.6971
1996-08-23,553.6593
1996-08-26,530.0763
1996-08-27,542.2832
1996-08-28,556.5402
1996-08-29,559.6638
1996-08-30,579.8308
1996-09-02,589.2951
1996-09-03,587.3564
1996-09-04,600.1284
1996-09-05,587.5488
1996-09-06,582.6273
1996-09-09,578.0481
1996-09-10,551.9935
1996-09-11,558.3788
1996-09-12,542.6639
1996-09-13,557.0981
1996-09-16,561.2434
1996-09-17,567.3163
1996-09-18,547.9015
1996-09-19,554.9622
1996-09-20,573.0436
1996-09-23,593.1708
1996-09-24,597.1324
1996-09-25,590.4427
1996-09-26,600.9218
1996-09-27,613.2468
1996-10-03,612.7503
1996-10-04,613.4623
1996-10-07,622.6458
1996-10-08,634.1495
1996-10-09,625.4848
1996-10-10,645.2751
1996-10-11,648.9275
1996-10-14,668.1093
1996-10-15,675.3464
1996-10-16,677.4395
1996-10-17,700.4295
1996-10-18,675.409
1996-10-21,699.8816
1996-10-22,690.3744
1996-10-23,714.2575
1996-10-24,717.7409
1996-10-25,722.3311
1996-10-28,742.118
1996-10-29,740.3756
1996-10-30,715.2603
1996-10-31,737.1904
1996-11-01,705.37
1996-11-04,717.9939
1996-11-05,709.4721
1996-11-06,698.085
1996-11-07,701.226
1996-11-08,702.4301
1996-11-11,723.56
1996-11-12,732.306
1996-11-13,739.2808
1996-11-14,752.0172
1996-11-15,756.5881
1996-11-18,786.7071
1996-11-19,802.205
1996-11-20,816.0211
1996-11-21,760.693
1996-11-22,778.6686
1996-11-25,798.3891
1996-11-26,791.3774
1996-11-27,792.1429
1996-11-28,799.0346
1996-11-29,817.4471
1996-12-02,852.1822
1996-12-03,861.2238
1996-12-04,892.2305
1996-12-05,914.2134
1996-12-06,917.0634
1996-12-09,944.304
1996-12-10,939.987
1996-12-11,961.1427
1996-12-12,921.6391
1996-12-13,871.1106
1996-12-16,784.0126
1996-12-17,707.2512
1996-12-18,748.7558
1996-12-19,688.3904
1996-12-20,653.4701
1996-12-23,656.1886
1996-12-24,621.4437
1996-12-25,642.9225
1996-12-26,660.0482
1996-12-27,686.5098
1996-12-30,709.5457
1996-12-31,687.4164
1997-01-02,698.1933
1997-01-03,680.3685
1997-01-06,651.0607
1997-01-07,673.957
1997-01-08,671.2652
1997-01-09,680.7531
1997-01-10,689.9841
1997-01-13,704.5783
1997-01-14,687.5003
1997-01-15,693.9741
1997-01-16,693.9033
1997-01-17,699.2883
1997-01-20,707.4145
1997-01-21,704.4541
1997-01-22,716.1656
1997-01-23,723.5106
1997-01-24,727.3321
1997-01-27,735.9952
1997-01-28,734.5608
1997-01-29,735.4957
1997-01-30,735.8496
1997-01-31,737.5361
1997-02-17,746.1057
1997-02-18,676.2034
1997-02-19,720.2993
1997-02-20,710.6177
1997-02-21,737.4669
1997-02-24,739.7038
1997-02-25,749.9448
1997-02-26,764.9765
1997-02-27,766.2813
1997-02-28,775.2106
1997-03-03,799.1542
1997-03-04,799.6647
1997-03-05,785.7206
1997-03-06,801.579
1997-03-07,801.9696
1997-03-10,817.1031
1997-03-11,831.5629
1997-03-12,843.1115
1997-03-13,836.2413
1997-03-14,846.1315
1997-03-17,863.688
1997-03-18,867.6126
1997-03-19,872.7836
1997-03-20,846.6912
1997-03-21,874.1014
1997-03-24,889.1863
1997-03-25,892.6416
1997-03-26,905.6964
1997-03-27,904.0719
1997-03-28,897.8731
1997-03-31,921.2515
1997-04-01,924.402
1997-04-02,919.3026
1997-04-03,925.4539
1997-04-04,935.1471
1997-04-07,945.1915
1997-04-08,924.9387
1997-04-09,951.3494
1997-04-10,944.8425
1997-04-11,936.3449
1997-04-14,954.1487
1997-04-15,957.8516
1997-04-16,959.1533
1997-04-17,957.9787
1997-04-18,964.5247
1997-04-21,981.4888
1997-04-22,987.4407
1997-04-23,996.8695
1997-04-24,1002.2047
1997-04-25,1005.5002
1997-04-28,1009.1887
1997-04-29,1005.9245
1997-04-30,1017.2053
1997-05-05,1050.2115
1997-05-06,1076.29
1997-05-07,1088.1467
1997-05-08,1027.389
1997-05-09,1072.5908
1997-05-12,1104.0071
1997-05-13,1076.823
1997-05-14,1018.504
1997-05-15,1049.7475
1997-05-16,961.0066
1997-05-19,975.7319
1997-05-20,999.3653
1997-05-21,967.6123
1997-05-22,877.3479
1997-05-23,885.5822
1997-05-26,885.9977
1997-05-27,914.1721
1997-05-28,907.4649
1997-05-29,904.4991
1997-05-30,923.015
1997-06-02,967.3415
1997-06-03,971.9154
1997-06-04,980.9826
1997-06-05,979.0923
1997-06-06,913.6465
1997-06-09,917.3858
1997-06-10,884.1009
1997-06-11,866.9166
1997-06-12,862.7212
1997-06-13,895.5458
1997-06-16,913.1363
1997-06-17,897.1252
1997-06-18,885.7489
1997-06-19,873.9803
1997-06-20,922.9259
1997-06-23,917.2582
1997-06-24,938.196
1997-06-25,938.7575
1997-06-26,930.4765
1997-06-27,907.4984
1997-07-02,875.4307
1997-07-03,835.6541
1997-07-04,839.6443
1997-07-07,782.7973
1997-07-08,793.0362
1997-07-09,801.0717
1997-07-10,794.0202
1997-07-11,829.7007
1997-07-14,855.8993
1997-07-15,860.6598
1997-07-16,853.888
1997-07-17,861.5081
1997-07-18,872.472
1997-07-21,864.1778
1997-07-22,876.2078
1997-07-23,870.9931
1997-07-24,851.4905
1997-07-25,848.6022
1997-07-28,824.0519
1997-07-29,830.0124
1997-07-30,851.1256
1997-07-31,852.5755
1997-08-01,857.2282
1997-08-04,867.4582
1997-08-05,865.1664
1997-08-06,845.0048
1997-08-07,858.8906
1997-08-08,852.7992
1997-08-11,834.6517
1997-08-12,808.5506
1997-08-13,789.0755
1997-08-14,816.8731
1997-08-15,800.0797
1997-08-18,784.1479
1997-08-19,784.076
1997-08-20,793.4573
1997-08-21,810.0443
1997-08-22,818.8682
1997-08-25,826.6051
1997-08-26,833.093
1997-08-27,838.328
1997-08-28,838.8944
1997-08-29,839.3289
1997-09-01,844.2149
1997-09-02,846.2196
1997-09-03,857.3847
1997-09-04,864.7842
1997-09-05,863.4152
1997-09-08,864.9274
1997-09-09,847.8327
1997-09-10,859.6979
1997-09-11,850.1153
1997-09-12,829.0205
1997-09-15,806.8464
1997-09-16,812.9805
1997-09-17,800.7157
1997-09-18,807.239
1997-09-19,816.3949
1997-09-22,760.5988
1997-09-23,710.48
1997-09-24,756.9301
1997-09-25,765.3391
1997-09-26,760.3585
1997-09-29,739.4072
1997-09-30,750.2291
1997-10-06,751.2099
1997-10-07,753.1086
1997-10-08,776.2254
1997-10-09,770.3558
1997-10-10,778.4776
1997-10-13,772.6436
1997-10-14,770.1202
1997-10-15,779.1167
1997-10-16,801.206
1997-10-17,821.4753
1997-10-20,834.8728
1997-10-21,845.2581
1997-10-22,828.4782
1997-10-23,835.3948
1997-10-24,849.5698
1997-10-27,875.2855
1997-10-28,839.3388
1997-10-29,857.8818
1997-10-30,851.9603
1997-10-31,858.9883
1997-11-03,859.7791
1997-11-04,864.1739
1997-11-05,875.2048
1997-11-06,866.6158
1997-11-07,879.6806
1997-11-10,867.8595
1997-11-11,866.4187
1997-11-12,852.0861
1997-11-13,863.5423
1997-11-14,861.4426
1997-11-17,856.2087
1997-11-18,847.2596
1997-11-19,844.7761
1997-11-20,838.5489
1997-11-21,824.7593
1997-11-24,804.6274
1997-11-25,808.0576
1997-11-26,819.5676
1997-11-27,798.765
1997-11-28,818.3222
1997-12-01,811.1035
1997-12-02,809.7397
1997-12-03,806.0866
1997-12-04,824.001
1997-12-05,822.0348
1997-12-08,824.775
1997-12-09,834.6186
1997-12-10,838.3999
1997-12-11,837.7325
1997-12-12,833.9872
1997-12-15,847.2806
1997-12-16,855.0042
1997-12-17,830.447
1997-12-18,832.9965
1997-12-19,838.5325
1997-12-22,848.5714
1997-12-23,852.0041
1997-12-24,853.3972
1997-12-25,862.9154
1997-12-26,871.1117
1997-12-29,868.571
1997-12-30,863.3547
1997-12-31,873.689
1998-01-05,895.3364
1998-01-06,905.6244
1998-01-07,916.0294
1998-01-08,913.9786
1998-01-09,915.0652
1998-01-12,908.8065
1998-01-13,860.1206
1998-01-14,886.7726
1998-01-15,900.4971
1998-01-16,895.7186
1998-01-19,894.364
1998-01-20,883.4955
1998-01-21,877.0413
1998-01-22,883.2716
1998-01-23,894.8004
1998-02-09,911.2704
1998-02-10,901.6576
1998-02-11,909.1937
1998-02-12,905.1063
1998-02-13,907.1959
1998-02-16,903.1033
1998-02-17,904.2624
1998-02-18,897.3382
1998-02-19,898.0933
1998-02-20,891.921
1998-02-23,880.6001
1998-02-24,875.4522
1998-02-25,864.7942
1998-02-26,875.3436
1998-02-27,869.5439
1998-03-02,843.7467
1998-03-03,855.0335
1998-03-04,861.3388
1998-03-05,858.9068
1998-03-06,858.8816
1998-03-09,854.6798
1998-03-10,855.2484
1998-03-11,848.4252
1998-03-12,841.9571
1998-03-13,848.1334
1998-03-16,856.7878
1998-03-17,869.0712
1998-03-18,862.077
1998-03-19,856.6458
1998-03-20,856.0833
1998-03-23,851.9516
1998-03-24,860.8783
1998-03-25,858.5143
1998-03-26,853.8565
1998-03-27,873.4098
1998-03-30,893.6518
1998-03-31,889.7126
1998-04-01,896.6392
1998-04-02,905.6757
1998-04-03,915.6778
1998-04-06,930.4574
1998-04-07,929.6483
1998-04-08,942.8914
1998-04-09,930.6702
1998-04-10,946.0514
1998-04-13,954.601
1998-04-14,950.3089
1998-04-15,961.223
1998-04-16,954.7835
1998-04-17,939.888
1998-04-20,937.5239
1998-04-21,944.6298
1998-04-22,964.5407
1998-04-23,959.3756
1998-04-24,954.1271
1998-04-27,953.0701
1998-04-28,971.7689
1998-04-29,972.2366
1998-04-30,980.8847
1998-05-04,994.7896
1998-05-05,998.2081
1998-05-06,995.3694
1998-05-07,976.2187
1998-05-08,996.3526
1998-05-11,988.7729
1998-05-12,985.8439
1998-05-13,998.7299
1998-05-14,996.9465
1998-05-15,997.4451
1998-05-18,999.6659
1998-05-19,996.9705
1998-05-20,991.6994
1998-05-21,1001.0902
1998-05-22,1008.3513
1998-05-25,1016.7888
1998-05-26,1018.7463
1998-05-27,1026.0508
1998-05-28,1022.6415
1998-05-29,1032.9354
1998-06-01,1040.9229
1998-06-02,1038.4894
1998-06-03,1042.6292
1998-06-04,1034.549
1998-06-05,1034.4005
1998-06-08,1033.6561
1998-06-09,1006.7271
1998-06-10,1010.1322
1998-06-11,989.9602
1998-06-12,1018.7959
1998-06-15,1003.6812
1998-06-16,994.9027
1998-06-17,992.7159
1998-06-18,1006.8493
1998-06-19,1023.3412
1998-06-22,1030.1553
1998-06-23,1030.9389
1998-06-24,1033.8808
1998-06-25,1018.1831
1998-06-26,1018.2637
1998-06-29,998.273
1998-06-30,981.9096
1998-07-01,966.6466
1998-07-02,980.9899
1998-07-03,982.965
1998-07-06,964.4333
1998-07-07,970.0829
1998-07-08,980.8326
1998-07-09,982.6251
1998-07-10,998.3077
1998-07-13,998.1916
1998-07-14,979.6354
1998-07-15,980.4426
1998-07-16,971.6125
1998-07-17,962.8638
1998-07-20,942.1729
1998-07-21,964.3388
1998-07-22,953.0257
1998-07-23,965.814
1998-07-24,976.022
1998-07-27,973.3107
1998-07-28,971.4128
1998-07-29,965.0745
1998-07-30,965.8461
1998-07-31,968.6191
1998-08-03,958.402
1998-08-04,951.1634
1998-08-05,961.895
1998-08-06,953.2951
1998-08-07,935.6109
1998-08-10,908.0699
1998-08-11,890.7887
1998-08-12,877.6507
1998-08-13,889.0133
1998-08-14,860.4621
1998-08-17,790.0736
1998-08-18,788.0353
1998-08-19,831.3476
1998-08-20,851.9947
1998-08-21,869.4211
1998-08-24,870.9722
1998-08-25,871.873
1998-08-26,860.4836
1998-08-27,845.906
1998-08-28,835.6415
1998-08-31,851.643
1998-09-01,843.1967
1998-09-02,839.4906
1998-09-03,847.4225
1998-09-04,859.542
1998-09-07,872.5542
1998-09-08,865.5985
1998-09-09,884.0522
1998-09-10,901.334
1998-09-11,904.0093
1998-09-14,921.2767
1998-09-15,913.5608
1998-09-16,925.305
1998-09-17,911.01
1998-09-18,893.0168
1998-09-21,905.5313
1998-09-22,903.9685
1998-09-23,908.5631
1998-09-24,886.6231
1998-09-25,901.3026
1998-09-28,904.5356
1998-09-29,905.9524
1998-09-30,914.8871
1998-10-05,911.4504
1998-10-06,896.0294
1998-10-07,891.8057
1998-10-08,903.3121
1998-10-09,906.1503
1998-10-12,909.828
1998-10-13,911.1789
1998-10-14,909.9207
1998-10-15,918.8631
1998-10-16,921.2091
1998-10-19,924.1948
1998-10-20,919.6477
1998-10-21,891.4004
1998-10-22,897.8747
1998-10-23,899.0362
1998-10-26,893.039
1998-10-27,898.9466
1998-10-28,907.9612
1998-10-29,903.9777
1998-10-30,906.0503
1998-11-02,912.6554
1998-11-03,920.9082
1998-11-04,919.8435
1998-11-05,931.641
1998-11-06,937.4322
1998-11-09,954.7338
1998-11-10,956.8208
1998-11-11,957.4852
1998-11-12,954.3535
1998-11-13,954.6942
1998-11-16,965.7693
1998-11-17,963.1369
1998-11-18,959.2156
1998-11-19,952.3321
1998-11-20,952.2219
1998-11-23,949.4676
1998-11-24,952.3175
1998-11-25,939.9169
1998-11-26,931.0415
1998-11-27,924.4826
1998-11-30,925.8596
1998-12-01,915.8908
1998-12-02,918.6777
1998-12-03,913.0735
1998-12-04,903.2211
1998-12-07,896.3353
1998-12-08,904.7265
1998-12-09,904.7514
1998-12-10,889.4108
1998-12-11,897.4287
1998-12-14,882.5835
1998-12-15,883.3981
1998-12-16,874.0783
1998-12-17,857.2435
1998-12-18,855.1733
1998-12-21,855.5539
1998-12-22,880.5282
1998-12-23,870.9205
1998-12-24,868.0475
1998-12-25,869.6504
1998-12-28,858.0821
1998-12-29,844.0306
1998-12-30,848.4269
1998-12-31,847.8614
1999-01-04,831.4865
1999-01-05,827.5537
1999-01-06,837.3947
1999-01-07,841.1578
1999-01-08,864.9386
1999-01-11,867.4089
1999-01-12,857.3161
1999-01-13,850.7798
1999-01-14,850.2495
1999-01-15,841.8386
1999-01-18,855.8097
1999-01-19,860.9161
1999-01-20,855.4618
1999-01-21,861.9683
1999-01-22,863.4023
1999-01-25,852.0646
1999-01-26,844.8688
1999-01-27,851.551
1999-01-28,846.646
1999-01-29,844.1814
1999-02-01,835.484
1999-02-02,839.352
1999-02-03,831.9682
1999-02-04,820.0217
1999-02-05,802.351
1999-02-08,789.4334
1999-02-09,807.9733
1999-03-01,815.1713
1999-03-02,816.1348
1999-03-03,836.2886
1999-03-04,837.369
1999-03-05,842.4152
1999-03-08,849.2773
1999-03-09,846.6984
1999-03-10,844.4416
1999-03-11,857.8664
1999-03-12,862.34
1999-03-15,866.411
1999-03-16,867.0983
1999-03-17,860.7922
1999-03-18,854.5717
1999-03-19,870.1123
1999-03-22,869.5558
1999-03-23,869.4916
1999-03-24,868.251
1999-03-25,858.392
1999-03-26,861.1838
1999-03-29,867.6747
1999-03-30,858.2977
1999-03-31,860.4095
1999-04-01,865.2605
1999-04-02,874.5444
1999-04-05,881.5797
1999-04-06,883.753
1999-04-07,884.6853
1999-04-08,883.9156
1999-04-09,881.227
1999-04-12,872.1138
1999-04-13,863.092
1999-04-14,866.8806
1999-04-15,855.6727
1999-04-16,852.5774
1999-04-19,850.2693
1999-04-20,857.5549
1999-04-21,840.9989
1999-04-22,836.4937
1999-04-23,842.3857
1999-04-26,825.1546
1999-04-27,809.3868
1999-04-28,808.3175
1999-04-29,824.8923
1999-04-30,829.1702
1999-05-04,823.2232
1999-05-05,825.1385
1999-05-06,833.3584
1999-05-07,824.9019
1999-05-10,788.7689
1999-05-11,804.8407
1999-05-12,805.6514
1999-05-13,797.094
1999-05-14,776.8389
1999-05-17,774.8387
1999-05-18,770.6461
1999-05-19,807.5152
1999-05-20,833.4895
1999-05-21,844.1912
1999-05-24,877.4645
1999-05-25,868.3154
1999-05-26,892.4425
1999-05-27,925.8665
1999-05-28,921.2335
1999-05-31,923.2383
1999-06-01,945.1054
1999-06-02,932.4033
1999-06-03,918.0245
1999-06-04,933.0008
1999-06-07,961.8058
1999-06-08,966.5692
1999-06-09,978.1187
1999-06-10,988.6881
1999-06-11,995.9462
1999-06-14,1034.5359
1999-06-15,999.217
1999-06-16,1053.3567
1999-06-17,1086.6019
1999-06-18,1090.8999
1999-06-21,1128.9357
1999-06-22,1145.1333
1999-06-23,1177.2062
1999-06-24,1217.1694
1999-06-25,1176.9605
1999-06-28,1254.0596
1999-06-29,1289.8701
1999-06-30,1254.2987
1999-07-01,1157.0526
1999-07-02,1199.2199
1999-07-05,1172.8237
1999-07-06,1124.0009
1999-07-07,1164.4693
1999-07-08,1172.8324
1999-07-09,1178.4429
1999-07-12,1160.3079
1999-07-13,1128.5461
1999-07-14,1157.0095
1999-07-15,1149.1091
1999-07-16,1123.1881
1999-07-19,1087.5101
1999-07-20,1162.4315
1999-07-21,1184.4898
1999-07-22,1137.5345
1999-07-23,1160.9473
1999-07-26,1172.1425
1999-07-27,1166.4789
1999-07-28,1173.144
1999-07-29,1172.2867
1999-07-30,1175.1892
1999-08-02,1188.2931
1999-08-03,1193.348
1999-08-04,1207.2635
1999-08-05,1208.8199
1999-08-06,1202.7232
1999-08-09,1191.3055
1999-08-10,1171.9237
1999-08-11,1156.9537
1999-08-12,1150.571
1999-08-13,1146.819
1999-08-16,1134.89
1999-08-17,1146.7628
1999-08-18,1148.0135
1999-08-19,1190.6608
1999-08-20,1184.5132
1999-08-23,1192.8978
1999-08-24,1196.3759
1999-08-25,1180.3586
1999-08-26,1187.934
1999-08-27,1187.91
1999-08-30,1178.5628
1999-08-31,1184.3407
1999-09-01,1163.9584
1999-09-02,1173.3539
1999-09-03,1157.8263
1999-09-06,1140.8801
1999-09-07,1143.1246
1999-09-08,1150.2572
1999-09-09,1222.1796
1999-09-10,1212.7915
1999-09-13,1221.0799
1999-09-14,1222.4128
1999-09-15,1213.5607
1999-09-16,1201.9398
1999-09-17,1203.6043
1999-09-20,1192.0478
1999-09-21,1187.4193
1999-09-22,1182.9346
1999-09-23,1173.8942
1999-09-24,1184.4785
1999-09-27,1172.876
1999-09-28,1165.079
1999-09-29,1161.5125
1999-09-30,1153.7852
1999-10-08,1130.123
1999-10-11,1122.1928
1999-10-12,1132.2617
1999-10-13,1110.6968
1999-10-14,1107.887
1999-10-15,1133.2175
1999-10-18,1102.5108
1999-10-19,1078.0629
1999-10-20,1087.4508
1999-10-21,1065.0247
1999-10-22,1094.8048
1999-10-25,1074.4797
1999-10-26,1086.3335
1999-10-27,1124.4666
1999-10-28,1106.6475
1999-10-29,1100.243
1999-11-01,1090.4228
1999-11-02,1088.3887
1999-11-03,1081.713
1999-11-04,1072.0381
1999-11-05,1072.9882
1999-11-08,1080.5233
1999-11-09,1075.1766
1999-11-10,1064.577
1999-11-11,1059.6964
1999-11-12,1063.0504
1999-11-15,1062.9743
1999-11-16,1049.0152
1999-11-17,1069.8001
1999-11-18,1085.9594
1999-11-19,1075.3417
1999-11-22,1071.3175
1999-11-23,1074.4114
1999-11-24,1066.3536
1999-11-25,1058.6901
1999-11-26,1060.2042
1999-11-29,1052.391
1999-11-30,1052.2956
1999-12-01,1061.8649
1999-12-02,1052.8716
1999-12-03,1053.1678
1999-12-06,1046.248
1999-12-07,1047.2343
1999-12-08,1043.6382
1999-12-09,1038.2426
1999-12-10,1049.0681
1999-12-13,1039.0168
1999-12-14,1044.0227
1999-12-15,1065.1638
1999-12-16,1052.86
1999-12-17,1040.9901
1999-12-21,1023.4392
1999-12-22,1017.7685
1999-12-23,1003.9205
1999-12-24,993.1578
1999-12-27,984.7832
1999-12-28,986.299
1999-12-29,992.9808
1999-12-30,1000.0
2000-01-04,1031.0334
2000-01-05,1034.4385
2000-01-06,1076.512
2000-01-07,1117.7781
2000-01-10,1141.0309
2000-01-11,1094.0657
2000-01-12,1063.9691
2000-01-13,1054.8306
2000-01-14,1043.9373
2000-01-17,1063.1093
2000-01-18,1059.6564
2000-01-19,1073.338
2000-01-20,1093.3896
2000-01-21,1097.0056
2000-01-24,1112.8699
2000-01-25,1112.1801
2000-01-26,1115.3381
2000-01-27,1137.1398
2000-01-28,1160.7866
2000-02-14,1267.0005
2000-02-15,1274.366
2000-02-16,1299.8452
2000-02-17,1254.2257
2000-02-18,1278.2688
2000-02-21,1283.8209
2000-02-22,1244.7061
2000-02-23,1211.0757
2000-02-24,1245.9312
2000-02-25,1245.041
2000-02-28,1301.921
2000-02-29,1302.4944
2000-03-01,1294.0676
2000-03-02,1303.7797
2000-03-03,1320.5502
2000-03-06,1268.9557
2000-03-07,1282.6132
2000-03-08,1306.908
2000-03-09,1308.3369
2000-03-10,1288.4755
2000-03-13,1307.5542
2000-03-14,1280.2363
2000-03-15,1282.1814
2000-03-16,1222.7023
2000-03-17,1265.1215
2000-03-20,1298.3022
2000-03-21,1306.0769
2000-03-22,1316.9366
2000-03-23,1338.7692
2000-03-24,1326.7676
2000-03-27,1364.6021
2000-03-28,1374.4874
2000-03-29,1369.8459
2000-03-30,1385.6642
2000-03-31,1374.5922
2000-04-03,1369.9509
2000-04-04,1340.6232
2000-04-05,1350.8722
2000-04-06,1379.5936
2000-04-07,1388.7667
2000-04-10,1394.9999
2000-04-11,1392.6908
2000-04-12,1380.1996
2000-04-13,1394.2877
2000-04-14,1393.5044
2000-04-17,1363.0231
2000-04-18,1376.2507
2000-04-19,1387.5912
2000-04-20,1397.1631
2000-04-21,1391.4574
2000-04-24,1385.1182
2000-04-25,1382.8702
2000-04-26,1383.5638
2000-04-27,1366.7716
2000-04-28,1392.4219
2000-05-08,1393.1606
2000-05-09,1370.6808
2000-05-10,1328.8127
2000-05-11,1304.9434
2000-05-12,1303.2124
2000-05-15,1288.7649
2000-05-16,1305.5686
2000-05-17,1306.3499
2000-05-18,1333.5675
2000-05-19,1350.9983
2000-05-22,1385.4248
2000-05-23,1387.741
2000-05-24,1405.7212
2000-05-25,1425.3867
2000-05-26,1425.0851
2000-05-29,1437.5493
2000-05-30,1422.4482
2000-05-31,1432.0217
2000-06-01,1439.6278
2000-06-02,1447.9105
2000-06-05,1436.5463
2000-06-06,1458.7673
2000-06-07,1464.1462
2000-06-08,1454.8394
2000-06-09,1437.1022
2000-06-12,1444.0747
2000-06-13,1461.8276
2000-06-14,1457.0173
2000-06-15,1464.7439
2000-06-16,1453.9103
2000-06-19,1448.5377
2000-06-20,1437.2247
2000-06-21,1453.9226
2000-06-22,1455.1603
2000-06-23,1473.0182
2000-06-26,1483.3151
2000-06-27,1479.8837
2000-06-28,1483.5626
2000-06-29,1477.5852
2000-06-30,1469.6134
2000-07-03,1444.7495
2000-07-04,1455.7605
2000-07-05,1455.3816
2000-07-06,1450.6716
2000-07-07,1470.6003
2000-07-10,1481.0701
2000-07-11,1491.5931
2000-07-12,1497.7692
2000-07-13,1500.505
2000-07-14,1505.5939
2000-07-17,1497.231
2000-07-18,1507.2089
2000-07-19,1509.7281
2000-07-20,1506.1396
2000-07-21,1509.2976
2000-07-24,1503.101
2000-07-25,1508.3656
2000-07-26,1519.8481
2000-07-27,1520.9832
2000-07-28,1523.7054
2000-07-31,1531.7493
2000-08-01,1535.0112
2000-08-02,1536.3683
2000-08-03,1540.6825
2000-08-04,1531.2111
2000-08-07,1539.6453
2000-08-08,1548.9148
2000-08-09,1556.9027
2000-08-10,1558.7839
2000-08-11,1556.8708
2000-08-14,1566.3159
2000-08-15,1565.9863
2000-08-16,1569.9673
2000-08-17,1572.0542
2000-08-18,1573.2103
2000-08-21,1584.0088
2000-08-22,1557.5859
2000-08-23,1546.1652
2000-08-24,1556.6084
2000-08-25,1569.1749
2000-08-28,1580.3035
2000-08-29,1583.9795
2000-08-30,1563.9611
2000-08-31,1523.345
2000-09-01,1508.9531
2000-09-04,1519.4006
2000-09-05,1487.7611
2000-09-06,1460.7997
2000-09-07,1479.1904
2000-09-08,1485.8621
2000-09-11,1495.3767
2000-09-12,1504.2915
2000-09-13,1512.1548
2000-09-14,1505.4216
2000-09-15,1505.0284
2000-09-18,1482.1353
2000-09-19,1448.1846
2000-09-20,1462.5988
2000-09-21,1451.3137
2000-09-22,1438.6368
2000-09-25,1426.4089
2000-09-26,1436.2233
2000-09-27,1455.0105
2000-09-28,1436.4691
2000-09-29,1454.0651
2000-10-09,1461.1738
2000-10-10,1481.884
2000-10-11,1475.5121
2000-10-12,1470.6191
2000-10-13,1465.2292
2000-10-16,1453.838
2000-10-17,1459.1267
2000-10-18,1470.8116
2000-10-19,1461.8687
2000-10-20,1486.0022
2000-10-23,1496.999
2000-10-24,1497.1649
2000-10-25,1507.8518
2000-10-26,1498.5084
2000-10-27,1500.9073
2000-10-30,1503.942
2000-10-31,1494.1196
2000-11-01,1505.8527
2000-11-02,1511.0093
2000-11-03,1508.4194
2000-11-06,1514.9185
2000-11-07,1518.5044
2000-11-08,1528.8654
2000-11-09,1543.58
2000-11-10,1553.2932
2000-11-13,1571.0807
2000-11-14,1581.4507
2000-11-15,1579.7418
2000-11-16,1591.1483
2000-11-17,1586.8239
2000-11-20,1592.8982
2000-11-21,1589.9491
2000-11-22,1606.5354
2000-11-23,1611.772
2000-11-24,1561.0181
2000-11-27,1560.2847
2000-11-28,1582.5627
2000-11-29,1572.7103
2000-11-30,1574.306
2000-12-01,1582.4779
2000-12-04,1592.022
2000-12-05,1589.756
2000-12-06,1573.4491
2000-12-07,1567.4087
2000-12-08,1569.0063
2000-12-11,1546.3634
2000-12-12,1559.4829
2000-12-13,1559.969
2000-12-14,1556.3136
2000-12-15,1549.4541
2000-12-18,1554.0419
2000-12-19,1555.4531
2000-12-20,1572.1864
2000-12-21,1573.5796
2000-12-22,1566.7262
2000-12-25,1563.0868
2000-12-26,1570.1465
2000-12-27,1556.6063
2000-12-28,1555.8845
2000-12-29,1571.3948
2001-01-02,1594.7096
2001-01-03,1608.9104
2001-01-04,1603.0493
2001-01-05,1608.7773
2001-01-08,1588.9363
2001-01-09,1586.3975
2001-01-10,1604.1245
2001-01-11,1599.4
2001-01-12,1587.2042
2001-01-15,1533.7965
2001-01-16,1541.8219
2001-01-17,1533.1083
2001-01-18,1537.3751
2001-01-19,1555.5972
2001-02-05,1513.7465
2001-02-06,1501.8632
2001-02-07,1489.2131
2001-02-08,1449.0416
2001-02-09,1469.8116
2001-02-12,1471.2441
2001-02-13,1473.7051
2001-02-14,1474.2191
2001-02-15,1460.7207
2001-02-16,1457.8601
2001-02-19,1474.1255
2001-02-20,1464.4253
2001-02-21,1428.7019
2001-02-22,1424.2544
2001-02-23,1443.4376
2001-02-26,1460.2087
2001-02-27,1466.3535
2001-02-28,1462.8701
2001-03-01,1469.3046
2001-03-02,1483.4784
2001-03-05,1480.4716
2001-03-06,1481.6111
2001-03-07,1485.4248
2001-03-08,1494.3663
2001-03-09,1503.099
2001-03-12,1505.4829
2001-03-13,1494.4153
2001-03-14,1508.6685
2001-03-15,1512.6005
2001-03-16,1511.6362
2001-03-19,1522.8577
2001-03-20,1531.5354
2001-03-21,1544.0908
2001-03-22,1554.6095
2001-03-23,1531.0023
2001-03-26,1555.9836
2001-03-27,1570.4564
2001-03-28,1571.2057
2001-03-29,1566.9647
2001-03-30,1574.791
2001-04-02,1583.1265
2001-04-03,1579.6183
2001-04-04,1554.4305
2001-04-05,1571.5112
2001-04-06,1568.5972
2001-04-09,1575.6727
2001-04-10,1583.0472
2001-04-11,1584.546
2001-04-12,1586.9905
2001-04-13,1594.4253
2001-04-16,1611.0156
2001-04-17,1615.6962
2001-04-18,1610.1401
2001-04-19,1608.2053
2001-04-20,1592.6708
2001-04-23,1588.7601
2001-04-24,1597.8828
2001-04-25,1566.5818
2001-04-26,1556.7563
2001-04-27,1564.6338
2001-04-30,1567.5632
2001-05-08,1581.4908
2001-05-09,1579.2909
2001-05-10,1587.2831
2001-05-11,1592.8816
2001-05-14,1607.6449
2001-05-15,1614.8188
2001-05-16,1620.6545
2001-05-17,1614.7264
2001-05-18,1622.2255
2001-05-21,1628.6337
2001-05-22,1626.3033
2001-05-23,1616.9608
2001-05-24,1617.0435
2001-05-25,1613.1775
2001-05-28,1602.4513
2001-05-29,1605.3337
2001-05-30,1625.2408
2001-05-31,1626.3224
2001-06-01,1629.9084
2001-06-04,1635.5389
2001-06-05,1640.947
2001-06-06,1643.5735
2001-06-07,1637.6294
2001-06-08,1634.2677
2001-06-11,1632.4655
2001-06-12,1641.3805
2001-06-13,1654.3463
2001-06-14,1625.2988
2001-06-15,1634.0514
2001-06-18,1602.8724
2001-06-19,1606.1755
2001-06-20,1599.4409
2001-06-21,1617.3136
2001-06-22,1629.0829
2001-06-25,1643.9834
2001-06-26,1646.7239
2001-06-27,1644.5417
2001-06-28,1636.6453
2001-06-29,1636.0779
2001-07-02,1627.443
2001-07-03,1630.8989
2001-07-04,1626.1002
2001-07-05,1611.5173
2001-07-06,1603.3546
2001-07-09,1603.8057
2001-07-10,1618.7289
2001-07-11,1603.5613
2001-07-12,1601.4031
2001-07-13,1598.5337
2001-07-16,1587.6993
2001-07-17,1583.153
2001-07-18,1587.7461
2001-07-19,1591.556
2001-07-20,1612.7371
2001-07-23,1607.3843
2001-07-24,1583.6864
2001-07-25,1566.6676
2001-07-26,1548.7611
2001-07-27,1526.7841
2001-07-30,1442.488
2001-07-31,1414.5154
2001-08-01,1465.4088
2001-08-02,1443.8531
2001-08-03,1445.761
2001-08-06,1391.1051
2001-08-07,1409.0942
2001-08-08,1403.5631
2001-08-09,1427.9076
2001-08-10,1449.0746
2001-08-13,1451.5604
2001-08-14,1437.4667
2001-08-15,1444.144
2001-08-16,1424.6519
2001-08-17,1425.585
2001-08-20,1434.5836
2001-08-21,1441.2656
2001-08-22,1417.7291
2001-08-23,1419.3757
2001-08-24,1405.6558
2001-08-27,1359.3385
2001-08-28,1372.2548
2001-08-29,1376.3129
2001-08-30,1366.6031
2001-08-31,1365.171
2001-09-03,1353.3931
2001-09-04,1388.0836
2001-09-05,1391.7144
2001-09-06,1386.603
2001-09-07,1344.4982
2001-09-10,1380.1244
2001-09-11,1382.6818
2001-09-12,1366.673
2001-09-13,1360.5122
2001-09-14,1342.2352
2001-09-17,1315.0966
2001-09-18,1325.3303
2001-09-19,1343.4116
2001-09-20,1338.8834
2001-09-21,1329.1267
2001-09-24,1319.4214
2001-09-25,1317.4275
2001-09-26,1297.7505
2001-09-27,1294.3158
2001-09-28,1292.4841
2001-10-08,1261.095
2001-10-09,1274.0682
2001-10-10,1226.7214
2001-10-11,1190.4843
2001-10-12,1228.1516
2001-10-15,1226.4989
2001-10-16,1204.0912
2001-10-17,1194.687
2001-10-18,1173.6697
2001-10-19,1137.3325
2001-10-22,1100.7728
2001-10-23,1208.0203
2001-10-24,1252.4834
2001-10-25,1220.6576
2001-10-26,1220.0728
2001-10-29,1238.5321
2001-10-30,1225.6909
2001-10-31,1229.7407
2001-11-01,1243.0948
2001-11-02,1231.7822
2001-11-05,1220.4366
2001-11-06,1214.7194
2001-11-07,1152.2024
2001-11-08,1163.9958
2001-11-09,1184.5425
2001-11-12,1177.0946
2001-11-13,1170.9993
2001-11-14,1172.7579
2001-11-15,1174.9392
2001-11-16,1194.3876
2001-11-19,1211.8584
2001-11-20,1235.9642
2001-11-21,1242.5952
2001-11-22,1252.2705
2001-11-23,1248.6836
2001-11-26,1243.5717
2001-11-27,1257.9176
2001-11-28,1269.0017
2001-11-29,1268.3387
2001-11-30,1280.0514
2001-12-03,1291.2067
2001-12-04,1297.2841
2001-12-05,1274.8369
2001-12-06,1282.3689
2001-12-07,1279.6974
2001-12-10,1280.7118
2001-12-11,1266.2173
2001-12-12,1254.2847
2001-12-13,1233.7511
2001-12-14,1223.6334
2001-12-17,1215.7512
2001-12-18,1233.6904
2001-12-19,1221.7988
2001-12-20,1191.1271
2001-12-21,1198.2252
2001-12-24,1174.1034
2001-12-25,1177.1217
2001-12-26,1192.0229
2001-12-27,1186.0214
2001-12-28,1191.9114
2001-12-31,1195.9655
2002-01-04,1172.4143
2002-01-07,1159.0706
2002-01-08,1149.4117
2002-01-09,1128.373
2002-01-10,1138.5033
2002-01-11,1106.8322
2002-01-14,1065.3959
2002-01-15,1044.7494
2002-01-16,1057.2181
2002-01-17,1005.9463
2002-01-18,999.4201
2002-01-21,956.0754
2002-01-22,949.8397
2002-01-23,1015.4988
2002-01-24,1024.6583
2002-01-25,1025.7593
2002-01-28,956.7452
2002-01-29,983.5446
2002-01-30,990.965
2002-01-31,1061.4296
2002-02-01,1058.5637
2002-02-04,1080.0443
2002-02-05,1085.7147
2002-02-06,1057.4211
2002-02-07,1081.3279
2002-02-08,1076.613
2002-02-25,1097.0051
2002-02-26,1099.3324
2002-02-27,1103.2211
2002-02-28,1093.0841
2002-03-01,1075.0428
2002-03-04,1094.6536
2002-03-05,1122.1053
2002-03-06,1132.4258
2002-03-07,1169.0643
2002-03-08,1190.7234
2002-03-11,1214.7362
2002-03-12,1197.0487
2002-03-13,1177.7418
2002-03-14,1212.4818
2002-03-15,1177.8104
2002-03-18,1180.91
2002-03-19,1210.2268
2002-03-20,1223.5598
2002-03-21,1225.8198
2002-03-22,1213.6246
2002-03-25,1219.413
2002-03-26,1199.7758
2002-03-27,1204.9628
2002-03-28,1204.1525
2002-03-29,1167.6301
2002-04-01,1173.0083
2002-04-02,1153.0398
2002-04-03,1158.8754
2002-04-04,1192.1228
2002-04-05,1187.8528
2002-04-08,1190.7006
2002-04-09,1213.2184
2002-04-10,1220.8234
2002-04-11,1200.0334
2002-04-12,1206.5708
2002-04-15,1201.4773
2002-04-16,1198.0089
2002-04-17,1198.7491
2002-04-18,1185.1216
2002-04-19,1188.9738
2002-04-22,1183.5309
2002-04-23,1180.0259
2002-04-24,1168.9137
2002-04-25,1172.8528
2002-04-26,1192.797
2002-04-29,1213.3708
2002-04-30,1215.9514
2002-05-08,1205.7505
2002-05-09,1207.7908
2002-05-10,1198.1726
2002-05-13,1187.0687
2002-05-14,1181.8799
2002-05-15,1169.0724
2002-05-16,1130.1093
2002-05-17,1143.533
2002-05-20,1127.2083
2002-05-21,1165.5377
2002-05-22,1147.8488
2002-05-23,1153.4292
2002-05-24,1136.649
2002-05-27,1141.9471
2002-05-28,1144.35
2002-05-29,1118.9354
2002-05-30,1118.2736
2002-05-31,1111.3063
2002-06-03,1085.351
2002-06-04,1091.2197
2002-06-05,1065.6692
2002-06-06,1112.9949
2002-06-07,1122.0454
2002-06-10,1112.6746
2002-06-11,1122.7493
2002-06-12,1117.4059
2002-06-13,1106.0454
2002-06-14,1091.7837
2002-06-17,1093.9639
2002-06-18,1118.3547
2002-06-19,1105.8997
2002-06-20,1114.1591
2002-06-21,1154.7367
2002-06-24,1261.4189
2002-06-25,1252.2974
2002-06-26,1259.6024
2002-06-27,1260.9703
2002-06-28,1259.2721
2002-07-01,1246.8253
2002-07-02,1257.7897
2002-07-03,1260.4857
2002-07-04,1247.7371
2002-07-05,1253.0756
2002-07-08,1262.6814
2002-07-09,1258.1129
2002-07-10,1237.0175
2002-07-11,1237.2025
2002-07-12,1238.2041
2002-07-15,1229.5521
2002-07-16,1231.4681
2002-07-17,1240.0594
2002-07-18,1242.8352
2002-07-19,1248.7174
2002-07-22,1228.8684
2002-07-23,1224.0424
2002-07-24,1221.4435
2002-07-25,1215.5388
2002-07-26,1211.8878
2002-07-29,1217.988
2002-07-30,1220.1478
2002-07-31,1208.084
2002-08-01,1208.7932
2002-08-02,1213.6754
2002-08-05,1208.8789
2002-08-06,1220.9323
2002-08-07,1218.7058
2002-08-08,1212.2277
2002-08-09,1203.4072
2002-08-12,1194.5427
2002-08-13,1196.1722
2002-08-14,1204.7806
2002-08-15,1195.814
2002-08-16,1203.6591
2002-08-19,1200.4658
2002-08-20,1218.4408
2002-08-21,1220.0792
2002-08-22,1231.1997
2002-08-23,1228.3562
2002-08-26,1219.7146
2002-08-27,1227.9098
2002-08-28,1225.3804
2002-08-29,1216.8899
2002-08-30,1216.9929
2002-09-02,1219.3171
2002-09-03,1223.3921
2002-09-04,1216.2913
2002-09-05,1200.6183
2002-09-06,1193.7271
2002-09-09,1184.6796
2002-09-10,1186.9695
2002-09-11,1183.1799
2002-09-12,1187.4949
2002-09-13,1186.2257
2002-09-16,1168.7007
2002-09-17,1168.4203
2002-09-18,1160.8676
2002-09-19,1181.6416
2002-09-20,1170.0363
2002-09-23,1169.1049
2002-09-24,1163.4547
2002-09-25,1163.4207
2002-09-26,1154.761
2002-09-27,1148.8564
2002-10-08,1137.469
2002-10-09,1115.316
2002-10-10,1110.4766
2002-10-11,1105.5831
2002-10-14,1110.7968
2002-10-15,1106.4435
2002-10-16,1116.1558
2002-10-17,1097.4476
2002-10-18,1101.2748
2002-10-21,1104.8816
2002-10-22,1121.7388
2002-10-23,1123.1455
2002-10-24,1113.2312
2002-10-25,1100.3344
2002-10-28,1085.692
2002-10-29,1092.5109
2002-10-30,1090.7207
2002-10-31,1089.3016
2002-11-01,1090.046
2002-11-04,1106.8153
2002-11-05,1126.369
2002-11-06,1121.72
2002-11-07,1120.4233
2002-11-08,1092.2828
2002-11-11,1080.0099
2002-11-12,1058.9813
2002-11-13,1062.0692
2002-11-14,1039.2164
2002-11-15,1042.803
2002-11-18,1031.5754
2002-11-19,1041.0355
2002-11-20,1012.1712
2002-11-21,982.6779
2002-11-22,985.1014
2002-11-25,988.8174
2002-11-26,966.494
2002-11-27,972.6205
2002-11-28,1001.9786
2002-11-29,1016.131
2002-12-02,985.1205
2002-12-03,996.5539
2002-12-04,1001.2641
2002-12-05,994.8024
2002-12-06,994.6034
2002-12-09,991.0108
2002-12-10,976.9917
2002-12-11,972.9379
2002-12-12,978.6053
2002-12-13,990.3972
2002-12-16,999.2357
2002-12-17,1006.6955
2002-12-18,1001.9673
2002-12-19,1003.9443
2002-12-20,1015.5605
2002-12-23,1016.8801
2002-12-24,1018.3696
2002-12-25,1011.0278
2002-12-26,979.8228
2002-12-27,979.8884
2002-12-30,968.479
2002-12-31,960.7834
2003-01-02,937.4236
2003-01-03,938.2324
2003-01-06,950.498
2003-01-07,948.2632
2003-01-08,974.6976
2003-01-09,993.4863
2003-01-10,983.8417
2003-01-13,986.9403
2003-01-14,1036.8066
2003-01-15,1031.5706
2003-01-16,1050.9056
2003-01-17,1045.3276
2003-01-20,1049.4617
2003-01-21,1029.6388
2003-01-22,1034.593
2003-01-23,1025.7411
2003-01-24,1041.2958
2003-01-27,1054.7506
2003-01-28,1057.8636
2003-01-29,1056.4956
2003-02-10,1043.1133
2003-02-11,1054.426
2003-02-12,1067.3473
2003-02-13,1063.2705
2003-02-14,1067.856
2003-02-17,1059.7974
2003-02-18,1060.1318
2003-02-19,1069.9471
2003-02-20,1068.0491
2003-02-21,1045.4341
2003-02-24,1046.6979
2003-02-25,1068.3007
2003-02-26,1068.9376
2003-02-27,1068.1603
2003-02-28,1067.067
2003-03-03,1075.7025
2003-03-04,1075.3322
2003-03-05,1070.3549
2003-03-06,1055.4984
2003-03-07,1051.8868
2003-03-10,1032.2404
2003-03-11,1032.7836
2003-03-12,1036.6556
2003-03-13,1030.1609
2003-03-14,1031.9346
2003-03-17,1031.2074
2003-03-18,1023.5794
2003-03-19,1026.911
2003-03-20,1022.9062
2003-03-21,1032.4673
2003-03-24,1034.1725
2003-03-25,1022.4627
2003-03-26,1016.7119
2003-03-27,1043.8348
2003-03-28,1039.6257
2003-03-31,1050.9766
2003-04-01,1058.5354
2003-04-02,1057.4067
2003-04-03,1052.7568
2003-04-04,1057.3889
2003-04-07,1049.0719
2003-04-08,1046.8073
2003-04-09,1058.6525
2003-04-10,1066.0687
2003-04-11,1080.5941
2003-04-14,1107.2318
2003-04-15,1118.9713
2003-04-16,1103.4819
2003-04-17,1109.0947
2003-04-18,1105.6659
2003-04-21,1086.7041
2003-04-22,1085.6604
2003-04-23,1069.6493
2003-04-24,1040.851
2003-04-25,1027.4341
2003-04-28,1053.6246
2003-04-29,1034.9413
2003-04-30,1036.5637
2003-05-12,1035.8485
2003-05-13,1002.4786
2003-05-14,1024.8402
2003-05-15,1051.3324
2003-05-16,1051.9491
2003-05-19,1057.3265
2003-05-20,1045.7673
2003-05-21,1045.3069
2003-05-22,1052.4301
2003-05-23,1062.2388
2003-05-26,1069.1407
2003-05-27,1071.8763
2003-05-28,1063.026
2003-05-29,1075.2015
2003-05-30,1082.1107
2003-06-02,1084.5654
2003-06-03,1072.9813
2003-06-04,1076.7008
2003-06-05,1065.0543
2003-06-06,1051.7893
2003-06-09,1040.736
2003-06-10,1047.5189
2003-06-11,1065.028
2003-06-12,1062.932
2003-06-13,1067.3812
2003-06-16,1063.9011
2003-06-17,1060.3684
2003-06-18,1058.8893
2003-06-19,1047.5498
2003-06-20,1042.1453
2003-06-23,1029.9303
2003-06-24,1032.3821
2003-06-25,1024.3314
2003-06-26,1031.1874
2003-06-27,1016.7346
2003-06-30,1009.1769
2003-07-01,1006.5001
2003-07-02,1014.1199
2003-07-03,1017.4983
2003-07-04,1016.2443
2003-07-07,1015.3324
2003-07-08,1023.5074
2003-07-09,1017.2278
2003-07-10,1034.6125
2003-07-11,1032.8705
2003-07-14,1028.3862
2003-07-15,1029.5902
2003-07-16,1032.7028
2003-07-17,1036.6426
2003-07-18,1014.4434
2003-07-21,1003.3922
2003-07-22,1008.0896
2003-07-23,1012.4105
2003-07-24,1004.5585
2003-07-25,993.2859
2003-07-28,987.6214
2003-07-29,992.6992
2003-07-30,992.7812
2003-07-31,992.5798
2003-08-01,993.9757
2003-08-04,1006.3216
2003-08-05,1006.8026
2003-08-06,1003.8497
2003-08-07,1003.6927
2003-08-08,991.9883
2003-08-11,995.3989
2003-08-12,999.7899
2003-08-13,989.0573
2003-08-14,983.863
2003-08-15,982.2344
2003-08-18,979.608
2003-08-19,982.7667
2003-08-20,978.2447
2003-08-21,977.6127
2003-08-22,976.5512
2003-08-25,963.7314
2003-08-26,966.3296
2003-08-27,965.9971
2003-08-28,958.3241
2003-08-29,962.6107
2003-09-01,982.0244
2003-09-02,980.6495
2003-09-03,983.0541
2003-09-04,981.7789
2003-09-05,970.4708
2003-09-08,966.2825
2003-09-09,963.1285
2003-09-10,964.6432
2003-09-11,964.423
2003-09-12,951.7244
2003-09-15,941.3893
2003-09-16,949.4354
2003-09-17,938.4407
2003-09-18,938.4383
2003-09-19,939.6943
2003-09-22,935.8909
2003-09-23,941.7236
2003-09-24,945.0687
2003-09-25,931.8981
2003-09-26,926.7632
2003-09-29,913.1382
2003-09-30,920.2191
2003-10-08,923.4867
2003-10-09,921.2957
2003-10-10,943.4065
2003-10-13,940.6278
2003-10-14,933.0367
2003-10-15,930.1214
2003-10-16,917.4282
2003-10-17,919.2482
2003-10-20,910.7365
2003-10-21,912.4768
2003-10-22,933.2419
2003-10-23,925.3026
2003-10-24,919.6629
2003-10-27,907.5626
2003-10-28,902.8851
2003-10-29,889.7386
2003-10-30,877.6651
2003-10-31,881.7914
2003-11-03,889.8267
2003-11-04,905.1959
2003-11-05,896.6096
2003-11-06,874.3516
2003-11-07,862.0958
2003-11-10,862.7087
2003-11-11,865.3471
2003-11-12,849.2521
2003-11-13,851.7294
2003-11-14,859.5438
2003-11-17,857.1381
2003-11-18,846.2679
2003-11-19,861.1203
2003-11-20,889.4078
2003-11-21,877.0125
2003-11-24,903.8384
2003-11-25,909.9488
2003-11-26,912.7878
2003-11-27,895.6263
2003-11-28,900.5555
2003-12-01,920.7177
2003-12-02,921.8806
2003-12-03,925.5957
2003-12-04,930.7075
2003-12-05,931.8031
2003-12-08,921.5236
2003-12-09,925.0803
2003-12-10,936.1427
2003-12-11,936.8488
2003-12-12,936.0195
2003-12-15,936.8102
2003-12-16,930.4124
2003-12-17,922.8146
2003-12-18,919.4872
2003-12-19,902.5203
2003-12-22,926.2995
2003-12-23,931.9716
2003-12-24,939.5219
2003-12-25,938.4168
2003-12-26,939.5196
2003-12-29,931.2557
2003-12-30,935.4024
2003-12-31,927.2194
2004-01-02,933.7751
2004-01-05,952.0375
2004-01-06,955.8924
2004-01-07,966.0709
2004-01-08,981.7166
2004-01-09,970.5616
2004-01-12,987.6257
2004-01-13,992.5134
2004-01-14,985.1979
2004-01-15,981.4929
2004-01-16,991.2112
2004-01-29,1016.4634
2004-01-30,998.4836
2004-02-02,1021.438
2004-02-03,1034.7931
2004-02-04,1056.8911
2004-02-05,1066.3749
2004-02-06,1055.8755
2004-02-09,1075.9409
2004-02-10,1075.1785
2004-02-11,1074.5818
2004-02-12,1072.678
2004-02-13,1064.0232
2004-02-16,1088.6033
2004-02-17,1098.2509
2004-02-18,1106.4022
2004-02-19,1107.6125
2004-02-20,1112.691
2004-02-23,1089.6716
2004-02-24,1083.1578
2004-02-25,1061.2688
2004-02-26,1059.9437
2004-02-27,1075.1605
2004-03-01,1088.6057
2004-03-02,1087.3561
2004-03-03,1069.663
2004-03-04,1076.3511
2004-03-05,1069.3646
2004-03-08,1045.5005
2004-03-09,1039.6744
2004-03-10,1064.172
2004-03-11,1075.991
2004-03-12,1074.7307
2004-03-15,1097.0383
2004-03-16,1103.4689
2004-03-17,1105.306
2004-03-18,1086.2413
2004-03-19,1103.6024
2004-03-22,1109.7979
2004-03-23,1104.7281
2004-03-24,1102.9966
2004-03-25,1103.3993
2004-03-26,1104.0946
2004-03-29,1095.1223
2004-03-30,1098.0771
2004-03-31,1110.2288
2004-04-01,1119.6094
2004-04-02,1127.564
2004-04-05,1132.2205
2004-04-06,1141.9058
2004-04-07,1140.2356
2004-04-08,1138.1537
2004-04-09,1110.499
2004-04-12,1111.2157
2004-04-13,1105.9286
2004-04-14,1088.4551
2004-04-15,1074.3909
2004-04-16,1079.6982
2004-04-19,1066.9056
2004-04-20,1060.1206
2004-04-21,1052.0306
2004-04-22,1057.6616
2004-04-23,1039.0173
2004-04-26,1036.7633
2004-04-27,1022.6287
2004-04-28,1020.3181
2004-04-29,1000.0876
2004-04-30,1003.2291
2004-05-10,980.164
2004-05-11,983.7913
2004-05-12,1008.717
2004-05-13,1004.9897
2004-05-14,983.5817
2004-05-17,976.0379
2004-05-18,989.1724
2004-05-19,989.9769
2004-05-20,982.2361
2004-05-21,986.8785
2004-05-24,979.0588
2004-05-25,955.3776
2004-05-26,958.1744
2004-05-27,980.3255
2004-05-28,974.9959
2004-05-31,979.1796
2004-06-01,996.9644
2004-06-02,991.4232
2004-06-03,974.8713
2004-06-04,974.7092
2004-06-07,959.9139
2004-06-08,948.2403
2004-06-09,925.6688
2004-06-10,923.0347
2004-06-11,925.5037
2004-06-14,901.7886
2004-06-15,918.4113
2004-06-16,923.2026
2004-06-17,904.5493
2004-06-18,897.1181
2004-06-21,905.6821
2004-06-22,915.3681
2004-06-23,907.438
2004-06-24,900.9066
2004-06-25,880.9239
2004-06-28,865.8176
2004-06-29,874.6747
2004-06-30,866.2393
2004-07-01,894.0948
2004-07-02,894.282
2004-07-05,894.929
2004-07-06,900.0115
2004-07-07,891.0001
2004-07-08,892.8136
2004-07-09,886.8654
2004-07-12,863.36
2004-07-13,865.1896
2004-07-14,861.9044
2004-07-15,871.3823
2004-07-16,896.1028
2004-07-19,897.5959
2004-07-20,891.9902
2004-07-21,891.8555
2004-07-22,869.3342
2004-07-23,873.262
2004-07-26,860.1267
2004-07-27,854.9673
2004-07-28,860.7208
2004-07-29,872.6048
2004-07-30,858.5112
2004-08-02,850.5449
2004-08-03,847.7216
2004-08-04,870.119
2004-08-05,859.365
2004-08-06,857.3569
2004-08-09,857.9724
2004-08-10,861.754
2004-08-11,850.4903
2004-08-12,837.901
2004-08-13,839.4225
2004-08-16,827.4651
2004-08-17,829.376
2004-08-18,826.8165
2004-08-19,813.0518
2004-08-20,813.3557
2004-08-23,804.9854
2004-08-24,818.1097
2004-08-25,814.6212
2004-08-26,808.7375
2004-08-27,800.3525
2004-08-30,801.0503
2004-08-31,816.6146
2004-09-01,803.7953
2004-09-02,812.1947
2004-09-03,811.0329
2004-09-06,809.192
2004-09-07,810.3657
2004-09-08,804.1045
2004-09-09,788.0955
2004-09-10,789.483
2004-09-13,770.8406
2004-09-14,795.5211
2004-09-15,832.0648
2004-09-16,842.7559
2004-09-17,869.7239
2004-09-20,902.1237
2004-09-21,897.522
2004-09-22,880.093
2004-09-23,906.246
2004-09-24,885.1746
2004-09-27,876.059
2004-09-28,882.6001
2004-09-29,872.8311
2004-09-30,858.7334
2004-10-08,881.1714
2004-10-11,880.7683
2004-10-12,864.8397
2004-10-13,866.4911
2004-10-14,823.8705
2004-10-15,821.1107
2004-10-18,825.4417
2004-10-19,826.113
2004-10-20,820.824
2004-10-21,808.1291
2004-10-22,814.9199
2004-10-25,805.7018
2004-10-26,814.926
2004-10-27,827.7211
2004-10-28,824.8369
2004-10-29,809.5546
2004-11-01,800.7214
2004-11-02,798.1223
2004-11-03,814.9969
2004-11-04,797.3484
2004-11-05,797.7928
2004-11-08,799.0864
2004-11-09,802.1956
2004-11-10,833.3126
2004-11-11,829.8235
2004-11-12,832.36
2004-11-15,843.0677
2004-11-16,841.8636
2004-11-17,833.9705
2004-11-18,844.0591
2004-11-19,850.5911
2004-11-22,856.2182
2004-11-23,852.1201
2004-11-24,842.3956
2004-11-25,839.5406
2004-11-26,840.7537
2004-11-29,828.6259
2004-11-30,831.8672
2004-12-01,829.6879
2004-12-02,832.3212
2004-12-03,836.4167
2004-12-06,837.679
2004-12-07,824.6589
2004-12-08,826.9851
2004-12-09,833.4817
2004-12-10,815.5939
2004-12-13,809.5826
2004-12-14,807.1848
2004-12-15,807.7897
2004-12-16,801.2987
2004-12-17,793.0797
2004-12-20,784.2747
2004-12-21,784.7451
2004-12-22,806.5961
2004-12-23,790.6516
2004-12-24,792.2576
2004-12-27,789.7368
2004-12-28,787.252
2004-12-29,782.4398
2004-12-30,780.2972
2004-12-31,773.1392
2005-01-04,760.8923
2005-01-05,770.8937
2005-01-06,763.804
2005-01-07,765.6346
2005-01-10,772.756
2005-01-11,775.2446
2005-01-12,774.7617
2005-01-13,775.9586
2005-01-14,767.3533
2005-01-17,749.7836
2005-01-18,757.6103
2005-01-19,752.702
2005-01-20,742.4964
2005-01-21,758.3659
2005-01-24,772.3148
2005-01-25,769.27
2005-01-26,762.047
2005-01-27,749.8383
2005-01-28,740.1365
2005-01-31,722.1686
2005-02-01,718.0449
2005-02-02,757.0551
2005-02-03,744.495
2005-02-04,759.6613
2005-02-16,766.347
2005-02-17,766.9438
2005-02-18,756.9169
2005-02-21,770.9576
2005-02-22,789.6359
2005-02-23,793.19
2005-02-24,795.1713
2005-02-25,796.163
2005-02-28,793.1298
2005-03-01,792.0468
2005-03-02,780.6848
2005-03-03,784.8849
2005-03-04,780.4458
2005-03-07,784.1156
2005-03-08,799.5666
2005-03-09,800.0078
2005-03-10,780.6124
2005-03-11,784.4788
2005-03-14,784.0196
2005-03-15,772.0835
2005-03-16,764.8879
2005-03-17,756.1348
2005-03-18,742.2451
2005-03-21,743.5502
2005-03-22,725.8207
2005-03-23,722.9268
2005-03-24,728.799
2005-03-25,727.3224
2005-03-28,723.1392
2005-03-29,718.8735
2005-03-30,701.0265
2005-03-31,705.6177
2005-04-01,731.2293
2005-04-04,718.5285
2005-04-05,712.9154
2005-04-06,725.4223
2005-04-07,735.619
2005-04-08,749.4271
2005-04-11,745.7601
2005-04-12,731.778
2005-04-13,749.1295
2005-04-14,738.3685
2005-04-15,724.306
2005-04-18,714.7164
2005-04-19,716.1616
2005-04-20,703.5806
2005-04-21,694.5295
2005-04-22,687.0578
2005-04-25,676.5672
2005-04-26,684.5356
2005-04-27,675.0474
2005-04-28,688.2626
2005-04-29,680.8918
2005-05-09,660.4106
2005-05-10,661.3419
2005-05-11,654.5624
2005-05-12,646.8948
2005-05-13,650.873
2005-05-16,643.7453
2005-05-17,650.1882
2005-05-18,653.4494
2005-05-19,654.0602
2005-05-20,651.4171
2005-05-23,634.4244
2005-05-24,643.2815
2005-05-25,644.4658
2005-05-26,636.4737
2005-05-27,630.7833
2005-05-30,636.2234
2005-05-31,635.5903
2005-06-01,622.2079
2005-06-02,611.5342
2005-06-03,610.0508
2005-06-06,622.1802
2005-06-07,622.45
2005-06-08,671.9514
2005-06-09,678.7079
2005-06-10,664.9754
2005-06-13,665.9595
2005-06-14,655.2735
2005-06-15,640.0897
2005-06-16,647.5517
2005-06-17,646.5076
2005-06-20,665.4869
2005-06-21,659.2256
2005-06-22,661.9747
2005-06-23,655.0383
2005-06-24,658.5102
2005-06-27,675.1333
2005-06-28,663.8092
2005-06-29,659.5975
2005-06-30,642.4275
2005-07-01,621.3968
2005-07-04,614.9314
2005-07-05,610.0602
2005-07-06,606.3083
2005-07-07,608.6869
2005-07-08,593.2064
2005-07-11,587.8992
2005-07-12,608.2916
2005-07-13,603.7576
2005-07-14,605.485
2005-07-15,595.924
2005-07-18,586.0267
2005-07-19,588.5761
2005-07-20,592.9208
2005-07-21,592.6852
2005-07-22,605.0088
2005-07-25,603.4326
2005-07-26,617.582
2005-07-27,631.1923
2005-07-28,629.1041
2005-07-29,626.8582
2005-08-01,631.2424
2005-08-02,641.4282
2005-08-03,646.6387
2005-08-04,642.382
2005-08-05,659.8377
2005-08-08,666.4196
2005-08-09,674.8722
2005-08-10,681.908
2005-08-11,690.8759
2005-08-12,678.6935
2005-08-15,694.2886
2005-08-16,690.598
2005-08-17,700.8595
2005-08-18,675.9126
2005-08-19,676.1777
2005-08-22,682.9694
2005-08-23,675.3734
2005-08-24,682.0909
2005-08-25,686.0458
2005-08-26,687.3648
2005-08-29,680.1545
2005-08-30,677.1633
2005-08-31,688.3007
2005-09-01,701.7678
2005-09-02,705.1279
2005-09-05,712.2372
2005-09-06,697.7255
2005-09-07,713.1033
2005-09-08,714.6599
2005-09-09,709.2733
2005-09-12,711.5652
2005-09-13,724.5463
2005-09-14,730.4042
2005-09-15,731.9054
2005-09-16,731.085
2005-09-19,738.3759
2005-09-20,733.2089
2005-09-21,719.5735
2005-09-22,698.8799
2005-09-23,691.4523
2005-09-26,694.1847
2005-09-27,681.51
2005-09-28,679.565
2005-09-29,691.5354
2005-09-30,691.3957
2005-10-10,682.0607
2005-10-11,694.936
2005-10-12,700.3545
2005-10-13,695.5966
2005-10-14,687.2548
2005-10-17,685.027
2005-10-18,692.5704
2005-10-19,687.7391
2005-10-20,686.9398
2005-10-21,690.8401
2005-10-24,693.0822
2005-10-25,680.9202
2005-10-26,662.8276
2005-10-27,660.304
2005-10-28,648.2381
2005-10-31,653.1937
2005-11-01,649.2798
2005-11-02,660.3421
2005-11-03,654.2693
2005-11-04,658.2361
2005-11-07,660.2268
2005-11-08,664.7399
2005-11-09,662.39
2005-11-10,646.2293
2005-11-11,647.8438
2005-11-14,648.5166
2005-11-15,643.5313
2005-11-16,648.8115
2005-11-17,647.9456
2005-11-18,663.8973
2005-11-21,665.8657
2005-11-22,653.2252
2005-11-23,658.8055
2005-11-24,662.6957
2005-11-25,664.307
2005-11-28,661.2404
2005-11-29,652.7574
2005-11-30,654.5468
2005-12-01,653.5659
2005-12-02,648.0214
2005-12-05,634.8792
2005-12-06,638.3258
2005-12-07,644.637
2005-12-08,644.1437
2005-12-09,655.5715
2005-12-12,658.2586
2005-12-13,658.7861
2005-12-14,665.7996
2005-12-15,662.5628
2005-12-16,668.11
2005-12-19,668.4905
2005-12-20,670.9449
2005-12-21,666.3037
2005-12-22,670.5316
2005-12-23,677.4932
2005-12-26,683.3881
2005-12-27,681.9439
2005-12-28,683.3421
2005-12-29,690.9771
2005-12-30,684.0646
2006-01-04,694.4958
2006-01-05,705.1748
2006-01-06,711.6898
2006-01-09,717.6626
2006-01-10,720.722
2006-01-11,716.4716
2006-01-12,726.4276
2006-01-13,724.431
2006-01-16,711.7141
2006-01-17,712.8011
2006-01-18,728.1703
2006-01-19,735.1811
2006-01-20,736.0347
2006-01-23,739.5607
2006-01-24,740.2305
2006-01-25,744.0108
2006-02-06,763.8303
2006-02-07,762.7778
2006-02-08,765.2808
2006-02-09,754.3947
2006-02-10,763.7418
2006-02-13,762.3094
2006-02-14,768.0939
2006-02-15,769.4458
2006-02-16,748.5735
2006-02-17,745.5081
2006-02-20,744.9189
2006-02-21,759.7895
2006-02-22,759.5688
2006-02-23,761.8315
2006-02-24,768.8842
2006-02-27,764.33
2006-02-28,767.4103
2006-03-01,773.1561
2006-03-02,757.1497
2006-03-03,759.2777
2006-03-06,756.7498
2006-03-07,736.0991
2006-03-08,732.3094
2006-03-09,730.057
2006-03-10,733.7047
2006-03-13,742.161
2006-03-14,741.8467
2006-03-15,751.1915
2006-03-16,751.2084
2006-03-17,748.8287
2006-03-20,760.3524
2006-03-21,763.2139
2006-03-22,770.694
2006-03-23,773.7252
2006-03-24,767.8267
2006-03-27,775.6019
2006-03-28,781.5443
2006-03-29,785.7189
2006-03-30,777.0308
2006-03-31,783.0768
2006-04-03,800.703
2006-04-04,810.1658
2006-04-05,818.3887
2006-04-06,820.2653
2006-04-07,823.8713
2006-04-10,838.791
2006-04-11,842.2089
2006-04-12,838.0102
2006-04-13,812.6795
2006-04-14,834.7291
2006-04-17,837.6456
2006-04-18,841.904
2006-04-19,845.5831
2006-04-20,839.7914
2006-04-21,850.0127
2006-04-24,841.0054
2006-04-25,842.2701
2006-04-26,854.2914
2006-04-27,856.3908
2006-04-28,869.5721
2006-05-08,906.5923
2006-05-09,935.4832
2006-05-10,950.2363
2006-05-11,942.0682
2006-05-12,977.0423
2006-05-15,1025.5562
2006-05-16,994.5005
2006-05-17,1002.5584
2006-05-18,1003.3872
2006-05-19,1032.0248
2006-05-22,1042.4388
2006-05-23,994.2869
2006-05-24,982.4858
2006-05-25,988.0349
2006-05-26,1008.7558
2006-05-29,1036.9601
2006-05-30,1050.0692
2006-05-31,1041.3058
2006-06-01,1076.391
2006-06-02,1070.7769
2006-06-05,1085.199
2006-06-06,1078.9152
2006-06-07,1009.2548
2006-06-08,1012.1315
2006-06-09,987.3135
2006-06-12,991.8453
2006-06-13,994.3328
2006-06-14,985.5009
2006-06-15,987.7496
2006-06-16,1011.898
2006-06-19,1025.8649
2006-06-20,1031.5989
2006-06-21,1028.3488
2006-06-22,1027.6147
2006-06-23,1037.0996
2006-06-26,1055.9324
2006-06-27,1059.0979
2006-06-28,1058.5741
2006-06-29,1081.3623
2006-06-30,1080.6188
2006-07-03,1100.1547
2006-07-04,1093.5963
2006-07-05,1084.1311
2006-07-06,1107.6079
2006-07-07,1104.4675
2006-07-10,1108.7241
2006-07-11,1115.8075
2006-07-12,1116.0402
2006-07-13,1052.6368
2006-07-14,1061.3094
2006-07-17,1076.1239
2006-07-18,1079.6379
2006-07-19,1052.6863
2006-07-20,1060.1097
2006-07-21,1068.1447
2006-07-24,1069.6726
2006-07-25,1083.76
2006-07-26,1084.3228
2006-07-27,1072.3225
2006-07-28,1062.0027
2006-07-31,1022.4216
2006-08-01,1011.9296
2006-08-02,1006.6321
2006-08-03,1004.5751
2006-08-04,977.358
2006-08-07,959.9202
2006-08-08,984.9738
2006-08-09,984.8623
2006-08-10,1001.6458
2006-08-11,1005.5286
2006-08-14,980.0297
2006-08-15,997.2394
2006-08-16,1012.2017
2006-08-17,1004.5042
2006-08-18,1000.379
2006-08-21,1004.1096
2006-08-22,1015.2399
2006-08-23,1014.1895
2006-08-24,1021.3542
2006-08-25,1023.8557
2006-08-28,1047.027
2006-08-29,1049.4398
2006-08-30,1055.2805
2006-08-31,1060.5402
2006-09-01,1042.8418
2006-09-04,1060.4158
2006-09-05,1062.9619
2006-09-06,1067.8445
2006-09-07,1052.8311
2006-09-08,1055.335
2006-09-11,1060.9008
2006-09-12,1066.6416
2006-09-13,1056.8103
2006-09-14,1056.9244
2006-09-15,1073.1227
2006-09-18,1085.7736
2006-09-19,1088.2921
2006-09-20,1090.194
2006-09-21,1096.2754
2006-09-22,1086.4178
2006-09-25,1085.8906
2006-09-26,1077.8956
2006-09-27,1087.9795
2006-09-28,1099.024
2006-09-29,1110.8059
2006-10-09,1133.9972
2006-10-10,1137.056
2006-10-11,1137.5374
2006-10-12,1127.1134
2006-10-13,1131.6062
2006-10-16,1123.9415
2006-10-17,1121.4612
2006-10-18,1137.8414
2006-10-19,1141.6007
2006-10-20,1138.728
2006-10-23,1108.8994
2006-10-24,1135.2047
2006-10-25,1135.3391
2006-10-26,1136.5454
2006-10-27,1120.6229
2006-10-30,1122.6014
2006-10-31,1135.4869
2006-11-01,1143.5897
2006-11-02,1141.9133
2006-11-03,1148.2012
2006-11-06,1154.0616
2006-11-07,1153.9277
2006-11-08,1144.3718
2006-11-09,1161.6737
2006-11-10,1141.1383
2006-11-13,1113.8838
2006-11-14,1126.5345
2006-11-15,1152.0699
2006-11-16,1145.5771
2006-11-17,1163.3094
2006-11-20,1175.9636
2006-11-21,1187.8259
2006-11-22,1198.8578
2006-11-23,1206.4821
2006-11-24,1212.9031
2006-11-27,1228.7111
2006-11-28,1227.4738
2006-11-29,1242.563
2006-11-30,1271.604
2006-12-01,1280.8951
2006-12-04,1313.7063
2006-12-05,1323.9677
2006-12-06,1309.8341
2006-12-07,1303.8674
2006-12-08,1257.4514
2006-12-11,1307.3463
2006-12-12,1314.1241
2006-12-13,1317.0665
2006-12-14,1338.6019
2006-12-15,1359.7072
2006-12-18,1389.6375
2006-12-19,1394.8801
2006-12-20,1410.3427
2006-12-21,1392.7162
2006-12-22,1384.3812
2006-12-25,1409.0497
2006-12-26,1403.5743
2006-12-27,1427.0972
2006-12-28,1415.7869
2006-12-29,1449.5112
2007-01-04,1461.2643
2007-01-05,1474.4288
2007-01-08,1522.0564
2007-01-09,1564.7432
2007-01-10,1603.9025
2007-01-11,1595.1082
2007-01-12,1550.6074
2007-01-15,1630.5848
2007-01-16,1678.5862
2007-01-17,1653.6207
2007-01-18,1668.848
2007-01-19,1725.1941
2007-01-22,1796.1405
2007-01-23,1806.541
2007-01-24,1825.2535
2007-01-25,1758.4696
2007-01-26,1789.0554
2007-01-29,1838.6967
2007-01-30,1825.1704
2007-01-31,1719.2134
2007-02-01,1728.2465
2007-02-02,1672.5308
2007-02-05,1666.0814
2007-02-06,1699.8691
2007-02-07,1735.4707
2007-02-08,1765.7152
2007-02-09,1761.6945
2007-02-12,1818.356
2007-02-13,1847.5122
2007-02-14,1892.7006
2007-02-15,1950.0917
2007-02-16,1962.6274
2007-02-26,2004.4292
2007-02-27,1826.5634
2007-02-28,1897.1541
2007-03-01,1848.9214
2007-03-02,1876.7981
2007-03-05,1863.0814
2007-03-06,1885.1532
2007-03-07,1934.3635
2007-03-08,1967.4681
2007-03-09,1961.9891
2007-03-12,1980.9224
2007-03-13,2001.3391
2007-03-14,1977.7578
2007-03-15,2015.0339
2007-03-16,1983.3287
2007-03-19,2018.7631
2007-03-20,2042.1212
2007-03-21,2069.5432
2007-03-22,2077.7656
2007-03-23,2090.4841
2007-03-26,2134.1003
2007-03-27,2156.3018
2007-03-28,2152.7859
2007-03-29,2117.1543
2007-03-30,2124.8176
2007-04-02,2175.4551
2007-04-03,2206.2659
2007-04-04,2225.7449
2007-04-05,2256.6045
2007-04-06,2280.9285
2007-04-09,2326.5596
2007-04-10,2354.563
2007-04-11,2384.8105
2007-04-12,2432.0334
2007-04-13,2423.2295
2007-04-16,2491.8245
2007-04-17,2531.1584
2007-04-18,2565.8223
2007-04-19,2441.9038
2007-04-20,2554.6775
2007-04-23,2662.6802
2007-04-24,2678.5886
2007-04-25,2677.5464
2007-04-26,2712.311
2007-04-27,2699.519
2007-04-30,2744.2964
2007-05-08,2848.9771
2007-05-09,2861.5015
2007-05-10,2882.4983
2007-05-11,2869.6846
2007-05-14,2890.4812
2007-05-15,2795.0479
2007-05-16,2869.8296
2007-05-17,2935.7014
2007-05-18,2940.5273
2007-05-21,2999.2437
2007-05-22,3044.1614
2007-05-23,3109.29
2007-05-24,3097.6194
2007-05-25,3147.6848
2007-05-28,3214.5708
2007-05-29,3282.6885
2007-05-30,3050.2522
2007-05-31,3019.6184
2007-06-01,2880.1553
2007-06-04,2654.4648
2007-06-05,2716.3667
2007-06-06,2752.7961
2007-06-07,2860.8347
2007-06-08,2897.3096
2007-06-11,2966.8245
2007-06-12,3044.3606
2007-06-13,3123.2249
2007-06-14,3089.4182
2007-06-15,3101.7402
2007-06-18,3194.188
2007-06-19,3230.3083
2007-06-20,3152.2109
2007-06-21,3165.4724
2007-06-22,3031.8625
2007-06-25,2881.1841
2007-06-26,2920.2795
2007-06-27,2999.6868
2007-06-28,2848.9597
2007-06-29,2754.3779
2007-07-02,2760.4216
2007-07-03,2809.459
2007-07-04,2746.8796
2007-07-05,2591.6316
2007-07-06,2722.426
2007-07-09,2804.9187
2007-07-10,2758.6067
2007-07-11,2775.2383
2007-07-12,2791.7754
2007-07-13,2789.4084
2007-07-16,2702.0237
2007-07-17,2763.1792
2007-07-18,2775.5237
2007-07-19,2781.9294
2007-07-20,2895.5549
2007-07-23,3032.2051
2007-07-24,3038.0762
2007-07-25,3112.2461
2007-07-26,3157.769
2007-07-27,3182.2007
2007-07-30,3252.5361
2007-07-31,3291.1372
2007-08-01,3153.1858
2007-08-02,3263.3955
2007-08-03,3357.9233
2007-08-06,3430.3716
2007-08-07,3435.0791
2007-08-08,3390.5125
2007-08-09,3452.5203
2007-08-10,3404.4961
2007-08-13,3396.7952
2007-08-14,3460.4612
2007-08-15,3456.7722
2007-08-16,3424.3484
2007-08-17,3367.7742
2007-08-20,3533.2041
2007-08-21,3585.4617
2007-08-22,3637.2507
2007-08-23,3689.8472
2007-08-24,3733.0925
2007-08-27,3735.8879
2007-08-28,3741.2141
2007-08-29,3693.9543
2007-08-30,3763.9858
2007-08-31,3804.9426
2007-09-03,3890.7791
2007-09-04,3854.9917
2007-09-05,3864.7783
2007-09-06,3903.8408
2007-09-07,3819.8743
2007-09-10,3883.7395
2007-09-11,3685.7551
2007-09-12,3732.8308
2007-09-13,3823.9597
2007-09-14,3864.2683
2007-09-17,3940.2336
2007-09-18,3939.093
2007-09-19,3894.1179
2007-09-20,3944.2568
2007-09-21,3920.7708
2007-09-24,3943.9827
2007-09-25,3905.9512
2007-09-26,3843.9109
2007-09-27,3887.5906
2007-09-28,3988.595
2007-10-08,4025.3083
2007-10-09,4048.6301
2007-10-10,4052.4971
2007-10-11,4072.532
2007-10-12,4038.012
2007-10-15,4076.0029
2007-10-16,4116.0049
2007-10-17,4085.3821
2007-10-18,3957.9939
2007-10-19,3958.9578
2007-10-22,3857.7544
2007-10-23,3889.3213
2007-10-24,3890.6287
2007-10-25,3691.928
2007-10-26,3707.1091
2007-10-29,3776.8704
2007-10-30,3844.3313
2007-10-31,3930.7908
2007-11-01,3859.4529
2007-11-02,3766.8074
2007-11-05,3724.0388
2007-11-06,3706.2698
2007-11-07,3721.2622
2007-11-08,3555.1064
2007-11-09,3515.4631
2007-11-12,3465.02
2007-11-13,3448.866
2007-11-14,3587.6594
2007-11-15,3542.9624
2007-11-16,3510.6895
2007-11-19,3528.0784
2007-11-20,3579.1338
2007-11-21,3531.5063
2007-11-22,3374.0239
2007-11-23,3431.5769
2007-11-26,3396.4741
2007-11-27,3343.5522
2007-11-28,3307.9307
2007-11-29,3425.2043
2007-11-30,3359.5952
2007-12-03,3387.4402
2007-12-04,3418.7214
2007-12-05,3504.564
2007-12-06,3511.429
2007-12-07,3563.8667
2007-12-10,3639.573
2007-12-11,3654.2751
2007-12-12,3628.3059
2007-12-13,3502.9712
2007-12-14,3570.6567
2007-12-17,3512.1592
2007-12-18,3491.5034
2007-12-19,3571.45
2007-12-20,3629.8254
2007-12-21,3678.5232
2007-12-24,3749.9006
2007-12-25,3763.8784
2007-12-26,3812.0542
2007-12-27,3874.9688
2007-12-28,3858.7986
2008-01-02,3919.5815
2008-01-03,3962.2092
2008-01-04,3996.6794
2008-01-07,4054.1118
2008-01-08,4008.6497
2008-01-09,4085.1641
2008-01-10,4119.8052
2008-01-11,4132.4399
2008-01-14,4165.583
2008-01-15,4160.5225
2008-01-16,4050.7422
2008-01-17,3952.1436
2008-01-18,3987.5918
2008-01-21,3802.3901
2008-01-22,3508.2954
2008-01-23,3670.345
2008-01-24,3731.3491
2008-01-25,3760.3601
2008-01-28,3504.635
2008-01-29,3537.8093
2008-01-30,3516.3533
2008-01-31,3430.9375
2008-02-01,3357.7458
2008-02-04,3629.1541
2008-02-05,3622.1616
2008-02-13,3562.4019
2008-02-14,3616.6833
2008-02-15,3577.8462
2008-02-18,3661.7639
2008-02-19,3738.1223
2008-02-20,3670.7041
2008-02-21,3663.2463
2008-02-22,3548.2529
2008-02-25,3422.1687
2008-02-26,3425.9983
2008-02-27,3513.6812
2008-02-28,3505.6294
2008-02-29,3548.4241
2008-03-03,3639.8948
2008-03-04,3567.6526
2008-03-05,3552.1099
2008-03-06,3591.2888
2008-03-07,3532.446
2008-03-10,3398.1785
2008-03-11,3413.3816
2008-03-12,3315.5903
2008-03-13,3219.6904
2008-03-14,3190.1929
2008-03-17,3019.1152
2008-03-18,2853.3008
2008-03-19,2953.207
2008-03-20,3042.5901
2008-03-21,3068.4519
2008-03-24,2952.5198
2008-03-25,2987.0046
2008-03-26,2989.1145
2008-03-27,2855.0786
2008-03-28,2971.6147
2008-03-31,2870.1191
2008-04-01,2700.4099
2008-04-02,2650.0974
2008-04-03,2720.6165
2008-04-07,2868.7786
2008-04-08,2906.4688
2008-04-09,2753.9321
2008-04-10,2809.6975
2008-04-11,2837.7561
2008-04-14,2655.0835
2008-04-15,2703.7449
2008-04-16,2638.0576
2008-04-17,2562.3445
2008-04-18,2465.605
2008-04-21,2461.7563
2008-04-22,2468.0205
2008-04-23,2581.8821
2008-04-24,2816.5305
2008-04-25,2833.7178
2008-04-28,2789.9221
2008-04-29,2820.217
2008-04-30,2946.6946
2008-05-05,3019.1013
2008-05-06,2992.9209
2008-05-07,2854.8279
2008-05-08,2930.9792
2008-05-09,2906.209
2008-05-12,2936.9211
2008-05-13,2909.4436
2008-05-14,2991.9451
2008-05-15,2970.1807
2008-05-16,2951.6108
2008-05-19,2936.8828
2008-05-20,2780.8669
2008-05-21,2836.7874
2008-05-22,2789.8723
2008-05-23,2767.6406
2008-05-26,2683.1226
2008-05-27,2695.8599
2008-05-28,2770.3989
2008-05-29,2702.9722
2008-05-30,2724.3125
2008-06-02,2742.6458
2008-06-03,2730.2151
2008-06-04,2682.0149
2008-06-05,2659.4475
2008-06-06,2643.9175
2008-06-10,2425.5981
2008-06-11,2372.7793
2008-06-12,2335.4204
2008-06-13,2252.7292
2008-06-16,2229.855
2008-06-17,2139.335
2008-06-18,2250.9656
2008-06-19,2083.8157
2008-06-20,2139.811
2008-06-23,2094.6201
2008-06-24,2144.9851
2008-06-25,2238.4973
2008-06-26,2252.1694
2008-06-27,2122.6404
2008-06-30,2113.6631
2008-07-01,2053.7485
2008-07-02,2064.2075
2008-07-03,2122.0725
2008-07-04,2112.7629
2008-07-07,2221.668
2008-07-08,2240.6165
2008-07-09,2318.7688
2008-07-10,2283.7444
2008-07-11,2268.8818
2008-07-14,2294.5195
2008-07-15,2210.1504
2008-07-16,2122.2349
2008-07-17,2103.2764
2008-07-18,2178.1821
2008-07-21,2253.7065
2008-07-22,2252.3738
2008-07-23,2237.7495
2008-07-24,2304.0649
2008-07-25,2279.1467
2008-07-28,2302.4583
2008-07-29,2257.5042
2008-07-30,2244.2021
2008-07-31,2178.0352
2008-08-01,2208.052
2008-08-04,2156.8218
2008-08-05,2103.7373
2008-08-06,2115.1619
2008-08-07,2118.1353
2008-08-08,2004.8966
2008-08-11,1888.0345
2008-08-12,1871.2091
2008-08-13,1868.9642
2008-08-14,1870.9609
2008-08-15,1872.623
2008-08-18,1761.8535
2008-08-19,1787.8885
2008-08-20,1927.1768
2008-08-21,1858.3785
2008-08-22,1825.9785
2008-08-25,1824.4906
2008-08-26,1760.4016
2008-08-27,1755.5468
2008-08-28,1760.803
2008-08-29,1805.5679
2008-09-01,1748.1185
2008-09-02,1738.8132
2008-09-03,1716.3032
2008-09-04,1721.2094
2008-09-05,1662.0713
2008-09-08,1608.1196
2008-09-09,1618.4464
2008-09-10,1625.1553
2008-09-11,1579.8145
2008-09-12,1582.6263
2008-09-16,1533.5214
2008-09-17,1486.5234
2008-09-18,1453.3866
2008-09-19,1590.3312
2008-09-22,1679.5824
2008-09-23,1601.7056
2008-09-24,1618.7
2008-09-25,1675.3915
2008-09-26,1686.1022
2008-10-06,1608.1893
2008-10-07,1593.7
2008-10-08,1540.7529
2008-10-09,1521.5822
2008-10-10,1445.8997
2008-10-13,1497.361
2008-10-14,1456.8213
2008-10-15,1443.6514
2008-10-16,1371.4117
2008-10-17,1382.613
2008-10-20,1428.9537
2008-10-21,1418.5533
2008-10-22,1384.9044
2008-10-23,1386.801
2008-10-24,1352.1517
2008-10-27,1254.2893
2008-10-28,1290.2927
2008-10-29,1251.1436
2008-10-30,1276.6953
2008-10-31,1251.954
2008-11-03,1242.5164
2008-11-04,1224.8977
2008-11-05,1269.8339
2008-11-06,1242.4136
2008-11-07,1263.4465
2008-11-10,1356.4547
2008-11-11,1341.7775
2008-11-12,1362.1101
2008-11-13,1418.5471
2008-11-14,1473.3234
2008-11-17,1517.0703
2008-11-18,1406.0109
2008-11-19,1495.3405
2008-11-20,1484.1514
2008-11-21,1473.2891
2008-11-24,1412.4614
2008-11-25,1407.3141
2008-11-26,1415.0844
2008-11-27,1436.2472
2008-11-28,1410.1641
2008-12-01,1445.2114
2008-12-02,1454.6228
2008-12-03,1516.3572
2008-12-04,1534.5244
2008-12-05,1562.1953
2008-12-08,1625.7947
2008-12-09,1584.543
2008-12-10,1627.9438
2008-12-11,1585.9695
2008-12-12,1518.5996
2008-12-15,1535.2996
2008-12-16,1553.1232
2008-12-17,1562.939
2008-12-18,1594.6024
2008-12-19,1603.7252
2008-12-22,1585.9991
2008-12-23,1502.5857
2008-12-24,1475.2223
2008-12-25,1466.4025
2008-12-26,1460.0336
2008-12-29,1457.9377
2008-12-30,1444.764
2008-12-31,1430.793
2009-01-05,1486.1136
2009-01-06,1533.1956
2009-01-07,1530.2023
2009-01-08,1496.3386
2009-01-09,1526.0046
2009-01-12,1532.6343
2009-01-13,1495.7859
2009-01-14,1557.2196
2009-01-15,1562.3286
2009-01-16,1584.4375
2009-01-19,1596.2539
2009-01-20,1609.8495
2009-01-21,1605.8326
2009-01-22,1626.0684
2009-01-23,1618.8582
2009-02-02,1648.2607
2009-02-03,1689.7445
2009-02-04,1731.1626
2009-02-05,1715.0173
2009-02-06,1784.7722
2009-02-09,1834.1404
2009-02-10,1865.4177
2009-02-11,1870.326
2009-02-12,1874.5706
2009-02-13,1939.6035
2009-02-16,1985.515
2009-02-17,1918.4017
2009-02-18,1835.2311
2009-02-19,1860.3833
2009-02-20,1904.6025
2009-02-23,1959.897
2009-02-24,1873.5916
2009-02-25,1876.9362
2009-02-26,1772.6082
2009-02-27,1711.6703
2009-03-02,1737.5874
2009-03-03,1730.1986
2009-03-04,1841.6871
2009-03-05,1857.4594
2009-03-06,1843.645
2009-03-09,1772.0095
2009-03-10,1807.3876
2009-03-11,1794.2286
2009-03-12,1793.281
2009-03-13,1782.4777
2009-03-16,1810.2043
2009-03-17,1874.5575
2009-03-18,1887.0389
2009-03-19,1927.8315
2009-03-20,1923.4618
2009-03-23,1968.694
2009-03-24,1981.022
2009-03-25,1937.1666
2009-03-26,1995.1011
2009-03-27,2011.5227
2009-03-30,2006.582
2009-03-31,2026.4078
2009-04-01,2057.6682
2009-04-02,2073.1357
2009-04-03,2063.1602
2009-04-07,2074.1763
2009-04-08,1997.9828
2009-04-09,2030.7097
2009-04-10,2093.5957
2009-04-13,2136.542
2009-04-14,2160.8674
2009-04-15,2177.2383
2009-04-16,2180.7097
2009-04-17,2152.6477
2009-04-20,2202.3171
2009-04-21,2184.1729
2009-04-22,2096.0049
2009-04-23,2109.4617
2009-04-24,2092.3784
2009-04-27,2033.5148
2009-04-28,2044.009
2009-04-29,2106.6289
2009-04-30,2126.0664
2009-05-04,2197.8037
2009-05-05,2212.7683
2009-05-06,2243.772
2009-05-07,2239.551
2009-05-08,2253.5981
2009-05-11,2192.4109
2009-05-12,2243.9802
2009-05-13,2262.6072
2009-05-14,2254.4841
2009-05-15,2261.9434
2009-05-18,2274.1082
2009-05-19,2295.6641
2009-05-20,2275.3721
2009-05-21,2228.4836
2009-05-22,2225.3162
2009-05-25,2233.5203
2009-05-26,2219.7119
2009-05-27,2241.2397
2009-06-01,2305.3772
2009-06-02,2313.6648
2009-06-03,2356.5671
2009-06-04,2363.4028
2009-06-05,2352.8701
2009-06-08,2354.9443
2009-06-09,2368.084
2009-06-10,2392.5452
2009-06-11,2375.4102
2009-06-12,2330.6055
2009-06-15,2373.0356
2009-06-16,2370.2083
2009-06-17,2406.8809
2009-06-18,2436.4673
2009-06-19,2450.0464
2009-06-22,2444.9011
2009-06-23,2442.7095
2009-06-24,2473.3696
2009-06-25,2471.8921
2009-06-26,2480.6362
2009-06-29,2513.2686
2009-06-30,2500.6418
2009-07-01,2547.8818
2009-07-02,2579.7644
2009-07-03,2611.188
2009-07-06,2643.4385
2009-07-07,2626.626
2009-07-08,2635.5596
2009-07-09,2675.8687
2009-07-10,2680.2454
2009-07-13,2668.1433
2009-07-14,2730.0032
2009-07-15,2755.821
2009-07-16,2754.8064
2009-07-17,2764.6948
2009-07-20,2815.5415
2009-07-21,2768.6079
2009-07-22,2816.3367
2009-07-23,2849.4561
2009-07-24,2852.0144
2009-07-27,2911.2957
2009-07-28,2928.2188
2009-07-29,2775.7808
2009-07-30,2828.9719
2009-07-31,2907.0378
2009-08-03,2953.0107
2009-08-04,2959.762
2009-08-05,2938.4719
2009-08-06,2884.1853
2009-08-07,2802.2051
2009-08-10,2804.4341
2009-08-11,2817.3872
2009-08-12,2693.9119
2009-08-13,2714.854
2009-08-14,2625.55
2009-08-17,2463.0603
2009-08-18,2494.3069
2009-08-19,2377.771
2009-08-20,2471.5894
2009-08-21,2523.7246
2009-08-24,2551.7378
2009-08-25,2477.8884
2009-08-26,2535.0442
2009-08-27,2538.0938
2009-08-28,2460.324
2009-08-31,2290.3669
2009-09-01,2294.5708
2009-09-02,2321.7961
2009-09-03,2439.8274
2009-09-04,2464.2466
2009-09-07,2487.3386
2009-09-08,2535.074
2009-09-09,2550.4365
2009-09-10,2526.4753
2009-09-11,2581.6362
2009-09-14,2629.2842
2009-09-15,2641.1228
2009-09-16,2618.2334
2009-09-17,2669.7319
2009-09-18,2579.6609
2009-09-21,2597.3918
2009-09-22,2539.2256
2009-09-23,2480.3601
2009-09-24,2482.1772
2009-09-25,2462.6953
2009-09-28,2398.6887
2009-09-29,2381.9404
2009-09-30,2406.5757
2009-10-09,2524.8125
2009-10-12,2521.8665
2009-10-13,2559.8716
2009-10-14,2582.9204
2009-10-15,2590.6694
2009-10-16,2591.2881
2009-10-19,2652.0996
2009-10-20,2691.3518
2009-10-21,2680.6519
2009-10-22,2669.231
2009-10-23,2716.1458
2009-10-26,2716.3091
2009-10-27,2644.3188
2009-10-28,2656.7363
2009-10-29,2598.5413
2009-10-30,2631.8694
2009-11-02,2712.1897
2009-11-03,2747.9316
2009-11-04,2763.1917
2009-11-05,2783.9746
2009-11-06,2792.7505
2009-11-09,2805.3755
2009-11-10,2812.5911
2009-11-11,2812.2412
2009-11-12,2814.8062
2009-11-13,2832.8015
2009-11-16,2908.8071
2009-11-17,2916.7578
2009-11-18,2932.8501
2009-11-19,2950.7432
2009-11-20,2944.5063
2009-11-23,2976.0454
2009-11-24,2867.0957
2009-11-25,2934.5142
2009-11-26,2823.1077
2009-11-27,2757.782
2009-11-30,2855.1345
2009-12-01,2901.8079
2009-12-02,2934.136
2009-12-03,2932.4329
2009-12-04,2950.3362
2009-12-07,2972.4902
2009-12-08,2947.2083
2009-12-09,2901.2964
2009-12-10,2917.0291
2009-12-11,2912.7725
2009-12-14,2946.9395
2009-12-15,2931.4055
2009-12-16,2912.1089
2009-12-17,2841.1541
2009-12-18,2774.1475
2009-12-21,2787.9209
2009-12-22,2724.9814
2009-12-23,2753.5435
2009-12-24,2831.748
2009-12-25,2828.4138
2009-12-28,2871.1904
2009-12-29,2890.7117
2009-12-30,2924.0989
2009-12-31,2939.7869
2010-01-04,2917.8525
2010-01-05,2941.4729
2010-01-06,2921.8748
2010-01-07,2860.3718
2010-01-08,2872.4092
2010-01-11,2879.4717
2010-01-12,2929.6306
2010-01-13,2849.6272
2010-01-14,2896.4685
2010-01-15,2909.5247
2010-01-18,2928.5186
2010-01-19,2930.5088
2010-01-20,2834.6848
2010-01-21,2848.9463
2010-01-22,2810.123
2010-01-25,2777.9014
2010-01-26,2703.8921
2010-01-27,2671.957
2010-01-28,2685.3835
2010-01-29,2687.7942
2010-02-01,2649.4207
2010-02-02,2640.9209
2010-02-03,2699.0854
2010-02-04,2699.5786
2010-02-05,2648.3767
2010-02-08,2645.0698
2010-02-09,2653.5195
2010-02-10,2686.8813
2010-02-11,2688.6826
2010-02-12,2719.0105
2010-02-22,2707.8972
2010-02-23,2695.8149
2010-02-24,2737.2981
2010-02-25,2776.0027
2010-02-26,2771.115
2010-03-01,2804.8689
2010-03-02,2796.9819
2010-03-03,2819.6604
2010-03-04,2746.6982
2010-03-05,2753.2737
2010-03-08,2775.3411
2010-03-09,2790.0388
2010-03-10,2767.6985
2010-03-11,2765.7578
2010-03-12,2729.1772
2010-03-15,2696.2683
2010-03-16,2715.127
2010-03-17,2773.3787
2010-03-18,2770.2295
2010-03-19,2790.5957
2010-03-22,2799.6973
2010-03-23,2781.646
2010-03-24,2789.1377
2010-03-25,2754.7568
2010-03-26,2792.1946
2010-03-29,2847.2852
2010-03-30,2854.9307
2010-03-31,2841.9175
2010-04-01,2879.197
2010-04-02,2888.1436
2010-04-06,2887.6794
2010-04-07,2882.0188
2010-04-08,2859.2031
2010-04-09,2888.3198
2010-04-12,2877.9897
2010-04-13,2891.6836
2010-04-14,2903.678
2010-04-15,2890.3345
2010-04-16,2865.4258
2010-04-19,2729.0161
2010-04-20,2732.186
2010-04-21,2790.0979
2010-04-22,2769.5701
2010-04-23,2753.281
2010-04-26,2741.5742
2010-04-27,2685.8318
2010-04-28,2675.7263
2010-04-29,2636.4863
2010-04-30,2623.2981
2010-05-04,2595.635
2010-05-05,2626.0454
2010-05-06,2525.6462
2010-05-07,2480.2161
2010-05-10,2479.5588
2010-05-11,2426.5657
2010-05-12,2425.708
2010-05-13,2482.4351
2010-05-14,2474.2952
2010-05-17,2342.5325
2010-05-18,2376.4202
2010-05-19,2373.8977
2010-05-20,2342.7744
2010-05-21,2379.2729
2010-05-24,2467.0898
2010-05-25,2425.8643
2010-05-26,2429.6675
2010-05-27,2465.9141
2010-05-28,2466.4604
2010-05-31,2405.4834
2010-06-01,2377.688
2010-06-02,2386.0808
2010-06-03,2371.7124
2010-06-04,2379.9822
2010-06-07,2346.9521
2010-06-08,2351.731
2010-06-09,2418.7344
2010-06-10,2400.9795
2010-06-11,2403.2544
2010-06-17,2389.9202
2010-06-18,2334.8423
2010-06-21,2405.1104
2010-06-22,2412.365
2010-06-23,2396.4272
2010-06-24,2398.7239
2010-06-25,2379.6174
2010-06-28,2358.3433
2010-06-29,2251.0808
2010-06-30,2221.4492
2010-07-01,2196.7825
2010-07-02,2199.1772
2010-07-05,2184.6946
2010-07-06,2233.575
2010-07-07,2250.4587
2010-07-08,2246.5378
2010-07-09,2302.0532
2010-07-12,2324.6489
2010-07-13,2289.8896
2010-07-14,2306.3728
2010-07-15,2261.5134
2010-07-16,2265.5232
2010-07-19,2316.978
2010-07-20,2370.1404
2010-07-21,2376.3601
2010-07-22,2405.2024
2010-07-23,2414.2734
2010-07-26,2433.4854
2010-07-27,2423.9746
2010-07-28,2478.6392
2010-07-29,2491.3989
2010-07-30,2485.0549
2010-08-02,2525.6675
2010-08-03,2482.7773
2010-08-04,2495.1399
2010-08-05,2483.5369
2010-08-06,2522.8025
2010-08-09,2539.395
2010-08-10,2463.0813
2010-08-11,2480.165
2010-08-12,2450.4412
2010-08-13,2485.1851
2010-08-16,2539.3618
2010-08-17,2553.5396
2010-08-18,2550.1333
2010-08-19,2564.5752
2010-08-20,2518.7383
2010-08-23,2521.7617
2010-08-24,2537.6367
2010-08-25,2484.8027
2010-08-26,2493.9685
2010-08-27,2502.9478
2010-08-30,2552.074
2010-08-31,2548.1951
2010-09-01,2528.9971
2010-09-02,2567.248
2010-09-03,2573.0613
2010-09-06,2601.4846
2010-09-07,2609.8606
2010-09-08,2612.4822
2010-09-09,2572.9863
2010-09-10,2584.1265
2010-09-13,2615.4402
2010-09-14,2618.3835
2010-09-15,2576.2893
2010-09-16,2523.9675
2010-09-17,2524.8979
2010-09-20,2512.1665
2010-09-21,2514.8953
2010-09-27,2559.8213
2010-09-28,2543.2634
2010-09-29,2532.3484
2010-09-30,2575.3315
2010-10-08,2650.9824
2010-10-11,2705.4341
2010-10-12,2732.1619
2010-10-13,2755.6638
2010-10-14,2741.897
2010-10-15,2811.8662
2010-10-18,2793.7158
2010-10-19,2853.3816
2010-10-20,2865.0239
2010-10-21,2857.5168
2010-10-22,2862.9167
2010-10-25,2937.7632
2010-10-26,2930.7598
2010-10-27,2891.208
2010-10-28,2888.439
2010-10-29,2884.6086
2010-11-01,2961.3882
2010-11-02,2947.374
2010-11-03,2920.3315
2010-11-04,2972.9573
2010-11-05,3013.1863
2010-11-08,3047.5754
2010-11-09,3031.6108
2010-11-10,3021.8269
2010-11-11,3046.0369
2010-11-12,2885.9338
2010-11-15,2923.0405
2010-11-16,2806.0601
2010-11-17,2741.8477
2010-11-18,2774.5728
2010-11-19,2807.896
2010-11-22,2812.4807
2010-11-23,2763.8311
2010-11-24,2801.5005
2010-11-25,2833.8896
2010-11-26,2811.2627
2010-11-29,2811.4978
2010-11-30,2762.1379
2010-12-01,2761.8118
2010-12-02,2780.5613
2010-12-03,2777.4658
2010-12-06,2782.8362
2010-12-07,2806.1799
2010-12-08,2783.0981
2010-12-09,2740.5222
2010-12-10,2770.6641
2010-12-13,2853.1992
2010-12-14,2863.6184
2010-12-15,2848.1165
2010-12-16,2838.8376
2010-12-17,2834.1445
2010-12-20,2793.8491
2010-12-21,2841.6877
2010-12-22,2816.7048
2010-12-23,2787.8984
2010-12-24,2762.385
2010-12-27,2706.0044
2010-12-28,2658.0857
2010-12-29,2680.3623
2010-12-30,2689.5022
2010-12-31,2737.5686
2011-01-04,2780.821
2011-01-05,2768.9219
2011-01-06,2754.5686
2011-01-07,2761.876
2011-01-10,2709.3159
2011-01-11,2717.3694
2011-01-12,2733.0605
2011-01-13,2739.29
2011-01-14,2701.4995
2011-01-17,2613.2771
2011-01-18,2617.2839
2011-01-19,2667.1047
2011-01-20,2585.6169
2011-01-21,2616.8625
2011-01-24,2589.7888
2011-01-25,2569.8977
2011-01-26,2601.6255
2011-01-27,2640.3801
2011-01-28,2649.1143
2011-01-31,2681.9158
2011-02-01,2690.3313
2011-02-09,2665.3159
2011-02-10,2717.4441
2011-02-11,2731.3635
2011-02-14,2800.1147
2011-02-15,2799.5637
2011-02-16,2828.8628
2011-02-17,2831.771
2011-02-18,2805.8582
2011-02-21,2843.2271
2011-02-22,2770.6711
2011-02-23,2779.2734
2011-02-24,2794.6472
2011-02-25,2795.606
2011-02-28,2824.3621
2011-03-01,2837.3442
2011-03-02,2832.2727
2011-03-03,2814.2871
2011-03-04,2852.2205
2011-03-07,2903.8962
2011-03-08,2908.6108
2011-03-09,2911.2871
2011-03-10,2871.9812
2011-03-11,2851.2944
2011-03-14,2860.9697
2011-03-15,2820.3303
2011-03-16,2855.3779
2011-03-17,2819.512
2011-03-18,2829.9917
2011-03-21,2828.0664
2011-03-22,2835.7634
2011-03-23,2865.4058
2011-03-24,2865.0012
2011-03-25,2893.759
2011-03-28,2893.6606
2011-03-29,2862.6104
2011-03-30,2857.54
2011-03-31,2829.7332
2011-04-01,2865.1155
2011-04-06,2887.885
2011-04-07,2896.3669
2011-04-08,2921.0498
2011-04-11,2909.5354
2011-04-12,2907.8835
2011-04-13,2935.5164
2011-04-14,2925.6855
2011-04-15,2931.2798
2011-04-18,2937.8306
2011-04-19,2887.4048
2011-04-20,2895.0017
2011-04-21,2914.9758
2011-04-22,2899.5435
2011-04-25,2852.488
2011-04-26,2824.9434
2011-04-27,2808.5781
2011-04-28,2762.5298
2011-04-29,2791.1301
2011-05-03,2814.936
2011-05-04,2751.1128
2011-05-05,2755.7842
2011-05-06,2751.1357
2011-05-09,2761.4365
2011-05-10,2778.4812
2011-05-11,2774.4824
2011-05-12,2737.6516
2011-05-13,2761.165
2011-05-16,2743.126
2011-05-17,2744.4041
2011-05-18,2762.9775
2011-05-19,2751.4275
2011-05-20,2748.6934
2011-05-23,2664.0215
2011-05-24,2658.6104
2011-05-25,2633.7385
2011-05-26,2624.8015
2011-05-27,2595.0278
2011-05-30,2585.5417
2011-05-31,2624.0471
2011-06-01,2632.594
2011-06-02,2595.8835
2011-06-03,2622.9783
2011-06-07,2641.468
2011-06-08,2649.2563
2011-06-09,2604.4683
2011-06-10,2611.3296
2011-06-13,2609.3252
2011-06-14,2641.2092
2011-06-15,2622.6199
2011-06-16,2580.7749
2011-06-17,2560.2351
2011-06-20,2537.3245
2011-06-21,2565.739
2011-06-22,2566.8528
2011-06-23,2608.8206
2011-06-24,2666.0056
2011-06-27,2679.4917
2011-06-28,2681.9883
2011-06-29,2652.8499
2011-06-30,2687.1235
2011-07-01,2691.0337
2011-07-04,2746.8662
2011-07-05,2754.2375
2011-07-06,2753.6223
2011-07-07,2741.563
2011-07-08,2743.7161
2011-07-11,2752.8994
2011-07-12,2707.3723
2011-07-13,2748.9783
2011-07-14,2763.6812
2011-07-15,2776.1682
2011-07-18,2772.282
2011-07-19,2750.6755
2011-07-20,2749.4531
2011-07-21,2721.759
2011-07-22,2729.4299
2011-07-25,2644.8511
2011-07-26,2659.1072
2011-07-27,2684.0381
2011-07-28,2671.5337
2011-07-29,2659.6453
2011-08-01,2663.575
2011-08-02,2641.3945
2011-08-03,2642.2229
2011-08-04,2648.7207
2011-08-05,2592.8433
2011-08-08,2489.4368
2011-08-09,2487.9844
2011-08-10,2514.5574
2011-08-11,2549.6665
2011-08-12,2564.3523
2011-08-15,2598.3284
2011-08-16,2579.6392
2011-08-17,2571.9656
2011-08-18,2529.8167
2011-08-19,2505.7407
2011-08-22,2484.991
2011-08-23,2522.812
2011-08-24,2513.7053
2011-08-25,2582.5657
2011-08-26,2582.3457
2011-08-29,2550.7104
2011-08-30,2538.542
2011-08-31,2537.5537
2011-09-01,2525.7266
2011-09-02,2498.5847
2011-09-05,2446.7664
2011-09-06,2433.6365
2011-09-07,2482.1575
2011-09-08,2464.1338
2011-09-09,2459.5559
2011-09-13,2430.4026
2011-09-14,2445.6694
2011-09-15,2446.2578
2011-09-16,2449.522
2011-09-19,2405.616
2011-09-20,2415.3489
2011-09-21,2480.3992
2011-09-22,2410.5479
2011-09-23,2396.9077
2011-09-26,2356.8569
2011-09-27,2376.2737
2011-09-28,2351.2627
2011-09-29,2317.3804
2011-09-30,2312.2429
2011-10-10,2298.0452
2011-10-11,2296.5129
2011-10-12,2367.7161
2011-10-13,2389.1013
2011-10-14,2380.6648
2011-10-17,2390.9915
2011-10-18,2330.9607
2011-10-19,2323.7573
2011-10-20,2274.0742
2011-10-21,2254.5029
2011-10-24,2304.9321
2011-10-25,2348.1189
2011-10-26,2367.5459
2011-10-27,2373.8008
2011-10-28,2414.7888
2011-10-31,2411.9854
2011-11-01,2413.5364
2011-11-02,2449.4392
2011-11-03,2456.4675
2011-11-04,2475.6462
2011-11-07,2458.5745
2011-11-08,2449.9902
2011-11-09,2474.2378
2011-11-10,2432.4189
2011-11-11,2432.9102
2011-11-14,2483.5703
2011-11-15,2484.8682
2011-11-16,2422.9226
2011-11-17,2419.5859
2011-11-18,2369.6692
2011-11-21,2369.4299
2011-11-22,2367.1885
2011-11-23,2350.8801
2011-11-24,2353.9717
2011-11-25,2337.7026
2011-11-28,2340.6096
2011-11-29,2370.5764
2011-11-30,2290.1743
2011-12-01,2341.9871
2011-12-02,2312.4482
2011-12-05,2275.5403
2011-12-06,2271.2117
2011-12-07,2277.9377
2011-12-08,2275.4111
2011-12-09,2259.1169
2011-12-12,2234.6802
2011-12-13,2188.4912
2011-12-14,2166.0227
2011-12-15,2118.4556
2011-12-16,2164.1895
2011-12-19,2160.3008
2011-12-20,2157.2908
2011-12-21,2127.084
2011-12-22,2119.521
2011-12-23,2137.8196
2011-12-26,2121.7813
2011-12-27,2091.3022
2011-12-28,2092.5945
2011-12-29,2096.7156
2011-12-30,2123.853
2012-01-04,2089.2793
2012-01-05,2057.3379
2012-01-06,2070.978
2012-01-09,2134.6294
2012-01-10,2198.0198
2012-01-11,2190.5801
2012-01-12,2189.115
2012-01-13,2151.4587
2012-01-16,2107.7009
2012-01-17,2199.6736
2012-01-18,2163.0229
2012-01-19,2192.2012
2012-01-20,2217.0903
2012-01-30,2187.4016
2012-01-31,2192.6951
2012-02-01,2171.1606
2012-02-02,2213.4438
2012-02-03,2233.2681
2012-02-06,2237.395
2012-02-07,2199.533
2012-02-08,2255.2036
2012-02-09,2259.9009
2012-02-10,2263.8499
2012-02-13,2267.4424
2012-02-14,2261.8474
2012-02-15,2285.7166
2012-02-16,2277.4534
2012-02-17,2276.1909
2012-02-20,2281.907
2012-02-21,2301.4626
2012-02-22,2328.3157
2012-02-23,2335.072
2012-02-24,2365.3137
2012-02-27,2373.1587
2012-02-28,2373.1238
2012-02-29,2348.573
2012-03-01,2348.2434
2012-03-02,2385.6973
2012-03-05,2372.512
2012-03-06,2340.6604
2012-03-07,2325.8052
2012-03-08,2351.4404
2012-03-09,2374.7258
2012-03-12,2372.4702
2012-03-13,2394.2798
2012-03-14,2324.0073
2012-03-15,2307.7808
2012-03-16,2343.3469
2012-03-19,2353.687
2012-03-20,2317.8767
2012-03-21,2319.1531
2012-03-22,2314.96
2012-03-23,2286.2542
2012-03-26,2287.1401
2012-03-27,2281.6536
2012-03-28,2213.4287
2012-03-29,2180.4851
2012-03-30,2186.8015
2012-04-05,2232.1934
2012-04-06,2239.554
2012-04-09,2218.4792
2012-04-10,2238.6689
2012-04-11,2243.0652
2012-04-12,2284.4941
2012-04-13,2293.9775
2012-04-16,2291.6958
2012-04-17,2267.0884
2012-04-18,2312.2395
2012-04-19,2308.3257
2012-04-20,2333.3052
2012-04-23,2311.1604
2012-04-24,2307.0942
2012-04-25,2326.718
2012-04-26,2324.2986
2012-04-27,2316.031
2012-05-02,2356.9429
2012-05-03,2360.8232
2012-05-04,2375.5879
2012-05-07,2380.2893
2012-05-08,2375.166
2012-05-09,2335.0703
2012-05-10,2337.6311
2012-05-11,2323.1802
2012-05-14,2311.2295
2012-05-15,2307.1724
2012-05-16,2278.2566
2012-05-17,2309.2104
2012-05-18,2275.9709
2012-05-21,2280.9971
2012-05-22,2307.8838
2012-05-23,2299.9026
2012-05-24,2284.9473
2012-05-25,2266.5642
2012-05-28,2296.9739
2012-05-29,2324.5713
2012-05-30,2321.0466
2012-05-31,2315.0503
2012-06-01,2316.0659
2012-06-04,2252.1699
2012-06-05,2253.936
2012-06-06,2250.8372
2012-06-07,2240.3032
2012-06-08,2229.5366
2012-06-11,2260.0667
2012-06-12,2247.0132
2012-06-13,2280.9197
2012-06-14,2266.3286
2012-06-15,2274.6348
2012-06-18,2286.8459
2012-06-19,2271.0371
2012-06-20,2268.2422
2012-06-21,2236.604
2012-06-25,2195.2542
2012-06-26,2194.5483
2012-06-27,2190.0637
2012-06-28,2169.4102
2012-06-29,2197.4744
2012-07-02,2205.2075
2012-07-03,2210.3271
2012-07-04,2206.7317
2012-07-05,2178.7942
2012-07-06,2208.6255
2012-07-09,2157.0667
2012-07-10,2148.1135
2012-07-11,2162.8381
2012-07-12,2178.916
2012-07-13,2177.9543
2012-07-16,2130.8081
2012-07-17,2143.1953
2012-07-18,2149.8604
2012-07-19,2167.0112
2012-07-20,2150.0386
2012-07-23,2123.458
2012-07-24,2131.4973
2012-07-25,2120.0171
2012-07-26,2108.0332
2012-07-27,2107.4844
2012-07-30,2086.3672
2012-07-31,2075.749
2012-08-01,2098.7791
2012-08-02,2084.4507
2012-08-03,2109.8882
2012-08-06,2138.1489
2012-08-07,2143.9348
2012-08-08,2145.6272
2012-08-09,2163.3755
2012-08-10,2157.1125
2012-08-13,2121.9438
2012-08-14,2130.5437
2012-08-15,2109.0728
2012-08-16,2099.8696
2012-08-17,2099.6833
2012-08-20,2094.8035
2012-08-21,2109.8784
2012-08-22,2097.3894
2012-08-23,2104.0818
2012-08-24,2078.3987
2012-08-27,2038.9087
2012-08-28,2054.6292
2012-08-29,2035.7985
2012-08-30,2027.698
2012-08-31,2025.563
2012-09-03,2045.176
2012-09-04,2027.9742
2012-09-05,2026.1313
2012-09-06,2041.4193
2012-09-07,2117.1311
2012-09-10,2126.9775
2012-09-11,2114.2766
2012-09-12,2122.0603
2012-09-13,2102.7568
2012-09-14,2114.6616
2012-09-17,2066.6804
2012-09-18,2052.4927
2012-09-19,2062.5359
2012-09-20,2015.2455
2012-09-21,2015.4238
2012-09-24,2024.37
2012-09-25,2019.2172
2012-09-26,1989.29
2012-09-27,2041.81
2012-09-28,2073.98
2012-10-08,2061.06
2012-10-09,2105.03
2012-10-10,2113.82
2012-10-11,2093.38
2012-10-12,2093.87
2012-10-15,2086.66
2012-10-16,2088.35
2012-10-17,2094.0
2012-10-18,2123.0
2012-10-19,2119.54
2012-10-22,2124.96
2012-10-23,2104.08
2012-10-24,2103.47
2012-10-25,2088.19
2012-10-26,2051.26
2012-10-29,2045.04
2012-10-30,2047.89
2012-10-31,2055.02
2012-11-01,2091.44
2012-11-02,2102.39
2012-11-05,2097.24
2012-11-06,2087.55
2012-11-07,2086.42
2012-11-08,2048.81
2012-11-09,2044.45
2012-11-12,2054.9
2012-11-13,2021.32
2012-11-14,2028.47
2012-11-15,2001.68
2012-11-16,1985.44
2012-11-19,1986.99
2012-11-20,1979.87
2012-11-21,2001.31
2012-11-22,1984.53
2012-11-23,1995.25
2012-11-26,1980.47
2012-11-27,1948.17
2012-11-28,1925.32
2012-11-29,1913.6
2012-11-30,1932.54
2012-12-03,1905.13
2012-12-04,1923.07
2012-12-05,1981.96
2012-12-06,1979.19
2012-12-07,2013.55
2012-12-10,2036.12
2012-12-11,2025.96
2012-12-12,2032.36
2012-12-13,2010.41
2012-12-14,2095.63
2012-12-17,2106.23
2012-12-18,2105.87
2012-12-19,2109.19
2012-12-20,2116.01
2012-12-21,2105.16
2012-12-24,2111.62
2012-12-25,2164.48
2012-12-26,2176.33
2012-12-27,2163.95
2012-12-28,2190.89
2012-12-31,2223.24
2013-01-04,2224.87
2013-01-07,2235.9
2013-01-08,2234.09
2013-01-09,2236.15
2013-01-10,2245.05
2013-01-11,2204.14
2013-01-14,2274.8
2013-01-15,2293.0
2013-01-16,2280.13
2013-01-17,2256.16
2013-01-18,2289.14
2013-01-21,2301.56
2013-01-22,2283.34
2013-01-23,2287.96
2013-01-24,2263.33
2013-01-25,2254.06
2013-01-28,2307.68
2013-01-29,2321.96
2013-01-30,2341.01
2013-01-31,2336.44
2013-02-01,2365.68
2013-02-04,2361.0802
2013-02-05,2381.3447
2013-02-06,2390.3536
2013-02-07,2385.7977
2013-02-08,2407.6385
2013-02-18,2398.54
2013-02-19,2355.6624
2013-02-20,2383.5538
2013-02-21,2316.3375
2013-02-22,2306.6774
2013-02-25,2322.1645
2013-02-26,2290.0549
2013-02-27,2305.4933
2013-02-28,2366.067
2013-03-01,2376.7759
2013-03-04,2279.0616
2013-03-05,2341.9301
2013-03-06,2372.3616
2013-03-07,2344.7553
2013-03-08,2328.4314
2013-03-11,2321.14
2013-03-12,2277.1465
2013-03-13,2253.9512
2013-03-14,2261.0161
2013-03-15,2265.3878
2013-03-18,2233.6098
2013-03-19,2248.0284
2013-03-20,2317.1845
2013-03-21,2330.8682
2013-03-22,2336.3204
2013-03-25,2333.0266
2013-03-26,2306.5071
2013-03-27,2313.8929
2013-03-28,2241.0454
2013-03-29,2239.2658
2013-04-01,2244.8436
2013-04-02,2227.5937
2013-04-03,2216.901
2013-04-08,2214.7981
2013-04-09,2233.5536
2013-04-10,2227.8282
2013-04-11,2220.7394
2013-04-12,2204.9291
2013-04-15,2178.7007
2013-04-16,2199.6548
2013-04-17,2208.7298
2013-04-18,2215.5607
2013-04-19,2270.8455
2013-04-22,2275.9709
2013-04-23,2206.7378
2013-04-24,2251.8486
2013-04-25,2220.6789
2013-04-26,2192.4873
2013-05-02,2198.8268
2013-05-03,2240.5778
2013-05-06,2275.4832
2013-05-07,2279.7942
2013-05-08,2290.8594
2013-05-09,2281.0241
2013-05-10,2294.4495
2013-05-13,2294.2275
2013-05-14,2263.9884
2013-05-15,2284.9903
2013-05-16,2317.6873
2013-05-17,2352.7488
2013-05-20,2378.3958
2013-05-21,2395.2187
2013-05-22,2386.3744
2013-05-23,2361.4956
2013-05-24,2386.6296
2013-05-27,2400.0077
2013-05-28,2421.7043
2013-05-29,2428.7227
2013-05-30,2427.308
2013-05-31,2407.307
2013-06-03,2398.943
2013-06-04,2358.1384
2013-06-05,2361.7332
2013-06-06,2327.9651
2013-06-07,2289.7591
2013-06-13,2219.7791
2013-06-14,2250.7129
2013-06-17,2249.4281
2013-06-18,2260.9749
2013-06-19,2247.3104
2013-06-20,2172.8514
2013-06-21,2166.0321
2013-06-24,2027.8147
2013-06-25,2021.8294
2013-06-26,2046.8099
2013-06-27,2026.719
2013-06-28,2046.2654
2013-07-01,2077.3679
2013-07-02,2099.1766
2013-07-03,2092.2695
2013-07-04,2108.1971
2013-07-05,2104.1384
2013-07-08,2035.8531
2013-07-09,2041.58
2013-07-10,2101.616
2013-07-11,2182.7957
2013-07-12,2151.3248
2013-07-15,2190.7301
2013-07-16,2208.5729
2013-07-17,2175.9152
2013-07-18,2155.8061
2013-07-19,2103.606
2013-07-22,2131.6978
2013-07-23,2190.0667
2013-07-24,2190.0674
2013-07-25,2162.2546
2013-07-26,2155.8962
2013-07-29,2112.6081
2013-07-30,2115.9308
2013-07-31,2123.2617
2013-08-01,2178.8536
2013-08-02,2183.5817
2013-08-05,2216.1778
2013-08-06,2235.3115
2013-08-07,2216.1088
2013-08-08,2218.7346
2013-08-09,2226.6079
2013-08-12,2274.6617
2013-08-13,2285.2903
2013-08-14,2278.0506
2013-08-15,2252.2685
2013-08-16,2219.2088
2013-08-19,2254.9359
2013-08-20,2244.6768
2013-08-21,2250.2605
2013-08-22,2251.2964
2013-08-23,2241.4076
2013-08-26,2289.4508
2013-08-27,2302.0611
2013-08-28,2285.4189
2013-08-29,2280.5502
2013-08-30,2263.4411
2013-09-02,2275.497
2013-09-03,2310.8608
2013-09-04,2311.2972
2013-09-05,2310.6908
2013-09-06,2328.5526
2013-09-09,2381.5211
2013-09-10,2409.7133
2013-09-11,2400.3912
2013-09-12,2415.7427
2013-09-13,2410.4245
2013-09-16,2410.5307
2013-09-17,2364.7648
2013-09-18,2378.7262
2013-09-23,2422.9623
2013-09-24,2410.3926
2013-09-25,2397.6218
2013-09-26,2352.0298
2013-09-27,2361.2407
2013-09-30,2385.7764
2013-10-08,2421.8874
2013-10-09,2443.9107
2013-10-10,2421.6696
2013-10-11,2459.191
2013-10-14,2473.714
2013-10-15,2471.0884
2013-10-16,2411.0938
2013-10-17,2405.4876
2013-10-18,2419.2661
2013-10-21,2473.2336
2013-10-22,2446.0026
2013-10-23,2401.3803
2013-10-24,2383.3206
2013-10-25,2344.9795
2013-10-28,2342.1083
2013-10-29,2315.1762
2013-10-30,2351.42
2013-10-31,2318.8737
2013-11-01,2319.5475
2013-11-04,2324.36
2013-11-05,2342.6119
2013-11-06,2316.9745
2013-11-07,2294.8829
2013-11-08,2261.9285
2013-11-11,2272.2524
2013-11-12,2295.8382
2013-11-13,2248.7408
2013-11-14,2273.7583
2013-11-15,2320.4968
2013-11-18,2388.0341
2013-11-19,2384.0799
2013-11-20,2401.5114
2013-11-21,2390.2674
2013-11-22,2378.9506
2013-11-25,2374.629
2013-11-26,2377.4093
2013-11-27,2407.2912
2013-11-28,2429.3073
2013-11-29,2440.4994
2013-12-02,2365.4345
2013-12-03,2399.0027
2013-12-04,2432.0318
2013-12-05,2423.7281
2013-12-06,2412.1374
2013-12-09,2424.1307
2013-12-10,2426.4633
2013-12-11,2394.6219
2013-12-12,2400.9593
2013-12-13,2403.7957
2013-12-16,2366.6506
2013-12-17,2353.2907
2013-12-18,2351.9716
2013-12-19,2329.1738
2013-12-20,2287.2174
2013-12-23,2287.0727
2013-12-24,2298.8668
2013-12-25,2324.0864
2013-12-26,2283.058
2013-12-27,2322.4409
2013-12-30,2326.2586
2013-12-31,2344.197
2014-01-02,2350.4008
2014-01-03,2328.8088
2014-01-06,2270.512
2014-01-07,2279.1594
2014-01-08,2289.1021
2014-01-09,2261.7393
2014-01-10,2233.5439
2014-01-13,2225.104
2014-01-14,2257.0748
2014-01-15,2264.3103
2014-01-16,2265.7354
2014-01-17,2237.6606
2014-01-20,2222.3265
2014-01-21,2252.0037
2014-01-22,2308.3399
2014-01-23,2312.1356
2014-01-24,2335.9412
2014-01-27,2317.7889
2014-01-28,2317.2876
2014-01-29,2334.6716
2014-01-30,2316.1153
2014-02-07,2344.8217
2014-02-10,2406.7256
2014-02-11,2417.1975
2014-02-12,2435.7584
2014-02-13,2407.1927
2014-02-14,2439.7267
2014-02-17,2475.376
2014-02-18,2459.5531
2014-02-19,2473.8054
2014-02-20,2442.767
2014-02-21,2425.6615
2014-02-24,2402.2019
2014-02-25,2322.892
2014-02-26,2333.124
2014-02-27,2310.2005
2014-02-28,2336.2127
2014-03-03,2369.1244
2014-03-04,2366.2538
2014-03-05,2352.4065
2014-03-06,2357.8737
2014-03-07,2350.6957
2014-03-10,2267.4734
2014-03-11,2271.7781
2014-03-12,2272.4683
2014-03-13,2301.9955
2014-03-14,2289.6174
2014-03-17,2326.929
2014-03-18,2331.3211
2014-03-19,2320.6829
2014-03-20,2269.138
2014-03-21,2328.3506
2014-03-24,2342.9512
2014-03-25,2341.9343
2014-03-26,2345.2317
2014-03-27,2313.72
2014-03-28,2282.7451
2014-03-31,2270.9917
2014-04-01,2299.7064
2014-04-02,2305.1525
2014-04-03,2296.1375
2014-04-04,2321.408
2014-04-08,2360.401
2014-04-09,2373.7907
2014-04-10,2398.6632
2014-04-11,2391.0478
2014-04-14,2399.2251
2014-04-15,2370.4096
2014-04-16,2372.6283
2014-04-17,2368.2852
2014-04-18,2373.2912
2014-04-21,2334.1639
2014-04-22,2329.4756
2014-04-23,2323.5898
2014-04-24,2308.759
2014-04-25,2270.2834
2014-04-28,2212.9089
2014-04-29,2241.296
2014-04-30,2253.5585
2014-05-05,2265.6108
2014-05-06,2274.6708
2014-05-07,2243.2121
2014-05-08,2243.8727
2014-05-09,2231.0451
2014-05-12,2283.5139
2014-05-13,2279.7317
2014-05-14,2278.9444
2014-05-15,2241.0113
2014-05-16,2238.5607
2014-05-19,2217.3397
2014-05-20,2223.2404
2014-05-21,2244.5307
2014-05-22,2243.1566
2014-05-23,2266.2251
2014-05-26,2285.8699
2014-05-27,2277.061
2014-05-28,2304.6773
2014-05-29,2282.9865
2014-05-30,2287.1972
2014-06-03,2282.1169
2014-06-04,2261.8948
2014-06-05,2290.1323
2014-06-06,2279.5168
2014-06-09,2271.7197
2014-06-10,2301.7727
2014-06-11,2308.9071
2014-06-12,2304.7196
2014-06-13,2331.2287
2014-06-16,2348.4206
2014-06-17,2326.356
2014-06-18,2313.2798
2014-06-19,2261.1809
2014-06-20,2280.1732
2014-06-23,2292.4915
2014-06-24,2309.0536
2014-06-25,2298.2337
2014-06-26,2325.1149
2014-06-27,2336.5705
2014-06-30,2357.6363
2014-07-01,2366.0787
2014-07-02,2377.8769
2014-07-03,2393.4509
2014-07-04,2391.0989
2014-07-07,2390.151
2014-07-08,2402.6175
2014-07-09,2366.0937
2014-07-10,2364.7046
2014-07-11,2382.9688
2014-07-14,2413.9798
2014-07-15,2410.7474
2014-07-16,2395.6098
2014-07-17,2382.671
2014-07-18,2390.0218
2014-07-21,2387.7172
2014-07-22,2419.824
2014-07-23,2409.4374
2014-07-24,2425.3941
2014-07-25,2450.6978
2014-07-28,2509.3645
2014-07-29,2529.6144
2014-07-30,2532.8337
2014-07-31,2559.7216
2014-08-01,2533.1109
2014-08-04,2578.8804
2014-08-05,2586.0503
2014-08-06,2592.0718
2014-08-07,2560.6531
2014-08-08,2573.9955
2014-08-11,2613.973
2014-08-12,2618.0249
2014-08-13,2619.2087
2014-08-14,2599.7814
2014-08-15,2629.5969
2014-08-18,2659.8761
2014-08-19,2666.8075
2014-08-20,2661.8176
2014-08-21,2658.3447
2014-08-22,2675.1288
2014-08-25,2652.3308
2014-08-26,2614.4655
2014-08-27,2623.4567
2014-08-28,2601.2021
2014-08-29,2632.1693
2014-09-01,2668.6635
2014-09-02,2709.4786
2014-09-03,2733.3007
2014-09-04,2757.6845
2014-09-05,2776.7829
2014-09-09,2785.6049
2014-09-10,2787.1502
2014-09-11,2781.7142
2014-09-12,2809.5801
2014-09-15,2826.6641
2014-09-16,2746.4511
2014-09-17,2766.1497
2014-09-18,2782.2675
2014-09-19,2807.6867
2014-09-22,2763.8366
2014-09-23,2797.5602
2014-09-24,2843.1642
2014-09-25,2841.5999
2014-09-26,2849.3836
2014-09-29,2872.4795
2014-09-30,2886.923
2014-10-08,2926.7028
2014-10-09,2935.1389
2014-10-10,2920.1554
2014-10-13,2913.3186
2014-10-14,2904.3851
2014-10-15,2922.0237
2014-10-16,2885.7597
2014-10-17,2865.0514
2014-10-20,2896.9826
2014-10-21,2871.1582
2014-10-22,2843.1659
2014-10-23,2803.206
2014-10-24,2804.9073
2014-10-27,2805.8149
2014-10-28,2875.3501
2014-10-29,2919.0965
2014-10-30,2929.2672
2014-10-31,2946.7975
2014-11-03,2967.7062
2014-11-04,2958.8567
2014-11-05,2952.1657
2014-11-06,2967.9209
2014-11-07,2950.6497
2014-11-10,2999.8741
2014-11-11,2941.5907
2014-11-12,2989.931
2014-11-13,2960.5122
2014-11-14,2955.2078
2014-11-17,2968.5596
2014-11-18,2961.0866
2014-11-19,2970.164
2014-11-20,2968.441
2014-11-21,3012.7726
2014-11-24,3069.5884
2014-11-25,3116.5342
2014-11-26,3149.0462
2014-11-27,3180.834
2014-11-28,3212.4723
2014-12-01,3201.9071
2014-12-02,3282.7546
2014-12-03,3324.7291
2014-12-04,3431.9547
2014-12-05,3402.2204
2014-12-08,3484.9839
2014-12-09,3322.1788
2014-12-10,3445.5359
2014-12-11,3450.6997
2014-12-12,3475.3887
2014-12-15,3518.0572
2014-12-16,3569.1121
2014-12-17,3582.4769
2014-12-18,3569.9189
2014-12-19,3571.3831
2014-12-22,3498.8571
2014-12-23,3427.023
2014-12-24,3402.8249
2014-12-25,3490.7739
2014-12-26,3566.9275
2014-12-29,3543.907
2014-12-30,3514.6842
2014-12-31,3573.4819
2015-01-05,3654.6299
2015-01-06,3680.1953
2015-01-07,3683.243
2015-01-08,3627.0515
2015-01-09,3609.9161
2015-01-12,3567.8895
2015-01-13,3592.8609
2015-01-14,3579.5579
2015-01-15,3655.1497
2015-01-16,3695.2903
2015-01-19,3473.0615
2015-01-20,3557.0899
2015-01-21,3689.6525
2015-01-22,3728.6869
2015-01-23,3715.779
2015-01-26,3774.7591
2015-01-27,3765.2033
2015-01-28,3727.6734
2015-01-29,3691.8513
2015-01-30,3643.7429
2015-02-02,3590.2271
2015-02-03,3671.0827
2015-02-04,3646.7561
2015-02-05,3621.22
2015-02-06,3551.7317
2015-02-09,3558.7899
2015-02-10,3616.748
2015-02-11,3655.3307
2015-02-12,3676.1756
2015-02-13,3723.4267
2015-02-16,3777.7856
2015-02-17,3806.6345
2015-02-25,3778.5016
2015-02-26,3845.9309
2015-02-27,3871.5947
2015-03-02,3932.8695
2015-03-03,3870.0943
2015-03-04,3917.5815
2015-03-05,3905.6206
2015-03-06,3870.7088
2015-03-09,3934.1506
2015-03-10,3951.9327
2015-03-11,3953.2344
2015-03-12,3984.9179
2015-03-13,4029.4995
2015-03-16,4148.2057
2015-03-17,4209.012
2015-03-18,4301.6797
2015-03-19,4315.8887
2015-03-20,4373.4976
2015-03-23,4481.9475
2015-03-24,4501.8857
2015-03-25,4511.0926
2015-03-26,4485.816
2015-03-27,4525.8519
2015-03-30,4611.4025
2015-03-31,4598.7378
2015-04-01,4705.2927
2015-04-02,4763.5682
2015-04-03,4842.6024
2015-04-07,4957.6867
2015-04-08,4956.1206
2015-04-09,4914.0293
2015-04-10,5036.9822
2015-04-13,5141.9369
2015-04-14,5152.3342
2015-04-15,5009.2
2015-04-16,5119.334
2015-04-17,5186.3157
2015-04-20,5087.8646
2015-04-21,5249.3031
2015-04-22,5403.9609
2015-04-23,5438.7748
2015-04-24,5419.9956
2015-04-27,5508.8168
2015-04-28,5384.3032
2015-04-29,5467.9976
2015-04-30,5470.8308
2015-05-04,5519.1104
2015-05-05,5314.8886
2015-05-06,5263.152
2015-05-07,5154.8992
2015-05-08,5329.7916
2015-05-11,5550.3613
2015-05-12,5665.1394
2015-05-13,5675.7465
2015-05-14,5684.1059
2015-05-15,5621.2568
2015-05-18,5676.6924
2015-05-19,5856.844
2015-05-20,5945.2356
2015-05-21,6125.0601
2015-05-22,6248.2252
2015-05-25,6420.5665
2015-05-26,6626.8028
2015-05-27,6680.9892
2015-05-28,6240.9392
2015-05-29,6293.9139
2015-06-01,6639.3315
2015-06-02,6851.7341
2015-06-03,6871.8148
2015-06-04,6880.2018
2015-06-05,6975.5004
2015-06-08,6981.6123
2015-06-09,6962.6832
2015-06-10,7049.3456
2015-06-11,7132.1322
2015-06-12,7224.2644
2015-06-15,7067.8356
2015-06-16,6788.3894
2015-06-17,6922.5986
2015-06-18,6645.5906
2015-06-19,6180.0311
2015-06-23,6286.6925
2015-06-24,6437.5464
2015-06-25,6178.1612
2015-06-26,5633.918
2015-06-29,5301.2064
2015-06-30,5631.7365
2015-07-01,5295.6058
2015-07-02,4975.3161
2015-07-03,4635.2585
2015-07-06,4588.1708
2015-07-07,4349.6699
2015-07-08,4015.7182
2015-07-09,4362.9793
2015-07-10,4697.1833
2015-07-13,4954.8411
2015-07-14,4974.9568
2015-07-15,4711.8463
2015-07-16,4778.077
2015-07-17,5054.5184
2015-07-20,5134.0461
2015-07-21,5204.1691
2015-07-22,5248.824
2015-07-23,5420.5878
2015-07-24,5330.2106
2015-07-27,4844.7753
2015-07-28,4734.7838
2015-07-29,4962.1658
2015-07-30,4799.3298
2015-07-31,4743.5066
2015-08-03,4626.3626
2015-08-04,4875.064
2015-08-05,4799.8174
2015-08-06,4763.1945
2015-08-07,4917.9309
2015-08-10,5197.4941
2015-08-11,5211.5926
2015-08-12,5134.7812
2015-08-13,5263.6992
2015-08-14,5294.4142
2015-08-17,5359.8336
2015-08-18,4935.0459
2015-08-19,5051.6627
2015-08-20,4858.8353
2015-08-21,4571.8944
2015-08-24,4128.3529
2015-08-25,3767.892
2015-08-26,3655.7211
2015-08-27,3858.3369
2015-08-28,4104.6349
2015-08-31,4015.5468
2015-09-01,3851.2126
2015-09-02,3781.3288
2015-09-07,3737.9917
2015-09-08,3898.5718
2015-09-09,4030.5192
2015-09-10,3963.5204
2015-09-11,3983.5079
2015-09-14,3766.1446
2015-09-15,3556.587
2015-09-16,3806.5007
2015-09-17,3721.237
2015-09-18,3763.1659
2015-09-21,3887.1021
2015-09-22,3922.8834
2015-09-23,3851.4532
2015-09-24,3900.541
2015-09-25,3779.7617
2015-09-28,3839.4274
2015-09-29,3758.1244
2015-09-30,3777.8516
2015-10-08,3934.5299
2015-10-09,4000.7162
2015-10-12,4176.7736
2015-10-13,4210.5675
2015-10-14,4153.5132
2015-10-15,4291.0238
2015-10-16,4365.8373
2015-10-19,4367.6026
2015-10-20,4446.952
2015-10-21,4197.7536
2015-10-22,4335.0177
2015-10-23,4448.3661
2015-10-26,4481.5407
2015-10-27,4506.0098
2015-10-28,4397.0567
2015-10-29,4428.6489
2015-10-30,4423.9262
2015-11-02,4328.9521
2015-11-03,4321.2562
2015-11-04,4559.8916
2015-11-05,4610.1349
2015-11-06,4737.9198
2015-11-09,4818.9154
2015-11-10,4838.1778
2015-11-11,4896.0966
2015-11-12,4885.434
2015-11-13,4792.6335
2015-11-16,4870.8526
2015-11-17,4841.9881
2015-11-18,4764.7018
2015-11-19,4885.4282
2015-11-20,4935.4392
2015-11-23,4896.5052
2015-11-24,4932.7778
2015-11-25,5010.1085
2015-11-26,4992.8174
2015-11-27,4672.1795
2015-11-30,4698.5424
2015-12-01,4709.4021
2015-12-02,4758.5477
2015-12-03,4851.6976
2015-12-04,4799.3737
2015-12-07,4845.671
2015-12-08,4747.672
2015-12-09,4742.7249
2015-12-10,4730.1529
2015-12-11,4697.2698
2015-12-14,4811.5121
2015-12-15,4838.2219
2015-12-16,4855.5434
2015-12-17,4980.2628
2015-12-18,4983.5214
2015-12-21,5070.1831
2015-12-22,5107.0962
2015-12-23,5061.0275
2015-12-24,5035.6828
2015-12-25,5066.93
2015-12-28,4932.3325
2015-12-29,4985.5973
2015-12-30,5023.4174
2015-12-31,4949.1953
2016-01-04,4534.4075
2016-01-05,4482.7447
2016-01-06,4595.6297
2016-01-07,4208.3515
2016-01-08,4270.3716
2016-01-11,3982.3778
2016-01-12,3991.9486
2016-01-13,3861.0293
2016-01-14,3986.1576
2016-01-15,3836.0848
2016-01-18,3890.478
2016-01-19,4038.1686
2016-01-20,3989.1423
2016-01-21,3829.41
2016-01-22,3886.3969
2016-01-25,3924.3307
2016-01-26,3631.7779
2016-01-27,3597.6812
2016-01-28,3450.6763
2016-01-29,3585.3366
2016-02-01,3530.4041
2016-02-02,3646.0243
2016-02-03,3651.7358
2016-02-04,3723.8562
2016-02-05,3687.7161
2016-02-15,3679.7448
2016-02-16,3833.1849
2016-02-17,3883.5525
2016-02-18,3872.9311
2016-02-19,3884.5579
2016-02-22,3976.8389
2016-02-23,3945.3136
2016-02-24,3966.3444
2016-02-25,3654.3998
2016-02-26,3667.6167
2016-02-29,3489.0276
2016-03-01,3569.2034
2016-03-02,3752.4739
2016-03-03,3762.4096
2016-03-04,3704.7443
2016-03-07,3766.2096
2016-03-08,3783.1705
2016-03-09,3707.6231
2016-03-10,3633.6898
2016-03-11,3630.629
2016-03-14,3738.5268
2016-03-15,3724.8118
2016-03-16,3710.874
2016-03-17,3810.2933
2016-03-18,3925.991
2016-03-21,4037.7006
2016-03-22,4017.5754
2016-03-23,4049.3035
2016-03-24,3979.8127
2016-03-25,4008.1073
2016-03-28,3977.2732
2016-03-29,3914.5085
2016-03-30,4053.9082
2016-03-31,4062.2827
2016-04-01,4052.2932
2016-04-05,4147.0874
2016-04-06,4157.875
2016-04-07,4088.832
2016-04-08,4053.0577
2016-04-11,4135.7803
2016-04-12,4108.9729
2016-04-13,4171.7964
2016-04-14,4210.2105
2016-04-15,4207.78
2016-04-18,4143.8979
2016-04-19,4160.5685
2016-04-20,4003.2391
2016-04-21,3961.345
2016-04-22,3992.6692
2016-04-25,3972.3563
2016-04-26,4014.5266
2016-04-27,4000.5218
2016-04-28,3990.6383
2016-04-29,3986.7198
2016-05-03,4094.1689
2016-05-04,4094.2399
2016-05-05,4113.8905
2016-05-06,3963.6989
2016-05-09,3824.3732
2016-05-10,3819.8512
2016-05-11,3809.2462
2016-05-12,3809.4648
2016-05-13,3795.6236
2016-05-16,3852.014
2016-05-17,3844.6919
2016-05-18,3761.8322
2016-05-19,3773.6541
2016-05-20,3810.2145
2016-05-23,3854.0584
2016-05-24,3814.9564
2016-05-25,3805.4827
2016-05-26,3820.8325
2016-05-27,3817.7631
2016-05-30,3809.7091
2016-05-31,3968.2447
2016-06-01,3981.0261
2016-06-02,4010.961
2016-06-03,4032.2883
2016-06-06,4037.4148
2016-06-07,4042.3205
2016-06-08,4030.1987
2016-06-13,3853.8192
2016-06-14,3868.1333
2016-06-15,3972.5894
2016-06-16,3961.3543
2016-06-17,3988.2795
2016-06-20,3998.7529
2016-06-21,3968.2781
2016-06-22,4025.3699
2016-06-23,4008.0336
2016-06-24,3964.9449
2016-06-27,4049.882
2016-06-28,4086.8065
2016-06-29,4104.8627
2016-06-30,4105.9422
2016-07-01,4103.0126
2016-07-04,4178.9591
2016-07-05,4195.2216
2016-07-06,4212.8371
2016-07-07,4217.8994
2016-07-08,4204.7008
2016-07-11,4200.4209
2016-07-12,4270.3647
2016-07-13,4300.6545
2016-07-14,4301.8366
2016-07-15,4293.4247
2016-07-18,4273.9585
2016-07-19,4279.2522
2016-07-20,4273.7632
2016-07-21,4286.9601
2016-07-22,4248.3091
2016-07-25,4254.0688
2016-07-26,4309.5318
2016-07-27,4161.2373
2016-07-28,4153.0655
2016-07-29,4127.5755
2016-08-01,4072.8104
2016-08-02,4103.1792
2016-08-03,4118.3028
2016-08-04,4140.2052
2016-08-05,4130.5709
2016-08-08,4175.4212
2016-08-09,4214.4844
2016-08-10,4200.9585
2016-08-11,4157.7337
2016-08-12,4220.3268
2016-08-15,4334.8756
2016-08-16,4343.6152
2016-08-17,4351.0155
2016-08-18,4347.8079
2016-08-19,4354.938
2016-08-22,4306.0128
2016-08-23,4317.2266
2016-08-24,4319.0841
2016-08-25,4290.4961
2016-08-26,4299.651
2016-08-29,4305.5985
2016-08-30,4309.4956
2016-08-31,4322.6367
2016-09-01,4288.2297
2016-09-02,4285.0685
2016-09-05,4301.1094
2016-09-06,4353.5819
2016-09-07,4352.7613
2016-09-08,4363.2023
2016-09-09,4333.6867
2016-09-12,4225.0538
2016-09-13,4242.8843
2016-09-14,4217.7893
2016-09-19,4261.8893
2016-09-20,4258.9707
2016-09-21,4268.9684
2016-09-22,4297.9314
2016-09-23,4279.3676
2016-09-26,4191.9368
2016-09-27,4222.0913
2016-09-28,4212.5959
2016-09-29,4229.4343
2016-09-30,4247.6501
2016-10-10,4324.1892
2016-10-11,4349.7034
2016-10-12,4348.2643
2016-10-13,4352.9453
2016-10-14,4350.6018
2016-10-17,4311.1057
2016-10-18,4376.5966
2016-10-19,4372.6182
2016-10-20,4381.0203
2016-10-21,4375.4471
2016-10-24,4421.6472
2016-10-25,4434.0385
2016-10-26,4416.2103
2016-10-27,4410.8514
2016-10-28,4384.935
2016-10-31,4381.6392
2016-11-01,4422.6856
2016-11-02,4393.1282
2016-11-03,4424.9614
2016-11-04,4414.3286
2016-11-07,4418.72
2016-11-08,4442.9161
2016-11-09,4417.467
2016-11-10,4475.1852
2016-11-11,4504.1193
2016-11-14,4520.1275
2016-11-15,4532.0966
2016-11-16,4534.0679
2016-11-17,4530.6667
2016-11-18,4513.231
2016-11-21,4534.03
2016-11-22,4572.2035
2016-11-23,4561.7805
2016-11-24,4556.8838
2016-11-25,4581.2461
2016-11-28,4589.0428
2016-11-29,4576.5278
2016-11-30,4554.3166
2016-12-01,4583.6848
2016-12-02,4520.5732
2016-12-05,4474.5188
2016-12-06,4476.1675
2016-12-07,4513.1093
2016-12-08,4497.8267
2016-12-09,4502.2006
2016-12-12,4335.8495
2016-12-13,4345.4468
2016-12-14,4318.915
2016-12-15,4319.3647
2016-12-16,4344.7809
2016-12-19,4334.267
2016-12-20,4319.2698
2016-12-21,4353.9751
2016-12-22,4350.8664
2016-12-23,4306.6444
2016-12-26,4324.1548
2016-12-27,4324.589
2016-12-28,4309.6458
2016-12-29,4300.0377
2016-12-30,4310.2245
2017-01-03,4351.6865
2017-01-04,4394.3682
2017-01-05,4394.8229
2017-01-06,4366.2491
2017-01-09,4387.1642
2017-01-10,4375.9169
2017-01-11,4336.4592
2017-01-12,4305.1136
2017-01-13,4267.6611
2017-01-16,4182.3449
2017-01-17,4210.241
2017-01-18,4208.9794
2017-01-19,4193.7814
2017-01-20,4243.4223
2017-01-23,4270.7044
2017-01-24,4263.4842
2017-01-25,4276.8487
2017-01-26,4299.3154
2017-02-03,4278.9102
2017-02-06,4309.6334
2017-02-07,4307.2802
2017-02-08,4334.4137
2017-02-09,4360.1036
2017-02-10,4365.7774
2017-02-13,4394.8249
2017-02-14,4394.0391
2017-02-15,4366.6943
2017-02-16,4394.2696
2017-02-17,4362.0815
2017-02-20,4410.8967
2017-02-21,4438.9683
2017-02-22,4453.1565
2017-02-23,4444.5598
2017-02-24,4452.5667
2017-02-27,4419.6888
2017-02-28,4435.085
2017-03-01,4445.4494
2017-03-02,4419.4808
2017-03-03,4421.7533
2017-03-06,4460.3374
2017-03-07,4471.6026
2017-03-08,4460.1557
2017-03-09,4429.7199
2017-03-10,4431.9131
2017-03-13,4468.0484
2017-03-14,4464.2452
2017-03-15,4466.1639
2017-03-16,4503.6457
2017-03-17,4464.5476
2017-03-20,4476.1813
2017-03-21,4491.6448
2017-03-22,4472.3515
2017-03-23,4479.9412
2017-03-24,4503.7742
2017-03-27,4491.7116
2017-03-28,4478.963
2017-03-29,4457.81
2017-03-30,4392.6473
2017-03-31,4409.2625
2017-04-05,4486.1544
2017-04-06,4501.0606
2017-04-07,4505.2505
2017-04-10,4475.9766
2017-04-11,4504.6702
2017-04-12,4477.9436
2017-04-13,4490.9488
2017-04-14,4439.7558
2017-04-17,4396.4485
2017-04-18,4364.6759
2017-04-19,4328.4572
2017-04-20,4326.6518
2017-04-21,4316.1348
2017-04-24,4230.0276
2017-04-25,4244.9811
2017-04-26,4255.9075
2017-04-27,4270.6964
2017-04-28,4279.7679
2017-05-02,4274.5669
2017-05-03,4262.4621
2017-05-04,4249.8247
2017-05-05,4206.0474
2017-05-08,4145.845
2017-05-09,4159.1516
2017-05-10,4108.8953
2017-05-11,4108.8766
2017-05-12,4125.7726
2017-05-15,4142.1041
2017-05-16,4205.2428
2017-05-17,4203.0022
2017-05-18,4180.1982
2017-05-19,4181.5603
2017-05-22,4143.6724
2017-05-23,4089.9242
2017-05-24,4102.7341
2017-05-25,4157.5835
2017-05-26,4156.1695
2017-05-31,4158.2803
2017-06-01,4106.6372
2017-06-02,4124.9052
2017-06-05,4134.9315
2017-06-06,4157.1651
2017-06-07,4227.8158
2017-06-08,4242.6996
2017-06-09,4255.4364
2017-06-12,4223.5128
2017-06-13,4258.8226
2017-06-14,4235.943
2017-06-15,4257.5649
2017-06-16,4250.8754
2017-06-19,4284.9504
2017-06-20,4284.1392
2017-06-21,4308.8417
2017-06-22,4274.3308
2017-06-23,4295.3467
2017-06-26,4350.5544
2017-06-27,4358.9623
2017-06-28,4329.9122
2017-06-29,4353.1551
2017-06-30,4357.9826
2017-07-03,4367.2225
2017-07-04,4344.4196
2017-07-05,4386.95
2017-07-06,4392.2279
2017-07-07,4401.7745
2017-07-10,4390.3421
2017-07-11,4373.7504
2017-07-12,4367.3654
2017-07-13,4386.9915
2017-07-14,4386.9144
2017-07-17,4254.5455
2017-07-18,4277.3295
2017-07-19,4347.537
2017-07-20,4369.3883
2017-07-21,4362.3397
2017-07-24,4385.5692
2017-07-25,4367.9722
2017-07-26,4360.6756
2017-07-27,4389.8914
2017-07-28,4398.5199
2017-07-31,4428.3127
2017-08-01,4447.6331
2017-08-02,4426.7606
2017-08-03,4416.4775
2017-08-04,4395.0192
2017-08-07,4426.5875
2017-08-08,4436.4363
2017-08-09,4443.8954
2017-08-10,4416.7529
2017-08-11,4339.8056
2017-08-14,4409.893
2017-08-15,4426.2014
2017-08-16,4432.7146
2017-08-17,4462.4561
2017-08-18,4457.3262
2017-08-21,4486.0364
2017-08-22,4479.8391
2017-08-23,4467.5704
2017-08-24,4441.6692
2017-08-25,4500.9089
2017-08-28,4555.467
2017-08-29,4549.2297
2017-08-30,4559.6191
2017-08-31,4563.3839
2017-09-01,4586.2843
2017-09-04,4608.1634
2017-09-05,4617.022
2017-09-06,4625.7279
2017-09-07,4603.4147
2017-09-08,4608.2591
2017-09-11,4633.9254
2017-09-12,4635.116
2017-09-13,4649.8148
2017-09-14,4640.0282
2017-09-15,4625.9249
2017-09-18,4651.1123
2017-09-19,4634.8521
2017-09-20,4661.6233
2017-09-21,4631.5215
2017-09-22,4619.7341
2017-09-25,4576.4413
2017-09-26,4582.8136
2017-09-27,4603.4429
2017-09-28,4595.0038
2017-09-29,4621.7526
2017-10-09,4675.0161
2017-10-10,4697.5437
2017-10-11,4694.0108
2017-10-12,4693.2808
2017-10-13,4712.6782
2017-10-16,4664.9258
2017-10-17,4663.1734
2017-10-18,4657.9714
2017-10-19,4626.4725
2017-10-20,4652.4421
2017-10-23,4669.927
2017-10-24,4674.4695
2017-10-25,4701.6305
2017-10-26,4720.3985
2017-10-27,4719.4875
2017-10-30,4656.249
2017-10-31,4672.854
2017-11-01,4668.3505
2017-11-02,4642.4485
2017-11-03,4620.7182
2017-11-06,4661.1561
2017-11-07,4693.8075
2017-11-08,4697.6831
2017-11-09,4727.8854
2017-11-10,4753.887
2017-11-13,4770.0459
2017-11-14,4735.8962
2017-11-15,4697.459
2017-11-16,4710.5284
2017-11-17,4638.7152
2017-11-20,4666.3182
2017-11-21,4707.0796
2017-11-22,4710.7427
2017-11-23,4585.8253
2017-11-24,4587.5722
2017-11-27,4530.7548
2017-11-28,4569.0251
2017-11-29,4573.6531
2017-11-30,4534.9359
2017-12-01,4551.1012
2017-12-04,4537.3096
2017-12-05,4491.2536
2017-12-06,4497.9069
2017-12-07,4467.9414
2017-12-08,4509.5484
2017-12-11,4570.1697
2017-12-12,4519.0509
2017-12-13,4553.8555
2017-12-14,4544.1888
2017-12-15,4508.2241
2017-12-18,4495.9247
2017-12-19,4538.7339
2017-12-20,4514.6474
2017-12-21,4542.4238
2017-12-22,4533.5057
2017-12-25,4500.2376
2017-12-26,4522.657
2017-12-27,4477.5067
2017-12-28,4499.8196
2017-12-29,4522.7222
2018-01-02,4579.636
2018-01-03,4612.8901
2018-01-04,4629.9289
2018-01-05,4636.9343
2018-01-08,4654.6714
2018-01-09,4668.9445
2018-01-10,4664.7907
2018-01-11,4673.6481
2018-01-12,4672.9302
2018-01-15,4616.8082
2018-01-16,4651.2195
2018-01-17,4640.868
2018-01-18,4659.5539
2018-01-19,4662.1456
2018-01-22,4707.6594
2018-01-23,4738.2899
2018-01-24,4757.4209
2018-01-25,4738.2
2018-01-26,4743.2999
2018-01-29,4674.0651
2018-01-30,4643.3824
2018-01-31,4603.9187
2018-02-01,4504.2634
2018-02-02,4511.7744
2018-02-05,4508.1151
2018-02-06,4334.2159
2018-02-07,4284.7319
2018-02-08,4284.2583
2018-02-09,4124.0876
2018-02-12,4198.5447
2018-02-13,4230.0195
2018-02-14,4253.1452
2018-02-22,4337.2092
2018-02-23,4354.7585
2018-02-26,4426.4939
2018-02-27,4394.6736
2018-02-28,4380.6025
2018-03-01,4420.9926
2018-03-02,4392.6286
2018-03-05,4403.0184
2018-03-06,4454.8802
2018-03-07,4423.8789
2018-03-08,4461.4807
2018-03-09,4510.6772
2018-03-12,4553.4736
2018-03-13,4521.7447
2018-03-14,4489.0511
2018-03-15,4491.368
2018-03-16,4463.1689
2018-03-19,4477.2988
2018-03-20,4486.0675
2018-03-21,4461.205
2018-03-22,4435.6254
2018-03-23,4257.5483
2018-03-26,4277.7449
2018-03-27,4347.2306
2018-03-28,4293.6877
2018-03-29,4341.3845
2018-03-30,4376.2499
2018-04-02,4378.5765
2018-04-03,4344.4897
2018-04-04,4327.071
2018-04-09,4329.9234
2018-04-10,4377.5354
2018-04-11,4396.2282
2018-04-12,4362.5282
2018-04-13,4341.2102
2018-04-16,4298.61
2018-04-17,4220.464
2018-04-18,4258.0801
2018-04-19,4290.9286
2018-04-20,4217.1011
2018-04-23,4200.075
2018-04-24,4289.3938
2018-04-25,4287.7639
2018-04-26,4208.0601
2018-04-27,4213.4125
2018-05-02,4210.1133
2018-05-03,4246.048
2018-05-04,4234.8769
2018-05-07,4305.037
2018-05-08,4341.2048
2018-05-09,4336.0363
2018-05-10,4356.6987
2018-05-11,4324.9802
2018-05-14,4333.4393
2018-05-15,4364.4527
2018-05-16,4339.2378
2018-05-17,4315.8224
2018-05-18,4346.6182
2018-05-21,4385.563
2018-05-22,4388.905
2018-05-23,4336.5724
2018-05-24,4316.1762
2018-05-25,4289.1219
2018-05-28,4282.5155
2018-05-29,4247.8807
2018-05-30,4135.8552
2018-05-31,4210.9383
2018-06-01,4170.235
2018-06-04,4185.3093
2018-06-05,4240.9803
2018-06-06,4240.5291
2018-06-07,4225.5526
2018-06-08,4176.1768
2018-06-11,4160.5071
2018-06-12,4202.9103
2018-06-13,4150.5212
2018-06-14,4134.0117
2018-06-15,4085.3034
2018-06-19,3882.9806
2018-06-20,3910.804
2018-06-21,3845.9319
2018-06-22,3882.4092
2018-06-25,3846.6151
2018-06-26,3846.6861
2018-06-27,3794.4735
2018-06-28,3755.1617
2018-06-29,3860.3372
2018-07-02,3778.0198
2018-07-03,3802.338
2018-07-04,3744.8972
2018-07-05,3685.2029
2018-07-06,3706.1205
2018-07-09,3798.1284
2018-07-10,3817.6416
2018-07-11,3744.9268
2018-07-12,3836.9795
2018-07-13,3853.3783
2018-07-16,3842.6481
2018-07-17,3834.3343
2018-07-18,3813.5347
2018-07-19,3792.2334
2018-07-20,3851.2965
2018-07-23,3883.1899
2018-07-24,3945.4412
2018-07-25,3945.9419
2018-07-26,3916.2287
2018-07-27,3898.2481
2018-07-30,3869.4643
2018-07-31,3872.0117
2018-08-01,3803.2568
2018-08-02,3718.2967
2018-08-03,3665.3598
2018-08-06,3605.5606
2018-08-07,3704.8186
2018-08-08,3647.8478
2018-08-09,3733.9886
2018-08-10,3749.0849
2018-08-13,3748.4225
2018-08-14,3734.0611
2018-08-15,3653.8096
2018-08-16,3626.4409
2018-08-17,3569.4824
2018-08-20,3598.0727
2018-08-21,3650.4035
2018-08-22,3620.1858
2018-08-23,3638.2843
2018-08-24,3638.9517
2018-08-27,3720.6677
2018-08-28,3720.017
2018-08-29,3701.5104
2018-08-30,3653.3684
2018-08-31,3625.9119
2018-09-03,3619.7099
2018-09-04,3662.6577
2018-09-05,3599.9832
2018-09-06,3575.1071
2018-09-07,3586.9309
2018-09-10,3528.7268
2018-09-11,3526.2641
2018-09-12,3513.4459
2018-09-13,3544.9272
2018-09-14,3529.8022
2018-09-17,3482.8986
2018-09-18,3547.9233
2018-09-19,3591.1678
2018-09-20,3586.3417
2018-09-21,3665.0561
2018-09-25,3643.1047
2018-09-26,3672.5872
2018-09-27,3639.5767
2018-09-28,3674.7587
2018-10-08,3535.0847
2018-10-09,3535.7813
2018-10-10,3533.9827
2018-10-11,3325.895
2018-10-12,3341.8073
2018-10-15,3294.1467
2018-10-16,3246.2767
2018-10-17,3268.2958
2018-10-18,3179.5353
2018-10-19,3263.7825
2018-10-22,3412.7501
2018-10-23,3340.4615
2018-10-24,3343.1078
2018-10-25,3339.0147
2018-10-26,3331.2439
2018-10-29,3255.2104
2018-10-30,3290.5602
2018-10-31,3338.8365
2018-11-01,3359.2869
2018-11-02,3468.1867
2018-11-05,3462.2941
2018-11-06,3450.4874
2018-11-07,3433.2097
2018-11-08,3421.3589
2018-11-09,3390.3621
2018-11-12,3456.6291
2018-11-13,3505.9612
2018-11-14,3485.5216
2018-11-15,3534.443
2018-11-16,3558.9289
2018-11-19,3585.4853
2018-11-20,3496.3526
2018-11-21,3511.9951
2018-11-22,3505.7021
2018-11-23,3395.6001
2018-11-26,3390.2936
2018-11-27,3398.5431
2018-11-28,3441.0861
2018-11-29,3379.488
2018-11-30,3409.7867
2018-12-03,3510.7539
2018-12-04,3526.7663
2018-12-05,3506.5003
2018-12-06,3436.9268
2018-12-07,3437.0528
2018-12-10,3398.0427
2018-12-11,3419.7385
2018-12-12,3425.7215
2018-12-13,3468.5117
2018-12-14,3397.055
2018-12-17,3392.6726
2018-12-18,3364.5301
2018-12-19,3322.8267
2018-12-20,3316.5886
2018-12-21,3284.13
2018-12-24,3303.0189
2018-12-25,3273.9771
2018-12-26,3260.8401
2018-12-27,3231.2175
2018-12-28,3244.8955
2019-01-02,3214.2658
2019-01-03,3203.5551
2019-01-04,3282.2831
2019-01-07,3323.8462
2019-01-08,3317.8362
2019-01-09,3339.6651
2019-01-10,3333.0501
2019-01-11,3358.3954
2019-01-14,3334.641
2019-01-15,3386.2528
2019-01-16,3383.5527
2019-01-17,3359.9352
2019-01-18,3403.2947
2019-01-21,3421.5607
2019-01-22,3379.5187
2019-01-23,3381.1585
2019-01-24,3399.1011
2019-01-25,3403.4975
2019-01-28,3392.5762
2019-01-29,3372.3261
2019-01-30,3337.2465
2019-01-31,3333.465
2019-02-01,3400.7148
2019-02-11,3476.4956
2019-02-12,3510.0015
2019-02-13,3575.5265
2019-02-14,3586.3165
2019-02-15,3547.7599
2019-02-18,3664.9033
2019-02-19,3667.6786
2019-02-20,3677.8153
2019-02-21,3668.3837
2019-02-22,3751.6944
2019-02-25,3962.5882
2019-02-26,3936.8848
2019-02-27,3929.2381
2019-02-28,3928.2468
2019-03-01,3988.7126
2019-03-04,4052.0983
2019-03-05,4118.7246
2019-03-06,4180.0182
2019-03-07,4191.7531
2019-03-08,4021.7682
2019-03-11,4140.5576
2019-03-12,4198.2511
2019-03-13,4133.0621
2019-03-14,4060.255
2019-03-15,4114.275
2019-03-18,4222.9233
2019-03-19,4221.8907
2019-03-20,4221.3026
2019-03-21,4246.9516
2019-03-22,4254.6575
2019-03-25,4183.1487
2019-03-26,4102.656
2019-03-27,4139.7307
2019-03-28,4102.166
2019-03-29,4241.5262
2019-04-01,4375.6531
2019-04-02,4385.7786
2019-04-03,4436.8796
2019-04-04,4470.6075
2019-04-08,4459.7424
2019-04-09,4474.5556
2019-04-10,4476.7299
2019-04-11,4387.1907
2019-04-12,4381.4391
2019-04-15,4354.3076
2019-04-16,4457.8845
2019-04-17,4476.3576
2019-04-18,4454.9795
2019-04-19,4497.5439
2019-04-22,4419.6543
2019-04-23,4378.8977
2019-04-24,4407.0132
2019-04-25,4273.6954
2019-04-26,4218.1447
2019-04-29,4153.6978
2019-04-30,4180.4348
2019-05-06,3905.261
2019-05-07,3949.1812
2019-05-08,3912.0864
2019-05-09,3856.6893
2019-05-10,3996.7084
2019-05-13,3947.6487
2019-05-14,3920.5117
2019-05-15,4007.8111
2019-05-16,4029.7826
2019-05-17,3911.155
2019-05-20,3885.9203
2019-05-21,3946.6978
2019-05-22,3927.8031
2019-05-23,3851.8371
2019-05-24,3841.4163
2019-05-27,3917.853
2019-05-28,3940.8297
2019-05-29,3941.6073
2019-05-30,3919.7211
2019-05-31,3913.6616
2019-06-03,3889.759
2019-06-04,3843.2598
2019-06-05,3842.7727
2019-06-06,3781.7431
2019-06-10,3827.1806
2019-06-11,3955.1761
2019-06-12,3931.0368
2019-06-13,3939.7487
2019-06-14,3886.3414
2019-06-17,3886.4524
2019-06-18,3892.4921
2019-06-19,3947.7002
2019-06-20,4041.811
2019-06-21,4075.8106
2019-06-24,4079.2811
2019-06-25,4038.1064
2019-06-26,4033.9107
2019-06-27,4072.5847
2019-06-28,4045.6673
2019-07-01,4162.1771
2019-07-02,4161.9301
2019-07-03,4121.1364
2019-07-04,4103.4433
2019-07-05,4123.5121
2019-07-08,4009.2805
2019-07-09,4011.295
2019-07-10,3995.2698
2019-07-11,3996.882
2019-07-12,4019.3238
2019-07-15,4048.11
2019-07-16,4042.6903
2019-07-17,4041.7956
2019-07-18,3989.9056
2019-07-19,4023.931
2019-07-22,3961.1802
2019-07-23,3987.5029
2019-07-24,4025.8004
2019-07-25,4050.1625
2019-07-26,4057.1744
2019-07-29,4054.2599
2019-07-30,4071.6626
2019-07-31,4041.1186
2019-08-01,4014.0584
2019-08-02,3957.1453
2019-08-05,3896.4643
2019-08-06,3828.9237
2019-08-07,3814.9229
2019-08-08,3854.0913
2019-08-09,3813.7681
2019-08-12,3880.489
2019-08-13,3853.106
2019-08-14,3872.5672
2019-08-15,3888.6125
2019-08-16,3906.4409
2019-08-19,4007.8211
2019-08-20,4008.1256
2019-08-21,4006.0419
2019-08-22,4017.7771
2019-08-23,4030.2779
2019-08-26,3987.0161
2019-08-27,4048.0805
2019-08-28,4036.916
2019-08-29,4029.6473
2019-08-30,4011.1518
2019-09-02,4083.4267
2019-09-03,4100.597
2019-09-04,4135.7369
2019-09-05,4175.2055
2019-09-06,4194.4153
2019-09-09,4252.1028
2019-09-10,4245.2848
2019-09-11,4216.7622
2019-09-12,4250.2328
2019-09-16,4249.5564
2019-09-17,4167.5516
2019-09-18,4178.6862
2019-09-19,4208.2491
2019-09-20,4216.9551
2019-09-23,4175.2021
2019-09-24,4187.813
2019-09-25,4134.7675
2019-09-26,4064.2632
2019-09-27,4085.89
2019-09-30,4042.0189
2019-10-08,4055.2686
2019-10-09,4076.1451
2019-10-10,4120.1031
2019-10-11,4145.5256
2019-10-14,4198.9976
2019-10-15,4163.9593
2019-10-16,4145.7194
2019-10-17,4144.501
2019-10-18,4088.995
2019-10-21,4086.3368
2019-10-22,4116.2577
2019-10-23,4089.4879
2019-10-24,4086.6986
2019-10-25,4113.9003
2019-10-28,4166.1284
2019-10-29,4129.2614
2019-10-30,4097.0504
2019-10-31,4075.0093
2019-11-01,4129.6369
2019-11-04,4154.4825
2019-11-05,4175.8116
2019-11-06,4148.1374
2019-11-07,4164.023
2019-11-08,4147.4393
2019-11-11,4061.5692
2019-11-12,4065.7817
2019-11-13,4060.0514
2019-11-14,4076.2321
2019-11-15,4040.1528
2019-11-18,4069.6072
2019-11-19,4124.1438
2019-11-20,4090.7205
2019-11-21,4078.9226
2019-11-22,4038.0896
2019-11-25,4047.2928
2019-11-26,4051.5238
2019-11-27,4044.4235
2019-11-28,4031.7731
2019-11-29,4013.6018
2019-12-02,4021.1939
2019-12-03,4039.8296
2019-12-04,4040.1762
2019-12-05,4077.0783
2019-12-06,4103.2352
2019-12-09,4106.3628
2019-12-10,4119.4732
2019-12-11,4114.8383
2019-12-12,4105.7923
2019-12-13,4172.8878
2019-12-16,4216.7192
2019-12-17,4272.3145
2019-12-18,4269.0354
2019-12-19,4273.325
2019-12-20,4247.7251
2019-12-23,4178.105
2019-12-24,4224.9245
2019-12-25,4232.5594
2019-12-26,4267.3004
2019-12-27,4249.5146
2019-12-30,4297.1198
2019-12-31,4316.4899
2020-01-02,4384.9895
2020-01-03,4389.5669
2020-01-06,4397.9806
2020-01-07,4443.0874
2020-01-08,4388.2569
2020-01-09,4449.6207
2020-01-10,4443.1762
2020-01-13,4492.1389
2020-01-14,4480.3071
2020-01-15,4462.4975
2020-01-16,4449.5164
2020-01-17,4447.6152
2020-01-20,4492.0516
2020-01-21,4429.4453
2020-01-22,4451.1856
2020-01-23,4305.5828
2020-02-03,3954.3221
2020-02-04,4022.9634
2020-02-05,4098.8193
2020-02-06,4196.2012
2020-02-07,4216.9879
2020-02-10,4252.5931
2020-02-11,4260.021
2020-02-12,4317.1105
2020-02-13,4285.3349
2020-02-14,4304.3486
2020-02-17,4423.7655
2020-02-18,4449.2731
2020-02-19,4427.3434
2020-02-20,4518.9507
2020-02-21,4551.1729
2020-02-24,4577.4156
2020-02-25,4580.8139
2020-02-26,4496.1623
2020-02-27,4504.7625
2020-02-28,4304.3983
2020-03-02,4459.3354
2020-03-03,4499.4858
2020-03-04,4522.9642
2020-03-05,4609.0846
2020-03-06,4561.4842
2020-03-09,4398.4414
2020-03-10,4497.8226
2020-03-11,4438.8589
2020-03-12,4355.2386
2020-03-13,4305.995
2020-03-16,4118.5342
2020-03-17,4106.6356
2020-03-18,4031.7937
2020-03-19,4019.1355
2020-03-20,4078.3899
2020-03-23,3923.1937
2020-03-24,4012.9197
2020-03-25,4115.5739
2020-03-26,4083.9763
2020-03-27,4078.4656
2020-03-30,4013.943
2020-03-31,4023.3092
2020-04-01,4007.7124
2020-04-02,4088.1472
2020-04-03,4064.1495
2020-04-07,4174.4338
2020-04-08,4169.5332
2020-04-09,4195.9737
2020-04-10,4132.2752
2020-04-13,4104.4088
2020-04-14,4186.677
2020-04-15,4161.302
2020-04-16,4177.8109
2020-04-17,4199.8891
2020-04-20,4233.4574
2020-04-21,4196.262
2020-04-22,4232.2959
2020-04-23,4216.31
2020-04-24,4161.9959
2020-04-27,4168.8347
2020-04-28,4156.5852
2020-04-29,4163.0848
2020-04-30,4233.8174
2020-05-06,4285.6301
2020-05-07,4276.2207
2020-05-08,4323.1817
2020-05-11,4316.5768
2020-05-12,4321.0615
2020-05-13,4338.5411
2020-05-14,4296.6761
2020-05-15,4300.3591
2020-05-18,4295.1484
2020-05-19,4341.4973
2020-05-20,4309.8904
2020-05-21,4273.6762
2020-05-22,4187.0032
2020-05-25,4187.4042
2020-05-26,4257.9915
2020-05-27,4230.2277
2020-05-28,4232.3559
2020-05-29,4258.3735
2020-06-01,4377.993
2020-06-02,4389.8386
2020-06-03,4391.0015
2020-06-04,4394.7864
2020-06-05,4408.0713
2020-06-08,4414.0362
2020-06-09,4441.59
2020-06-10,4440.6002
2020-06-11,4412.97
2020-06-12,4418.9719
2020-06-15,4389.4518
2020-06-16,4462.9749
2020-06-17,4474.6989
2020-06-18,4486.449
2020-06-19,4534.6497
2020-06-22,4544.247
2020-06-23,4560.7435
2020-06-24,4571.5691
2020-06-29,4546.03
2020-06-30,4616.4142
2020-07-01,4671.1755
2020-07-02,4749.6336
2020-07-03,4823.542
2020-07-06,5059.9656
2020-07-07,5111.1721
2020-07-08,5209.1669
2020-07-09,5314.5234
2020-07-10,5258.9194
2020-07-13,5403.8701
2020-07-14,5354.0397
2020-07-15,5253.2982
2020-07-16,4999.0198
2020-07-17,5021.9683
2020-07-20,5174.875
2020-07-21,5195.8538
2020-07-22,5226.8161
2020-07-23,5223.6138
2020-07-24,4985.5651
2020-07-27,4998.3768
2020-07-28,5048.8115
2020-07-29,5179.5662
2020-07-30,5162.4152
2020-07-31,5219.4998
2020-08-03,5337.0081
2020-08-04,5320.8232
2020-08-05,5351.9972
2020-08-06,5343.7968
2020-08-07,5278.3023
2020-08-10,5299.0336
2020-08-11,5224.7421
2020-08-12,5177.0818
2020-08-13,5180.2045
2020-08-14,5243.2632
2020-08-17,5353.1013
2020-08-18,5371.5149
2020-08-19,5280.0945
2020-08-20,5214.9036
2020-08-21,5255.5502
2020-08-24,5294.9692
2020-08-25,5286.7249
2020-08-26,5198.0166
2020-08-27,5241.9457
2020-08-28,5337.4098
2020-08-31,5322.2441
2020-09-01,5350.9937
2020-09-02,5358.3642
2020-09-03,5319.7411
2020-09-04,5288.369
2020-09-07,5183.653
2020-09-08,5214.3174
2020-09-09,5077.2414
2020-09-10,5001.1807
2020-09-11,5063.8504
2020-09-14,5110.9004
2020-09-15,5145.0168
2020-09-16,5110.626
2020-09-17,5104.6871
2020-09-18,5197.8772
2020-09-21,5166.6535
2020-09-22,5101.5924
2020-09-23,5126.8357
2020-09-24,5012.7212
2020-09-25,5004.3453
2020-09-28,4979.8144
2020-09-29,5010.2148
2020-09-30,5004.5431
2020-10-09,5129.1035
2020-10-12,5285.5192
2020-10-13,5303.6057
2020-10-14,5268.7216
2020-10-15,5242.1311
2020-10-16,5232.3367
2020-10-19,5193.9962
2020-10-20,5240.549
2020-10-21,5204.0827
2020-10-22,5183.5348
2020-10-23,5107.4309
2020-10-26,5099.4663
2020-10-27,5111.8936
2020-10-28,5137.7162
2020-10-29,5155.7816
2020-10-30,5057.2464
2020-11-02,5080.8997
2020-11-03,5157.4755
2020-11-04,5173.3693
2020-11-05,5256.331
2020-11-06,5231.4378
2020-11-09,5342.4545
2020-11-10,5300.6466
2020-11-11,5233.0593
2020-11-12,5242.2003
2020-11-13,5213.7678
2020-11-16,5264.1793
2020-11-17,5236.4137
2020-11-18,5235.9915
2020-11-19,5267.6443
2020-11-20,5294.0497
2020-11-23,5340.6596
2020-11-24,5323.9734
2020-11-25,5245.5623
2020-11-26,5240.374
2020-11-27,5276.1683
2020-11-30,5258.6579
2020-12-01,5354.3265
2020-12-02,5360.578
2020-12-03,5353.0641
2020-12-04,5367.2557
2020-12-07,5337.2693
2020-12-08,5331.2758
2020-12-09,5249.2885
2020-12-10,5252.7626
2020-12-11,5190.5175
2020-12-14,5239.0874
2020-12-15,5247.8144
2020-12-16,5235.6936
2020-12-17,5294.4876
2020-12-18,5277.1246
2020-12-21,5345.4976
2020-12-22,5247.9682
2020-12-23,5290.8974
2020-12-24,5245.9676
2020-12-25,5293.6063
2020-12-28,5290.3145
2020-12-29,5261.4393
2020-12-30,5327.992
2020-12-31,5422.197
2021-01-04,5507.7356
2021-01-05,5570.0403
2021-01-06,5579.6957
2021-01-07,5603.5645
2021-01-08,5589.1941
2021-01-11,5514.9567
2021-01-12,5631.7194
2021-01-13,5591.8012
2021-01-14,5524.1729
2021-01-15,5532.0281
2021-01-18,5605.949
2021-01-19,5549.6407
2021-01-20,5597.9016
2021-01-21,5673.0545
2021-01-22,5673.5702
2021-01-25,5688.9786
2021-01-26,5584.9245
2021-01-27,5597.8054
2021-01-28,5463.7646
2021-01-29,5416.5439
2021-02-01,5466.9364
2021-02-02,5534.14
2021-02-03,5499.0933
2021-02-04,5456.0156
2021-02-05,5426.5029
2021-02-08,5494.1139
2021-02-09,5612.629
2021-02-10,5701.1918
2021-02-18,5713.7281
2021-02-19,5756.8633
2021-02-22,5649.6412
2021-02-23,5628.5608
2021-02-24,5519.9915
2021-02-25,5522.8174
2021-02-26,5416.1648
2021-03-01,5517.443
2021-03-02,5462.387
2021-03-03,5553.2347
2021-03-04,5412.2819
2021-03-05,5409.3377
2021-03-08,5256.2448
2021-03-09,5131.6959
2021-03-10,5136.8684
2021-03-11,5261.8458
2021-03-12,5278.1342
2021-03-15,5194.4851
2021-03-16,5240.1459
2021-03-17,5266.8045
2021-03-18,5301.0726
2021-03-19,5204.7114
2021-03-22,5268.7066
2021-03-23,5213.3897
2021-03-24,5138.5913
2021-03-25,5135.4995
2021-03-26,5237.8091
2021-03-29,5247.9828
2021-03-30,5275.1444
2021-03-31,5246.2335
2021-04-01,5297.5769
2021-04-02,5336.3626
2021-04-06,5340.192
2021-04-07,5325.1382
2021-04-08,5324.3354
2021-04-09,5276.0879
2021-04-12,5189.337
2021-04-13,5174.529
2021-04-14,5228.8897
2021-04-15,5203.6271
2021-04-16,5240.8663
2021-04-19,5351.2677
2021-04-20,5343.3858
2021-04-21,5349.1223
2021-04-22,5356.6281
2021-04-23,5380.145
2021-04-26,5335.1209
2021-04-27,5334.8531
2021-04-28,5366.2093
2021-04-29,5387.5869
2021-04-30,5362.4199
2021-05-06,5330.0832
2021-05-07,5265.9469
2021-05-10,5276.644
2021-05-11,5295.4885
2021-05-12,5334.7837
2021-05-13,5285.7191
2021-05-14,5383.4412
2021-05-17,5432.5626
2021-05-18,5443.7299
2021-05-19,5436.0359
2021-05-20,5438.624
2021-05-21,5409.7582
2021-05-24,5437.0256
2021-05-25,5555.6546
2021-05-26,5562.346
2021-05-27,5598.4827
2021-05-28,5588.0635
2021-05-31,5637.7844
2021-06-01,5656.5774
2021-06-02,5601.3879
2021-06-03,5577.1465
2021-06-04,5606.7929
2021-06-07,5620.4087
2021-06-08,5582.6261
2021-06-09,5593.0621
2021-06-10,5642.0592
2021-06-11,5610.9939
2021-06-15,5557.4962
2021-06-16,5459.409
2021-06-17,5508.3908
2021-06-18,5540.5559
2021-06-21,5565.1353
2021-06-22,5599.1909
2021-06-23,5636.2213
2021-06-24,5621.9883
2021-06-25,5688.208
2021-06-28,5715.0114
2021-06-29,5667.6022
2021-06-30,5717.827
2021-07-01,5685.6335
2021-07-02,5577.0396
2021-07-05,5612.0879
2021-07-06,5603.7737
2021-07-07,5679.625
2021-07-08,5651.9085
2021-07-09,5657.301
2021-07-12,5744.4727
2021-07-13,5768.0512
2021-07-14,5705.0208
2021-07-15,5752.1658
2021-07-16,5704.7796
2021-07-19,5701.6128
2021-07-20,5710.4032
2021-07-21,5783.9364
2021-07-22,5808.0482
2021-07-23,5745.5307
2021-07-26,5616.2444
2021-07-27,5446.1434
2021-07-28,5408.9731
2021-07-29,5548.2735
2021-07-30,5540.7776
2021-08-02,5657.0816
2021-08-03,5622.1199
2021-08-04,5708.4079
2021-08-05,5679.9469
2021-08-06,5670.4289
2021-08-09,5712.0921
2021-08-10,5772.2138
2021-08-11,5777.4071
2021-08-12,5762.693
2021-08-13,5743.6873
2021-08-16,5720.3354
2021-08-17,5589.5794
2021-08-18,5646.6195
2021-08-19,5641.2177
2021-08-20,5580.1617
2021-08-23,5687.4869
2021-08-24,5742.2448
2021-08-25,5773.1105
2021-08-26,5693.0904
2021-08-27,5716.5446
2021-08-30,5724.4721
2021-08-31,5719.3781
2021-09-01,5716.2587
2021-09-02,5754.858
2021-09-03,5722.9864
2021-09-06,5811.4242
2021-09-07,5893.545
2021-09-08,5891.8479
2021-09-09,5901.0128
2021-09-10,5927.8089
2021-09-13,5926.7779
2021-09-14,5867.8439
2021-09-15,5858.7769
2021-09-16,5751.9049
2021-09-17,5772.7995
2021-09-22,5770.2285
2021-09-23,5797.335
2021-09-24,5751.4333
2021-09-27,5684.4413
2021-09-28,5689.186
2021-09-29,5574.5267
2021-09-30,5660.4207
2021-10-08,5701.248
2021-10-11,5690.879
2021-10-12,5603.4136
2021-10-13,5660.0674
2021-10-14,5663.1406
2021-10-15,5680.0625
2021-10-18,5677.957
2021-10-19,5723.6479
2021-10-20,5718.8047
2021-10-21,5718.9907
2021-10-22,5709.5728
2021-10-25,5757.3022
2021-10-26,5739.4102
2021-10-27,5679.355
2021-10-28,5605.6665
2021-10-29,5679.895
2021-11-01,5693.3169
2021-11-02,5636.4702
2021-11-03,5631.168
2021-11-04,5693.2651
2021-11-05,5645.3477
2021-11-08,5670.5869
2021-11-09,5704.2837
2021-11-10,5688.4155
2021-11-11,5755.4717
2021-11-12,5773.4028
2021-11-15,5757.4922
2021-11-16,5730.519
2021-11-17,5778.2954
2021-11-18,5743.3965
2021-11-19,5809.4834
2021-11-22,5873.104
2021-11-23,5873.4526
2021-11-24,5871.7725
2021-11-25,5857.3442
2021-11-26,5839.6328
2021-11-29,5853.2344
2021-11-30,5858.5244
2021-12-01,5873.4805
2021-12-02,5851.4707
2021-12-03,5898.1987
2021-12-06,5847.1958
2021-12-07,5826.0215
2021-12-08,5915.0967
2021-12-09,5966.0537
2021-12-10,5966.8418
2021-12-13,5998.8242
2021-12-14,5977.6509
2021-12-15,5946.5879
2021-12-16,5984.5181
2021-12-17,5905.7598
2021-12-20,5815.7769
2021-12-21,5873.5225
2021-12-22,5891.3955
2021-12-23,5909.4033
2021-12-24,5845.1006
2021-12-27,5844.8813
2021-12-28,5886.8496
2021-12-29,5835.2651
2021-12-30,5884.1489
2021-12-31,5919.3984
2022-01-04,5907.1909
2022-01-05,5819.9868
2022-01-06,5807.8511
2022-01-07,5764.9707
2022-01-10,5792.7036
2022-01-11,5741.6802
2022-01-12,5809.729
2022-01-13,5722.3853
2022-01-14,5700.3276
2022-01-17,5765.7837
2022-01-18,5773.2046
2022-01-19,5733.5049
2022-01-20,5703.1323
2022-01-21,5641.7495
2022-01-24,5652.9922
2022-01-25,5483.0464
2022-01-26,5518.1216
2022-01-27,5384.0767
2022-01-28,5359.2461
2022-02-07,5437.9302
2022-02-08,5444.1621
2022-02-09,5512.897
2022-02-10,5496.2217
2022-02-11,5425.4336
2022-02-14,5385.7925
2022-02-15,5443.8359
2022-02-16,5475.8062
2022-02-17,5487.1396
2022-02-18,5517.7168
2022-02-21,5534.7891
2022-02-22,5473.8442
2022-02-23,5556.1631
2022-02-24,5439.8687
2022-02-25,5492.999
2022-02-28,5510.0757
2022-03-01,5542.7778
2022-03-02,5519.8223
2022-03-03,5489.1416
2022-03-04,5423.3247
2022-03-07,5286.4106
2022-03-08,5148.6206
2022-03-09,5091.022
2022-03-10,5181.6675
2022-03-11,5208.5063
2022-03-14,5062.0039
2022-03-15,4822.1343
2022-03-16,5003.8247
2022-03-17,5095.8696
2022-03-18,5140.3975
2022-03-21,5163.1719
2022-03-22,5154.3003
2022-03-23,5178.5728
2022-03-24,5138.3662
2022-03-25,5068.1313
2022-03-28,5043.7026
2022-03-29,5017.6772
2022-03-30,5136.3721
2022-03-31,5095.6079
2022-04-01,5131.5835
2022-04-06,5128.8027
2022-04-07,5039.9453
2022-04-08,5042.1172
2022-04-11,4882.6587
2022-04-12,4965.2412
2022-04-13,4896.9531
2022-04-14,4954.7026
2022-04-15,4918.2358
2022-04-18,4918.6484
2022-04-19,4909.6665
2022-04-20,4830.9829
2022-04-21,4696.0176
2022-04-22,4683.9014
2022-04-25,4401.3652
2022-04-26,4319.2905
2022-04-27,4468.8984
2022-04-28,4465.1904
2022-04-29,4610.7866
2022-05-05,4641.7261
2022-05-06,4548.4785
2022-05-09,4558.0654
2022-05-10,4622.0884
2022-05-11,4673.3125
2022-05-12,4674.2251
2022-05-13,4708.29
2022-05-16,4692.6738
2022-05-17,4731.8604
2022-05-18,4728.564
2022-05-19,4753.9502
2022-05-20,4832.0273
2022-05-23,4845.6699
2022-05-24,4691.0728
2022-05-25,4745.3965
2022-05-26,4770.4072
2022-05-27,4773.332
2022-05-30,4814.9238
2022-05-31,4882.7134
2022-06-01,4887.3809
2022-06-02,4920.2983
2022-06-06,5017.0615
2022-06-07,5019.2007
2022-06-08,5048.3862
2022-06-09,4981.1206
2022-06-10,5068.269
2022-06-13,5047.3887
2022-06-14,5072.2256
2022-06-15,5099.0488
2022-06-16,5098.9443
2022-06-17,5157.6523
2022-06-20,5194.2451
2022-06-21,5172.7832
2022-06-22,5108.8716
2022-06-23,5206.7368
2022-06-24,5268.5293
2022-06-27,5320.7534
2022-06-28,5383.9717
2022-06-29,5282.4185
2022-06-30,5355.3599
2022-07-01,5340.4512
2022-07-04,5385.978
2022-07-05,5368.7227
2022-07-06,5300.9619
2022-07-07,5336.9131
2022-07-08,5319.0015
2022-07-11,5245.2739
2022-07-12,5183.8301
2022-07-13,5211.1401
2022-07-14,5233.8618
2022-07-15,5159.5005
2022-07-18,5236.2427
2022-07-19,5241.2861
2022-07-20,5281.1787
2022-07-21,5238.7979
2022-07-22,5227.0732
2022-07-25,5184.7227
2022-07-26,5235.5039
2022-07-27,5244.4736
2022-07-28,5261.1455
2022-07-29,5212.4263
2022-08-01,5243.7412
2022-08-02,5106.2051
2022-08-03,5064.6743
2022-08-04,5108.2407
2022-08-05,5184.1265
2022-08-08,5211.2627
2022-08-09,5227.814
2022-08-10,5203.1167
2022-08-11,5288.7939
2022-08-12,5271.1523
2022-08-15,5286.1924
2022-08-16,5299.6431
2022-08-17,5328.9575
2022-08-18,5313.5684
2022-08-19,5256.5205
2022-08-22,5298.522
2022-08-23,5295.6328
2022-08-24,5159.1011
2022-08-25,5174.1421
2022-08-26,5156.2861
2022-08-29,5161.2134
2022-08-30,5138.103
2022-08-31,5063.103
2022-09-01,5030.5938
2022-09-02,5042.9673
2022-09-05,5047.8652
2022-09-06,5116.3101
2022-09-07,5131.3926
2022-09-08,5099.5518
2022-09-09,5136.7305
2022-09-13,5146.4307
2022-09-14,5095.9146
2022-09-15,5001.4746
2022-09-16,4887.5737
2022-09-19,4857.4463
2022-09-20,4892.1943
2022-09-21,4878.0693
2022-09-22,4854.7466
2022-09-23,4800.9067
2022-09-26,4754.0244
2022-09-27,4838.3618
2022-09-28,4729.6182
2022-09-29,4726.3193
2022-09-30,4679.8784
2022-10-10,4583.1909
2022-10-11,4602.6572
2022-10-12,4700.4351
2022-10-13,4698.4761
2022-10-14,4809.6855
2022-10-17,4839.522
2022-10-18,4845.8281
2022-10-19,4787.521
2022-10-20,4766.1064
2022-10-21,4761.6475
2022-10-24,4670.8804
2022-10-25,4660.9868
2022-10-26,4725.9692
2022-10-27,4700.0435
2022-10-28,4562.3662
2022-10-31,4560.7642
2022-11-01,4693.1382
2022-11-02,4751.5718
2022-11-03,4746.2798
2022-11-04,4870.1187
2022-11-07,4882.7373
2022-11-08,4863.3242
2022-11-09,4840.6401
2022-11-10,4805.9214
2022-11-11,4879.6641
2022-11-14,4871.5342
2022-11-15,4967.6611
2022-11-16,4935.0522
2022-11-17,4933.9326
2022-11-18,4906.1016
2022-11-21,4895.2773
2022-11-22,4861.2119
2022-11-23,4855.0981
2022-11-24,4852.6724
2022-11-25,4839.731
2022-11-28,4805.9175
2022-11-29,4916.749
2022-11-30,4919.1675
2022-12-01,4964.3853
2022-12-02,4957.8892
2022-12-05,5018.9106
2022-12-06,5025.9209
2022-12-07,5020.7334
2022-12-08,5009.9189
2022-12-09,5034.1484
2022-12-12,4997.3232
2022-12-13,4976.7031
2022-12-14,4974.8843
2022-12-15,4980.2021
2022-12-16,4956.4048
2022-12-19,4863.9556
2022-12-20,4807.6191
2022-12-21,4790.874
2022-12-22,4759.4253
2022-12-23,4744.8447
2022-12-26,4796.2217
2022-12-27,4841.2563
2022-12-28,4809.855
2022-12-29,4795.7388
2022-12-30,4815.1133
2023-01-03,4876.1689
2023-01-04,4882.208
2023-01-05,4948.02
2023-01-06,4955.3682
2023-01-09,4988.4229
2023-01-10,4991.3716
2023-01-11,4966.8706
2023-01-12,4971.4663
2023-01-13,5015.8892
2023-01-16,5080.7969
2023-01-17,5080.3257
2023-01-18,5084.5347
2023-01-19,5118.5767
2023-01-20,5156.5342
2023-01-30,5192.1968
2023-01-31,5170.5684
2023-02-01,5234.7876
2023-02-02,5232.1499
2023-02-03,5204.1182
2023-02-06,5159.8003
2023-02-07,5175.9844
2023-02-08,5148.4321
2023-02-09,5220.4902
2023-02-10,5198.4746
2023-02-13,5246.6123
2023-02-14,5250.0117
2023-02-15,5239.0425
2023-02-16,5166.2476
2023-02-17,5110.3418
2023-02-20,5205.8223
2023-02-21,5224.3301
2023-02-22,5203.2368
2023-02-23,5194.0791
2023-02-24,5160.5078
2023-02-27,5131.311
2023-02-28,5169.3423
2023-03-01,5223.1338
2023-03-02,5205.5132
2023-03-03,5214.9028
2023-03-06,5208.8076
2023-03-07,5120.1553
2023-03-08,5126.7046
2023-03-09,5117.4863
2023-03-10,5049.7905
2023-03-13,5085.4775
2023-03-14,5044.6875
2023-03-15,5061.9106
2023-03-16,4991.2212
2023-03-17,5020.2534
2023-03-20,5001.8198
2023-03-21,5063.1289
2023-03-22,5086.6421
2023-03-23,5118.0625
2023-03-24,5112.6572
2023-03-27,5107.9961
2023-03-28,5078.501
2023-03-29,5074.6992
2023-03-30,5093.2051
2023-03-31,5126.6401
2023-04-03,5183.2988
2023-04-04,5178.5171
2023-04-06,5179.4204
2023-04-07,5220.0708
2023-04-10,5178.2808
2023-04-11,5181.4858
2023-04-12,5197.4741
2023-04-13,5162.8628
2023-04-14,5192.0205
2023-04-17,5227.7842
2023-04-18,5226.2095
2023-04-19,5193.6133
2023-04-20,5182.6411
2023-04-21,5061.4814
2023-04-24,5015.5239
2023-04-25,4957.2275
2023-04-26,4969.5352
2023-04-27,4986.0073
2023-04-28,5052.5781
2023-05-04,5062.9556
2023-05-05,5028.9648
2023-05-08,5075.4214
2023-05-09,5016.6982
2023-05-10,5001.6328
2023-05-11,5001.771
2023-05-12,4940.9409
2023-05-15,5000.9639
2023-05-16,4967.1592
2023-05-17,4972.2549
2023-05-18,4981.4028
2023-05-19,4976.5044
2023-05-22,4994.7192
2023-05-23,4934.4033
2023-05-24,4895.5996
2023-05-25,4887.8315
2023-05-26,4906.4922
2023-05-29,4891.395
2023-05-30,4907.7236
2023-05-31,4885.2329
2023-06-01,4896.4546
2023-06-02,4949.2451
2023-06-05,4944.3584
2023-06-06,4870.2979
2023-06-07,4868.1655
2023-06-08,4872.3535
2023-06-09,4905.0732
2023-06-12,4922.6626
2023-06-13,4946.5439
2023-06-14,4954.2358
2023-06-15,5006.3384
2023-06-16,5052.0854
2023-06-19,5039.2021
2023-06-20,5031.3608
2023-06-21,4944.4326
2023-06-26,4861.9678
2023-06-27,4921.6782
2023-06-28,4911.1406
2023-06-29,4916.1631
2023-06-30,4962.3574
2023-07-03,5004.4282
2023-07-04,5018.9712
2023-07-05,4982.917
2023-07-06,4963.0649
2023-07-07,4937.8364
2023-07-10,4951.7686
2023-07-11,4987.5083
2023-07-12,4939.9316
2023-07-13,5006.6826
2023-07-14,5006.9863
2023-07-17,4982.6167
2023-07-18,4972.5068
2023-07-19,4965.7075
2023-07-20,4917.6475
2023-07-21,4912.9604
2023-07-24,4900.5581
2023-07-25,5008.3105
2023-07-26,4990.0718
2023-07-27,4969.0811
2023-07-28,5048.4375
2023-07-31,5085.0405
2023-08-01,5075.3325
2023-08-02,5053.1904
2023-08-03,5076.4502
2023-08-04,5095.1533
2023-08-07,5061.7344
2023-08-08,5044.3872
2023-08-09,5016.0059
2023-08-10,5027.0103
2023-08-11,4926.0972
2023-08-14,4916.1016
2023-08-15,4892.019
2023-08-16,4848.5972
2023-08-17,4881.9849
2023-08-18,4810.3403
2023-08-21,4755.1182
2023-08-22,4785.8223
2023-08-23,4701.0122
2023-08-24,4721.729
2023-08-25,4669.7632
2023-08-28,4718.0024
2023-08-29,4814.3613
2023-08-30,4827.4541
2023-08-31,4799.5811
2023-09-01,4817.8965
2023-09-04,4888.5835
2023-09-05,4856.5366
2023-09-06,4862.0874
2023-09-07,4786.564
2023-09-08,4782.1445
2023-09-11,4826.4111
2023-09-12,4820.2075
2023-09-13,4776.5146
2023-09-14,4760.4082
2023-09-15,4750.0229
2023-09-18,4769.1543
2023-09-19,4743.3843
2023-09-20,4716.2031
2023-09-21,4680.0586
2023-09-22,4764.9443
2023-09-25,4738.854
2023-09-26,4716.2422
2023-09-27,4733.1914
2023-09-28,4747.2549
2023-10-09,4734.1919
2023-10-10,4712.1758
2023-10-11,4724.4858
2023-10-12,4762.7461
2023-10-13,4727.3765
2023-10-16,4685.6201
2023-10-17,4692.0557
2023-10-18,4635.8154
2023-10-19,4564.2036
2023-10-20,4525.6245
2023-10-23,4446.6909
2023-10-24,4495.5483
2023-10-25,4534.0161
2023-10-26,4550.853
2023-10-27,4616.6357
2023-10-30,4663.4907
2023-10-31,4644.6113
2023-11-01,4641.4038
2023-11-02,4604.4424
2023-11-03,4653.8384
2023-11-06,4734.5488
2023-11-07,4739.2085
2023-11-08,4741.2632
2023-11-09,4725.7734
2023-11-10,4703.3721
2023-11-13,4722.4448
2023-11-14,4740.9961
2023-11-15,4769.4585
2023-11-16,4725.9409
2023-11-17,4741.7764
2023-11-20,4768.667
2023-11-21,4756.8428
2023-11-22,4706.7573
2023-11-23,4740.8179
2023-11-24,4696.7534
2023-11-27,4681.7515
2023-11-28,4700.5537
2023-11-29,4666.6958
2023-11-30,4660.8901
2023-12-01,4670.1191
2023-12-04,4655.0293
2023-12-05,4569.439
2023-12-06,4584.7573
2023-12-07,4576.8438
2023-12-08,4575.7017
2023-12-11,4616.606
2023-12-12,4627.2588
2023-12-13,4572.2969
2023-12-14,4552.4518
2023-12-15,4531.8247
2023-12-18,4489.3057
2023-12-19,4493.874
2023-12-20,4440.2671
2023-12-21,4473.9873
2023-12-22,4448.5288
2023-12-25,4452.4097
2023-12-26,4407.3709
2023-12-27,4430.6574
2023-12-28,4520.8377
2023-12-29,4565.1779
2024-01-02,4532.8621
2024-01-03,4517.3972
2024-01-04,4483.8735
2024-01-05,4429.6126
2024-01-08,4353.984
2024-01-09,4366.0659
2024-01-10,4338.5867
2024-01-11,4388.9562
2024-01-12,4364.5545
2024-01-15,4357.2937
2024-01-16,4362.7485
2024-01-17,4257.9449
2024-01-18,4278.9708
2024-01-19,4248.7487
2024-01-22,4092.2816
2024-01-23,4124.4359
2024-01-24,4180.5605
2024-01-25,4291.5396
2024-01-26,4270.7665
2024-01-29,4189.714
2024-01-30,4091.6608
2024-01-31,3990.2123
2024-02-01,3971.2525
2024-02-02,3874.7094
2024-02-05,3769.1725
2024-02-06,3934.9468
2024-02-07,4001.382
2024-02-08,4096.4091
2024-02-19,4155.3781
2024-02-20,4173.5853
2024-02-21,4216.808
2024-02-22,4269.1985
2024-02-23,4308.4332
2024-02-26,4304.5313
2024-02-27,4388.3565
2024-02-28,4256.387
2024-02-29,4375.9846
2024-03-01,4412.523
2024-03-04,4423.4407
2024-03-05,4411.3589
2024-03-06,4414.1171
2024-03-07,4372.9602
2024-03-08,4410.9755
2024-03-11,4480.5472
2024-03-12,4496.7715
2024-03-13,4486.1692
2024-03-14,4466.2591
2024-03-15,4500.382
2024-03-18,4561.3726
2024-03-19,4531.8549
2024-03-20,4555.7831
2024-03-21,4551.3417
2024-03-22,4500.3241
2024-03-25,4435.3308
2024-03-26,4439.4678
2024-03-27,4342.7611
2024-03-28,4398.9736
2024-03-29,4435.1098
2024-04-01,4519.0707
2024-04-02,4500.5372
2024-04-03,4478.8871
2024-04-08,4416.1446
2024-04-09,4439.7638
2024-04-10,4380.8903
2024-04-11,4387.4179
2024-04-12,4356.7316
2024-04-15,4368.3113
2024-04-16,4239.2136
2024-04-17,4369.0544
2024-04-18,4370.8841
2024-04-19,4342.403
2024-04-22,4321.2901
2024-04-23,4301.2628
2024-04-24,4345.7351
2024-04-25,4353.7176
2024-04-26,4427.542
2024-04-29,4506.2531
2024-04-30,4480.3562
2024-05-06,4556.4887
2024-05-07,4564.1459
2024-05-08,4514.7695
2024-05-09,4570.8079
2024-05-10,4552.7143
2024-05-13,4525.4566
2024-05-14,4532.1805
2024-05-15,4494.5781
2024-05-16,4503.8462
2024-05-17,4555.3299
2024-05-20,4575.5809
2024-05-21,4546.0698
2024-05-22,4554.4472
2024-05-23,4481.6219
2024-05-24,4435.0462
2024-05-27,4476.8058
2024-05-28,4439.0381
2024-05-29,4446.5073
2024-05-30,4425.2234
2024-05-31,4426.3293
2024-06-03,4402.9872
2024-06-04,4425.0451
2024-06-05,4379.6327
2024-06-06,4327.8137
2024-06-07,4333.6119
2024-06-11,4328.2667
2024-06-12,4346.8879
2024-06-13,4325.4072
2024-06-14,4340.2543
2024-06-17,4333.9212
2024-06-18,4360.6621
2024-06-19,4333.8946
2024-06-20,4279.4251
2024-06-21,4275.5397
2024-06-24,4198.4928
2024-06-25,4174.5527
2024-06-26,4238.4196
2024-06-27,4181.3884
2024-06-28,4199.3747
2024-07-01,4230.951
2024-07-02,4215.4878
2024-07-03,4192.7359
2024-07-04,4137.9276
2024-07-05,4149.9424
2024-07-08,4086.8971
2024-07-09,4152.2358
2024-07-10,4134.8016
2024-07-11,4214.7016
2024-07-12,4213.648
2024-07-15,4192.386
2024-07-16,4213.0957
2024-07-17,4194.0183
2024-07-18,4210.7645
2024-07-19,4227.3695
2024-07-22,4218.1778
2024-07-23,4120.8518
2024-07-24,4079.097
2024-07-25,4070.4083
2024-07-26,4111.5559
2024-07-29,4098.0432
2024-07-30,4090.8662
2024-07-31,4210.7578
2024-08-01,4193.3057
2024-08-02,4143.6852
2024-08-05,4067.3253
2024-08-06,4098.7394
2024-08-07,4098.2141
2024-08-08,4095.6687
2024-08-09,4074.5521
2024-08-12,4059.7773
2024-08-13,4076.4095
2024-08-14,4043.1121
2024-08-15,4080.1328
2024-08-16,4072.6531
2024-08-19,4078.0505
2024-08-20,4028.8527
2024-08-21,4014.7491
2024-08-22,3982.4303
2024-08-23,3989.1201
2024-08-26,3999.0746
2024-08-27,3961.6986
2024-08-28,3956.3542
2024-08-29,3978.8921
2024-08-30,4043.6315
2024-09-02,3971.6889
2024-09-03,3996.9862
2024-09-04,3973.3605
2024-09-05,3991.1031
2024-09-06,3942.4562
2024-09-09,3908.8328
2024-09-10,3916.7744
2024-09-11,3907.9708
2024-09-12,3893.7332
2024-09-13,3863.6721
2024-09-18,3865.8215
2024-09-19,3916.1655
2024-09-20,3912.5495
2024-09-23,3921.0134
2024-09-24,4079.2128
2024-09-25,4131.1913
2024-09-26,4296.84
2024-09-27,4504.4061
2024-09-30,4941.7275
2024-10-08,5294.792
2024-10-09,4899.6543
2024-10-10,4907.319
2024-10-11,4742.1827
2024-10-14,4864.2238
2024-10-15,4754.9405
2024-10-16,4745.3126
2024-10-17,4710.3352
2024-10-18,4889.4013
2024-10-21,4944.9284
2024-10-22,4977.758
2024-10-23,4995.4101
2024-10-24,4957.3711
2024-10-25,5022.5303
2024-10-28,5081.5979
2024-10-29,5020.5098
2024-10-30,5013.6678
2024-10-31,5054.3226
2024-11-01,4976.8841
2024-11-04,5061.8783
2024-11-05,5212.045
2024-11-06,5218.0346
2024-11-07,5350.1851
2024-11-08,5330.5147
2024-11-11,5407.365
2024-11-12,5344.8833
2024-11-13,5359.6833
2024-11-14,5229.5623
2024-11-15,5120.602
2024-11-18,5046.4506
2024-11-19,5125.5366
2024-11-20,5182.5554
2024-11-21,5189.8625
2024-11-22,5014.2224
2024-11-25,5017.7428
2024-11-26,4984.1892
2024-11-27,5076.9522
2024-11-28,5050.4115
2024-11-29,5122.2044
2024-12-02,5199.6527
2024-12-03,5203.1262
2024-12-04,5153.1801
2024-12-05,5179.6643
2024-12-06,5240.2152
2024-12-09,5221.1887
2024-12-10,5260.6148
2024-12-11,5291.3625
2024-12-12,5339.9429
2024-12-13,5229.8204
2024-12-16,5188.513
2024-12-17,5120.777
2024-12-18,5152.8923
2024-12-19,5158.2678
2024-12-20,5173.2699
2024-12-23,5087.8783
2024-12-24,5145.9493
2024-12-25,5104.5381
2024-12-26,5135.19
2024-12-27,5141.7851
2024-12-30,5136.5032
2024-12-31,5021.8567
2025-01-02,4889.8809
2025-01-03,4781.71
2025-01-06,4767.2041
2025-01-07,4829.9149
2025-01-08,4822.266
2025-01-09,4822.3855
2025-01-10,4735.1749
2025-01-13,4732.1087
2025-01-14,4902.0367
2025-01-15,4872.2943
2025-01-16,4889.5614
2025-01-17,4905.9161
2025-01-20,4935.1282
2025-01-21,4943.4592
2025-01-22,4898.2979
2025-01-23,4894.4501
2025-01-24,4948.9252
2025-01-27,4905.415
2025-02-05,4913.1304
2025-02-06,5008.717
2025-02-07,5080.4359
2025-02-10,5127.2469
2025-02-11,5106.7693
2025-02-12,5167.2869
2025-02-13,5133.1056
2025-02-14,5165.1686
2025-02-17,5192.6154
2025-02-18,5107.5598
2025-02-19,5186.1747
2025-02-20,5199.9026
2025-02-21,5271.4195
2025-02-24,5269.5145
2025-02-25,5226.6677
2025-02-26,5285.7303
2025-02-27,5281.5282
2025-02-28,5137.9698
2025-03-03,5144.8037
2025-03-04,5176.5321
2025-03-05,5201.0337
2025-03-06,5285.3792
2025-03-07,5262.8346
2025-03-10,5260.9313
2025-03-11,5280.7371
2025-03-12,5280.8958
2025-03-13,5234.9372
2025-03-14,5341.0791
2025-03-17,5348.1072
2025-03-18,5366.7228
2025-03-19,5349.567
2025-03-20,5317.3979
2025-03-21,5228.7153
2025-03-24,5214.73
2025-03-25,5195.4124
2025-03-26,5201.7543
2025-03-27,5202.5216
2025-03-28,5161.0088
2025-03-31,5117.2913
2025-04-01,5136.2041
2025-04-02,5139.7158
2025-04-03,5100.4322
2025-04-07,4628.2407
2025-04-08,4674.5426
2025-04-09,4755.1606
2025-04-10,4846.7492
2025-04-11,4880.6828
2025-04-14,4924.7538
2025-04-15,4919.7316
2025-04-16,4893.4903
2025-04-17,4899.7635
2025-04-18,4899.6259
2025-04-21,4955.4689
2025-04-22,4953.1022
2025-04-23,4970.402
2025-04-24,4946.0798
2025-04-25,4956.1612
2025-04-28,4926.0366
2025-04-29,4935.83
2025-04-30,4956.0792
2025-05-06,5046.971
2025-05-07,5072.3134
2025-05-08,5106.6309
2025-05-09,5071.1068
2025-05-12,5136.7816
2025-05-13,5133.1114
2025-05-14,5168.2091
2025-05-15,5109.1193
2025-05-16,5107.7305
2025-05-19,5116.5152
2025-05-20,5150.8819
2025-05-21,5155.1355
2025-05-22,5122.6554
2025-05-23,5075.3741
2025-05-26,5082.5339
2025-05-27,5067.4346
2025-05-28,5057.1482
2025-05-29,5116.5032
2025-05-30,5074.2899
2025-06-03,5100.5836
2025-06-04,5136.9525
2025-06-05,5158.5486
2025-06-06,5156.209
2025-06-09,5195.2338
2025-06-10,5159.8043
2025-06-11,5193.2354
2025-06-12,5199.8212
2025-06-13,5142.4288
2025-06-16,5170.3295
2025-06-17,5165.0808
2025-06-18,5165.2194
2025-06-19,5103.1296
2025-06-20,5087.2637
2025-06-23,5130.6655
2025-06-24,5210.4489
2025-06-25,5282.724
2025-06-26,5267.7059
2025-06-27,5268.1694
2025-06-30,5314.872
2025-07-01,5329.0521
2025-07-02,5307.7694
2025-07-03,5340.1446
2025-07-04,5332.3804
2025-07-07,5330.8713
2025-07-08,5388.44
2025-07-09,5378.6626
2025-07-10,5398.9415
2025-07-11,5423.4645
2025-07-14,5432.5038
2025-07-15,5421.5253
2025-07-16,5424.5683
2025-07-17,5475.4651
2025-07-18,5499.2731
2025-07-21,5549.6797
2025-07-22,5583.482
2025-07-23,5567.8227
2025-07-24,5627.8596
2025-07-25,5620.729
2025-07-28,5640.9018
2025-07-29,5666.3109
2025-07-30,5643.6047
2025-07-31,5567.1021
2025-08-01,5559.6384
2025-08-04,5601.6675
2025-08-05,5645.2615
2025-08-06,5680.05
2025-08-07,5679.9163
2025-08-08,5667.6804
2025-08-11,5723.5767
2025-08-12,5743.056
2025-08-13,5801.5876
2025-08-14,5751.9262
2025-08-15,5834.9163
2025-08-18,5916.3394
2025-08-19,5913.6159
2025-08-20,5970.6991
2025-08-21,5962.9908
2025-08-22,6060.8219
2025-08-25,6170.1733
2025-08-26,6164.6898
2025-08-27,6057.2485
2025-08-28,6152.9877
2025-08-29,6175.7365
2025-09-01,6225.5086
2025-09-02,6133.6321
2025-09-03,6060.7115
2025-09-04,5938.1473
2025-09-05,6090.9215
2025-09-08,6133.7657
2025-09-09,6078.9976
2025-09-10,6092.3103
2025-09-11,6230.1725
2025-09-12,6220.3379
2025-09-15,6225.9176
2025-09-16,6255.6584
2025-09-17,6297.6823
2025-09-18,6229.0207
2025-09-19,6209.368
2025-09-22,6241.6844
2025-09-23,6202.5976
2025-09-24,6289.6762
2025-09-25,6300.644
2025-09-26,6224.9086
2025-09-29,6310.0606
2025-09-30,6348.9374
2025-10-09,6431.9586
2025-10-10,6326.3977
2025-10-13,6304.0798
2025-10-14,6203.8354
2025-10-15,6296.205
2025-10-16,6268.4252
2025-10-17,6108.4054
2025-10-20,6156.4391
2025-10-21,6256.2292
2025-10-22,6232.5479
2025-10-23,6241.3984
2025-10-24,6320.4098
2025-10-27,6395.7255
2025-10-28,6373.8151
2025-10-29,6447.7471
2025-10-30,6379.8691
2025-10-31,6346.6288
2025-11-03,6371.5943
2025-11-04,6305.8995
2025-11-05,6327.2909
2025-11-06,6402.8865
2025-11-07,6386.5586
2025-11-10,6411.0073
2025-11-11,6378.5141
2025-11-12,6354.0195
2025-11-13,6438.3486
2025-11-14,6356.5007
2025-11-17,6347.1153
2025-11-18,6288.1088
2025-11-19,6269.0927
2025-11-20,6227.9454
2025-11-21,6030.5616
2025-11-24,6068.1221
2025-11-25,6143.6281
2025-11-26,6158.7563
2025-11-27,6158.3105
2025-11-28,6205.6753
2025-12-01,6264.6881
2025-12-02,6224.3681
2025-12-03,6179.285
2025-12-04,6180.015
2025-12-05,6250.6399
2025-12-08,6315.4777
2025-12-09,6280.7118
2025-12-10,6288.2876
2025-12-11,6219.3831
2025-12-12,6267.0579
2025-12-15,6227.4155
2025-12-16,6137.1082
2025-12-17,6231.5691
2025-12-18,6207.8774
2025-12-19,6257.5993
2025-12-22,6319.0887
2025-12-23,6315.376
2025-12-24,6371.6852
2025-12-25,6409.8935
2025-12-26,6431.5403
2025-12-29,6413.0056
2025-12-30,6421.0791
2025-12-31,6410.2365
